wallet_address,3LH7pDMG6maRkpHfQdN6hV36D6geFckDp7vTNDYTpump,5E8ifewWjdGPDCRdmvbua3YvV1QzjiZs63qJYwuFpump,7GCihgDB8fe6KNjn2MYtkzZcRjQy3t9GHdC8uHYmW2hr,8sxdRtLdtaYdHis1VSkCJoZUNVZXiaEKEUomzPRTpump,A4GoNqSZTvX4sSnRE1wFjEkemWm8jmbHhLgyCBAkpump,BPuNpj7eqg8R2z8jGxJqWZqxqoVritGsFpHTsNLHpump,DezXAZ8z7PnrnRJjz3wXBoRgixCa6xjnB7YaB1pPB263,EKpQGSJtjMFqKZ9KQanSqYXRcF8fBopzLHYxdM65zcjm,MEW1gQWJ3nEXg2qgERiKu7FAFj79PHvQVREQUzScPP5
11X6tto4BXVtvPyM9Y3ZnaQJKhaGCsecPiCuVLbN7Ke,0.0,1.0,0.0,0.0,0.0,0.0,0.0,0.0,0.0
12LzAFhcF8TjMBe69fuQY91fmNESDYaFRgZFjYvzxZjQ,0.0,0.0,0.0,0.0,1.0,0.0,0.0,0.0,0.0
12NYiVA49S8eXmoe5YUDHTvYWtauhdv7d4JeCWxMt5dQ,0.0,0.0,0.0,0.0,0.0,0.0,1.0,0.0,0.0
12g5AUu5yzYak59VeFq2NNXfLDDtvF457T9VHj8uGyrD,0.0,0.0,1.0,0.0,0.0,0.0,0.0,0.0,0.0
12jidD24K3WV7zQ37E3fLrkWoRmuiNhYu42HFDV8vy3U,0.0,1.0,0.0,0.0,0.0,0.0,0.0,0.0,0.0
12pL2s9HHFpCgHsXCTDREAY3DrWTweA41VqVJU8agzAq,0.0,0.0,0.0,1.0,0.0,0.0,0.0,0.0,0.0
13hr4vNikvFWfmAyihX65Ltsr3GJa5hiPVMcBbwo9UGe,0.0,0.0,0.0,1.0,0.0,0.0,0.0,0.0,0.0
13mAangbi5N4H9i87kK5Qn321YvXSxrsdGAXu4kJfpCY,1.0,0.0,0.0,0.0,0.0,0.0,0.0,0.0,0.0
13sCYppG44Ub7PTLF4qkUYzvjJBzv7BCY4Q2WeUYUtq8,0.0,0.0,0.0,1.0,0.0,0.0,0.0,0.0,0.0
13yPVuANUBMwujqFf3du15zCHb8E6q3Ebw4FmpD3MhnL,0.0,1.0,0.0,0.0,0.0,0.0,0.0,0.0,0.0
141TfbhU9E9pEAxpgBrUX8ZNfz2M1YqLgSwbhYKJcFKe,0.0,0.0,0.0,0.0,0.0,0.0,0.0,1.0,0.0
14QRNLpGPCpuw2RMB3VaBo4cQ52NXxjtofpRCTFJFMAe,0.0,1.0,0.0,0.0,0.0,0.0,0.0,0.0,0.0
14TPJHK5LjJGYBtxk59oRn2uVkgFhrHb4nN4iLJVPAPf,1.0,0.0,0.0,0.0,0.0,0.0,0.0,0.0,0.0
14a9HqGDTM8e8k3ZJLhrMpdihrv6wszbBgLP58k8XTeW,0.0,1.0,0.0,0.0,0.0,0.0,0.0,0.0,0.0
14beZzvWXEHBrECZiuDgBm1vEaUCWWxkrThqzCx4KaEa,0.0,1.0,0.0,0.0,0.0,0.0,0.0,0.0,0.0
14dap6bDrvkYehUPGi5JdnYiBKm1zcgUWxu5P6DgiLsQ,0.0,0.0,1.0,0.0,0.0,0.0,0.0,0.0,0.0
14pRGgxn7VJP9AhejhpDf4dKUU7JTSkn1anTegytXt7V,0.0,0.0,0.0,0.0,1.0,0.0,0.0,0.0,0.0
14u6QhywxXpbJindP5ZHqTU7q2Hk7h1SAAbkNiWBDeuS,0.0,1.0,0.0,0.0,0.0,0.0,0.0,0.0,0.0
19QqVihzZXwZ3VaW74i3t9TR8Mk1rW8ParNWdJfAX5U,0.0,1.0,0.0,0.0,0.0,0.0,0.0,0.0,0.0
1HZ3TJuQigTJnKzef1vy4CMa5rE6ctJKiJFWvBsLGBE,0.0,1.0,0.0,0.0,0.0,0.0,0.0,0.0,0.0
1HyLCZcZYqRamjDSBymcwL5MRbH9iArx1MR4G8QXyJv,0.0,0.0,0.0,0.0,0.0,0.0,0.0,1.0,0.0
1NfvrDHLL2LkoxKcfwWFbm48ugeB8XKkFPBtrkGm3BK,1.0,0.0,0.0,0.0,0.0,0.0,0.0,0.0,0.0
1Qy83cyhw7qgQWb4Bpob2ZNuZBxLv3VgWASAJjJhVHD,0.0,0.0,0.0,1.0,0.0,0.0,0.0,0.0,0.0
1Rge7pd7BbFs1PjSBpr7eQkDTFLMGsTj9pu3PEiUHWe,0.0,0.0,0.0,0.0,0.0,0.0,1.0,0.0,0.0
1dsQhKgewkzdBRLy19j3LgjztBbNwX81okDQdXUZ91j,0.0,0.0,0.0,0.0,1.0,0.0,0.0,0.0,0.0
21DngU86NkBUy96aHc4Fj6e5buVH4YJKHBUAmjUWSgQj,1.0,0.0,0.0,0.0,0.0,0.0,0.0,0.0,0.0
21aqi4ELZQRhUjNQSxC42fGq4TYBFJKPdM7yjxQ6ey1C,0.0,0.0,0.0,1.0,0.0,0.0,0.0,0.0,0.0
21h9z1XEQpbbUehNgUCkgQ91LcrzzWkbYnQyfgv3uRZo,0.0,0.0,0.0,0.0,0.0,0.0,0.0,0.0,1.0
21oWA2jRgyq6V3J5rf49pdLqYkQJ1yMu4dFizkGv4iqr,0.0,0.0,1.0,0.0,0.0,0.0,0.0,0.0,0.0
22H1WK1ha5gNPFHv9mJvKeiQ2moZw6R84uhDEGHyjmKB,0.0,0.0,0.0,0.0,0.0,0.0,0.0,1.0,0.0
22hGXRyM8Pzfm7xGv6UwhHTMACSkYRRzbTsqJkCUPtuW,0.0,0.0,1.0,0.0,0.0,0.0,0.0,0.0,0.0
22wiwvRxk7kzqtS7Fjab3Ydz16ZS38HLgDCPvRA95SSb,0.0,0.0,0.0,0.0,0.0,0.0,0.0,0.0,1.0
236p8MMkTzCUJQ2tZGT3YSqb4SLX9nVpr7WD8TaF9a5W,0.0,0.0,0.0,0.0,0.0,0.0,1.0,0.0,0.0
23GDHbzbfHr4nSYQZrWDtH62wvii63hxWzEk4TYG25xV,0.0,0.0,0.0,1.0,0.0,0.0,0.0,0.0,0.0
23SdQNQQfBLjizsZWx899zQkqUVMZLyCCZ1fn5qSfr19,0.0,0.0,0.0,0.0,1.0,0.0,0.0,0.0,0.0
23Y7DjYiq4j246MZSZkg2msarXYdiPqHoyg9XMvoe86g,0.0,0.0,0.0,0.0,1.0,0.0,0.0,0.0,0.0
23xh7KfthaQctLGFrx7o1trRyAgdZk76BatPPFc9kErf,0.0,0.0,1.0,0.0,0.0,0.0,0.0,0.0,0.0
241BE1n7i4VyH92khyCHHcT8suduDdkXeCuBuU3nQ9eC,0.0,0.0,1.0,0.0,0.0,0.0,0.0,0.0,0.0
24A8Q9kbYJ31CNXZpFg68akfagax9MNoymXfJYt4YoCF,0.0,0.0,0.0,0.0,1.0,0.0,0.0,0.0,0.0
24BbdWrBwPQbAEAENGK5MS3iaK4txEz1ABssodauSDEC,0.0,0.0,1.0,0.0,0.0,0.0,0.0,0.0,0.0
24CXnvAtqQVAimvUjwX9jRCBnDBG8zEouVyvy6bvSiq8,0.0,0.0,1.0,0.0,0.0,0.0,0.0,0.0,0.0
24SyYqrUYXh3FHqMtUMv9BoExC6fo6ovVGMdES1dsd1e,0.0,0.0,0.0,0.0,0.0,0.0,0.0,1.0,0.0
24VArNNtFNf56izWmDwKww4yKBWNQUN8UKDB4W6ibAwK,0.0,0.0,0.0,0.0,0.0,0.0,0.0,0.0,1.0
24VwMM5dNbDLUaQQbYQN9giyujy1Luxg1Jz4v2t8Dnqx,1.0,0.0,0.0,0.0,0.0,0.0,0.0,0.0,0.0
24dbg7KinpS3zgzDDw84jfsUyJWmiSs1j1bHp5TY3LMc,0.0,1.0,0.0,0.0,0.0,0.0,0.0,0.0,0.0
24iEEhDA4b5nh7MXXwzQtfG8zKHzMijfuUzBQZ1UNjbH,0.0,1.0,0.0,0.0,0.0,0.0,0.0,0.0,0.0
24qmhCJGrxYak48KMEzyL5JAJBCpBgv7iFmdt3GTgN77,0.0,1.0,0.0,0.0,0.0,0.0,0.0,0.0,0.0
251i8Mq9yYmHEyDfmfhtb8cGbcUfGXBMVvbwnfLTghhT,0.0,0.0,0.0,0.0,0.0,0.0,1.0,0.0,0.0
25FxT68TgdtctQgzTX9JcN6bijYRc227QmgFFDQ5HDBT,0.0,0.0,0.0,0.0,0.0,0.0,1.0,0.0,0.0
25SZaQXWrxDHyDvCRk3JtttYGBJ4fufku8mptVMRRZTu,1.0,0.0,0.0,0.0,0.0,0.0,0.0,0.0,0.0
25Sr5jdyvUAhLwJCCiQf6Jn4eXa6KqjgyDLB8qfDmjPt,0.0,0.0,0.0,0.0,0.0,0.0,0.0,1.0,0.0
25ZqAM5GPxSNiJZB79Yzqq7wE4EwcdFgMR2bGNtkzc3n,0.0,0.0,0.0,0.0,1.0,0.0,0.0,0.0,0.0
25pMMhzRfiTyfVx7PV42a7n76fp6GTLbEtZiASgPL4k2,0.0,0.0,1.0,0.0,0.0,0.0,0.0,0.0,0.0
25vtmqF1upsf61Q1cHqXkTJAFA7bnzNkhg9jdEonQjHH,0.0,0.0,1.0,0.0,0.0,0.0,0.0,0.0,0.0
262q8CA9otLbdxXukAPbDjnLF6EnEuHzKmoDthJq42pY,0.0,0.0,0.0,0.0,0.0,0.0,0.0,1.0,0.0
26FZKkYKuLSotFAjw3tx5xj8m59SvvKazHRZWFLk5Wwc,1.0,0.0,0.0,0.0,0.0,0.0,0.0,0.0,0.0
26SLjBSt13QntnqoXCTJjv6YMbKxNcmukFq1UMvbmSGy,0.0,0.0,1.0,0.0,0.0,0.0,0.0,0.0,0.0
26VHNfPrN5VazTbQEu1b5eRtH1RdSsKhXCFdb9W7VeAo,0.0,0.0,0.0,0.0,1.0,0.0,0.0,0.0,0.0
26Wby9XT3CGMZsKVGN3D6qsR1MJhtAB61S54iQUdZxFd,0.0,0.0,0.0,1.0,0.0,0.0,0.0,0.0,0.0
26dH1EiajtR1S9vARZmkxQ4RnFYkxcSB29NNKFAQtGDh,0.0,0.0,0.0,0.0,0.0,0.0,0.0,0.0,1.0
26eZ65Z4BitcYYTaQohFwWRy2rf2Li6zZqoYBN6TNmdS,0.0,0.0,0.0,0.0,1.0,0.0,0.0,0.0,0.0
26mJpoWNM6Hb5iLMQ14mrhrYbTzr5BeaHfZZF7q391Xk,0.0,0.0,0.0,0.0,0.0,0.0,1.0,0.0,0.0
26n9sNhZzvX5DJbtfmkXATPucJtAS5Rp7zMw8cWfDY64,0.0,0.0,0.0,0.0,0.0,0.0,1.0,0.0,0.0
26raUr6xYEsC8FKS4FPGYBZQPX51duBfHBvJeCRBpomo,0.0,0.0,0.0,0.0,0.0,1.0,0.0,0.0,0.0
279qP2hEVHXpcMymAy9SuAk2q1krqVZnD4sH6rTb7tmC,0.0,0.0,0.0,0.0,0.0,0.0,1.0,0.0,0.0
27Erwcz7Zv2eqAarVVwP7rsWMSPuwpNobEr6AxZxE2m1,0.0,0.0,0.0,1.0,0.0,0.0,0.0,0.0,0.0
27HFmP7ccLadGswvQfvea4o3juLw75cPF4V6jWpHM3MX,0.0,1.0,0.0,1.0,1.0,0.0,0.0,0.0,0.0
27Pm5KSKaBiAEKyCp23MwChuWL4f14GAsk3FWxoXAKyg,0.0,0.0,1.0,0.0,0.0,0.0,0.0,0.0,0.0
27RTCCVVicGEb1n4GWzxZ8gSrSVwV91dxBwiJvmohhnx,0.0,1.0,0.0,0.0,0.0,0.0,0.0,0.0,0.0
27TiHYJZX1j1JJpyEWWC4yQsTfqCf6jvuxyiCEaD7dTf,0.0,0.0,0.0,1.0,0.0,0.0,0.0,0.0,0.0
27swZTZWJxb2bfTufLdbej5QZwqmsZHGR3TNPAW9Zuk6,0.0,0.0,0.0,0.0,0.0,0.0,0.0,1.0,0.0
282ZEkxUchvtNufrBrHP5vMBCn6SkFoucnV4Af7oVHhp,0.0,0.0,0.0,0.0,0.0,0.0,1.0,0.0,0.0
28XmmbBDVXEWQ65Cxi1SL6196Fx1jK6dg6yTiFx5M6eT,0.0,0.0,0.0,0.0,0.0,1.0,0.0,0.0,0.0
28yFTJuw88rEAJ2s1xKx7aaEWUq2qnjDYE2TWjY51MHz,0.0,0.0,0.0,0.0,1.0,0.0,0.0,0.0,0.0
29MxjfRr9Gb6Ru9JpimFvjCMtxMsTmtCX1Qh3HAT7b45,0.0,0.0,0.0,0.0,0.0,0.0,1.0,0.0,0.0
29PgAnfcSucVF5tm1fZ4ndMPbxq98TatUdMDzZznUB8B,0.0,0.0,0.0,0.0,0.0,0.0,0.0,1.0,0.0
29yg6zBj1FEnnJpccDNLKXyivjUqgAjzp5Ge8vU6ZBxK,1.0,0.0,0.0,0.0,0.0,0.0,0.0,0.0,0.0
29yzEBCkRNkEF6yjdTMBNF14tVub2j1NjUqhZsyyxnG6,0.0,0.0,0.0,0.0,0.0,0.0,0.0,1.0,0.0
2A4bn7inxSquorNpv1yiU2XdJWrLUh4uJbPiJEU7cWgS,0.0,0.0,1.0,0.0,0.0,0.0,0.0,0.0,0.0
2ACq3i1Vmm3WCuMENDj9cQXU2sng4QCsZFSKsKKTmYQQ,0.0,0.0,0.0,0.0,1.0,0.0,0.0,0.0,0.0
2AK1eKRcUhKZ9eUa5oqdfUcWQcLHYH4rGJg4wY2MMCWD,0.0,0.0,0.0,0.0,1.0,0.0,0.0,0.0,0.0
2Ani3fwjKekqVBq2qtUJkCz4qvhfinWFjTm9xa9WyBcs,0.0,0.0,0.0,0.0,0.0,0.0,0.0,1.0,0.0
2AwWeRzF6A6SZpA3rKw7UzfnB9hhutELawpwUWkFkvQW,0.0,0.0,0.0,0.0,1.0,0.0,0.0,0.0,0.0
2BG96DmsNMRqceJxDEAjEXPBgaHUBUuYRGDs4B2zNCwA,0.0,1.0,0.0,0.0,0.0,0.0,0.0,0.0,0.0
2BYbFiQpkMvYnjV4PMsFiMmXPgSQUmdXKDYZ9d5mmHTC,0.0,1.0,0.0,0.0,0.0,0.0,0.0,0.0,0.0
2BxKG5aAnn3p7UPr4G4diBVrgap3sbQFtidZvEzGV8Hc,0.0,0.0,0.0,0.0,0.0,0.0,0.0,1.0,0.0
2CJ2K4aPgs6ix9SpuQ7di6MEiVKKPTScowiibyJkyU8p,0.0,0.0,0.0,0.0,0.0,0.0,0.0,0.0,1.0
2CJRYgeLaubvWVukvDx7KkT59tXByrQEvzKK3CsAi5DZ,0.0,0.0,0.0,0.0,0.0,0.0,0.0,1.0,0.0
2CQgjcdNEo7WtbQLpJTAVcC3Ga61pNvRDTgP5grzctFG,0.0,0.0,0.0,0.0,0.0,1.0,0.0,0.0,0.0
2CYxuiooryDgPVromS9j48xMUqUESPWzmLGTJCrCsC7v,0.0,0.0,1.0,0.0,0.0,0.0,0.0,0.0,0.0
2CbXL5VEorZgqizSgNuUTz3SmRvHX1Ng2g3SaftxDQQm,0.0,0.0,0.0,0.0,1.0,0.0,0.0,0.0,0.0
2CgpJZ76uqZUpdkE9jH6evKWuspydjqsXSmUdss4P21u,0.0,0.0,0.0,0.0,0.0,0.0,1.0,0.0,0.0
2CqocamViuucf7kZw67HHQ6yg7vEGLEp7PkFtz6eyXkE,0.0,0.0,0.0,0.0,0.0,0.0,1.0,0.0,0.0
2CyKXVZdHNhSo1KTNBBDyEyKv7De1KxsdEmkxG5MRG1b,0.0,0.0,1.0,0.0,0.0,0.0,0.0,0.0,0.0
2D2WfimFfbwwepmndSsySYwuvSp7rmV1JDu2bABFr4fF,0.0,0.0,0.0,0.0,0.0,0.0,1.0,0.0,0.0
2DTvT8Qt7mQ5Y2XeLZ2ovfoHTmSD7kv6ZnRz1zNSxiR4,0.0,0.0,0.0,0.0,0.0,0.0,0.0,1.0,0.0
2Dj24a1vvoBNHV3SKv9UDMrwKAFAdLZNrc67qAxWdqk2,0.0,0.0,0.0,0.0,0.0,0.0,0.0,0.0,1.0
2DrHPrhWpSREPimzz39t4nu4fnju4s8y7CKpaxncr5Ke,0.0,1.0,0.0,0.0,0.0,0.0,0.0,0.0,0.0
2E8xfJjuFRF7dUyqcVGW4bz1xShh3pVWxBVdXccSVkdn,0.0,0.0,1.0,0.0,0.0,0.0,0.0,0.0,0.0
2EJQ27BhkcJpgsCN924XPqSuL4qmP8j2nP9hua9Nqgkr,0.0,1.0,0.0,0.0,0.0,0.0,0.0,0.0,0.0
2Eb9UYjS5Rcks2rRjKZJE34vxVhHAWsoj65wnHRZ9YNT,0.0,0.0,0.0,0.0,0.0,0.0,1.0,0.0,0.0
2Ec1cmi8SzmTwPRECstEccv9ZV6oFQ33eg9rBxisj2X9,0.0,0.0,0.0,0.0,0.0,0.0,1.0,0.0,0.0
2EdDooqxqC99DUznXhcA1efQ49XoJ1B6VrEw3yJmpro8,0.0,0.0,0.0,0.0,1.0,0.0,0.0,0.0,0.0
2EdQwTzdcvwgEfYywh2H937Dbk7EjeGBNDAfng26dXY3,1.0,0.0,0.0,0.0,0.0,0.0,0.0,0.0,0.0
2F5x36wTxSfZ12MrWuxMtsa5KRJtyMUWezk6ejEjh5i7,0.0,0.0,0.0,0.0,1.0,0.0,0.0,0.0,0.0
2F6a9Ac4rchVf7t34Liw68u6YPBfWKhR3R7d7ybEkVkR,0.0,0.0,0.0,0.0,0.0,0.0,1.0,0.0,0.0
2FFVcm9xJmUHG6zfo15ktzuGQTXACPG42iquGHe6faTN,0.0,0.0,0.0,0.0,0.0,0.0,1.0,0.0,0.0
2FVV6e1SECwofXq8LVpzz2iQiTx4SZghPynh8LrvFET2,0.0,0.0,0.0,0.0,0.0,0.0,0.0,0.0,1.0
2FY8xrmTfZHXfbsWr42M6dLevwqfc27oUe7NneiQz86K,0.0,0.0,0.0,0.0,0.0,0.0,1.0,0.0,0.0
2FeSE51N7fgfA8VWBrqB8wiMgtxb9vZXvRBU4uFAK76M,0.0,0.0,0.0,0.0,0.0,0.0,0.0,1.0,0.0
2FnUByFCWhGNbvtTXNWYUagPoW9XFRNXFJuZXb6ejsLM,0.0,0.0,0.0,0.0,0.0,0.0,1.0,0.0,0.0
2FvDEVxgFWc6cyHDEBvtHDJe7Nu8b56NHwrCaZt6QdX4,0.0,1.0,0.0,0.0,0.0,0.0,0.0,0.0,0.0
2GFDWMxiWi84einPaVM9j9vLe6WHuFEXxm9NPioWemVs,1.0,0.0,0.0,0.0,0.0,0.0,0.0,0.0,0.0
2GQmp1zooDzdj1S9owdgSGgRmi5WvzBZUz1c3UyDCq1v,0.0,0.0,0.0,0.0,0.0,0.0,0.0,0.0,1.0
2HckX7vsYzYx431EhBzYcxw9ADkuqWG6tK8kcKfw9sUs,0.0,0.0,0.0,0.0,1.0,0.0,0.0,0.0,0.0
2HoJH5eP6GhQYyzDfkwYGMVoT6BiWddTBTR6oJJ7oc8k,0.0,0.0,0.0,0.0,0.0,0.0,0.0,0.0,1.0
2HzADqByqqAZ2sSjDUzPF3ytWNduFLhsf16mxexBaoSy,1.0,0.0,0.0,0.0,0.0,0.0,0.0,0.0,0.0
2JGUZyqbbdz6cPPWrPAWS6eR2SRWjdmqy1cfZE2Raj5T,0.0,0.0,0.0,0.0,0.0,0.0,1.0,0.0,0.0
2JSaxzhKQSiZEmbthcXsfvaw9LgLug5ntMC56mnHz7df,0.0,0.0,0.0,0.0,0.0,0.0,0.0,1.0,0.0
2JbDGofDrnBztgEZxeCmDoUX8pyNTS11WWLhziJN7yZ9,0.0,0.0,0.0,0.0,0.0,0.0,1.0,0.0,0.0
2JidyAnFrajQzpPyXCYZi88wFV6c5cxyNvUQMRX8yXNr,0.0,0.0,0.0,0.0,0.0,0.0,0.0,1.0,0.0
2Ju9LC27EQjcqe2UdypxZcgUW13PMyUQadJ4f7qdvA2L,0.0,0.0,0.0,0.0,0.0,0.0,0.0,0.0,1.0
2JuMKfy8adihxWhkYvjcJvrRUp9U8fcdYeRZVSLFQHar,0.0,1.0,0.0,0.0,0.0,0.0,0.0,0.0,0.0
2K1c2jRFp7ptEzRG6BWxDJBzEUqKwDFPqj2vjKrk8tRy,0.0,0.0,0.0,0.0,0.0,0.0,0.0,1.0,0.0
2K6dkYdHssrZcwJcwRDTPmecgx2zw1b8McJ67ttYCwXp,0.0,0.0,0.0,0.0,0.0,0.0,1.0,0.0,0.0
2K7Q8hrnaTvhriSy8gqB7bYukpmcvNWSeDxQkqBEzYsa,0.0,0.0,1.0,0.0,0.0,0.0,0.0,0.0,0.0
2KXTgVqBuhaeLpg9NExTT16caqPg2e2n7jmtfm8z6cvA,0.0,0.0,0.0,1.0,0.0,0.0,0.0,0.0,0.0
2KiU5j1XBqrwpceZCb81PxSVNSoNtT9P3zKGJCsLqerU,0.0,0.0,0.0,0.0,1.0,0.0,0.0,0.0,0.0
2KxvvwfA8yhKHT9UA1ks6K4E6SzHxRDmSFH1jp66XXoq,0.0,1.0,0.0,0.0,0.0,0.0,0.0,0.0,0.0
2LKdjgEn3BrWCvddL6Y47dGXLQNot5ueR58MgE1vp8m9,0.0,0.0,0.0,0.0,0.0,0.0,1.0,0.0,0.0
2LLHCtDpZWWsoeyAcjnnBgwsqzfvWx8EKfE8YTmGyafk,1.0,0.0,0.0,0.0,0.0,0.0,0.0,0.0,0.0
2LcKMF8wPRAPexXQdXiCmFyK2xct6F8m8H8o6FhKKgz4,0.0,0.0,0.0,0.0,0.0,0.0,0.0,1.0,0.0
2LiNuwFejJwb3vLkPtKViDJSGcdJ26oPBxA84kpp4QMt,0.0,1.0,0.0,0.0,0.0,0.0,0.0,0.0,0.0
2LxFHnNochBQirNRz27x5S3xC1m1BvuLonVYJB6is8kG,0.0,1.0,0.0,0.0,0.0,0.0,0.0,0.0,0.0
2N6aJDX1TNs6RKkPsuufbAe4JjRAZPs1iLPcEUL4DX4z,0.0,0.0,0.0,0.0,0.0,0.0,1.0,0.0,0.0
2NXe9TJQuvyYoahHvfezeVQGn1tsQ6g92bMDA4fvgMxP,0.0,0.0,0.0,0.0,0.0,0.0,0.0,0.0,1.0
2Nkr8pwFKNVeqgxiPwpxN5gnbLFkxUFtrtQwX7yXtvxS,0.0,0.0,0.0,0.0,1.0,0.0,0.0,0.0,0.0
2NzeiBrGnYjB2AmJPhS26xNiXLMAbTF952eRig1ztijF,0.0,0.0,0.0,0.0,1.0,0.0,0.0,0.0,0.0
2P5K1Lq7JPtMjcF6JZUbAHZ4FGerU24L9KBYy9D82knj,0.0,0.0,0.0,0.0,0.0,0.0,0.0,0.0,1.0
2PDSwe3krtpvWET4eesBotHVkoSoEnG6388oUwaYpe7h,0.0,0.0,0.0,0.0,1.0,0.0,0.0,0.0,0.0
2PFrfpxEKTs4Xa2gP2wS9ZAECsoLtzHGt2zodwdGWVRH,0.0,0.0,0.0,0.0,0.0,0.0,0.0,1.0,0.0
2PLtUq8YeqAt1MjgQN6zopWnKLotiAz171qZYzeL71XE,0.0,0.0,0.0,0.0,1.0,0.0,0.0,0.0,0.0
2PWikhyNB4sS8nFoZNqc5dTmbm3dDmNnGZx8C64zSmgq,0.0,0.0,0.0,0.0,0.0,0.0,1.0,0.0,0.0
2PYQm5LJav8wVtbmyEJ8rjiNS7LRqgeG73yyBKjZ1Rvr,0.0,0.0,0.0,0.0,1.0,0.0,0.0,0.0,0.0
2Pg8ds43x8DuHtua5YJ9bPTdfhmxmw3wA7v4iST4VGa8,0.0,0.0,1.0,0.0,0.0,0.0,0.0,0.0,0.0
2PvonaFbMWCbaqb2x7n6fUo1F9FFTNFbtxvQJsuCrmhi,0.0,0.0,0.0,1.0,0.0,0.0,0.0,0.0,0.0
2Q55Wk1EXuciTp8Lam1v3A34TWb1QhaEoKZwZ8cppjb7,0.0,0.0,0.0,0.0,0.0,0.0,1.0,0.0,0.0
2QMPtopMDBFq3aiJg1XV8Pn7hr6Ru4jep2HmgJ2fHAes,0.0,1.0,0.0,0.0,0.0,0.0,0.0,0.0,0.0
2QTobx7t27SG7KLmC5s7kP7uTCwMXHk5LTuXWqDvQJ5Q,0.0,0.0,0.0,0.0,0.0,0.0,0.0,0.0,1.0
2QVuH2xDQpncis95vrmdDwS6PxPekg5ecJVT5yvs3xmx,0.0,0.0,0.0,0.0,0.0,0.0,0.0,1.0,0.0
2QWbPZX8Zj5CSmvby82eyvTNFVniv2vfzVcwR2Ud8ksc,0.0,0.0,0.0,0.0,0.0,0.0,0.0,1.0,0.0
2QcWCo1CDVi2LrW88DfWxZ6yB9BPAuJeLDbN1hwULisA,0.0,1.0,0.0,0.0,0.0,0.0,0.0,0.0,0.0
2QhdKMC32FgftbJFMYRq6VWnVpKAYnjjiu7BE52deshK,0.0,0.0,0.0,0.0,1.0,0.0,0.0,0.0,0.0
2REPVdpnzHcB8nhZfByi64WKMD6mdV44TdViQfNHKAWR,0.0,0.0,0.0,1.0,0.0,0.0,0.0,0.0,0.0
2RRUxCEZbV5PArftArpRMLowqnVajdmAJRFaLZVs7fSG,1.0,0.0,0.0,0.0,0.0,0.0,0.0,0.0,0.0
2RVY82MAkkaE28JpA9eqYsX6dC6bLh5aVE8wKRWRyp4U,0.0,0.0,0.0,0.0,0.0,0.0,1.0,0.0,0.0
2RXZNe2UTuR5Kiuag7mRXb5XRfZZBV4HzTqvmyLKVTjx,0.0,0.0,0.0,1.0,0.0,0.0,0.0,0.0,0.0
2RbPnmfxhYaEq3mPZReJmND2ZGPexoFXGoZWTKWNC86q,0.0,0.0,0.0,0.0,0.0,0.0,0.0,1.0,0.0
2RbbaD5rzw5wjt9KkQXvRhHT7tk7bYaJPth4LLyMgGwW,0.0,0.0,0.0,0.0,0.0,0.0,0.0,0.0,1.0
2S3Bb1nesK838J8EhhpTn4auiMMtezoUPkgqFGFC3MSP,0.0,0.0,0.0,0.0,0.0,0.0,0.0,1.0,0.0
2SHJK6J63rMvYtq3piLxMYhAh63bXGQ8Hy4XXnPA7C89,0.0,0.0,0.0,1.0,0.0,0.0,0.0,0.0,0.0
2SLd92BT9ddRRA1Y5KyVceqJd7z5WEx952ynkfBsysTL,0.0,0.0,0.0,1.0,0.0,0.0,0.0,0.0,0.0
2SNJUXZvknRHvJmWrYfjAaPraqDsuaLpQdMYm4KzFmAo,0.0,0.0,1.0,0.0,0.0,0.0,0.0,0.0,0.0
2SXoVUbxqpPiz3vBb4ZjWE6S24vEMdZ46z3HA64sCaaz,0.0,0.0,0.0,1.0,0.0,0.0,0.0,0.0,0.0
2SggMzbJJw3B1LJQqpJAf6UiPaWg3PnqqbSv1ynMSacv,0.0,0.0,1.0,0.0,0.0,0.0,0.0,0.0,0.0
2SgsVUV1pfSwVzr7WeupCiwnbW3FM7oppA7C3snREFMc,0.0,0.0,0.0,0.0,0.0,0.0,0.0,0.0,1.0
2SyU6YGpHg4uVbbNwj4PCP7MCk26fD4UXRJbJ7Q2izDF,0.0,0.0,0.0,0.0,1.0,0.0,0.0,0.0,0.0
2Sysszu59epqKTp1iUh8wKKKtbUvP7AkSsVoxMrcPFAJ,0.0,0.0,0.0,0.0,0.0,0.0,0.0,1.0,0.0
2SzdgoUXbW6E5SvbtR3ke8yRibcap46qP18TtmFJVM2x,0.0,0.0,0.0,1.0,0.0,0.0,0.0,0.0,0.0
2T34gvpMPj3ELkLGf7N5eNnkByovcWQzj9XGtcwtvPZh,0.0,0.0,0.0,0.0,1.0,0.0,0.0,0.0,0.0
2T74WKVMT4koq76PUjMyRMwYPPcNcyVT3Hupa5Nzcost,0.0,1.0,0.0,0.0,0.0,0.0,0.0,0.0,0.0
2T7E2DXQ71v1xJ8iM2HJuPKarWGJXuJ7LF5xYn5ZYkvf,0.0,0.0,0.0,0.0,0.0,0.0,0.0,1.0,0.0
2Tx9bzYx8udFotdZB5hAcBAhrYNajvgfkiEkaTVnMgQ8,0.0,0.0,0.0,0.0,0.0,0.0,1.0,0.0,0.0
2TyoPRhHTEF6FybKwZoakC5Le9jxsFZs85eWKs9fSTEJ,0.0,0.0,1.0,0.0,0.0,0.0,0.0,0.0,0.0
2TzTMAdhbTEyYvfyznJsyDgMAPqrByY9wpYFwxJXsJoo,0.0,0.0,1.0,0.0,0.0,0.0,0.0,0.0,0.0
2UBsDoKsZaE77Lbq84t94FJr8ufsGBkMPD1eTMDcSzZL,0.0,0.0,0.0,0.0,0.0,0.0,0.0,1.0,0.0
2UeHc1XX8TYNYTKE1C9XwGpsvZ5RaAavNgVVARgTGgYn,0.0,0.0,0.0,0.0,0.0,0.0,0.0,0.0,1.0
2UpzojSHycrTunbz3xn93Ci8k7QpPTjdprcLK1homCxS,0.0,0.0,0.0,0.0,0.0,0.0,1.0,0.0,0.0
2VC6vWyRLEsoYVQwr1aFrTstZ3yN84Ffz9QdCth16aPd,0.0,0.0,0.0,0.0,0.0,0.0,1.0,0.0,0.0
2VJfwX1y6HN1rvNXY2RpDDBrTwpg987Mv6o6vsJoNePW,0.0,0.0,0.0,0.0,0.0,0.0,0.0,1.0,0.0
2VNfiV2a54LfRyquP1nRVztRGAkczKybFMgog3KpFoH1,0.0,0.0,0.0,1.0,0.0,0.0,0.0,0.0,0.0
2VPrvuaa8U22meEaHfxJsm6LpUWXa2XFGp6JWDEeC3mH,0.0,0.0,0.0,0.0,0.0,0.0,0.0,0.0,1.0
2VSBGXsHpQfXn18ugncsjJdzg4Ln7tYQ5PqgcG3Cbf5t,0.0,0.0,1.0,0.0,0.0,0.0,0.0,0.0,0.0
2VYixXaEd1wU88qVbz1A9Maf4odwYWohPB2Luu4eeueJ,0.0,0.0,0.0,0.0,0.0,0.0,0.0,1.0,0.0
2Vm11XGgTTADahMyvU1RsbHZjBJaRmX1mYQ82uqZVuMi,0.0,0.0,0.0,0.0,1.0,0.0,0.0,0.0,0.0
2VpK5kLBCV92hbRkLyDajAjvkJSwedsANHxDK9WHvS22,0.0,1.0,0.0,0.0,0.0,0.0,0.0,0.0,0.0
2Vvja9F8ZTMFSjEqLgYe3TFwsT14QvcGJzN8vcNLfhSP,0.0,0.0,0.0,0.0,0.0,0.0,1.0,0.0,0.0
2VwerNjRNpLq2KfZXHxVvtLmmSK9hfkk6LwR7wSYZkBZ,0.0,0.0,0.0,0.0,0.0,0.0,0.0,0.0,1.0
2WDeBKPQjFbFdeGTamkMBQATNLmm2MkyS2J3an9gB8SC,0.0,1.0,0.0,0.0,0.0,0.0,0.0,0.0,0.0
2WH49KcjfgEByiGwPJU2S77fBxnrJkrv7T8rqgaiW87A,0.0,0.0,0.0,0.0,0.0,0.0,1.0,0.0,0.0
2WXjLqKWhCfWqK8RvypKrGbR4d5kSUJNgoY28qXPT6nJ,0.0,1.0,0.0,0.0,0.0,0.0,0.0,0.0,0.0
2WZxphXjbux5KbPNonMXy13Ge7YPaZnGpondrhoLYDdA,0.0,0.0,0.0,0.0,0.0,0.0,0.0,0.0,1.0
2WiRmLthhoHUs8RMLiE3hNWN6RKYPiMAfio2DsMbMY39,0.0,0.0,0.0,0.0,0.0,0.0,0.0,1.0,0.0
2Wn6yNHBAhVpq6bdR72E3Sg4sf8RXCid9r2MRbT4qDXG,0.0,0.0,0.0,0.0,0.0,0.0,1.0,0.0,0.0
2Wymqg1YSajBmxzR5NtH5NuvNHCBHdqc2SxDoLisqSeF,0.0,0.0,0.0,0.0,0.0,0.0,1.0,0.0,0.0
2XB3HRX7xLZtgYocinUjS7LFWoj2KX4cf1LyHhVBtj2E,0.0,0.0,0.0,0.0,0.0,0.0,0.0,0.0,1.0
2XBZswraAZAAC34rdhcnfKDHog9sB5PT4DSBTEimScQF,0.0,0.0,0.0,0.0,1.0,0.0,0.0,0.0,0.0
2XRbyPreKUozkki8pDQVEqPGDfDdHeXfHxydZkB33RfZ,0.0,1.0,0.0,0.0,0.0,0.0,0.0,0.0,0.0
2XcCjSAEM16fLSoxYQSn1QgC1VwxAyqPs9xyLP63RQmz,0.0,1.0,0.0,0.0,0.0,0.0,0.0,0.0,0.0
2Xy6SBM1uLcYaQfDxktuTcJNwNYmNNRRqnDbCgN7iF5h,0.0,0.0,0.0,1.0,0.0,0.0,0.0,0.0,0.0
2Y76NJLqFsHLoV5w1dPvSxTD8mWXotKUdpTiTwRwuzYB,0.0,0.0,0.0,0.0,0.0,0.0,0.0,1.0,0.0
2YkBvCk3yW3e6uKJ4dgKgdBAS7G1BaWkUJXMHMtnCnjz,0.0,0.0,0.0,0.0,0.0,0.0,0.0,0.0,1.0
2YnT1TXn3FZuJ7KhQCJ3euazPkoMJEbntuYZw9mhDoxH,0.0,0.0,0.0,1.0,0.0,0.0,0.0,0.0,0.0
2YtFeXKGN7skRYrwf8hc1V7edZuNysfAQW6HGunftr9p,0.0,0.0,0.0,1.0,0.0,0.0,0.0,0.0,0.0
2Z99Fbiu5qGvkzg4E1KgKrUjXEzY5DPAo3N1DmNVe4T2,0.0,0.0,0.0,0.0,0.0,0.0,1.0,0.0,0.0
2ZbyVf6zze3ePSC6SgAEB52ZEkxjCA9LQyHZsxCRVtRA,0.0,0.0,0.0,0.0,0.0,0.0,1.0,0.0,0.0
2ZucQk5cqZFDNESxN9iDDk9DPhE5wCcQsKU9bhhajEWJ,1.0,0.0,0.0,1.0,0.0,0.0,0.0,0.0,0.0
2aK37BGu2zL1enckGcawKiP4woAHevoCFieYCVuF3HV5,0.0,0.0,0.0,0.0,1.0,0.0,0.0,0.0,0.0
2acHUi1kw8kCDroeAcmW1DcctRTaTLNKKgukWDM6gs5C,0.0,1.0,0.0,0.0,0.0,0.0,0.0,0.0,0.0
2b4ZpsHq8644qfh1zz9MJTsLwALTVK22yQZ7UW7C8cf3,0.0,0.0,0.0,0.0,1.0,0.0,0.0,0.0,0.0
2bCFwzwa3AyfRSzoUet4UEDhvzPfvYAi2z23D4Fg7U7j,0.0,0.0,1.0,0.0,0.0,0.0,0.0,0.0,0.0
2bMmTCRiMbZfB5iKt6284MMZgDGDDsvVVkMc51CBKrD3,0.0,0.0,0.0,0.0,1.0,0.0,0.0,0.0,0.0
2bSCyvjDi8bqq3MuC58EECTH4bjPx8TFTNPJrtAY52G5,0.0,0.0,1.0,0.0,0.0,0.0,0.0,0.0,0.0
2cDQptKhHHPKhYu9uTvNMWNaGAT9uf4KdiypJbaiyNCm,1.0,0.0,0.0,0.0,0.0,0.0,0.0,0.0,0.0
2cL7PfukaoN24A8qXdRcYgSsWHN1qGLE3ETqDeikyULm,0.0,0.0,0.0,0.0,1.0,0.0,0.0,0.0,0.0
2cQ9R8Juwukp7fwh64xDhhMsFU8hcnxRpm8mPDWNd5fD,0.0,1.0,0.0,0.0,0.0,0.0,0.0,0.0,0.0
2cSsWeb3v7uD4dGgcqoCNWBwBcos9iK7jEEfyVTH2LSZ,0.0,0.0,0.0,0.0,0.0,0.0,0.0,1.0,0.0
2cXuUbTxiyu9fVqDdRDYaYCRBGdAgVggtwkbEEoPUVt5,0.0,0.0,0.0,0.0,0.0,0.0,1.0,0.0,0.0
2cga984xP25zKCpK745zpBjwNPsvBpYMoCww6wxoVVt4,0.0,1.0,0.0,0.0,0.0,0.0,0.0,0.0,0.0
2dCxBF6Sv4uxNud1FDTa7FdEheomCJAXBmjRvoCDpo6w,0.0,0.0,0.0,0.0,1.0,0.0,0.0,0.0,0.0
2dEVb4fRXoepZpqSR3J66548C54A2YhnLrTh2K4oXJJa,0.0,0.0,0.0,1.0,0.0,0.0,0.0,0.0,0.0
2dM9XmnTWUTaBvVvyitLmLVE3BX6eA357VhKhUxyaEAp,0.0,0.0,0.0,1.0,0.0,0.0,0.0,0.0,0.0
2dXxCA9a6Ac28FYywhenGJDa3dpmpH3RioqDWPKsrads,0.0,0.0,0.0,0.0,0.0,0.0,0.0,0.0,1.0
2e1KhZFFHKSbzqgu2XayqjeqTYR5vFMB8dRsP7Arxdne,0.0,1.0,0.0,0.0,0.0,0.0,0.0,0.0,0.0
2e4oomdxZ8Sc1RExddtWtE1hKcyGjLGdiv6rirGLcDcM,0.0,0.0,0.0,0.0,0.0,0.0,1.0,0.0,0.0
2eX7mBduKikhpJthdwzoTwnSbHTvDEbsX12Bd2D26H1E,0.0,1.0,0.0,0.0,0.0,0.0,0.0,0.0,0.0
2ewxGGUGCSAHiBaXZwsShweWqCia3HyUunL71DaZWSp7,0.0,0.0,1.0,0.0,0.0,0.0,0.0,0.0,0.0
2fBmMzmCCCtq9jHrM1XyGJfdW5kTotoeFVaCikD56HQV,0.0,0.0,0.0,0.0,0.0,0.0,0.0,1.0,0.0
2fMm52i3vdCQQoFazzgQ8xpg8J26e4aSA29NachBK9mV,0.0,0.0,0.0,0.0,0.0,0.0,0.0,0.0,1.0
2fRmSefKNRnPV9JLPPFkkHNX5NHgikJAnffXH3nKj77H,0.0,0.0,0.0,0.0,0.0,0.0,1.0,0.0,0.0
2ffRfz8HxvQD2S3LxjaSZMSbMG4gpTqKwtQQJDkpZRx5,0.0,0.0,1.0,0.0,0.0,0.0,0.0,0.0,0.0
2fhgP9q9nvh2A5mjbgU67irh2Bs7b7FXMs4LbJp4g9kJ,0.0,0.0,0.0,0.0,0.0,0.0,1.0,0.0,0.0
2fim5GGh5ECkeM8RQZErrwtTRGVNnCmopbggYZ8V9U4q,0.0,0.0,0.0,0.0,0.0,0.0,0.0,0.0,1.0
2fjn1HASLMqjnemrS2UjWUGwwHeHpyPVtP78CzcQtvix,0.0,0.0,1.0,0.0,0.0,0.0,0.0,0.0,0.0
2fk9b3F3aJnBubZ9sFWqMbQ9e9AAdeVtXYFQZHmgEBWV,0.0,0.0,0.0,0.0,0.0,0.0,0.0,1.0,0.0
2fmm8X6cqd41Cm8ZTDMmbM848QfpC4WaYA9xCMpaPkS1,0.0,0.0,0.0,0.0,0.0,0.0,0.0,0.0,1.0
2fqviEjqUA7UzpSGZnRdJy1fKJ5gBovDKguxfaAtoXwS,0.0,0.0,1.0,0.0,0.0,0.0,0.0,0.0,0.0
2fsfTiEoUJhsu9TJkHqJCkT53yLP2b9SyUwpfFvXQFrt,0.0,0.0,0.0,0.0,0.0,0.0,0.0,0.0,1.0
2fwVwaNDz8qkZ8E9edx4YyGYAY3jU9yVr4qjUkAaSetb,0.0,0.0,0.0,0.0,0.0,0.0,1.0,0.0,0.0
2g22b6gtqYEmgR1Co7sL4MNQSMXa5xNTqyAWK17kbXJk,0.0,0.0,0.0,0.0,0.0,0.0,0.0,1.0,0.0
2gKgLQW3nfCnCStUgdrJBEMv88M2UBEu2CM7371KbzDU,0.0,1.0,0.0,0.0,0.0,0.0,0.0,0.0,0.0
2gUk8gbmzYm9KP5d3EmJtUZUNSqPZNEEYaVM2kts4Qb7,0.0,0.0,0.0,0.0,0.0,0.0,0.0,1.0,0.0
2gdQyrp7ruaFWG25Kv9hhUTckLpjhDJiUyqfn7G6JR6T,0.0,0.0,0.0,0.0,0.0,0.0,0.0,1.0,0.0
2gwAivXkXqCFzbtduDZZxGC2Xbhim3KFT9QvxQdvcRJX,0.0,0.0,0.0,0.0,0.0,0.0,0.0,0.0,1.0
2gyFnV1S1iKju3UcGo65hfUAEyuxbDCNmV48ot71YBx6,0.0,0.0,1.0,0.0,0.0,0.0,0.0,0.0,0.0
2gztpTzSheStxHY2Ywic7z2tcdJJ4XnUwVfkmDiYkg2M,0.0,0.0,0.0,0.0,0.0,0.0,0.0,1.0,0.0
2h7CBarKy6KMjQ1B2tX686VDYDpP1R1jeGAJUswLmok8,0.0,0.0,0.0,0.0,0.0,0.0,0.0,0.0,1.0
2hAwvKPi8tRd7cdWA9ePBrweVuMVZfxToCRXqDTNFM69,0.0,1.0,0.0,0.0,0.0,0.0,0.0,0.0,0.0
2hCFPgfx7JJUeKjdgmiuToGJnTPCNG5pTsrYbufpncdM,0.0,0.0,0.0,0.0,0.0,0.0,0.0,1.0,0.0
2hGR7huFjQnj9odGmkvdQ2k9JXExKnKHY9qWL35Cog3W,0.0,0.0,0.0,0.0,0.0,1.0,0.0,0.0,0.0
2i4KLce8i6e39Dfzm5kD6zqtwssd2EN7GYhegevpjmsk,0.0,0.0,0.0,0.0,0.0,0.0,1.0,0.0,0.0
2iPgg3VJAM4dj9CiBXwMAhWSpnSLQtrco48bA7FjJLFv,0.0,0.0,0.0,0.0,1.0,0.0,0.0,0.0,0.0
2iPxWx5ghFvQPz9F4V5ijazAxKhD22iWgM8ZXnivGQgy,0.0,0.0,0.0,0.0,0.0,0.0,0.0,1.0,0.0
2ipgXLPtdP8mYSm7SgsoMhDQDjYTJZ7jBy41ZyUqVMQi,0.0,0.0,0.0,0.0,0.0,0.0,1.0,0.0,0.0
2jCdw369AzHHFCteemFKZENxReSkEwQq8f8Z8kcyqPpn,0.0,0.0,0.0,1.0,0.0,0.0,0.0,0.0,0.0
2jJfuPMN3R3Se5c8y7BdeiQDJMKv9wms1z1wG14xJH4H,0.0,0.0,0.0,0.0,0.0,0.0,0.0,0.0,1.0
2jL1ePVSjWkzXU3nWwp3g7d4wNuTAt2EkBQkrJH1LrZ5,0.0,0.0,0.0,0.0,1.0,0.0,0.0,0.0,0.0
2jNLW74j7KtkuBT9tT7oZawhkk5eUjxLYXu9bBe7pfqT,0.0,1.0,0.0,0.0,0.0,0.0,0.0,0.0,0.0
2jVEfeBRFs5dQnyx6hfMoe5uiWXnLb1crSUFo7mhaUbz,0.0,0.0,0.0,0.0,0.0,0.0,1.0,0.0,0.0
2jfiNkfkYz2dtBFMQBY6W4YgsqjAeEJJpV6uVr9qLBZH,1.0,0.0,0.0,0.0,0.0,0.0,0.0,0.0,0.0
2jsHVctvZymbjgcPSpB2TZRWxwF2CrkBkKGwSnnQ7Cst,0.0,0.0,0.0,0.0,0.0,0.0,0.0,0.0,1.0
2k2M7ZA3zSL29ZQwBELgV3PZAL9WhgmzbNi7t4LEoSiC,0.0,1.0,0.0,0.0,0.0,0.0,0.0,0.0,0.0
2k5x5wy7G9Jwws82zhhoxZi2LSm3VRaWHSRDCiXWkzo6,0.0,0.0,0.0,0.0,1.0,0.0,0.0,0.0,0.0
2kT63EvNKBnHXiH2rsAGeb5sQVDqAZCYGAvbiPCG5bC4,0.0,0.0,0.0,0.0,0.0,0.0,0.0,1.0,0.0
2kYdivC55dqVwoQFM2APXcpNKQP51S79pEKdCgk9N2Uz,0.0,0.0,0.0,0.0,0.0,0.0,1.0,0.0,0.0
2m2QhnnLa9xJ3iSVpFrfSpjoFE3vdGbAmXHKGcxnyngk,0.0,0.0,0.0,0.0,0.0,0.0,0.0,0.0,1.0
2m6QJHBygfyvFLh5tA3eyvUhmq6SE6UfDUUx3rEXnchn,0.0,0.0,0.0,1.0,0.0,0.0,0.0,0.0,0.0
2mCXHJw1WaJrANM8Ma9LPAWzijq8M82T16ztGXHxs3Ge,0.0,0.0,0.0,0.0,0.0,0.0,1.0,0.0,0.0
2mFDN7pqqm2qaQsxDqomfBnz5PExAkDMUiNJP2MgGp5J,0.0,0.0,1.0,0.0,0.0,0.0,0.0,0.0,0.0
2mb5QVWEKYEWyozpYE1hY6ULNfgyTqw18UyR2fyVcpvG,0.0,0.0,0.0,0.0,0.0,0.0,0.0,0.0,1.0
2mxuVKuPu8YsFeZ1tiXSVwHLbbYSkB54oMGqMCDvk4At,1.0,0.0,0.0,0.0,0.0,0.0,0.0,0.0,0.0
2n1N5w6bPkjNTGrF58PeCc3kKPm5STVJ2BDChzPA7kf3,0.0,0.0,0.0,0.0,1.0,0.0,0.0,0.0,0.0
2n3xPj7H32XyAyrRmCzendqrDKKfriqVK316MexmLCc4,0.0,0.0,0.0,0.0,0.0,0.0,0.0,0.0,1.0
2nLTkbBkLeUNjs258suk8z78wvcidm8iYAgbe6GfUkew,0.0,0.0,0.0,0.0,1.0,0.0,0.0,0.0,0.0
2ngqS4TAbAcjiMkG8babFBSHZoXXkx9oMNhLjzbCWo8Y,0.0,0.0,1.0,0.0,0.0,0.0,0.0,0.0,0.0
2oBZEMtE5AqqKtWvVqHv9jTuzEdTyEEXMKvAYkQgxuxa,0.0,1.0,0.0,0.0,0.0,0.0,0.0,0.0,0.0
2odaT1Zo8MjhrURExdqRoTcBZyPqT9rrvAc66gkxaLJ5,0.0,0.0,0.0,0.0,0.0,0.0,1.0,0.0,0.0
2op4xPkDGeEsGU1g63uB6QZNfJ1XVwnZUULgwWdd5PVD,0.0,0.0,0.0,0.0,0.0,0.0,1.0,0.0,0.0
2pGz2D7T8AM6YLykyZFo3YvnApYBJpd9EXFrPfGvfpEu,0.0,0.0,0.0,1.0,0.0,0.0,0.0,0.0,0.0
2pKKhcFCcMhkG4RozyszcF1Sc6Ti6k5t2sJsBmRpQP3S,0.0,0.0,0.0,0.0,0.0,0.0,0.0,1.0,0.0
2pRkua6n2xCD2MujebeYw79TKcWazKCvMveAJjDGELeV,0.0,1.0,0.0,0.0,0.0,0.0,0.0,0.0,0.0
2pYtGXN4YgqL2cTzUaZBXVR2bsmA3nmmF511JAANYuaD,0.0,0.0,0.0,0.0,1.0,0.0,0.0,0.0,0.0
2pmeSe5ippgcQ2sWyjoJCR4suyzEoGNxzdK46tcB8Abn,0.0,0.0,0.0,1.0,0.0,0.0,0.0,0.0,0.0
2q1CZptwafyKvyYd9xEa2m3JpNM8DYTWptGeNbp8ZbHE,0.0,0.0,0.0,0.0,0.0,0.0,0.0,0.0,1.0
2qFndzqCDUqqzekRANXd9hhDT3QbNDJcxvXmBDC9qwGT,0.0,0.0,0.0,0.0,1.0,0.0,0.0,0.0,0.0
2qRphUtirvRK4eVAnw24SkX9rYWiAbhMQB8PpUZFUZxT,0.0,0.0,0.0,0.0,0.0,0.0,0.0,0.0,1.0
2qTx8q7beyZNWNrj41HdsU4xvW1xTvNEY9YcNoiBntXN,0.0,0.0,0.0,0.0,0.0,0.0,1.0,0.0,0.0
2qjEwJ8F9BKWbqyWkc8MPJFEmZDZedNyfg4zGnKm6cqy,0.0,1.0,0.0,0.0,0.0,0.0,0.0,0.0,0.0
2qrbkcxL7wXCuiMvrqkd8HpKkUgZcPDiq1wwAw8TtK1g,0.0,0.0,0.0,0.0,0.0,0.0,1.0,0.0,0.0
2qwtimmX5FjB2Rcp7jNdZYYfu4itNrEitNgkoJPhdwdf,0.0,0.0,0.0,0.0,0.0,0.0,0.0,0.0,1.0
2rGHgDYtD4625SQPTmiZeyyS5hqwoawZNxiZCZFxt2Fp,0.0,0.0,0.0,0.0,0.0,0.0,1.0,0.0,0.0
2rJPhMvv8ByQHE9rpNVqUohPR4bnWEPzHPmN2QQKs8W5,1.0,0.0,0.0,0.0,0.0,0.0,0.0,0.0,0.0
2rQtt5ZzuVNyKfMkKtqUZRmt5BjiTV5RPkD9vcwvh8Wx,0.0,0.0,1.0,0.0,0.0,0.0,0.0,0.0,0.0
2s2aN6bedVPPYUJNXHyHPHdyz9ZGmeXHANBKSWZdNMbZ,0.0,0.0,0.0,0.0,0.0,0.0,1.0,0.0,0.0
2sA3etoSksYuMzK42wxLxGRZV8ZRF65YCB9R3tvKCoVL,0.0,0.0,0.0,0.0,0.0,0.0,1.0,0.0,0.0
2sJB1n2NsPZZ2Fe8hz8YLV4R9g1wftsSp7xU2ZpJKaAA,0.0,0.0,1.0,0.0,0.0,0.0,0.0,0.0,0.0
2sK8JBsMgPnJc9mYCYd9XWne8fa5qcBC99M4tCiqoh7u,0.0,0.0,0.0,1.0,0.0,0.0,0.0,0.0,0.0
2sKshp4viS8zwSE1aZ8JeLSTv3GryvB1ZReXKfk9jLxV,0.0,1.0,0.0,0.0,0.0,0.0,0.0,0.0,0.0
2sTauGV6oxYp37RFKHoQGjhSysNJPn7Nn9E4RpF6rLcn,0.0,1.0,0.0,0.0,0.0,0.0,0.0,0.0,0.0
2sVJ9GpoaX4q74bRPZUvBozhbxJAswbXPWWXnTWL4f34,0.0,0.0,0.0,1.0,0.0,0.0,0.0,0.0,0.0
2sgZnu9hXHw8kTYrCcWUVtvtkYKtpuiAtgNV3XjPCb3B,0.0,0.0,0.0,0.0,0.0,0.0,1.0,0.0,0.0
2si4bKi5iY8KBYy4yYhaLWJnjEN4DUQkQd3P3xXEwURv,0.0,0.0,0.0,0.0,0.0,0.0,0.0,0.0,1.0
2siUDEG9QvKeHLys8VdxXCFQyMqZqNqTNcz6Nhq8RT9F,0.0,0.0,0.0,1.0,0.0,0.0,0.0,0.0,0.0
2sn868Aue5g9sfkEtuFcJXnAbK7vJvpKNwtX6zJgNdaD,0.0,0.0,0.0,0.0,0.0,0.0,1.0,0.0,0.0
2spaSRgADuL8bwaMYGXqB2kgQHqiw6consCyQh3WNey2,0.0,0.0,0.0,0.0,0.0,0.0,0.0,0.0,1.0
2sxAhYKAA5ZYozXdxVqhamg46EYmBKYQVtE9iLoasz2b,0.0,0.0,0.0,0.0,0.0,0.0,0.0,0.0,1.0
2szozLfNTJ21MEB8ZveBPQNzRFTvKEypaxMi3rfd2moC,0.0,0.0,0.0,0.0,0.0,0.0,0.0,1.0,0.0
2t1j6aYdc8KpegQsbarBETiNbgnq4FH8dVzjzYpYWgB5,1.0,0.0,0.0,0.0,0.0,0.0,0.0,0.0,0.0
2tAZzoqY9c2n7CTjn4WqbfReAXk2rLHts1PyqCTpLiyh,0.0,0.0,0.0,0.0,1.0,0.0,0.0,0.0,0.0
2tCw15DSzHZae1Ny9Aptzr1k2Mms8zX3ZZkxPHnPbSq9,0.0,0.0,0.0,0.0,1.0,0.0,0.0,0.0,0.0
2tEJ32AgGuCzZSofstzD432zJhPsDDTtzQKCd7dy5DMs,0.0,0.0,0.0,0.0,1.0,0.0,0.0,0.0,0.0
2tRTsnR32wr33UeGk52Kx8USzruN7hF8MtGmsfdVqLYW,0.0,0.0,0.0,0.0,0.0,0.0,0.0,0.0,1.0
2tgUbS9UMoQD6GkDZBiqKYCURnGrSb6ocYwRABrSJUvY,1.0,0.0,0.0,1.0,0.0,0.0,0.0,0.0,0.0
2thhDbhz8avfwkzSmK3VMpUFwJjVFdWzKqq1SR47UBLR,0.0,0.0,0.0,0.0,0.0,0.0,0.0,1.0,0.0
2tn5HeHF3gMEGaxAzY27uwM4wKtjVoHgNSxFLR9UpP2j,1.0,0.0,0.0,0.0,0.0,0.0,0.0,0.0,0.0
2u8kYHfGQb2keN8ZJ49R56gzArWczyWK7a6cn2dtdDX1,0.0,0.0,0.0,0.0,0.0,0.0,0.0,0.0,1.0
2uFvsQnEvjeA1E4FtHPkcnLJotzf4C8AQzwjr3JcV3AW,0.0,0.0,0.0,0.0,0.0,0.0,0.0,0.0,1.0
2uTREk7QPDCuNNHuXvKRzvXUWVhAuB1Wmzmj3b3p2iHi,0.0,0.0,0.0,0.0,0.0,0.0,0.0,1.0,0.0
2uUJ4z4wp5c4uLbtNDPHoQaCjuzAyyJYpqdJ1oBZZA5k,0.0,0.0,0.0,0.0,0.0,0.0,0.0,1.0,0.0
2uwXJWLHPQQZjnhkh1PdXM4tSPZrtqGvRTTLpVpPm3dM,0.0,0.0,0.0,0.0,1.0,0.0,0.0,0.0,0.0
2uxcRYPBZ3tmGKLCevXoaXpESDBpris8yv7EA8vGPfxD,0.0,0.0,0.0,0.0,0.0,0.0,0.0,0.0,1.0
2uzH1wg5oRadM1c4tF2zkTf678yP9c17G3tjW4gCmFE1,0.0,0.0,0.0,0.0,0.0,0.0,0.0,1.0,0.0
2vCbVjqbYEWqirXT23hVNpNnRVCv8tjZBhRFFR6sqasX,0.0,0.0,0.0,0.0,1.0,0.0,0.0,0.0,0.0
2vGxT1oKFi3yXeV8hV5tajbE7kW9XWrbdkVTCXVaJJGP,0.0,0.0,0.0,0.0,0.0,0.0,0.0,1.0,0.0
2vRhXKm7w5VMhSMHLHKA3Hb6YUneKMDxj68xTPYiwZB9,0.0,0.0,0.0,0.0,0.0,1.0,0.0,0.0,0.0
2vbkiTQ17ka2CL4A1cJHpNk6KwW68T4JqxQndfc1GwtS,0.0,0.0,0.0,1.0,0.0,0.0,0.0,0.0,0.0
2vqcBgUD155rJX6ZYGM7ciwbCZGofVTN6LQz7CTVHeua,0.0,0.0,0.0,0.0,0.0,0.0,0.0,0.0,1.0
2w3JdiZJcb6UhvQ3FotxNjJ9ia38WQ6Dgxx3TPkCBea1,0.0,1.0,0.0,0.0,0.0,0.0,0.0,0.0,0.0
2wTFHvH1RwaJXTzwhyodMQxWKkikxcx9m4ACrNrmZBQp,0.0,0.0,0.0,0.0,0.0,0.0,1.0,0.0,0.0
2wWBaUwi3LPnwysUaHyzJH1dtFERSP9hN8XVqzLjGxoS,0.0,0.0,0.0,0.0,0.0,0.0,0.0,1.0,0.0
2wfuVM1xTHruoFLE79EPioCVHuNNgxdtQYRNG9KGSKCb,0.0,0.0,0.0,0.0,0.0,0.0,0.0,0.0,1.0
2wrchh6V5H6VdfoaoGABFTeewAbb1nKBu81aULPHosxx,0.0,1.0,0.0,0.0,0.0,0.0,0.0,0.0,0.0
2wvAhwrsURvzLcPBn5tebch4FnJhatWWsjS98a9ZqVfa,0.0,1.0,0.0,0.0,0.0,0.0,0.0,0.0,0.0
2x9B5qUzWA9cP1hyzWKFF8uy2eZQVwobMRovzHEXYfsX,0.0,0.0,1.0,0.0,0.0,0.0,0.0,0.0,0.0
2xTCnxa19Z4JyLP1VGndd68NdQQ5skC8GBYv6z2nbMgp,0.0,0.0,0.0,0.0,1.0,0.0,0.0,0.0,0.0
2xiSX3hpGpqjTHid8NveWbewZhDViyBgepCSzAJ1VRxa,0.0,0.0,0.0,0.0,0.0,0.0,0.0,1.0,0.0
2y2qb8g7x8iNY8WB3avEqiRBZZeekftNMEHHcsBqp8zg,0.0,0.0,0.0,0.0,0.0,0.0,1.0,0.0,0.0
2yRdTaweD8JznpdRJcUKrn9k7rQszHskB4CXRoa78AYc,0.0,0.0,1.0,0.0,0.0,0.0,0.0,0.0,0.0
2yZ7UkkU4HLeqnMGUWjXYJM15D6CFXQ9KQ12xrYVLMqg,0.0,0.0,0.0,0.0,0.0,0.0,0.0,1.0,0.0
2ycP7TtTFMmP1fWmJxQyaesvGi3tjfKHcPabPTTHYKWg,1.0,0.0,0.0,0.0,0.0,0.0,0.0,0.0,0.0
2yd22PNnneDZGcGLGxBA5R7NbBGJAHf4hggto9AtqHCR,0.0,0.0,0.0,0.0,0.0,0.0,0.0,0.0,1.0
2z2q5gk8TDgqCidzkXkyevXH1aDaVjWL8cQwoRbMF1Jq,1.0,0.0,0.0,0.0,0.0,0.0,0.0,0.0,0.0
2zAaVi16g2Mm8Xfa7D16iZkGQZJsBj3m3ja7JMsSyqn6,0.0,0.0,0.0,0.0,0.0,0.0,0.0,0.0,1.0
2zEc6LeBPj7P2avEieJSXyoCfeh2Y7JWXVGBoSEBxvkV,0.0,0.0,0.0,0.0,0.0,0.0,1.0,0.0,0.0
2zPWW3p2TzV3Gt2pcVTV8kTw6DrbTtPhv67agztYSAa1,0.0,0.0,0.0,0.0,0.0,0.0,0.0,1.0,0.0
2zZXyqxRTaBWuM7rEzzB9WfgyYTc3NCdEUaGiAdN52nB,0.0,0.0,0.0,0.0,1.0,0.0,0.0,0.0,0.0
2zmQjX6LKdiVoRTrdyQUmKvxfhsRATfnvDY8Q9ctgCmQ,0.0,0.0,0.0,0.0,1.0,0.0,0.0,0.0,0.0
2zyiByPCn1Zokh8LoNr5KRH7ox75pJeYvBpyReq9iF1M,0.0,0.0,0.0,0.0,0.0,0.0,1.0,0.0,0.0
2zyizQ5dBvmDejJWAiUuPeDVX6GLBdm5V39aKvjPLuG4,0.0,0.0,1.0,0.0,0.0,0.0,0.0,0.0,0.0
311xLepT1iVbcPE9cTbn9yDcwS2mVpJw2XfLCVNPBVUv,0.0,0.0,0.0,0.0,1.0,0.0,0.0,0.0,0.0
315N6qxGHZoz7d5RQHDzh6B9XRAwebSY8R3fSYBrsVAH,0.0,0.0,0.0,0.0,0.0,0.0,1.0,0.0,0.0
31CoRngWibdXF8KeKLvWHmwy5ZWpMC9rhEjBVPN5Ne5Q,0.0,1.0,0.0,0.0,0.0,0.0,0.0,0.0,0.0
31HJdT4Wf41m587oJBUgVHQGv6pwkgsjsmcPZRdWaN6P,0.0,0.0,0.0,0.0,0.0,0.0,0.0,1.0,0.0
31PG1CaFtQzVSmntHGYr8t3hKGTcUMUVRCRuf2nPKC8X,0.0,0.0,0.0,0.0,0.0,0.0,1.0,0.0,0.0
31fT3KTMpASnq31npEtvYW8jxe4N3gXRuoR51Wg35ADd,0.0,0.0,0.0,0.0,1.0,0.0,0.0,0.0,0.0
329hnfRacwfbHd3iZsTp2mR551phx9v3PiiU3PrrEwCw,0.0,0.0,0.0,0.0,0.0,0.0,0.0,1.0,0.0
32ELvp278FvvnrAKrREiyJPGYbQys2Y7i4YgFoKemyoS,0.0,0.0,0.0,0.0,1.0,0.0,0.0,0.0,0.0
32ZE3ULFn4bE1kF9BZu299N9W47Vffgtn9njBQTmkY3x,0.0,0.0,1.0,0.0,0.0,0.0,0.0,0.0,0.0
32Ze6oDueWG71P1QcJLxmS4WAtjGtFoVUpTxWCahkk1P,0.0,0.0,1.0,0.0,0.0,0.0,0.0,0.0,0.0
32dWYkv5hTmPa3gSRKLB8qBLhanuunYikCQyJ9qCJczd,0.0,0.0,0.0,0.0,0.0,0.0,0.0,1.0,0.0
33FkVa6vCpEAYqn7NmqsBJsnp5rq8UqHFzRxMQuPErE2,0.0,0.0,0.0,0.0,0.0,0.0,1.0,0.0,0.0
33NVDLWZ3DpdmEjEUQpjfPtrCFjjNn9PBHFtod2DgjCJ,0.0,1.0,0.0,0.0,0.0,0.0,0.0,0.0,0.0
33qisRe8wfvcDVwP5Xg8RafEPj5dT3p5BLN8fQ2xw936,0.0,0.0,0.0,1.0,0.0,0.0,0.0,0.0,0.0
33vYGn1kt4kQV36eNruyVauyLZgqrVzpgTeQ6XqoQxAH,1.0,0.0,0.0,0.0,0.0,0.0,0.0,0.0,0.0
347DAZ5gqtj3evRcniBqM2uY67JkjhU9xQjTuHNuwM84,0.0,0.0,0.0,0.0,1.0,0.0,0.0,0.0,0.0
34DvG6zvFcn1umqVvQNU9BUWRdUaejnciKm9zPjRozS5,0.0,0.0,0.0,1.0,0.0,0.0,0.0,0.0,0.0
34EZy4SD2EM7RvphszcbNTBYr8nzJjMRVazaNjNoeLHc,0.0,0.0,0.0,0.0,1.0,0.0,0.0,0.0,0.0
34XPQDQXY7Xqmus1YV8tgjGEry8vsbDqat11VNPMM7Y1,0.0,1.0,0.0,0.0,0.0,0.0,0.0,0.0,0.0
34pmerKATHXRqXv2y3ktmCTY3xTcys6ziGEN1vrHrbgA,0.0,0.0,0.0,0.0,0.0,0.0,1.0,0.0,0.0
34wVkz8jLASkqHdjmm2UbUy1jGsK1VWCTmu5SEbDWZ1j,0.0,0.0,0.0,0.0,0.0,0.0,1.0,0.0,0.0
35K4zQJdtWfJ6p7QPSHY5YkL4Cvwb3NTTETGfpgZsUVC,0.0,0.0,0.0,0.0,0.0,0.0,1.0,0.0,0.0
35WgY3bsPuaYVBXFg76jPp32gTfxA1hR8ebWofGpEgnN,0.0,0.0,1.0,0.0,0.0,0.0,0.0,0.0,0.0
35qhMRJBxPd1QGXBbtKhqYMHPttgrtHUJdDrE9o4xjkY,0.0,0.0,1.0,0.0,0.0,0.0,0.0,0.0,0.0
36Hjav38hjc6junnoNd9HmRJqMLUrnDVPb6FdbxguFCE,0.0,0.0,0.0,0.0,1.0,0.0,0.0,0.0,0.0
36Hrv5qu1yQQUbamrovMNagUEJoeD84foEdogQUjMtsw,0.0,1.0,0.0,0.0,0.0,0.0,0.0,0.0,0.0
36RXGcBWGS1fnWZQbpDWDVDnjodLv78L2ibGiUK9uKgm,1.0,0.0,0.0,0.0,0.0,0.0,0.0,0.0,0.0
36SLrf4bV5mbevq2b3x3EJ6nYDkY6wj1LxsNHzewfvXW,1.0,0.0,0.0,0.0,0.0,0.0,0.0,0.0,0.0
36ZFfEA2HxG5xz4RcsKHr1i1TT1Sis1WRL3D3MaH7Rfw,0.0,0.0,0.0,0.0,0.0,0.0,1.0,0.0,0.0
373umP1cXwdmoqJzNX7QEPPShUaKhrf4vYkKQXjm6tb4,0.0,0.0,0.0,0.0,0.0,0.0,0.0,1.0,0.0
3784yjyQxNigCYHAU8KjTHQYRSTH2SgFwuCmrAAiq1YS,0.0,0.0,0.0,0.0,1.0,0.0,0.0,0.0,0.0
37GYsa3YVogihKCdUXZj2rUyXzTCohQ7kVdBmabu9QZX,0.0,0.0,1.0,0.0,0.0,0.0,0.0,0.0,0.0
37R46krPpknUCeUsw1D3z7X8MsXYcWKhRpQWNHr2rsfj,0.0,1.0,0.0,0.0,0.0,0.0,0.0,0.0,0.0
37SDB4gzw6txv7AFYHQzKfcRycMrEKFFNkQ1XLn33YdA,0.0,0.0,0.0,0.0,1.0,0.0,0.0,0.0,0.0
37fpedr1Z2X8SPEtVAvQvLHVVgcF2LQRbxKSas2ewpu5,1.0,0.0,0.0,0.0,0.0,0.0,0.0,0.0,0.0
37jyLBcAGEjPoMSDbi6U5rMLMhZdrnk9YH4jhoACDXrX,0.0,0.0,0.0,1.0,0.0,0.0,0.0,0.0,0.0
37xxxNLvNLRjcRBREZvnNdEP5CQeSZKBtmp5gjhHCShe,0.0,0.0,1.0,0.0,0.0,0.0,0.0,0.0,0.0
387hMVYPwMWbu4GyPwiknXkcU9xhd74oA9jk4bLUDfqe,0.0,0.0,1.0,0.0,0.0,0.0,0.0,0.0,0.0
38BmMXBVZtybFHp44piH2WvP7UUjhKB53repZtL46ddS,0.0,0.0,0.0,1.0,0.0,0.0,0.0,0.0,0.0
38NbMvpFK7DbYctsAHGcioapNnYMWPCDFFS37b33pVDX,1.0,0.0,0.0,0.0,0.0,0.0,0.0,0.0,0.0
38cxrHDojZCK2LpUx28yL5zJZ9btZv7TMScgooa8FKYy,0.0,0.0,0.0,0.0,0.0,0.0,1.0,0.0,0.0
38vXRX9BNXa5VqJbvN71JHeDo1fRvh4VPvFjpLrvK37M,0.0,1.0,0.0,0.0,0.0,0.0,0.0,0.0,0.0
397kHqQNVNBvuuWmwvjf26mBosgnukZDXsqZrgrsUZTE,0.0,0.0,0.0,1.0,0.0,0.0,0.0,0.0,0.0
39C4ZM9E9NN3UVDp6iVNbXMUWk5PWsaC6K6DybCsLan6,0.0,0.0,0.0,1.0,0.0,0.0,0.0,0.0,0.0
39KCgpEux3iShdn86S1tnuFMhuSLcNnzBZQgbtjPW1Bb,0.0,0.0,0.0,1.0,0.0,0.0,0.0,0.0,0.0
3A1KhS2ZbovUpAUWqgeTmANCKTTT29FAZCQgsvqC1ynw,0.0,0.0,0.0,0.0,0.0,0.0,1.0,0.0,0.0
3AKtmPKDxpKghj3sZXxhRobNoqZWsE1f7xyBmoBsm2cP,0.0,0.0,0.0,0.0,0.0,0.0,0.0,1.0,0.0
3AT5BCfEWQojX7QMQbrNCoYRPKVWHHo9iwbWbBzV9kwM,0.0,0.0,0.0,0.0,0.0,0.0,0.0,0.0,1.0
3Agx9we9FTxkkEfuFXLpGprw7HsZN1hCk9hnPBMJscVv,0.0,0.0,0.0,0.0,0.0,0.0,1.0,0.0,0.0
3AuHXjg5FzGarp6jJdZB457PZoARju8DkaG4sLdeFm3W,0.0,0.0,0.0,0.0,0.0,0.0,1.0,0.0,0.0
3Ax6XkjmoibhX9uRYXeK2XCkg9DpvjYYGN8dK5VhPrnt,0.0,1.0,0.0,0.0,0.0,0.0,0.0,0.0,0.0
3B4jR2xcm2iAPzN63buHwXFBjNKyuRzSYTjzEKhnREfX,0.0,1.0,0.0,0.0,0.0,0.0,0.0,0.0,0.0
3BuyyoKYWpd6G7t8yVT8YaJy3DzNz8U6Bmdm3bH3Yx1C,0.0,0.0,0.0,0.0,0.0,0.0,1.0,0.0,0.0
3C1GhzuKGVfAweANVea4enCFQmoRPip1xCAHXVGGuNWM,1.0,0.0,0.0,1.0,0.0,0.0,0.0,0.0,0.0
3CBa177yZW3ocDvgqY7byQGGCRn8gogmcYjr3TDagEeX,0.0,0.0,0.0,1.0,0.0,0.0,0.0,0.0,0.0
3CCJLdYm4EecZkMDtAnnHwDhGVQqAtCbCSVRtFchfqKL,0.0,0.0,0.0,0.0,1.0,0.0,0.0,0.0,0.0
3CEq1CsUKfxSRQR7Xj9ZasJLF7A9ENtXV6vbJL4bHLie,0.0,1.0,0.0,0.0,0.0,0.0,0.0,0.0,0.0
3D9P2mPFpvXmvv8ntrZr7SK2CamNkuMGU99v1JE6S5NL,0.0,0.0,0.0,1.0,0.0,0.0,0.0,0.0,0.0
3DK6Pw1vLbqomqr4M7Fz5RQmD94rpRK8tcag52mNBYyd,0.0,0.0,0.0,0.0,0.0,0.0,0.0,0.0,1.0
3DLeB3QGrsXuMmMv1vRrWxkAg3kQAFE3ZS6HGHXi24Cv,0.0,1.0,0.0,0.0,0.0,0.0,0.0,0.0,0.0
3DNKTCDRqaWQ99P1ugE9v5ApedSPZR7XK8YtqYJ7wHpf,0.0,0.0,1.0,0.0,0.0,0.0,0.0,1.0,0.0
3DRANjSb8B4aELMvTTZpyz5M2CfsMWdQuXnHPVBVWz76,0.0,0.0,0.0,0.0,0.0,0.0,0.0,0.0,1.0
3DUZGio2LdWqmRTEdW1mW8WaE9w9N83Sg2mXAGqeFJ8J,0.0,0.0,1.0,0.0,0.0,0.0,0.0,0.0,0.0
3DXSSBvoZcgP8yDa5BYmdwgNivtknEusEMNVpJEeQ1gz,0.0,0.0,0.0,0.0,0.0,0.0,1.0,0.0,0.0
3DZexBmKPC8R2B7GqEEaW3jaUVRZdjwCWnMfcVqKuG4b,0.0,1.0,0.0,0.0,0.0,0.0,0.0,0.0,0.0
3DvomtR8ieTaCCCo8WMFsaqjcLKYYazsLLKLoV4R4PZT,0.0,0.0,0.0,0.0,1.0,0.0,0.0,0.0,0.0
3E9jLD3t57YD6u6mSrSZ2ccC22D9oQXoPKsX1WdNcuP5,0.0,0.0,0.0,0.0,0.0,0.0,0.0,1.0,0.0
3ES31cP8PmphhRfbgUqoMaoUUTffYMQnL2T3AqakusQj,0.0,0.0,1.0,0.0,0.0,0.0,0.0,0.0,0.0
3ESpoBAHb2zAKVgwg6kztcL4SkVGx1AjUmcfzgWuFWD1,0.0,0.0,0.0,0.0,1.0,0.0,0.0,0.0,0.0
3EeVfc7qaWAHScsCDpS5ZdFwAfbpzMiWzE7MYrvnESYX,0.0,1.0,0.0,0.0,0.0,0.0,0.0,0.0,0.0
3EjVgAG2XRseDSssrUtsR83Wp7Xp53CF3PK57qpLyxTp,0.0,0.0,0.0,0.0,0.0,0.0,0.0,0.0,1.0
3EqdiWjyG5YX6z8wYs872nvYAHWfGAsKXm7eXZE8pqSP,0.0,0.0,0.0,0.0,0.0,0.0,0.0,1.0,0.0
3ErjrppQgQ2xYBGDnNr48VfXCk3dUSpooudnnYA1qKdj,0.0,0.0,0.0,0.0,1.0,0.0,0.0,0.0,0.0
3FHRbUn4TvtLFc8K9FCsLX3oftnzF7oZKmPwKKAMtTpM,0.0,0.0,0.0,0.0,0.0,0.0,1.0,0.0,0.0
3FcWBMWkHD9gZ6STZzr6eAtAvddjgnGqiRXhHE3qGR93,1.0,0.0,0.0,0.0,0.0,0.0,0.0,0.0,0.0
3FdNJVZaEnJ5jC4DheXCB1zpgfLKSRvRHKQijsg5PAEL,1.0,0.0,0.0,1.0,0.0,0.0,0.0,0.0,0.0
3Fh2Snc4v9BU333VaJ8vWttxbHTx4N14EqZ3MPMXh4qV,0.0,0.0,0.0,0.0,0.0,0.0,1.0,0.0,0.0
3Fpm6BCCg6VKXZEiZHfragxRHHBZZDeW7QTEALXffTM8,0.0,0.0,0.0,0.0,0.0,0.0,1.0,0.0,0.0
3Fqq9umPT71Lhjxj5Zxj5XTGRpLaMF8vLysQqCi2i31X,0.0,0.0,1.0,0.0,0.0,0.0,0.0,0.0,0.0
3G9caDJF4b3RsBj657jdE4XQPAsNwSyVHNfn3HxhFbHe,0.0,0.0,0.0,0.0,0.0,0.0,1.0,0.0,0.0
3GBy669JfapCBxfDj2EYCsHbxqYRqcvc8j3LarH78rCE,1.0,0.0,0.0,0.0,0.0,0.0,0.0,0.0,0.0
3GTjn9m1wXecs1FgzsywXke5cthqXzoq9Xj5GPytzjQx,0.0,0.0,0.0,0.0,0.0,0.0,0.0,1.0,0.0
3GWgzHaaovKcRvoAt55axjGhec9L5zs2qPr81kLFboza,0.0,1.0,0.0,0.0,0.0,0.0,0.0,0.0,0.0
3GkZuJftgof2LDpMuDAGAnBQuyx86azWV1uWGaPobiVw,0.0,0.0,0.0,0.0,0.0,0.0,1.0,0.0,0.0
3Gw4RLJZFVEQw2rvwHS8HiEbfU5e2u3Gvg9jMG8AKvrt,0.0,0.0,0.0,0.0,0.0,0.0,1.0,0.0,0.0
3H3t9bTova5qkNtfQSavLRogaFjYqMsSVQiGqQe61bre,0.0,1.0,0.0,0.0,0.0,0.0,0.0,0.0,0.0
3H9HWYgykFm61GjGGXAtEnEjFze29vzaKNXqtsBbhPUM,0.0,0.0,1.0,0.0,0.0,0.0,0.0,0.0,0.0
3HDLQgPnGf8hsDzzscoKTuUpGbJzTV9EUPCjKxQ7TXKy,0.0,0.0,0.0,0.0,0.0,0.0,1.0,0.0,0.0
3HHixHPPwDmQHVGpfP5HgVsNh45AyAu2FJA5N1qZrexz,0.0,0.0,0.0,0.0,1.0,0.0,0.0,0.0,0.0
3HJZpjVk6auP8YdTxVxuSwCAhhzD8HAx5gai9Rcv6Pa5,0.0,0.0,0.0,0.0,0.0,0.0,0.0,0.0,1.0
3HYT75dJkYYM5V6nwPoNah4yuAgaz1s9JXsPyxU8rFca,0.0,1.0,0.0,0.0,0.0,0.0,0.0,0.0,0.0
3HdBniFuJFJaNuvBZtcfwBP3HU8zddmM5WBZ7T59LQBh,1.0,0.0,0.0,0.0,0.0,0.0,0.0,0.0,0.0
3HrBA8ASqsxibAmwur9vJSoLppenMWJMx5HHUW9X19w5,0.0,0.0,0.0,1.0,0.0,0.0,0.0,0.0,0.0
3J7hJ35kPYR7FAf92z8ejysFCyg9Lb8K93BN4Qi4DoCw,0.0,0.0,0.0,0.0,0.0,0.0,0.0,1.0,0.0
3J8XbMmM279uAEmQtw3Qb6CPBmeHszFgHMELhx2qqWAK,0.0,0.0,0.0,0.0,0.0,0.0,0.0,0.0,1.0
3JNrQyaRtshx5W17YdH3Cij7gMQoh235WDBPzLzKSQk7,0.0,0.0,0.0,0.0,0.0,0.0,0.0,0.0,1.0
3JP8H4mBgnn7z25pNmNEQJMMqvJnhWrXN3PDjczZHFhC,0.0,0.0,0.0,0.0,0.0,0.0,0.0,1.0,0.0
3JPKESHhpPT7eRSAC8RRHbR1XxwrdbpacpioVrMV5jxS,0.0,0.0,0.0,0.0,0.0,0.0,1.0,0.0,0.0
3Jei5xrVTQ2i977nnH3tkkWkfMcYTeBFc1F8U6vauBHt,0.0,0.0,0.0,0.0,0.0,0.0,0.0,1.0,0.0
3KCF9Yf66JCkSQY6kAGP28JVkto4QkaHf8dPW4xipHcN,0.0,1.0,0.0,0.0,0.0,0.0,0.0,0.0,0.0
3KCVu4KT6MhKgWr53NVXEzsyNQ1YSRzn29C9VguuubTB,0.0,1.0,0.0,0.0,0.0,0.0,0.0,0.0,0.0
3KNhUBbkUUmdERw8keDoDnZtMJF6ZLDaYyC2VwZ77hF3,0.0,0.0,1.0,0.0,0.0,0.0,0.0,0.0,0.0
3L5XLSwy49bNm7unJXtW2tAu3Rp6dGn8M9ioQG6qjz3M,0.0,0.0,0.0,0.0,1.0,0.0,0.0,0.0,0.0
3L8hNv9bHJGchkNqZbjpWLyS3N7QMPKD87jZsw4zuwok,0.0,0.0,0.0,0.0,0.0,0.0,1.0,0.0,0.0
3LPm5fxEMA3SPwDvMKhXr1SpJASfqcQR8M1K3Rm7HjKS,0.0,0.0,0.0,0.0,0.0,0.0,1.0,0.0,0.0
3LqG7NfGgRXHgGN6jrBEagCNkcaP7vWVDdfzEAumqqHA,0.0,1.0,0.0,0.0,0.0,0.0,0.0,0.0,0.0
3MLDRTmtVLrUUyxnrHmFpGVmoNZR4Ts3AimujXBvUpvM,0.0,0.0,0.0,0.0,0.0,0.0,1.0,0.0,0.0
3MPgbeCvCd4mU7ZP94LwuYUbiF4fZNjgrsVnwjwSdxPv,0.0,0.0,0.0,0.0,0.0,0.0,0.0,1.0,0.0
3MZqyoENJhmhmnjgAuNCaaLPBijRR1z7kXo3pEiiugQT,0.0,0.0,1.0,0.0,0.0,0.0,0.0,0.0,0.0
3Mq3CFvAPRs7iQHdhnnzq2TBpkcQvxFTFcGAGEQKFXTH,0.0,1.0,0.0,0.0,0.0,0.0,0.0,0.0,0.0
3MsCpoLiB755rwWQbrS9gdnsPpbc5rZ5FVBqprCPG8Rg,0.0,1.0,0.0,0.0,0.0,0.0,0.0,0.0,0.0
3MtDVcjgyhw53yCQNeiuvh7XTFzou44TNjt1HLJRufcm,0.0,0.0,0.0,0.0,0.0,0.0,0.0,1.0,0.0
3MudHqyus6NTJ9im9j6vc1hT8gUmCYyQBi7L42npf416,0.0,1.0,0.0,0.0,0.0,0.0,0.0,0.0,0.0
3My5CE8aPyQ9b3YRr7Na31dB7Dmz6RUxmN7z8DF3dE3F,0.0,0.0,0.0,0.0,0.0,0.0,0.0,0.0,1.0
3N6Sfo4XAEW9ZrRoWSyiAkLKn2wiQoEsjinJrbDnMFnB,0.0,0.0,0.0,0.0,0.0,0.0,0.0,1.0,0.0
3NBPSWbwdtj3ofRPNihLRwRThVZDrEQk6X5JbCmCufxV,0.0,0.0,0.0,0.0,0.0,0.0,0.0,0.0,1.0
3NDQysaZDhZ8DJC7CanbTfvbgAQ2NjFmbvMCp1GBKVjq,0.0,0.0,0.0,0.0,1.0,0.0,0.0,0.0,0.0
3NTRg45AhR177mCypTFaFDLPkPTvsV9oHFXF5SADhz3z,0.0,0.0,0.0,0.0,1.0,0.0,0.0,0.0,0.0
3NtPbmP5dAL7Kuvhnym12fb7mb36yPTJmvVeFmfwGo68,0.0,0.0,0.0,0.0,0.0,0.0,1.0,0.0,0.0
3P1BdfaRcQtbYvHMi4BjhzzcXZJ9TXve3vGqJhNYQXPg,0.0,1.0,0.0,0.0,0.0,0.0,0.0,0.0,0.0
3P5xAf5UxFxK3sWugY7gH72zyeW2Kb3AV9Ly59YhpGir,0.0,0.0,0.0,1.0,0.0,0.0,0.0,0.0,0.0
3PGV9bWbKhyC5BXrqLfjXo3aWA38fuE2q4d7UgQfKk7r,0.0,0.0,0.0,0.0,0.0,0.0,0.0,1.0,0.0
3PJkL127EtuoQucWK4gULWzzxEM25CgGGEF6r5Jx5xHs,0.0,0.0,0.0,0.0,0.0,0.0,0.0,0.0,1.0
3PbbPBwb58jsf6SkHmXk6Y39VyBEUiNGo2mCQJFg14ht,0.0,0.0,0.0,0.0,0.0,1.0,0.0,0.0,0.0
3Q27Umwym2CKZzThRTebVAbSc6QRfdXYtWANYzZrYHt5,0.0,0.0,0.0,0.0,0.0,1.0,0.0,0.0,0.0
3Q9TcPHyLwjNhi46wDMs4e8fv18z2bEqgopfVUKZUpqH,0.0,1.0,0.0,0.0,0.0,0.0,0.0,0.0,0.0
3Qi7f8XDYYm4Nf9TBVESa7hbRHBTKbGKz4yzdWsRzfAY,0.0,0.0,1.0,0.0,0.0,0.0,0.0,0.0,0.0
3Qqt7FPtFVqMh7XzMJf7ZzDAidFiZDaAwKWCbkoTBypt,0.0,1.0,0.0,0.0,0.0,0.0,0.0,0.0,0.0
3Qru1Gjz9SFd4nESynRQytL65nXNcQGwc1eVbZz24ijG,0.0,0.0,0.0,0.0,0.0,0.0,0.0,1.0,0.0
3R3HBUsUzjad5xpS7EZzFYbdPY35Q2m1UKwxqkqvXrqB,0.0,1.0,0.0,0.0,0.0,0.0,0.0,0.0,0.0
3R5faaiaiF3AodHiKvtREf81JvXvHcnonxTqx7St9hE6,0.0,0.0,0.0,0.0,1.0,0.0,0.0,0.0,0.0
3R6uchtNxjxss2bVa9up4fyNsTp8S8bj6Pv2Jd9sekYP,0.0,0.0,1.0,0.0,0.0,0.0,0.0,0.0,0.0
3RBwq5qVtNpuBN9ZZ2pYhw7juWJgUtXhbnHWF4eca6cR,0.0,0.0,1.0,0.0,0.0,0.0,0.0,0.0,0.0
3RG7UqjYKiqdzsFWWvViNTsVikRgAftWSCU4r1RMvERj,0.0,1.0,0.0,0.0,0.0,0.0,0.0,0.0,0.0
3RG8HmHn5ccjxpAJ75jZJrZFZJ7XToJcDNoArzuYe1iz,0.0,0.0,0.0,0.0,0.0,0.0,1.0,0.0,0.0
3RSCkDZhNRcQsexXCpfqbunhw5fXZjwfWi9npMghEQPX,0.0,0.0,0.0,0.0,1.0,0.0,0.0,0.0,0.0
3Rm5htwiErL7d5fUbzgCJBUarmBeDkqdBvJYywsDFfXa,0.0,0.0,0.0,1.0,0.0,0.0,0.0,0.0,0.0
3Rr1DSFRQ7tnbAPMhtKDENg6WtQD8XHcrQGWqxcccdke,0.0,0.0,1.0,0.0,0.0,0.0,0.0,0.0,0.0
3SQe6VnvKRZd3MBFonxBUTShyWCVmBj4NPkRdG2Dxtfe,0.0,0.0,0.0,0.0,0.0,0.0,0.0,1.0,0.0
3SRaketPsNLJmpz9MT5bDjrzJ5cCSYQy6jrQ6AqsGzXQ,0.0,0.0,0.0,0.0,0.0,0.0,0.0,0.0,1.0
3SRgwtRFJAbx1YknfJnjDwEVBMGEZokJmCyMmtjb55aV,0.0,0.0,0.0,0.0,0.0,0.0,0.0,1.0,0.0
3SkBCx49BsK64h6tssBBJZ1WNvpiLdnhnXNmJtP46d7b,1.0,0.0,0.0,0.0,0.0,0.0,0.0,0.0,0.0
3SkD6pP2EdyV1hk5hNrxZ9Nc7NFsEqy15wvWkhdmcWqX,0.0,0.0,0.0,0.0,0.0,0.0,1.0,0.0,0.0
3TbGcstSVJAhQkfAbeQVNnLwwVQaJELvEdRzNdTHBqF7,0.0,0.0,0.0,0.0,0.0,0.0,0.0,1.0,0.0
3TvpVu1aM1hU87ZeRsPJEUwFTwRKgfDJUnsahFcMohSP,0.0,1.0,0.0,0.0,0.0,0.0,0.0,0.0,0.0
3TxCFKgMUgCB99YQJ8TgEJjP9Uzgk8FUXcH1p7rxRF1e,0.0,1.0,0.0,1.0,1.0,0.0,0.0,0.0,0.0
3U65eKCFwTubr9yJfVA8Dr48NjtTUSsJuKzMidyoRMjb,0.0,0.0,0.0,0.0,0.0,0.0,0.0,1.0,0.0
3UEKA32PU27471uBHoru8brvoc6Wxg2DFLEZVC737CAB,0.0,1.0,0.0,0.0,0.0,0.0,0.0,0.0,0.0
3UpF1CZFxqbVRmSsGRMQEknbva2Uvuduuoe3HKQ39YYh,0.0,0.0,0.0,0.0,0.0,0.0,1.0,0.0,0.0
3UuExJ69izbevv2D55EVuViG8R98XqapLEEwvJEaSpxQ,0.0,0.0,1.0,0.0,0.0,0.0,0.0,0.0,0.0
3UvdF5aC2NSCz5nvQKHG5sSZRivZDETAQTKJj1Z7hKwH,0.0,1.0,0.0,0.0,0.0,0.0,0.0,0.0,0.0
3UyeFPj1gRyypKW95wui8onVRHqQZsbZTgUJEPBhWz7L,0.0,0.0,0.0,0.0,0.0,0.0,1.0,0.0,0.0
3V6DDgbiRwbpiwQjcd3QPtjWEDNdyQHnG6Y7tDUkgG7u,0.0,1.0,0.0,0.0,0.0,0.0,0.0,0.0,0.0
3VEYgzs3Gr5ciCrWJbYRxyCaRbsUBjtFjmAqufjbioCy,0.0,0.0,1.0,0.0,0.0,0.0,0.0,0.0,0.0
3VJvSQj3HM6HRXi3JGQzXxEEpECsaF7Kh6xdhvByERDH,0.0,0.0,0.0,0.0,1.0,0.0,0.0,0.0,0.0
3VK3nkRPogLWgzMCRbGHE5tx1ifru3sZs8v3ZmF6Rip9,0.0,0.0,0.0,0.0,1.0,0.0,0.0,0.0,0.0
3VLz4WqkYjCQSHahWufrz1hEtacj17PcLRgqYvE4pvGk,0.0,0.0,0.0,0.0,0.0,0.0,0.0,1.0,0.0
3VWhXVEFogB3fqUs3xgdM1uhGbbah2dhiNmFhegtLgse,0.0,0.0,0.0,0.0,1.0,0.0,0.0,0.0,0.0
3VhvG3215FcgiLSfzDAP9HnUpRGcfZRepLeLkDKydKCU,0.0,0.0,0.0,0.0,0.0,0.0,1.0,0.0,0.0
3Wgvew2C4XRKJH3Gyn6MkUNkywiXM76ozCcQmvWQY8tD,0.0,0.0,0.0,0.0,0.0,0.0,1.0,0.0,0.0
3WmQUToWeQzKyhGyNsE2eB891GY4TyNSnSFP1zaSxWSi,0.0,0.0,0.0,0.0,0.0,0.0,1.0,0.0,0.0
3X6zgpjCL7FC37okjMbAdJmDpmcwfoExCvJNsrdfbamj,0.0,0.0,0.0,0.0,0.0,1.0,0.0,0.0,0.0
3X9LgEdbB5nLQ9iPT1aYY28oCUsXjsKvGFhV8MfhsbGo,0.0,0.0,0.0,0.0,0.0,0.0,0.0,0.0,1.0
3XWoPbEyrwdAZr6HDCaz8do9Dz9QrY2NHtsgVrec2M62,0.0,1.0,0.0,0.0,0.0,0.0,0.0,0.0,0.0
3XouSj15ttmpMfhKzayqFtZUMqP4QJY3MJKEaVdop9nk,0.0,0.0,0.0,0.0,0.0,0.0,0.0,1.0,0.0
3Xw4E6cmGvXDRD3dDAMbEnE9KxL6tUREPfnAD9jADxVu,0.0,0.0,0.0,0.0,0.0,0.0,1.0,0.0,0.0
3Xw9txEodpxAMPnX9TjS7K4MMKfTwGdsQMX3uvYx5M9G,1.0,0.0,0.0,0.0,0.0,0.0,0.0,0.0,0.0
3Y5nEekXUDA3tQff65LEgadYFvGoQR9XjmQC8FWx2NP9,0.0,1.0,0.0,0.0,0.0,0.0,0.0,0.0,0.0
3Y6fsYF1AD6ktBs3skZNQTFCrAQMEbcXnJapZcPS2ZDK,0.0,0.0,0.0,0.0,0.0,0.0,1.0,0.0,0.0
3YAijrBrpdm9uKnoHjSxdgdDmtk5zV8xkXD4Kw1d53jY,0.0,0.0,0.0,0.0,0.0,0.0,0.0,0.0,1.0
3YbniZHYQx4EDfdbgrQzD31GA7pB5QkrCvuhVW5qZ4rE,0.0,0.0,0.0,0.0,0.0,0.0,0.0,0.0,1.0
3YguUY2n4zD67jTuAkKGuZruSo1aKkn2J3ZqbD7Dyi8H,0.0,0.0,0.0,0.0,0.0,0.0,1.0,0.0,0.0
3YjN9ht2hZWP36QMTvUzVxgz1zWoYewaR3YsaFNKycYx,0.0,1.0,0.0,0.0,0.0,0.0,0.0,0.0,0.0
3YtAE4E3ashTef6poLXgPcKexWoensycvDmD7Hh1LwQC,0.0,1.0,0.0,0.0,0.0,0.0,0.0,0.0,0.0
3Z2V2f5D17fX6SdjmxXi5Wy9nEXLrFjtoMHJjhFtrhQt,0.0,0.0,0.0,0.0,0.0,0.0,1.0,0.0,0.0
3ZhuDzbpSVTkpH5NEfVVnKFtLhGZHHAy1pb5Ckke14RH,1.0,0.0,0.0,0.0,0.0,0.0,0.0,0.0,0.0
3aEoBZFwEPB6LeSixoWucBWXFpjRxTESi4vkssZHB6JU,0.0,0.0,0.0,0.0,0.0,1.0,0.0,0.0,0.0
3aargh47T3zV6HkWL4DPTChHeX88AoDozgbQT3Q4YTyq,0.0,1.0,0.0,0.0,0.0,0.0,0.0,0.0,0.0
3auXgkebDJkmC3Wu9mm6Yb33xrFbSQRNy1Wc6Ww2V1dd,0.0,1.0,0.0,0.0,0.0,0.0,0.0,0.0,0.0
3bDEy2uxv8YTJzifN85NikMKAxe3ZPVQA5JNSNa2rckv,0.0,0.0,1.0,0.0,0.0,0.0,0.0,0.0,0.0
3bNgqQw3YC62ARbAxKrWtFWwpz1fn4FHLStB2JbdGjSt,0.0,0.0,0.0,0.0,0.0,0.0,0.0,0.0,1.0
3bTaVzAjjq5f43HrLdDcHp2sVAeqbZCsuJXNfjNz9Qu1,0.0,0.0,0.0,1.0,0.0,0.0,0.0,0.0,0.0
3bhYcArreNWkGK7qjGx3P5tfVqaBmupyBWwQgyzgtJ7o,0.0,0.0,0.0,0.0,1.0,0.0,0.0,0.0,0.0
3bp65K6Ci39nhKkXG1eCuQFa3S6E6dfpMu6dZb1c7Hhs,0.0,0.0,0.0,0.0,0.0,0.0,1.0,0.0,0.0
3c44wf72kKUfvw83JLaGnt4DRYq3gS7sJ8cgJLgZEQrr,0.0,0.0,0.0,0.0,0.0,0.0,1.0,0.0,0.0
3cMu7SRjBeTveQQxKUcRsz9fkj7VE3fpWXRjGkUqJUJv,0.0,0.0,0.0,0.0,0.0,0.0,0.0,1.0,0.0
3cRERFDbfEvBxyjfKivjPFMfqzR15oWnUGi3UFc9837f,0.0,0.0,0.0,0.0,0.0,0.0,0.0,1.0,0.0
3cU898wVFzNtkzoixuhytA2igzcGs8UJzRYKWKkX1tKT,0.0,0.0,0.0,0.0,0.0,0.0,1.0,0.0,0.0
3cgANwB3Pks9JFJmFDLPmknNSCoTQQEYLz8nQwdGJ2Ci,0.0,0.0,0.0,0.0,0.0,0.0,0.0,0.0,1.0
3cprH4VCmFUCaBHLxYtUf5kAqeBAjAdTHJ3We95NkVt3,0.0,0.0,1.0,0.0,0.0,0.0,0.0,0.0,0.0
3cskLthhsGW9FULXeAfAGkBxjAwYkMtTidCtaUFBRwLe,0.0,1.0,0.0,0.0,0.0,0.0,0.0,0.0,0.0
3d6t5VvKAvpWukiAUrGzhDfNn9ZwsUqXzzySu2AawV2e,0.0,0.0,0.0,0.0,0.0,0.0,0.0,0.0,1.0
3dAz7ZPA9EMYzRgJHA1waibU8rRQK9h3a5aEcMh6ZrhR,0.0,0.0,0.0,1.0,0.0,0.0,0.0,0.0,0.0
3dGrbu11UqsaBL9QKpQNjLidHE7fZbcVigk3CmXqkbDY,0.0,0.0,0.0,0.0,0.0,0.0,0.0,1.0,0.0
3dRsBaVLWZrQSEAdre2vXfsr6XNxovbr5CXwLxZrMdsr,0.0,0.0,0.0,0.0,1.0,0.0,0.0,0.0,0.0
3dahgJa8xsRvqL4JKK5M5YdfiN7KDpGYsqTP6XUquXRz,0.0,0.0,0.0,0.0,1.0,0.0,0.0,0.0,0.0
3dsM5fnQvBAtZPkJvTifBqj4thCDLUMPUK8GW6dEsdtb,0.0,0.0,0.0,0.0,0.0,0.0,0.0,0.0,1.0
3e3pqRQrc3V9cxHoxNeJqonUUtCcHMBT3jhgUKGoRrek,0.0,0.0,0.0,0.0,0.0,0.0,0.0,0.0,1.0
3e84aRxKqPzP1zZbYEWDbRZtg2CCpXvqzEsWYNa2Zpjz,1.0,0.0,0.0,0.0,0.0,0.0,0.0,0.0,0.0
3eXHPadsDt3C8jsM2hDhhhDCGbtVZATvGdEHPmd9ggfy,0.0,0.0,0.0,0.0,0.0,0.0,1.0,0.0,0.0
3eYjPpqemikx9Aku648dfTX323NAq8WcB88wTEpGWq7H,0.0,0.0,0.0,0.0,0.0,0.0,0.0,1.0,0.0
3eqHYoqci3sG1VhgPceq2ECXtTVnGTtpfMSwDmkrJbNn,0.0,1.0,0.0,0.0,0.0,0.0,0.0,0.0,0.0
3esjwmS5L8x5cMUatEiWwXMa7NT35ANRsCDy1JAZhL8X,0.0,0.0,0.0,0.0,0.0,0.0,0.0,1.0,0.0
3etgXRnBzbrowwGsLFfpwN7LPcfeUNXLZSXpRKqHFfG9,1.0,0.0,0.0,0.0,0.0,0.0,0.0,0.0,0.0
3f5RJPda5JtoYK1m5qppsuEJyMNywSgrWxp83d3ZfiBJ,0.0,1.0,0.0,0.0,0.0,0.0,0.0,0.0,0.0
3fAZXzMmW9QzbCiWKWAwY1iYBkke7GCALfd7nEYK7qDt,0.0,0.0,0.0,0.0,0.0,0.0,1.0,0.0,0.0
3fGpu5E1nvUyEwEYh22DMJzwpbNzs9sN81v8K1hULoqK,0.0,0.0,0.0,0.0,1.0,0.0,0.0,0.0,0.0
3fLQVfLzsiTzXUryaPxw7sUMUwPZmQtjxjdwD8dJ2RTa,0.0,0.0,0.0,0.0,0.0,0.0,0.0,0.0,1.0
3fbbxdfHJZNbzy8SGxi5NH6hvuWsdpSmdGbqrv62mtct,0.0,0.0,0.0,0.0,1.0,0.0,0.0,0.0,0.0
3fui6zcL6UsjfGntnGspNjfFqifGLM4fmTuG82AwWjGU,0.0,0.0,0.0,1.0,0.0,0.0,0.0,0.0,0.0
3fyhLFcJPgtzvyJJyuCM9gF934dRzRhvX3eRWYkVsokM,0.0,0.0,0.0,0.0,0.0,0.0,1.0,0.0,0.0
3gC7vhxLAmKxcpRGKgszX3BTyi9x8jQjpVaCZruzmjgG,0.0,0.0,0.0,0.0,0.0,0.0,0.0,1.0,0.0
3gHk2TdDd69KheNFtqPNZYdduAKYcyETCke7KCbE6yNJ,0.0,0.0,0.0,0.0,0.0,0.0,0.0,1.0,0.0
3gJNtw5oD3RAuDhR1NnN9mgQNQQnJG4zsYcVRpL3DRGL,1.0,0.0,0.0,0.0,0.0,0.0,0.0,0.0,0.0
3gRbCjYT31mYFRgCkU5U42BwVL7mEcQXuv4wYu76qTbz,0.0,0.0,0.0,0.0,1.0,0.0,0.0,0.0,0.0
3gXgrAwkEqGx5JNk9PPtQpvhHqY1ce8tr5tS5PwNLXPP,1.0,0.0,0.0,0.0,0.0,0.0,0.0,0.0,0.0
3grUZE4mDemGUgnu3qEQQ9YD6aazevknKFUeT72vcjwU,0.0,0.0,0.0,0.0,0.0,0.0,0.0,0.0,1.0
3h1B6ReTkNVnxm3Bubegf9w41PbRrC5dqSooGXm9wQEU,0.0,0.0,0.0,0.0,0.0,0.0,1.0,0.0,0.0
3h1SxT755At4tj7nXfKqNaUgHgDkEqefu96gFZ2j7HMk,0.0,0.0,0.0,1.0,0.0,0.0,0.0,0.0,0.0
3h1aDHFsXBsXbuZsvX4qqEmhSFvQB3NWc4xmK5GtjKWu,0.0,1.0,0.0,0.0,0.0,0.0,0.0,0.0,0.0
3h3QzVqu2iwa7xMc5JFMDoGmh2w7wKpshP7JGbUapXiZ,0.0,1.0,0.0,0.0,0.0,0.0,0.0,0.0,0.0
3hD8JdXWQgqAaf8xZkR97SoBVT7CMyqtuqKVd5She8Qn,0.0,0.0,0.0,0.0,0.0,0.0,1.0,0.0,0.0
3hHBckikvxCiDAXxGHipc5AGLfYLxNNTKCQRT2K3CheK,0.0,0.0,0.0,0.0,1.0,0.0,0.0,0.0,0.0
3hPKTP7xGNVzy5t1ViK33rQ9A9T4ZK9qUTpMhJ8ZYJ3i,0.0,0.0,0.0,0.0,0.0,0.0,0.0,0.0,1.0
3hW53CF1afnn7zSEtmu9pdMUZrcs5YjxvYsBAybTs5Ur,0.0,1.0,0.0,0.0,0.0,0.0,0.0,0.0,0.0
3hhfA6hmmjLmtac7vxX7LpcKFQxWwY7LpAU3yBL9HNrU,0.0,0.0,0.0,0.0,0.0,0.0,1.0,0.0,0.0
3hpcTc4B2nfD5qXVPdhyDbyiyJMjs4g8Z2ppX9D3Yyn2,0.0,1.0,0.0,0.0,0.0,0.0,0.0,0.0,0.0
3iLEt8aXj4gYBxdsS3rw9cjvJ1vEgFHuXrUZupsCsRFM,0.0,0.0,1.0,0.0,0.0,0.0,0.0,0.0,0.0
3iRedv9mNF2zNRTj4xdJijhiesJT2NoqjmDgRisK2xLS,0.0,0.0,0.0,0.0,0.0,0.0,0.0,1.0,0.0
3iYJRexjdovP1mgg8u1Q1L9rbVMqiBbvd6SdthZVsnmy,0.0,1.0,0.0,0.0,0.0,0.0,0.0,0.0,0.0
3idWyzKzwebacjZLSCyKhbk7mzGd7a8VPAifCYuviwys,0.0,0.0,0.0,0.0,0.0,0.0,0.0,0.0,1.0
3iuVjWu3LBG37FBkyXiAnZagdFwLo78TDK6Awgrjjjro,0.0,0.0,0.0,0.0,0.0,0.0,0.0,0.0,1.0
3ixCgdnKCX6ebBKz37ohczd1v9WaKNArJcWnPq4dEzDx,0.0,0.0,1.0,0.0,0.0,0.0,0.0,0.0,0.0
3j3qXUj6p79MQhKYz3kvJTfHmc9AhWdhHwTAWvydPUtW,1.0,0.0,0.0,0.0,0.0,0.0,0.0,0.0,0.0
3j6cAyfKcuk6AGRwdcKcPG8UN2pQaoXSe8hPJK722m8v,0.0,0.0,0.0,0.0,0.0,0.0,1.0,0.0,0.0
3j7CzmafrvjoTD22LCiV784X2obdCjxcMF39a5EmGjUe,0.0,0.0,0.0,0.0,0.0,0.0,0.0,1.0,0.0
3jJDhv7S2Nu4p4xojCf8rVgHmiDV4A18TbG9gsQyW2mu,0.0,0.0,0.0,0.0,0.0,0.0,1.0,0.0,0.0
3jNyngMwub2FsZTSUZqUdpod17S5Dc8m3CF6xSLM5YBq,0.0,0.0,0.0,1.0,0.0,0.0,0.0,0.0,0.0
3jQgQWHxK4vdjBLP5QS3JmReMbcW42zcAePYNmhG8VtG,0.0,1.0,0.0,0.0,0.0,0.0,0.0,0.0,0.0
3jX2WSiuw6tkWuFwxhr38z1ma9At73J88aQj9X6Us7kx,0.0,0.0,1.0,0.0,0.0,0.0,0.0,0.0,0.0
3jcT3S1k4R9K6ScPmEgr7HTAgGrdJDjMbKNxp7s5oMRv,0.0,0.0,0.0,0.0,0.0,0.0,1.0,0.0,0.0
3k1vPmepfusppKwaGMR96NmXepP9AmSnHLSEzHPLeeGa,0.0,0.0,0.0,0.0,0.0,0.0,1.0,0.0,0.0
3k9yC4qaZGnAX65a8YFPa3LYedH35ifVJx841sKS8o5v,1.0,0.0,0.0,0.0,0.0,0.0,0.0,0.0,0.0
3kP5bXEsBGQgy97JC4A52SQGASTbuvsuNwXYQ8PPoAGG,0.0,0.0,0.0,0.0,0.0,0.0,0.0,0.0,1.0
3kQxYeqcszeBq8e3HRo52MSZZp4w2FiNVQmydUoyuj4q,0.0,0.0,1.0,0.0,0.0,0.0,0.0,0.0,0.0
3kaskGCR1hucFFHUHc8XCHuN1Kzs9LBnYe6JfaWuMG1e,1.0,0.0,0.0,0.0,0.0,0.0,0.0,0.0,0.0
3kay5E8UBpnvgfqUPdUtzXerBrLeziLNCq7EtS9haRaX,0.0,0.0,0.0,0.0,0.0,0.0,1.0,0.0,0.0
3krwBAh77UkWkoQemCdSNDYbvV6CtywRdtn3qJevHc9R,0.0,0.0,0.0,0.0,0.0,0.0,0.0,0.0,1.0
3kuH2ak9fGc4dgVFqaSqP4WWeir8x9CBVKu23WKopiTT,0.0,1.0,0.0,0.0,0.0,0.0,0.0,0.0,0.0
3m4iieDE3GjMTkLNYoWmLyxsd7HXjfrDHhUsDuedx2Rj,0.0,0.0,0.0,1.0,0.0,0.0,0.0,0.0,0.0
3mQmKRVa5upCZrPmS4rvA7vbsFkVptThwZqjfyy87mA1,0.0,0.0,0.0,0.0,0.0,0.0,0.0,1.0,0.0
3mg9FibmFXKvhAuXQN4Q2XyX6ZjMLXWEMYJ13NH2ZNep,0.0,0.0,0.0,0.0,0.0,0.0,0.0,0.0,1.0
3mosCbSBHv4JuZ6zjDkKxkuUbnzAJZSvUoEf6kkd7L6X,0.0,1.0,0.0,0.0,0.0,0.0,0.0,0.0,0.0
3mpbsXKZaymRQPUjgMrrbqK8H9W1K82DDHSvCeHv819P,0.0,0.0,0.0,0.0,0.0,0.0,1.0,0.0,0.0
3ms8HfeXPHAGHSemdTmWxonwJSDVd5iZHp1cPB6CQ59d,0.0,0.0,0.0,0.0,0.0,0.0,0.0,0.0,1.0
3nBcZsrZxRyijXsrQVKFfC3RF4rtS8dMhdHY4NWyJZVx,0.0,0.0,1.0,0.0,0.0,0.0,0.0,0.0,0.0
3nDU8CfxKfbniC3PLQh6SQXYQ3S5Aktwhfu7EczCHzJS,0.0,0.0,1.0,0.0,0.0,0.0,0.0,0.0,0.0
3nDW1Ue7GCFGiSJWpWQoMUHa5PXFF8cxXTTdnGdtjk8U,0.0,0.0,0.0,0.0,0.0,0.0,1.0,0.0,0.0
3nGPhXiCEQ2YCybHufsvWsxVm4Bt8dYWeHP7AZdwLWV7,0.0,0.0,0.0,1.0,0.0,0.0,0.0,0.0,0.0
3nLoxEjMwfNySY76ifCYryBCkfgKGmMXSfPTRKcXTPfZ,0.0,0.0,0.0,1.0,0.0,0.0,0.0,0.0,0.0
3nbLFAFrvLTyXe3R8kjHYnN2F4vBBSvk6Nsh4EutZRij,0.0,0.0,0.0,0.0,0.0,0.0,1.0,0.0,0.0
3nj6DtKAYLBun3vbWefYnhJXA4YZNgtS81PUcHPSLE4G,0.0,0.0,0.0,1.0,0.0,0.0,0.0,0.0,0.0
3npzShga821JDESVTaPaWBAgNewcFP1GNak7KZxPBETV,0.0,0.0,0.0,0.0,0.0,0.0,0.0,1.0,0.0
3orUhNtqTLYJPHHTHgHTCgdnH4kDBwxm1cdRXDABM9sD,0.0,0.0,0.0,0.0,0.0,0.0,0.0,0.0,1.0
3ow2PkQvQCjbSV2fjeZScMpgbfLchRruuK5b6HM78cBk,0.0,1.0,0.0,0.0,0.0,0.0,0.0,0.0,0.0
3p8wSN93Z5QeyHs5KHC66VY2jQXQfhipS9DsuJoDV7TJ,0.0,0.0,0.0,0.0,0.0,0.0,0.0,0.0,1.0
3pAdLoPHWJ4b8Ht4FhonHE8TXhNz1LT4xDYVhiTjHhP5,0.0,0.0,1.0,0.0,0.0,0.0,0.0,0.0,0.0
3pJgjuBvh8Kq5i5hqvkNTQU9xpnJJK2T464EgigztqpB,0.0,0.0,0.0,0.0,0.0,0.0,0.0,1.0,0.0
3pMvTLUA9NzZQd4gi725p89mvND1wRNQM3C8XEv1hTdA,0.0,0.0,0.0,0.0,0.0,0.0,1.0,0.0,0.0
3pV5Grte41PhfddobTjTtjMVeQiLwfhv4jeMasoPK5cF,0.0,0.0,0.0,1.0,0.0,0.0,0.0,0.0,0.0
3pYLzv1YPdLzZ3zzBiZKxzPkH9D3R6Cg172XofjMjEco,0.0,0.0,0.0,0.0,0.0,0.0,1.0,0.0,0.0
3pdstZrxrBd3m1MnGTm6MA3q4n8U8dv9VJZtQ83XdbNB,1.0,0.0,0.0,0.0,0.0,0.0,0.0,0.0,0.0
3q4gppPkyUBuUpxmKRvdjuqV8j3nux2p2b57FD9JpzV4,0.0,0.0,0.0,0.0,0.0,0.0,1.0,0.0,0.0
3qCvBYK8cNUE9nejurCfsxL4FqWs5m2LQNesdsZdKPyE,0.0,0.0,0.0,0.0,0.0,0.0,1.0,0.0,0.0
3qENoJv5zD2asYdo19y8uWSq9LFha9Sc5RYJpLnZqWPA,0.0,0.0,0.0,1.0,0.0,0.0,0.0,0.0,0.0
3qaLxSNx8nojSypcS4oLAjWC6cLuHCU8UmydLwi57Ld2,0.0,0.0,0.0,0.0,0.0,0.0,1.0,0.0,0.0
3qy2RyMuMzctbfbPs8ZBNEqXkT9BkW33SiCoHaBHDWzK,0.0,0.0,0.0,0.0,0.0,0.0,0.0,1.0,0.0
3r5MvF8KrhY793DgwgjCZgqMo9WK3NsmgsRi6jXneLQz,0.0,0.0,0.0,0.0,1.0,0.0,0.0,0.0,0.0
3rKKovWcn8G2c8vYk5zWNmdWsC9EGoGciQV6Ucs6zYjc,0.0,0.0,0.0,0.0,0.0,0.0,0.0,1.0,0.0
3rajmxe5r7inzjBgaG7yrTcMz7L4xN7Mh5gFCqnSJGKf,0.0,0.0,0.0,0.0,0.0,0.0,0.0,0.0,1.0
3rifrbSvsd2YMydAD9sg4yuGsPPVrW8KZLVnFg64tQNr,0.0,0.0,1.0,0.0,0.0,0.0,0.0,1.0,0.0
3sd9N984PMwosjgX86VKuZzc71e4sAGmnY4Zs4XTGmBm,0.0,0.0,0.0,1.0,0.0,0.0,0.0,0.0,0.0
3sspSza6TMg2xvPAvvCWXydz8vgpGwpw9Ys2K1tXN5JF,1.0,0.0,0.0,0.0,0.0,0.0,0.0,0.0,0.0
3t2mZG8YmEbvoYXPRC8g5Frrz6gJ2nJxgk4f1fby9bjc,0.0,0.0,0.0,0.0,1.0,0.0,0.0,0.0,0.0
3t58g13SEeLxTmqcaXZMS6RpNr7Jig9Lkdd9bWAPZo4v,0.0,0.0,0.0,0.0,1.0,0.0,0.0,0.0,0.0
3tTi5f5xxZKMXo2SobApbHiJgsg96vBvpeuzPFRoyYdn,0.0,0.0,0.0,0.0,1.0,0.0,0.0,0.0,0.0
3tTrA9i7e3EHjLfv5WiodgaUtMGVk33oRoGe9maS64F4,0.0,1.0,0.0,0.0,0.0,0.0,0.0,0.0,0.0
3toi81KkoMQCqW39RQ9A5N8QWidYQYubXhRmC6oYKR5Z,1.0,0.0,0.0,0.0,0.0,0.0,0.0,0.0,0.0
3txACwngmFU1gyED2JRCKY4aJ9XspzNBLj4opfa5fKFF,0.0,0.0,0.0,0.0,0.0,0.0,0.0,1.0,0.0
3uEj5Xd8D894x19dLF11QezprrmuMrTpAghH8ejZUqNV,0.0,0.0,0.0,0.0,1.0,0.0,0.0,0.0,0.0
3uQ6akxd2v7axHwtqLk3bBWM8osNHfsdGmkw2xwqFovW,0.0,1.0,0.0,0.0,0.0,0.0,0.0,0.0,0.0
3uZbLCuwQ4dWqX5G6cUwBxyF41xL58CdAENRZJefn9Hh,0.0,0.0,0.0,0.0,0.0,0.0,1.0,0.0,0.0
3uytk7UPChyPvPD6XykjEAW7dmciA1ktpDy5PSnbJr6q,0.0,0.0,0.0,0.0,1.0,0.0,0.0,0.0,0.0
3vJz9vEcAZrZ9SFf4ECT1ttL1GFGaX766nFxfyKeDFzu,0.0,0.0,0.0,0.0,0.0,0.0,0.0,1.0,0.0
3vhqPzfugsCKunE8AKKkhdDrxa3dcJrxcbRi8PqWLpC6,0.0,0.0,0.0,0.0,0.0,0.0,0.0,1.0,0.0
3vzqDj32XVB4MWDD4YnJmZrDUVx5gwD4u1ADAQkkEEGZ,0.0,0.0,0.0,1.0,0.0,0.0,0.0,0.0,0.0
3w5vGKqpzmatDDpQLKiuc85UvNWv9QHbsd1VwYcu2hiv,0.0,0.0,1.0,0.0,0.0,0.0,0.0,0.0,0.0
3wDbhsnafdcM4YRbdoDNLRZA7djsd82DrwS5HyuW33hL,1.0,0.0,0.0,0.0,0.0,0.0,0.0,0.0,0.0
3wVJETkU3E9bwrryaampn3oQxLQCTdauJEkZA3NaaXya,0.0,1.0,0.0,0.0,0.0,0.0,0.0,0.0,0.0
3whBz9aDixfD7My7MnYXL9z5pDkFF2M4Ud8AQEC3XmfM,0.0,0.0,0.0,0.0,0.0,0.0,1.0,0.0,0.0
3xCbwCz1xkUbdWiPnaX1g2HZfDQshAmFnhwPZqjtSAuT,0.0,0.0,0.0,0.0,0.0,0.0,0.0,1.0,0.0
3xHA9nkVVjhWjthh3Qnjdoi6zG1eQMUDoWk4rpx8CgUX,0.0,0.0,0.0,1.0,0.0,0.0,0.0,0.0,0.0
3xhp7QEg9MkmeW6Zo2Rg324k9hBZpphhr84QgnJ5Kmid,0.0,0.0,0.0,0.0,0.0,0.0,1.0,0.0,0.0
3xoTWuB1MkXNBhLxqQH2TBrVtcsVFuk6vDJMfGrgCC8z,0.0,1.0,0.0,0.0,0.0,0.0,0.0,0.0,0.0
3y291hM1W5cNXtVdW5znuzANXtDSspdjeVirBkZfB94M,0.0,0.0,0.0,0.0,0.0,0.0,0.0,1.0,0.0
3y2ALZfmMRBo1aiHbiJzTNQxpZo9v9E4NwS17hBhJiCN,0.0,0.0,0.0,1.0,0.0,0.0,0.0,0.0,0.0
3y5Wzjx5ycE2zLGirX7Z3yyJzSdhj1dps7W2JnvZtfGU,0.0,0.0,1.0,0.0,0.0,0.0,0.0,0.0,0.0
3yFNwJK4HCne4nYwrGX3tr55McLMQU48kzUHbk2ovrTG,0.0,0.0,0.0,0.0,0.0,0.0,0.0,1.0,0.0
3yFZiuv2ejVPC3F624JtNb3PyQHyJNj4SdtaQGFWX7vA,0.0,0.0,0.0,0.0,0.0,0.0,0.0,1.0,0.0
3yMutjjm5JMeoDvpKp2D5JVJZP8N1yPpJD7Sg3P3QyDM,1.0,0.0,0.0,0.0,0.0,0.0,0.0,0.0,0.0
3ycn5R52pAKvbwM1t4QBJZwUddjS65jPKZew2UT6ERHE,0.0,0.0,0.0,0.0,0.0,0.0,0.0,0.0,1.0
3ypArNcQ45GadY7bKLBSoGTqkCyFR38hJbhquPmFHcYK,1.0,0.0,0.0,0.0,0.0,0.0,0.0,0.0,0.0
3ytUcDyt1rt8vvvkWZeqmzcgtVqhqVVcn8v1dG4fCoyH,0.0,1.0,0.0,0.0,0.0,0.0,0.0,0.0,0.0
3yxNYNd59mG6QrG9ZGmR7uffPbPFEm3KXAFu1oxh2UCb,0.0,0.0,0.0,0.0,0.0,0.0,1.0,0.0,0.0
3yxxm6f4kuAwRanE5qvFccHN29Y3cPmtfJZG9qpeeKfx,0.0,0.0,0.0,0.0,0.0,0.0,0.0,1.0,0.0
3yz2GrjeCQhcRAdL2UnLBeeDWxHPoFUnwbmgCeaWucp8,0.0,0.0,0.0,0.0,0.0,0.0,0.0,1.0,0.0
3yz7Ag412gwSce65wVcoABaKC1bGSavvMjsVCumZZFHG,0.0,0.0,0.0,0.0,0.0,0.0,0.0,0.0,1.0
3z9Kt5FQJpWohTCDN3DCf2NExCLv1ghxXyboX32NPoLz,0.0,1.0,0.0,0.0,0.0,0.0,0.0,0.0,0.0
3zmFrQEr798iaPaxmpzto6YQQEPYTAQjXykSUN9kQSNV,0.0,0.0,0.0,0.0,0.0,0.0,0.0,1.0,0.0
3zwCTuWk4QPUnCWdLqjbt3pdtxqcyQMPqyAZJyWpD3bz,0.0,1.0,0.0,0.0,0.0,0.0,0.0,0.0,0.0
41657U7z5KvewgUMPSHA4DRm3xWkWuTqpRVSLzhG993n,1.0,0.0,0.0,0.0,0.0,0.0,0.0,0.0,0.0
41cDFH41DCgcQ25imZDgV7S5nwzZdbinG35Qcg9AkHTy,0.0,1.0,0.0,0.0,0.0,0.0,0.0,0.0,0.0
42288UuCeRcW5T2tnPZPwyfXaugRaBLnLK28y139yoTY,0.0,0.0,0.0,0.0,0.0,0.0,1.0,0.0,0.0
42X1Csem2HZzdnnjMz2Ju7djXabBjJBkLwhiVGopwLGp,0.0,1.0,0.0,0.0,0.0,0.0,0.0,0.0,0.0
42igekvSs2Awo3E2Yfc36sVBappta7SxqodqPdxrV8rq,0.0,1.0,0.0,0.0,0.0,0.0,0.0,0.0,0.0
42w8RXz34jsAMgQdSALAz8SWwJHvEcjUuHJkELJqFqTs,0.0,1.0,0.0,0.0,0.0,0.0,0.0,0.0,0.0
437VxBF2RXB5CTezmgu9UUJ9e8edwbYFWCSiCxN2kriG,0.0,0.0,0.0,0.0,0.0,1.0,0.0,0.0,0.0
439acDbxpDK1fUSnhyJzgDxXNmqxQMqPZotq2fvCyszn,0.0,1.0,0.0,0.0,0.0,0.0,0.0,0.0,0.0
43CkDKm8CTHb4hNNMyN1MHcPsBLtsvqxvpwxkjRxb7xa,0.0,1.0,0.0,0.0,0.0,0.0,0.0,0.0,0.0
43FBys5o2gc74PMRT6XiMCdjBu57MwFzGEf1NjSJ5SJB,0.0,0.0,0.0,0.0,1.0,0.0,0.0,0.0,0.0
43MQJhqnwhNiTdH4moPg2AAnLbV9iqYyJQdrvvKVeDog,0.0,0.0,0.0,0.0,0.0,0.0,0.0,1.0,0.0
43cLZD1NJyXaamgwB6WYXUoZ786cg5qxubXV9wBvHY5u,0.0,0.0,0.0,0.0,0.0,0.0,1.0,0.0,0.0
44585zKwC2FK2LTZDY8TXG92bzAyfLbuMcbrEkwZgZJn,0.0,1.0,0.0,0.0,0.0,0.0,0.0,0.0,0.0
44Lg18GTnTHYvq7ynGz1Mh6oxxK8NsmrU5AcstcA55mt,0.0,0.0,0.0,0.0,1.0,0.0,0.0,0.0,0.0
44VWwAtdjYwFTXFH8e6HLvn1S76ND9J25MpkEGQB8FwY,0.0,0.0,1.0,0.0,0.0,0.0,0.0,0.0,0.0
458WkyuKih4wVswo8C6MeyLRH1TBJ2F5o2ayGgCyt8Tk,0.0,0.0,1.0,0.0,0.0,0.0,0.0,0.0,0.0
45RZ8fbUF4uiVCf4Mp7g2Lk4DSeBUPr1NVhkqr8qx5Di,0.0,0.0,0.0,0.0,1.0,0.0,0.0,0.0,0.0
45Utoztg7rWyNtNYjECmXeELfWm3LkReJGZ3iGpz3wko,1.0,0.0,0.0,0.0,0.0,0.0,0.0,0.0,0.0
45erAvFP98A1v1idgnGZhbSpupmmpbCAhi18NVyLi7RX,0.0,0.0,0.0,0.0,0.0,0.0,0.0,0.0,1.0
45u96eWPUDNmjSpVGULnstGS3AJD8Z1aeSYT6aefHDEL,0.0,0.0,0.0,0.0,1.0,0.0,0.0,0.0,0.0
45uQrpG5Mfz7J7NDsVVWbc4WYCkeeYC2iCdudGAxg5mW,0.0,0.0,0.0,0.0,0.0,0.0,0.0,0.0,1.0
46FiaXrDWpn2eRfqCvzcQrwE3cVcErr6qBJkNmwCtuZn,0.0,0.0,0.0,0.0,1.0,0.0,0.0,0.0,0.0
46MsTaywahumd7FS73o7kg26iiDJmbf8MhnqKH2vkpBE,0.0,0.0,0.0,0.0,0.0,0.0,1.0,0.0,0.0
46UgcDGSb6NxfJisWDr7LpZVRyETDj7vYdLxzGv26Q9d,0.0,0.0,0.0,0.0,0.0,0.0,1.0,0.0,0.0
46VuZACh5NU7Fhoc49HuRmz9S8YMFqQurY9GPX5LQV8r,0.0,0.0,0.0,0.0,0.0,0.0,0.0,0.0,1.0
46XtjWAEbq758ssR3V2xomQghHEy6YLG16DpauJWy3iK,0.0,1.0,0.0,0.0,0.0,0.0,0.0,0.0,0.0
46jxeEFzS6rWqJLHnRdKvboYfYMq8MEMDUDo3z3hrHZf,0.0,0.0,0.0,0.0,0.0,0.0,0.0,0.0,1.0
46pxjKjJvi1obWMiHwa6Zy1ukcuFJAyoahdBzcrinoz5,0.0,0.0,1.0,0.0,0.0,0.0,0.0,0.0,0.0
46uCkASt6gb7ShMKUzgYfyTzJJymxvjddi5ZTskH583a,0.0,1.0,0.0,0.0,0.0,0.0,0.0,0.0,0.0
46uaeWRjEwvnVnnryzUkdcvZPZm1Tb1HEhZyQGC3Mhq4,0.0,0.0,1.0,0.0,0.0,0.0,0.0,0.0,0.0
472ARXag3jxjmoxqcws2SGMuKuQQ8XTDY1e19GAwngGF,0.0,0.0,0.0,0.0,0.0,0.0,0.0,1.0,0.0
47M6tnNSPpQGMJPjafvCb8jbjEcqRhbGHkTCPSYMhJ4w,0.0,0.0,1.0,0.0,0.0,0.0,0.0,0.0,0.0
47XfH8X2e7pPY8t97CDsk3veoaG7u47LNCFmnAwaJre3,0.0,0.0,1.0,0.0,0.0,0.0,0.0,0.0,0.0
47ZAWHwQMkyFxFWNFNxmdNEnh1TA8dTS2QZjjKoDGfco,0.0,0.0,1.0,0.0,0.0,0.0,0.0,0.0,0.0
47s4dB5E6wXJjoK48JtXcJXB699pn4fcbBW3QsHZnydT,0.0,0.0,0.0,0.0,0.0,0.0,0.0,0.0,1.0
47um6NJAzHPMWnEcXcwG12LKXkkro2uYgvxGXYa36yfR,0.0,0.0,0.0,0.0,0.0,0.0,0.0,1.0,0.0
481gJFc8Ajwjr4kgsoBUv63S7o27FMozfh4NNCGqTFi8,0.0,0.0,0.0,0.0,0.0,0.0,0.0,1.0,0.0
4885EjKepG7uYisD5NopgnouD3S3rGiLeyTQ59gWNMXx,0.0,0.0,0.0,0.0,0.0,0.0,1.0,0.0,0.0
48PH2PaYMUj57XFeva14pyAoiq3RVzicrk82JjthGdiP,0.0,0.0,1.0,0.0,0.0,0.0,0.0,0.0,0.0
48Zd4wGhkKLukRNh5Bjqm7q9ctnGFFZv6cDmY1zC2XvG,0.0,0.0,1.0,0.0,0.0,0.0,0.0,0.0,0.0
49hBf2MzYuhvQns1MDSaZXro3kyEByHfAmgRs4wRk7qR,0.0,0.0,0.0,0.0,0.0,0.0,0.0,1.0,0.0
49p8FtRj58wwERHvk3216hVUqUZKPJCDVnvyJPPWSwqc,0.0,0.0,0.0,0.0,0.0,1.0,0.0,0.0,0.0
49zPjjo5c43Ytu88soP5e69TaHoKbTra4o79m4sotdp3,0.0,1.0,0.0,0.0,0.0,0.0,0.0,0.0,0.0
4A9Nu2pNtjMzE5reTVmrRGiZ1Gw5Hu63CwqH5XhQ1dHQ,0.0,0.0,0.0,0.0,0.0,0.0,0.0,1.0,0.0
4AVnYQFPxW6hxWowmTqGtgp13xRrjFX4q9wdhjCKrvJn,0.0,1.0,0.0,0.0,0.0,0.0,0.0,0.0,0.0
4Abgbsqcs3z1bQNQYPrA6EMmfHEmfNV71YZqNi452i2o,0.0,0.0,0.0,0.0,0.0,0.0,1.0,0.0,0.0
4BJ8awFR3ufmatFteG7v8xBRBtnBGLYSd1sUJnHv7u4T,0.0,0.0,0.0,0.0,0.0,0.0,0.0,1.0,0.0
4BNMaUdBjUB54SKCTjBEoiEjcF3nGP5pqj3KXV4VEnCu,1.0,0.0,0.0,0.0,0.0,0.0,0.0,0.0,0.0
4BZKHVpqyMGxuoi2ohEYaNo1SP969CGtDWrx5h2w3wjP,0.0,1.0,0.0,0.0,0.0,0.0,0.0,0.0,0.0
4BqdRNZELJp1cXrqHKkatpy6EGTJHu7wNCZ2qw1kJDuT,0.0,0.0,0.0,0.0,0.0,0.0,1.0,0.0,0.0
4CJi6Cs7cH583FwK5Gk7rmGY2n5cmGqxKfnqAWptH8ZW,0.0,0.0,0.0,0.0,0.0,0.0,0.0,1.0,0.0
4CVB4qnKqZfMe1z2zrhzMAZhkVN2JsjjcaeA39DQc7LU,0.0,0.0,0.0,0.0,1.0,0.0,0.0,0.0,0.0
4CVBL9KSbtym2eXTeeUAwtBKQAeriPpR72XNEpQLTsZ1,0.0,1.0,0.0,0.0,0.0,0.0,0.0,0.0,0.0
4CYMtobinZjm2J3zRZCBH1DuTK5n9PJ7s35d8VGptcMr,0.0,0.0,0.0,0.0,1.0,0.0,0.0,0.0,0.0
4Ck8m7CqR5ovX7RSK9wt22Fsw7R9pXU5HSDGuH8eQKCX,0.0,0.0,1.0,0.0,0.0,0.0,0.0,0.0,0.0
4DBjnJ4VS6vt4jmowQf6KBdWjs5Ar7wkq9RRL9erD7D7,0.0,0.0,0.0,1.0,0.0,0.0,0.0,0.0,0.0
4DCLDqq7Wgqvt7kemx6WCh2bTtFQWzZ8tVg9CNvjaWzo,0.0,0.0,1.0,0.0,0.0,0.0,0.0,0.0,0.0
4DNoCh6h4CC5PsjuFjnLua2TmKFN9K5ymavnFG2EWhVV,0.0,1.0,0.0,0.0,0.0,0.0,0.0,0.0,0.0
4DbwNshT6FQhmd1G1XBs1mPnhqbyjM1zmRB55jPQQJdF,0.0,0.0,0.0,0.0,0.0,0.0,0.0,1.0,0.0
4Dc25xEVGcLz6QTC9n8vEHeH77CJgYZfJBEwJ1fDyDoe,0.0,0.0,1.0,0.0,0.0,0.0,0.0,0.0,0.0
4DxubcszAgjpruMjgkEGC17E1WhMzN24BgWy67eXGDi8,1.0,0.0,0.0,0.0,0.0,0.0,0.0,0.0,0.0
4EHD5DMwsoXhGkP2tr43CWkVAXmjMDcWkpyaytgWrfpa,0.0,0.0,0.0,0.0,0.0,0.0,0.0,0.0,1.0
4Et63TnXzEJEvD5xix1rrFwhYXXUgXVgKgEuRWARPNjX,0.0,0.0,1.0,0.0,0.0,0.0,0.0,0.0,0.0
4F3UDwVjb76QxAK4yi7eLSK5NMey6Du6EGWECmHaRECf,0.0,0.0,0.0,0.0,0.0,0.0,1.0,0.0,0.0
4F9cpZo6FCL3e2SvRAyGG5CT8mXV9QXtgwEcTDZc2wgU,0.0,0.0,0.0,0.0,0.0,0.0,1.0,0.0,0.0
4FBpA1RTpsfXkhNHb9ZyhreepqFtAsFG4mn7BwgUWSwg,0.0,0.0,0.0,0.0,0.0,0.0,0.0,0.0,1.0
4FGQiPs6AqjQ5sC5kfo7PKtKPkfQenfkzyZhqmCVwnUN,0.0,0.0,1.0,0.0,0.0,0.0,0.0,0.0,0.0
4FMkDiP4ShkFjZSttQoKCwhhUC2YSb2vPbKLCReQq38s,0.0,0.0,0.0,1.0,0.0,0.0,0.0,0.0,0.0
4FjQtbYxF3q1EML4J1okMzpbw52vvkBAHrnGGJWwKs1y,0.0,0.0,0.0,0.0,0.0,0.0,1.0,0.0,0.0
4FpbTqy2ebe3RQitNqXV6vyRUTYE2wfVUNYYPrT4jRrp,0.0,0.0,0.0,0.0,0.0,0.0,1.0,0.0,0.0
4GECRE2bm45JxvhaiJYDBYfjb9byq31ahj5CwhMQGq3H,0.0,0.0,0.0,0.0,0.0,1.0,0.0,0.0,0.0
4GGh6t5hagvd4RbWgVgQa1tr9hsAnVp6kZPCVYoUY8Dq,0.0,0.0,0.0,1.0,0.0,0.0,0.0,0.0,0.0
4GMpLnqVN2q863o8DSncWASeSReZhwHjqy2suQwBGF6m,0.0,0.0,1.0,0.0,0.0,0.0,0.0,0.0,0.0
4GPpF8eJJmDfqU4eZdhGTTdNmPiFbEuH1GAny5ygHRwK,0.0,0.0,0.0,0.0,0.0,0.0,0.0,1.0,0.0
4Gbpa63rmTRo3KpqncAdJoDp2U6U1zmyHrJwHTs6YrsR,0.0,0.0,0.0,0.0,0.0,0.0,0.0,1.0,0.0
4HLRfTmVbbNGcDwpxeQSjtAkeK1WHiJnCpS7mZrydDqa,0.0,0.0,1.0,0.0,0.0,0.0,0.0,0.0,0.0
4Ha5tF5rvsuvyumQDJ9W9Vet7NTR8cCecxNRwsnYd3sZ,0.0,0.0,0.0,0.0,0.0,0.0,0.0,0.0,1.0
4HcYNsY9UsHrWkzBGi5mPjYjBD7xoW5KrUFZbbvjkX8j,0.0,0.0,0.0,0.0,0.0,0.0,0.0,0.0,1.0
4HhjMFz8R5uzovXPUHP9m2gsyoJk3qjq4PnoAo9E5gYq,1.0,0.0,0.0,0.0,0.0,0.0,0.0,0.0,0.0
4HiJto42s1rWMbmh7qgiuECh8wxdNw9MJVHHXEz44RUa,0.0,1.0,0.0,0.0,0.0,0.0,0.0,0.0,0.0
4HoSdqoamXkDtcBnEm1JQ8FKnorLBGUpMa2RJVnz7sLE,0.0,0.0,0.0,0.0,0.0,0.0,1.0,0.0,0.0
4HpSW5bcT9fT9jPtk9KgFfJLZZZ3jyAZ2x1jBS9R9HAX,0.0,0.0,0.0,0.0,0.0,0.0,1.0,0.0,0.0
4JC7kA8wp7WmZZcwKEzapSecPUsZzYkhL9kkeet5bnSG,0.0,0.0,0.0,0.0,0.0,0.0,0.0,0.0,1.0
4JF2XZHwApKco5MUVXy4imQ2qBoSwWY9CbA8a7ShnCxp,0.0,1.0,0.0,0.0,0.0,0.0,0.0,0.0,0.0
4JLizJmsFVkh6TY3j1gsFmtwQdAYstDzAhBsj5V3jwVX,0.0,0.0,0.0,0.0,0.0,0.0,1.0,0.0,0.0
4JjRD3FoFyo8XwJnqvCfvNfbZGyR45zHnKtPGsMMLcaC,0.0,1.0,0.0,0.0,0.0,0.0,0.0,0.0,0.0
4JuRBGQHVBgNECy1msYwKBngpcn1BkXbvngLyM9Hc5y7,0.0,0.0,0.0,0.0,0.0,0.0,0.0,0.0,1.0
4K6BZBUQmRpcm5SBVNA9N1pmNxmhBQ5UfWnBxoZVnZsf,0.0,0.0,0.0,0.0,0.0,0.0,1.0,0.0,0.0
4KTFW8dN9c3B6vUQCkHjv3xGNmE7Tt5onC1b7UrTRMaH,0.0,1.0,0.0,0.0,0.0,0.0,0.0,0.0,0.0
4KTLweSQYXVBbvVsW4SuvcRHVhYFwz1B1DY6dJtinmn8,0.0,0.0,0.0,0.0,0.0,0.0,0.0,0.0,1.0
4Kii8tiHkxQdGHkcLDZF2Md2Cp6gSFV4nqQbMJ6562Wr,0.0,0.0,0.0,0.0,0.0,0.0,1.0,0.0,0.0
4KkLWpQLTHoqe4Rbd2ynWUAqnYADJfpb8GE3BTG6MyEe,0.0,0.0,0.0,0.0,0.0,0.0,1.0,0.0,0.0
4Kz3vM6RJSTXVzKFyMNurhWK1DJCeHKmrSAXz8nLCLrh,1.0,0.0,0.0,0.0,0.0,0.0,0.0,0.0,0.0
4L2nrAYsBywa8Enw1KC59Xgw1wRNbMg6No4pn4RdeMAL,0.0,0.0,0.0,0.0,0.0,0.0,1.0,0.0,0.0
4L54z11F4LGC1WxaG7AF4Ba3EXkNbehuzej14RAh4gpZ,0.0,0.0,0.0,1.0,0.0,0.0,0.0,0.0,0.0
4LCFK9Euy6Kq3K9ZEjkh8metX8jCpgAMJwZKGF6asJWc,0.0,0.0,0.0,0.0,0.0,0.0,1.0,0.0,0.0
4LSQcuog9hEze5xgoiyj881ryo8BrPUmJSfb3DP4sxKq,0.0,1.0,0.0,0.0,0.0,0.0,0.0,0.0,0.0
4LSrjmRHSUsV9tjiKshsqNNerGtNFMr1ZBd68Ep5hKQD,0.0,0.0,0.0,0.0,0.0,0.0,1.0,0.0,0.0
4LZJD6fWLNeAGuKDBr8mdCw1ek6sbqfr4hsryob8CWWY,0.0,1.0,0.0,0.0,0.0,0.0,0.0,0.0,0.0
4M29Ftk2NUZQbczMc1boteeMVvyRqUJqucux1Ur4N8fR,0.0,0.0,0.0,0.0,0.0,0.0,0.0,1.0,0.0
4MCjeHaVa5GfZNBWXzVzTiUUZJmj4wQpj89aEEjw3W6S,0.0,0.0,0.0,0.0,0.0,0.0,1.0,0.0,0.0
4MNRvpmTQsBpFGRJh3m9gYTTkUS6wbfyZoyskXW2AzvH,0.0,1.0,0.0,0.0,0.0,0.0,0.0,0.0,0.0
4MTsZak7dkvrUKcAgJxQ1Q79wxNdJjDWfbcoysHLw1H2,0.0,0.0,0.0,0.0,0.0,0.0,0.0,1.0,0.0
4MXNewsrtTErytdwxPGxLc7TVojTkUv6Fmxg6WhYXEAQ,0.0,0.0,0.0,0.0,0.0,0.0,0.0,0.0,1.0
4MZCmJ3XzEhuMh1VP68LmYdtBsgcF2qsdR76CH6EpCnn,0.0,0.0,0.0,0.0,0.0,0.0,1.0,0.0,0.0
4MbKkKEHsb5N3aiCCmSH9qx5ragrUoWnRPUd4Xad2yer,0.0,0.0,0.0,1.0,0.0,0.0,0.0,0.0,0.0
4NP8gK8hRNVKV6Lj9gmyP8dvwxTpLPrGXHaNMDhDEKhz,0.0,0.0,1.0,0.0,0.0,0.0,0.0,0.0,0.0
4NYYtBMsGassKLyLGoMjFP52NcDbjQ5u5QE9EWx6DE6K,0.0,0.0,1.0,0.0,0.0,0.0,0.0,0.0,0.0
4NcebPYkhNJbMTkzNccqWThuBe7ZnMQYXDfxRFw8EV87,0.0,0.0,0.0,0.0,1.0,0.0,0.0,0.0,0.0
4NfJPxNgWh9yk58QLa4PZzkHpqitTtQ9qrrnS8cFERoo,0.0,0.0,0.0,0.0,1.0,0.0,0.0,0.0,0.0
4NidCMFE48EoTpEw1mzkZZmg9Unt7AioJnkpHJQrRJ1b,0.0,0.0,0.0,0.0,0.0,0.0,0.0,1.0,0.0
4NmvV1JsVczBY2AZ1GQowjxBQL8zJreUjPs8Q4AkpdWr,0.0,0.0,0.0,0.0,0.0,0.0,1.0,0.0,0.0
4NzkVfM44SFmYPvSxakGSPgPWuJ2PC1qHpYBL9j8q16f,0.0,0.0,0.0,0.0,1.0,0.0,0.0,0.0,0.0
4PBeBgQmg97MDT81v8HkVVKXj5oS5gJj75Srs2PhPeRK,0.0,0.0,0.0,0.0,0.0,0.0,1.0,0.0,0.0
4PJFKShK9N6r5j5S3S63wdduDV7TtvCwpTsx3PtyA7fb,0.0,0.0,0.0,0.0,0.0,0.0,0.0,1.0,0.0
4PU12ZsdotfGVgeUMX17JxCpA5ua3qUhaZwDULagTNok,0.0,0.0,0.0,0.0,0.0,0.0,1.0,0.0,0.0
4PX6CWWDytrMVueYdKFf8PJ1DZ621HMUxN8qLvZKPakk,0.0,1.0,0.0,0.0,0.0,0.0,0.0,0.0,0.0
4PXksRzPkfPVYgAFaJ1cwuaJrHMmAvSSd2kPizYmoe5q,0.0,0.0,0.0,0.0,0.0,1.0,0.0,0.0,0.0
4Pek1u5eAWUadRUWgqE4VXEYJmCwfwoaFwUxjS159QJW,0.0,0.0,0.0,1.0,0.0,0.0,0.0,0.0,0.0
4Phdts4RfkrL2MArQEx6uDXtSXAfMz4F7VAp4rd2Q8s5,0.0,0.0,0.0,0.0,1.0,0.0,0.0,0.0,0.0
4PvzmB6TxyJFUqeXpubs5rvdiKCHuDmC4ykWRSB4f72S,0.0,0.0,0.0,0.0,1.0,0.0,0.0,0.0,0.0
4QA3g7KH8YTLHTg235TkaYHZow6jdYCsQYX1w5bugUeh,0.0,0.0,1.0,0.0,0.0,0.0,0.0,0.0,0.0
4QBWq17mG3athD37KGP2eNCVsgoQM4rcZ4WUWZQbyqH3,0.0,0.0,0.0,1.0,0.0,0.0,0.0,0.0,0.0
4QNW9KxTbJ7xANS7JBbHQ71dhs7nz1v8yJv3JfaPPYbf,0.0,0.0,0.0,0.0,0.0,0.0,0.0,0.0,1.0
4QPEG1Q5EFbHnaQKaUjMya6jVnEg4uYAA8RMoK8ZctAQ,0.0,0.0,1.0,0.0,0.0,0.0,0.0,0.0,0.0
4QQvx4sXtD8sGgpVNNCWME6pqMtJto1Er2tZxdhW2zbk,0.0,0.0,0.0,0.0,0.0,0.0,0.0,1.0,0.0
4QUB6aA13HjLtGxTJpfwM2vVn8YEpacikt9GdfBudnUr,0.0,0.0,0.0,0.0,0.0,0.0,0.0,1.0,0.0
4QdJqZjhho4VgtzA5fW2oLbxLqeo6QzDVdSV2dFhz9KZ,0.0,0.0,0.0,0.0,1.0,0.0,0.0,0.0,0.0
4QjGxEiiVQsygbK4gkwfZrqd8hV2pYHQoSVtcdtRRtoo,0.0,0.0,0.0,0.0,1.0,0.0,0.0,0.0,0.0
4QnQmj6WoNbS4MkFuDqRk3ds1fenkRRKSGY9R38gxWuY,0.0,0.0,0.0,1.0,0.0,0.0,0.0,0.0,0.0
4R6RRfFRAGJ1rc3ZuJWzUemKgxPQ9yHwtTNthNo9f82W,1.0,0.0,0.0,0.0,0.0,0.0,0.0,0.0,0.0
4RaveF83UM5BcEfdaNFRd8riZfh14MKgSGkmqFcEGvYB,0.0,0.0,1.0,0.0,0.0,0.0,0.0,0.0,0.0
4SPfdhwVD6YzS2cEBKZGhKmN4txzX75t1fqKCX7eZzZZ,0.0,0.0,0.0,0.0,0.0,0.0,0.0,0.0,1.0
4Se5fiNbiPKHH9ZxJE8iuARJe7tbrAVgKzu8qoJJWz1L,0.0,0.0,0.0,0.0,0.0,1.0,0.0,0.0,0.0
4T6JVEihQNHXCuDANutpFSJ3xQGvpKWM4NqnSC6GSBdU,0.0,0.0,0.0,0.0,0.0,0.0,0.0,1.0,0.0
4TDWz3B5uzXut3H7RZXtsrJ2N2bJuUnhKKW18YYYTkvU,0.0,0.0,0.0,0.0,0.0,0.0,0.0,1.0,0.0
4TVrFFs2LszbRgVukrez1fiTDRiQ9giyS35f7QZQ35QN,0.0,0.0,0.0,1.0,0.0,0.0,0.0,0.0,0.0
4TvCohqmsdrXky8aWxcDN228EMEcGsc8YTuUGi3DPXuc,0.0,0.0,0.0,0.0,0.0,0.0,0.0,0.0,1.0
4U5U8kax5hSFSRLSnVQUorcyaoCLPgr2GS51nV7MKTMa,0.0,0.0,1.0,0.0,0.0,0.0,0.0,0.0,0.0
4UJJDigyerxABYrJn7KBNE1U9QkiSuahFQ5iQfTM8yav,0.0,1.0,0.0,0.0,0.0,0.0,0.0,0.0,0.0
4UQGmv9vJxSVC2eViZrgyVv1cGfwTvJdX2ShMpKohb8w,0.0,1.0,0.0,0.0,0.0,0.0,0.0,0.0,0.0
4UV6V25QpNtCQkwN4xs8GCduYvztiZKkk9f1WLS9PQQW,0.0,0.0,0.0,0.0,0.0,0.0,0.0,1.0,0.0
4UaQgRgBPDLQB8WnMzYX1hpsuRzjQh7yvShGt4rU7xx7,0.0,0.0,0.0,0.0,0.0,0.0,0.0,0.0,1.0
4Uk1LfRSMGyk66sfvkXa2dWaNLXoDYDdNkbTxia7j4gu,0.0,0.0,0.0,0.0,0.0,0.0,0.0,0.0,1.0
4UtDjkvqvNjMjoLRGeEXyDNSjbQS8BaN4jxepcy7RayB,0.0,1.0,0.0,0.0,0.0,0.0,0.0,0.0,0.0
4UvANu6Pa462CphHTjMMyoUse57pJgAs8fR2Dcot7PJn,0.0,0.0,0.0,1.0,0.0,0.0,0.0,0.0,0.0
4Uw5U4XYtwHSakaz8MNgZX26HFnnkcZhM6ay1sPbnvgK,0.0,0.0,0.0,0.0,0.0,0.0,1.0,0.0,0.0
4V6NrP11Co2QAnCZS2YqUJ9mgmj8Q5JQ5LsAbBXKXgeF,0.0,0.0,0.0,0.0,0.0,0.0,1.0,0.0,0.0
4VH8QAEr5P1WGYLjwyKVVdetoQVH5CQPU5mzPSb1wVFp,0.0,0.0,0.0,0.0,0.0,0.0,0.0,1.0,0.0
4VMUVJwdTZDVdhkcLPSwspLkxFBbDzXdjQiJDhnJNZRT,0.0,0.0,0.0,0.0,1.0,0.0,0.0,0.0,0.0
4VXLFuuvvjS1WNeUmuu1cBBphioMaMQeCgnGvNmiTVGe,0.0,0.0,0.0,0.0,0.0,0.0,1.0,0.0,0.0
4VdVe7bXDJ7v2BnXiiTEdo3Yv2gpM7RLuzXRp3UT378P,1.0,0.0,0.0,0.0,0.0,0.0,0.0,0.0,0.0
4Vse8KsG9ep2yNjHDLn8qUev3MQTKrF7ddEmgCqM2bUf,1.0,0.0,0.0,0.0,0.0,0.0,0.0,0.0,0.0
4Vz2xjfQXAS8Gt65CxT8vVeo3pYLJhRGK1aiEo8wriDV,0.0,1.0,0.0,0.0,0.0,0.0,0.0,0.0,0.0
4WLJ3Sf764t6bGvc7vLfDtWVTCjCrxTnarfakWYAZp1C,0.0,0.0,0.0,0.0,0.0,0.0,0.0,0.0,1.0
4WW6sra7VNBR561oXndNqGYwCeGgMqLtBKSjDX8jMfFS,0.0,0.0,1.0,0.0,0.0,0.0,0.0,0.0,0.0
4WbfbgfbvDT9DLLASZ7GmKKHR9Z4NFpaQUfgoamEvsDg,0.0,0.0,0.0,0.0,0.0,0.0,0.0,1.0,0.0
4Wbr1U98hs6WMnyAGJ6ugBfk5saNB6NF4ypJG6pqgWg8,0.0,1.0,0.0,0.0,0.0,0.0,0.0,0.0,0.0
4WdJaumCQZFeH9FZR59KMksEXa9TEqcYQJz2hMvQU25V,0.0,0.0,0.0,0.0,0.0,0.0,0.0,1.0,0.0
4Wj6LEGjSA7h77qjnNjg8yBXuQ3A9FwP8CjF56uVhEEt,0.0,1.0,0.0,0.0,0.0,0.0,0.0,0.0,0.0
4WpKexsF7FKQ58XRKpDt3d5hgnS7ZaCE3EZGdqv4QHBk,0.0,0.0,0.0,0.0,0.0,0.0,0.0,1.0,0.0
4X3Jocm3QcHvesubW2FxfQFQrYX29YeHQpmoMHAxKQCb,0.0,0.0,0.0,0.0,0.0,0.0,1.0,0.0,0.0
4X49tAHk3z7TmoDp293Vft2yLgpqBc6SWotu2yer5hCB,0.0,0.0,0.0,0.0,0.0,0.0,0.0,1.0,0.0
4XAcvtEVibTxsvPidmJyKsVr6yBV8yiwEayHjsKZ8Uz7,0.0,0.0,1.0,0.0,0.0,0.0,0.0,0.0,0.0
4XQ3EvfLvAciFJyu6x1Zvm35yxDqfYnz2DtPTQa1e67h,0.0,0.0,0.0,0.0,0.0,0.0,0.0,0.0,1.0
4XnPpureyJxGxE3RcK4RKu8NtLJr61dhs78Uph9qwGrH,0.0,0.0,0.0,0.0,0.0,0.0,0.0,0.0,1.0
4Y8oWpbjWu7KgkjgmsKpYSZJoWKD56Q3S9rz8q5La6n2,0.0,1.0,0.0,0.0,0.0,0.0,0.0,0.0,0.0
4YTsfPaQPJLcCgk5UWkZXBPfXKAPRcD1fwe93uFVAUcL,1.0,0.0,0.0,0.0,0.0,0.0,0.0,0.0,0.0
4YbVDLN9ZBY9TXyxdvF6YTT4o4YXeXdC7koGU6cnGhVV,0.0,0.0,0.0,0.0,0.0,0.0,1.0,0.0,0.0
4YnJ4KKfi2S2McUZyPbvDV1ouSonU86NSwp3dWXC3RvH,0.0,0.0,0.0,1.0,0.0,0.0,0.0,0.0,0.0
4YsBkcoaentYoQJVJsGTDGjAx9AckSvLMyJ2Prd444GT,0.0,0.0,0.0,0.0,0.0,0.0,1.0,0.0,0.0
4ZAjonUXj7dqcu9rgzEH2AmD81yhs4dKgXVwc91T1BZV,0.0,1.0,0.0,0.0,0.0,0.0,0.0,0.0,0.0
4ZPj9Kze4h36yX5ae7oXTLnq3Ji2tTZBXnVX5jBySsiF,0.0,0.0,0.0,0.0,0.0,0.0,1.0,0.0,0.0
4ZYh3bj5hFm1o9cqBygRdAZej8bX4DM38KQyGaLe16n3,0.0,0.0,1.0,0.0,0.0,0.0,0.0,0.0,0.0
4ZcTdZpz1XLgzco1ZX8tByccr8oCZwVaZP7ZTPPDt982,0.0,1.0,0.0,0.0,0.0,0.0,0.0,0.0,0.0
4ZhXcFcS5XDxfL6efYKEtsDePsiDsqDpCNQmGfNEYUxD,0.0,0.0,0.0,0.0,0.0,0.0,1.0,0.0,0.0
4Ztgha3mmYvxkBbAbrJ5K4MJace6z3iZP9AndENmptK8,0.0,0.0,0.0,0.0,0.0,0.0,1.0,0.0,0.0
4ZuifD9CrhY71dBq3qu7eHhyrgshTJzUkCowM2XwTPs4,0.0,0.0,0.0,0.0,1.0,0.0,0.0,0.0,0.0
4aeiWyjttqKufpUeMRqa3R351omZW1kqTYekfYKXGNTH,0.0,0.0,0.0,0.0,0.0,0.0,0.0,1.0,0.0
4ao5fSqoF4tSp3Yy2JcZDV1yZqRNupZWkUe1oNFpQZia,0.0,0.0,0.0,0.0,0.0,0.0,0.0,0.0,1.0
4apkNPbrVUAZ9eTCPzLNrNm18LNEjpCEAJMwkhRwXMDk,0.0,0.0,0.0,0.0,1.0,0.0,0.0,0.0,0.0
4ateTG6XPGTdTCU7MTYZwhZPEdHyHMAtjExfdWYBSx31,0.0,0.0,1.0,0.0,0.0,0.0,0.0,0.0,0.0
4b1zzBgHAyxi6FrRtSBwgrmNuuT6RL3dReZT7ngJGWpJ,0.0,0.0,0.0,0.0,0.0,0.0,0.0,0.0,1.0
4bHWQrt6sskKEhypUrKkiA494FkhaWKTXDGBYazonBKz,0.0,0.0,0.0,0.0,0.0,0.0,0.0,1.0,0.0
4bMwVoyTbr58v8johkAe2tBxqvNmZB3bAbp4EFvm9sLr,0.0,0.0,0.0,0.0,0.0,0.0,1.0,0.0,0.0
4bYSts8FyT5muU6U7VHVVt6HAxs8zrinvhqfBj7tFyyd,0.0,0.0,1.0,0.0,0.0,0.0,0.0,0.0,0.0
4bgRQkHx3bs3cnmzJPZMtMmvhjdXXo1TbXFBDEU6hCvs,1.0,0.0,0.0,0.0,0.0,0.0,0.0,0.0,0.0
4bupc6Dp4gZDEfEDWLytMGtctKR8hQvFy8UUGbtSsVWr,0.0,1.0,0.0,0.0,0.0,0.0,0.0,0.0,0.0
4c4D6fw44ztXGg79DVwTTktPP48QUySN9pnz3YynrrXa,0.0,0.0,1.0,0.0,0.0,0.0,0.0,0.0,0.0
4cKnfRKAFGajwzTQf7ZzM78b6UTqVcGeUZS2WeHomjZk,0.0,0.0,0.0,0.0,0.0,0.0,0.0,0.0,1.0
4cSgdibHh8zeenFhQMRLEi9gBkPd435Z4RzzRQasFri8,0.0,0.0,1.0,0.0,0.0,0.0,0.0,0.0,0.0
4cUKkzKKLjrUDkgkVGjNuBUNdrEgC679SgiyG7geuhwC,0.0,0.0,0.0,0.0,0.0,0.0,1.0,0.0,0.0
4ce3hGAXFtVLpdEEL1swkmJo74Z47iQHySUZEoWbU4Pu,0.0,0.0,0.0,0.0,0.0,0.0,0.0,0.0,1.0
4chqUGEd74t8LGGipstSWrDMcomgo3LSRv84NN8GVLww,0.0,1.0,0.0,0.0,0.0,0.0,0.0,0.0,0.0
4d1kSUn1FUVLoQ4mjL7eGUmiZRbdemEC7mtacDJxaKxa,0.0,0.0,0.0,1.0,0.0,0.0,0.0,0.0,0.0
4dHQpgqVLrKfW3UnDU16eEjzCNQ2BsQauLdSeQViuZx4,0.0,0.0,0.0,1.0,0.0,0.0,0.0,0.0,0.0
4dHfL1yq2XodAQgC1ovZEJkAMHis2caknjspLKrbHMcx,0.0,0.0,1.0,0.0,0.0,0.0,0.0,0.0,0.0
4dLmLwzyKpBL6wmP2kdDxNABszc3w6EpYoF1GEsAWWBn,0.0,0.0,0.0,1.0,0.0,0.0,0.0,0.0,0.0
4dbxGAa1z7L8g93Fa62KVCneUNbdQUtVJwjVhVMc2XXY,0.0,0.0,1.0,0.0,0.0,0.0,0.0,0.0,0.0
4dnULQhjdHCavxnCt1iEf45LoKMa2Ns8HvQhk2ndmQgE,1.0,0.0,0.0,0.0,0.0,0.0,0.0,0.0,0.0
4dreAoFLa6ZooaEu1PQLegXYTYtQj8LHhRfNfiNM27gp,0.0,0.0,1.0,0.0,0.0,0.0,0.0,0.0,0.0
4dwC1u9XbcWcZciXu6DRbPKFtxyJrVBb5X4NXKUfXoiy,0.0,0.0,0.0,0.0,1.0,0.0,0.0,0.0,0.0
4dxF6p9gVuH37FwLC3rp9wuZdJ7izKGjogdJKaiF7o7j,0.0,0.0,0.0,0.0,1.0,0.0,0.0,0.0,0.0
4dyFEFPvbtMicwVygMbKpnJ4dLEy2eVzFh5yxXrqspmC,0.0,1.0,0.0,0.0,0.0,0.0,0.0,0.0,0.0
4eK4LkNgNG8Qx278PHakBHxitNXF97vnhxewDVzF81x5,0.0,0.0,0.0,0.0,1.0,0.0,0.0,0.0,0.0
4eK7BiCBNmzW4239jzWYscMeEkXPxG8LQUspS5A6iiMY,0.0,0.0,0.0,0.0,0.0,0.0,0.0,1.0,0.0
4ecaGwkuy3DPr1iWqfvT7VJs8NhUfb5UGKGHRB2mAmJX,0.0,0.0,0.0,1.0,0.0,0.0,0.0,0.0,0.0
4escxomf27wPk2GcuDiK7PcGavxG7KLAm9pxh4hG7Yby,0.0,0.0,0.0,0.0,0.0,0.0,0.0,0.0,1.0
4ets7YKwswrFg9EQfKdF9n9d7cvpGh6rUUtJbRPSLxat,0.0,0.0,0.0,0.0,0.0,0.0,0.0,0.0,1.0
4f9hAnqAVTfYLvwRaw32D3qEbEt5BZWWMQUSFjdadurA,0.0,0.0,0.0,1.0,0.0,0.0,0.0,0.0,0.0
4fAZ6LQvK4ptwaAGDKeXConzYmGNVLQNBDPFRxTeXfs3,0.0,0.0,0.0,0.0,0.0,0.0,0.0,1.0,0.0
4fCoCnrzSt3MUzUEcahkVXVFw6F14u25QCfZD6KRJrYx,0.0,0.0,0.0,0.0,0.0,0.0,1.0,0.0,0.0
4fGUsfqWoQFwx4nywzgcSWrRmmvKWXdFWu2Uc9CupS83,0.0,0.0,1.0,0.0,0.0,0.0,0.0,0.0,0.0
4fHcVixV8mTMiNg2dvyehTErBaJow4BqVrVmUZBdq9Ve,0.0,0.0,0.0,0.0,1.0,0.0,0.0,0.0,0.0
4fUAQUyczp6ckEHdESocxUw6VAXVct1xHaf6UCs9UcxK,0.0,0.0,0.0,0.0,0.0,0.0,1.0,0.0,0.0
4ffaMk6PHYg4Q7Wpr8dk7hTNTYKAtJ71ncRvqcy2isR3,1.0,0.0,0.0,0.0,0.0,0.0,0.0,0.0,0.0
4foft1ptpJj36dtVDyFWzdYkSrrcWH3pVmiCY8Ad2M1b,0.0,0.0,0.0,0.0,1.0,0.0,0.0,0.0,0.0
4fxKqxP6eWPZnSWu2z2shUvB4xFWQxgr9SZC1CMNUAcU,0.0,0.0,0.0,0.0,0.0,0.0,1.0,0.0,0.0
4fzVisvQaYnxmf1gibGeirSPQTc4VafLrRDb7iTtPScZ,0.0,0.0,0.0,1.0,0.0,0.0,0.0,0.0,0.0
4gCnFSBe66Pz4SMTKgrQT5NpSErhxRbvdy8F3fDDBru2,0.0,0.0,0.0,0.0,0.0,0.0,0.0,0.0,1.0
4gYzZevsQShnzUdSFS7Pt3boATXKpPVbzBiZi3EA1e98,0.0,0.0,1.0,0.0,0.0,0.0,0.0,0.0,0.0
4gkqfFijEzRqKZzXf9w5N8vPJo1UcYDQPXAtL5MUwc7R,0.0,0.0,1.0,0.0,0.0,0.0,0.0,0.0,0.0
4gvCEhTucBXGzgUSH2pewWuQ8LFuCgTko8BSFzVn7yAT,0.0,0.0,0.0,0.0,0.0,0.0,0.0,0.0,1.0
4h3o4BjAdRgXgXiM7eC1gRjFj5Dcs1ekjMdk5p6LSBqL,0.0,1.0,0.0,0.0,0.0,0.0,0.0,0.0,0.0
4h8dr6oUEtx8LVVLRGKKPxaCbuSa1dMaU8BjQtdY8acj,1.0,0.0,0.0,0.0,0.0,0.0,0.0,0.0,0.0
4hCW1dKnXV6MP25dBNMpgqVY463PqFBxX782daciazeo,0.0,0.0,0.0,0.0,1.0,0.0,0.0,0.0,0.0
4hFX8KkRfs9G71trWBE2uReAM7aYwR15TbnFeRPrANgh,0.0,0.0,0.0,0.0,0.0,0.0,1.0,0.0,0.0
4hcj4nnEfc18emZ3cfEYQmrzSKGGiGGp7KYbymt7xijM,0.0,0.0,0.0,0.0,0.0,0.0,0.0,1.0,0.0
4hmvboZFzNXzkFDSyBh3GLLmMDCYiet3PAWvyANmUVkF,0.0,1.0,0.0,0.0,0.0,0.0,0.0,0.0,0.0
4iEe7ByM8EYehVshHfnabe55dA5oxGX6UxgQxExGarA5,0.0,0.0,0.0,0.0,0.0,0.0,1.0,0.0,0.0
4iLCZX8u1eNp2BZammpgLtk9hsMdTGMvG2X8RHq3mub5,0.0,0.0,0.0,0.0,0.0,0.0,1.0,0.0,0.0
4iLdRK3stbtzdn7gsTuCWZfETcyaSQ1zN2xvfxW8mkbT,0.0,1.0,0.0,0.0,0.0,0.0,0.0,0.0,0.0
4ibQvNgYDr9xzDJn9M5a8JphQw38roRYNf7uC5q2nFc8,0.0,0.0,0.0,0.0,1.0,0.0,0.0,0.0,0.0
4irfFS83Hs519sLfHr7Fz3YLZs8ko9LoDQrf7QV1Mbuf,0.0,0.0,0.0,0.0,1.0,0.0,0.0,0.0,0.0
4j3ihymAZvEwNUunZga9xXAiwxdwXeDv7Di9i9oQYErQ,0.0,0.0,0.0,0.0,1.0,0.0,0.0,0.0,0.0
4j51pQx4CRLX7bEAGMSksoZ4x6XTN8vn7xgZrQq3V3kP,0.0,0.0,0.0,0.0,0.0,0.0,0.0,1.0,0.0
4j6QRU22Y2n22D5zieGMeWpL3rEdUnuFRrdE36L4LZvY,0.0,0.0,0.0,0.0,1.0,0.0,0.0,0.0,0.0
4jRemUn9E4cyBnVNKpupWhtN5xgwspbCM67WT9NZyP1U,0.0,1.0,0.0,0.0,0.0,0.0,0.0,0.0,0.0
4jXLXSzZdaErJS79AV8f9bjshHhj1gyF9Zz6LsHru61u,0.0,0.0,0.0,0.0,0.0,0.0,0.0,1.0,0.0
4jho6bkon4hUiuM8T1fbFYabRRwTEWrswpwUSJ2DUbHM,0.0,0.0,0.0,0.0,0.0,0.0,0.0,0.0,1.0
4kFjcpSd57qWodeWtjoWSQ4UYUj7qjdrrw5TAbnMjLve,0.0,0.0,0.0,0.0,0.0,0.0,1.0,0.0,0.0
4kpDvJbXqTJD8kLWytCrhgKJdKyiZJNciNco3HXv63xN,0.0,1.0,0.0,0.0,0.0,0.0,0.0,0.0,0.0
4mBDjpvaiGtpqmn98VocGo94EzfhbYtTLaUYNRSLbATA,0.0,0.0,0.0,0.0,0.0,0.0,0.0,1.0,0.0
4mNDfUxkMbGHBYuusoHystYZhJKWPopAbhUHDAMy7YXE,0.0,0.0,1.0,0.0,0.0,0.0,0.0,0.0,0.0
4mSuFUybCheKZfkVxaT7BQjCkhod13jMjYsf3u6SmSKA,0.0,0.0,0.0,0.0,0.0,0.0,1.0,0.0,0.0
4mURmGkUF8Fd3TsfPGuyQYSpjg21ibJYqkqsfrMi5Nch,0.0,0.0,0.0,0.0,1.0,0.0,0.0,0.0,0.0
4mw7otNRhH6jtSYiDxvKHUuftDs2YUrwa8uQcmiS7xR5,0.0,0.0,0.0,0.0,0.0,0.0,0.0,0.0,1.0
4n6vMdRV26NNh9FegvnXfy65o7YC1HRsWRnUFWa739z6,0.0,0.0,0.0,0.0,1.0,0.0,0.0,0.0,0.0
4n72QuKqkn2t2SHSNMTdWTVW1rpaDcKR5hf8ifJeLwMJ,0.0,0.0,0.0,0.0,1.0,0.0,0.0,0.0,0.0
4nYKQJCJpULG33NwYHL7rqiW23qH44FJKT9MZpqeJggF,0.0,0.0,0.0,0.0,1.0,0.0,0.0,0.0,0.0
4nxETCpKcNhPMRQJn2L6KyrDv1xWbFwsSWMD8E1k6dgf,0.0,0.0,1.0,0.0,0.0,0.0,0.0,0.0,0.0
4o1XngXZxMVV9SCpu4DLFKFitWgS5UtFPF7QgvMb9Dwr,0.0,0.0,0.0,0.0,1.0,0.0,0.0,0.0,0.0
4oHHAK3TJ8jEDfBMMajSXwkYChJCtHRtdHmHvdC9aFGY,0.0,0.0,1.0,0.0,0.0,0.0,0.0,0.0,0.0
4ogFVNs4Lxi9wdcVopfCqbrYYDqpuPxkUBad9G1a1z3S,0.0,0.0,0.0,0.0,0.0,0.0,1.0,0.0,0.0
4on8Q7ZcetLnYYameksUyMd5KFpPKSfaA9bZKAz8eYiE,0.0,0.0,0.0,1.0,0.0,0.0,0.0,0.0,0.0
4onV7Mw2ZThmSKttCBBPrMGSBEyacorEKzdJ1qoMnxjD,0.0,1.0,0.0,0.0,0.0,0.0,0.0,0.0,0.0
4onv7CCEkERCnsVPs1wT4Z37ayUadkuMcGpRYWHfiMwi,0.0,0.0,0.0,0.0,0.0,0.0,1.0,0.0,0.0
4os1rLaBw3mybw8Zi55mRPdF7BYXfBShSgMPu5puE3XN,0.0,0.0,0.0,0.0,0.0,0.0,0.0,0.0,1.0
4p8BgEErgsGbTKG2GhxHpzp2EVfJZE4XFjFHMUsLcVBv,0.0,0.0,0.0,0.0,0.0,0.0,0.0,0.0,1.0
4pNkS6fxA3otRC1fWvHEertoLiR1EL5XiFRRGcVvcnxB,0.0,0.0,0.0,0.0,0.0,1.0,0.0,0.0,0.0
4pcGLEAF1zQFVfatTrKnvf9Xp87W6KXx29W6s2wjNDth,0.0,1.0,0.0,0.0,0.0,0.0,0.0,0.0,0.0
4pcvSFgTe4wwSPEqTjseW7UzRSVAqaru9URcHvpFvPPZ,0.0,1.0,0.0,0.0,0.0,0.0,0.0,0.0,0.0
4peDSoTV1WmMBBsGi5XoVk6b7MHMa5bJTiMooKnT8PdA,0.0,0.0,0.0,0.0,1.0,0.0,0.0,0.0,0.0
4pkP6A7okD2icCLSBkGXd7Hxq1eKVEYE6VTrunoqQkhW,0.0,1.0,0.0,0.0,0.0,0.0,0.0,0.0,0.0
4pojwwWgQdSfT4joMmxzph6AEqMyMUhtTL82AC5Gyybk,0.0,1.0,0.0,0.0,0.0,0.0,0.0,0.0,0.0
4pzpdSWpjitGVixQTiBPPLTGD6u6oQ4buZgfmtWcHsnM,0.0,1.0,0.0,0.0,0.0,0.0,0.0,0.0,0.0
4qARDEQMQRvqVVPHAe398vNAJiQHZqpvjQZHgWtxb24A,0.0,0.0,0.0,1.0,0.0,0.0,0.0,0.0,0.0
4qCqyVGtMkotEKbzDMiYK9e3wkF7j87tRw4kBdtVSiVm,0.0,0.0,1.0,0.0,0.0,0.0,0.0,0.0,0.0
4qLnjDCnx546AvacNojQ4EUHgBGHtqJFyEvDy4WiK7S1,0.0,0.0,0.0,0.0,0.0,0.0,0.0,1.0,0.0
4qPKcNT8oNVYMXZ2FfhA3LeUArvJkqhWX5dbokSEf26x,0.0,0.0,0.0,0.0,0.0,0.0,0.0,1.0,0.0
4qUxk5LnwfCDAu3hTKLdSFCEVNSSPj6vK5SCoBq3wsM4,0.0,0.0,0.0,1.0,0.0,0.0,0.0,0.0,0.0
4qVt2rRKqJtNyNdbMkhC48SWJi8CyNk5sJGg2ffJxh5y,0.0,0.0,1.0,0.0,0.0,0.0,0.0,0.0,0.0
4qiRJXHNAB4yZ1RiqgSEtSDvXcmxZGcUQGRWpjbG7dM8,0.0,0.0,0.0,0.0,0.0,0.0,0.0,0.0,1.0
4qniRT2ztYeVAr7pzdNBbTxoLhAhNxRznLrdxqh6ajnj,0.0,0.0,0.0,0.0,0.0,0.0,0.0,1.0,0.0
4rA9Ya4mrCyrrR9QCSJhB2ckv7HcaaVMJ6h4fuK62fTu,0.0,0.0,0.0,0.0,1.0,0.0,0.0,0.0,0.0
4rdM9dpNDaivjFGARgx6EgBJL3AtGcnuU6DEcBTSGnTG,0.0,0.0,0.0,0.0,0.0,0.0,0.0,1.0,0.0
4rgCxJKVWquqhsQqjjEedZHcTq7MgKRPmFA6v6wXjBwd,0.0,0.0,0.0,0.0,0.0,0.0,0.0,0.0,1.0
4roNe5W36S8ixudQaiJVCw8YHMfC7M3J69fos1dTnxrg,0.0,0.0,0.0,0.0,0.0,0.0,1.0,0.0,0.0
4ruSH8eEkDs7AyvuPsRtREytyjfFcxvbyd7QTpwrxjta,0.0,0.0,0.0,0.0,1.0,0.0,0.0,0.0,0.0
4rvBqTt32bHXYTCHTGhZZ77bMWkNCDbtT7NizKVozqZp,0.0,0.0,0.0,0.0,0.0,0.0,0.0,1.0,0.0
4rxkPtM4GKURbjXvvRThSULQGq8LvEktLAt9y9yrchYd,0.0,0.0,0.0,0.0,0.0,0.0,0.0,0.0,1.0
4s116N7sJUQqfpL1v4nQxrdEtoAf4uXSPaLmTp1UwAPz,0.0,0.0,0.0,0.0,1.0,0.0,0.0,0.0,0.0
4sAUcWoc1aBqz3RGoSngd4JEwBp7K8DgtdPRdmLv3GHw,0.0,1.0,0.0,0.0,0.0,0.0,0.0,0.0,0.0
4sEXuM3Mgt4rEykSFvBn2QXxw6K2ATEFcxLA23WHUpeF,0.0,0.0,0.0,0.0,0.0,1.0,0.0,0.0,0.0
4sNoe1thutqAwoi9QkEA7Pv2PAQrRaMTTR1HLuiGimtE,0.0,0.0,0.0,0.0,0.0,0.0,0.0,0.0,1.0
4sqSuVs5pYtB7jS8hfUk1viqpaHfsCs1YMwoiW7iYdwr,0.0,0.0,0.0,0.0,0.0,0.0,1.0,0.0,0.0
4ssCJpMJcAecy64kH6KB4KFkVDTpGZKqa5RNrAL6DeAB,0.0,0.0,1.0,0.0,0.0,0.0,0.0,0.0,0.0
4t2VKysQSwAzCFCjFQePnpwEUB6V4pfh7AfpTu69sLEh,1.0,0.0,0.0,0.0,0.0,0.0,0.0,0.0,0.0
4t7DGEk2fLqvvyyBJViqvkxpsTykgqMcRZRkMnCRnAWu,0.0,0.0,0.0,0.0,0.0,0.0,0.0,1.0,0.0
4tDgMr6zhUXwQan1KXMHxXE3j742gYMSFZk2TmSV38Mr,0.0,0.0,0.0,0.0,0.0,0.0,0.0,1.0,0.0
4tMnNN7Ptq7TFqv1SSN5bgLMBFTohDuucgrD2t6KRLaP,0.0,0.0,0.0,0.0,0.0,0.0,0.0,1.0,0.0
4tSUzLB9y9uHk22eHJzGPpCWixHYLebCxKrZhvdPe3MW,0.0,0.0,0.0,0.0,0.0,0.0,1.0,0.0,0.0
4tkCon492yb7oE8hzPxcnLABuTxReuDRSBEbuFhE5GTq,0.0,1.0,0.0,0.0,0.0,0.0,0.0,0.0,0.0
4tr28Zub3b9AMiBrxHinw9R85TGZooVK8fi6yXYV8ZAC,0.0,0.0,0.0,0.0,1.0,0.0,0.0,0.0,0.0
4tsCYo85Co8mEQCngGQZBmubdUgWQmVgtmoD1y9x8Awu,0.0,0.0,0.0,0.0,0.0,0.0,1.0,0.0,0.0
4u2BSTPT2L3X4vQ5d5Jnn3wMhGezdt34Vkz5hvGTMShE,0.0,0.0,1.0,0.0,0.0,0.0,0.0,0.0,0.0
4u5zFLV6HzTXmppxgom5FgiLgrjJzvKTS3XGLbhHj4AY,0.0,0.0,0.0,0.0,0.0,0.0,1.0,0.0,0.0
4u7MtRQJ1pndA7GQ5DqcrAvRwS8T2VKFSyZkXP9tFLgb,0.0,0.0,1.0,0.0,0.0,0.0,0.0,0.0,0.0
4uFpkv2sCQetdNLj22V9ji2QdZ9D1rMe9DtU2WVBUeb8,0.0,0.0,0.0,0.0,0.0,0.0,1.0,0.0,0.0
4ueZMCgCit5LpyrUfrRSsyK6ooBRcX8m6FNKPWsfS5tY,0.0,0.0,0.0,0.0,1.0,0.0,0.0,0.0,0.0
4urauuhcDQM9UQuUDogns2rw96LZQeSykYnYnhnyXiKs,0.0,0.0,0.0,0.0,1.0,0.0,0.0,0.0,0.0
4v5xC5HThSVQhmu6maPHf6F2cvh9AJ6DwHYKfpb8GUCW,0.0,0.0,0.0,0.0,0.0,0.0,0.0,1.0,0.0
4vFcY1S8ko3XM8WPzNowUWh5xD9VzfP5bbyCMfqtNC1v,0.0,1.0,0.0,0.0,0.0,0.0,0.0,0.0,0.0
4vWhXtyb5mPh5ALv1wjDZWg6TGfnuR5qLAyk6moR9h8U,0.0,0.0,0.0,0.0,0.0,0.0,0.0,0.0,1.0
4vejFaLM9yKKuLCSwGkxfbMisCofkwp4kLDv2jJpKA41,0.0,0.0,0.0,0.0,0.0,0.0,1.0,0.0,0.0
4vkqLPNC1MHFGKWsTsdRxrKbZxYQHKgzMiPsXeAdYa5M,0.0,0.0,0.0,0.0,0.0,0.0,0.0,1.0,0.0
4wtjPeSKgPZjCEApuvY5565sAF8wTqU3tU2dyAzTPpnx,0.0,0.0,0.0,0.0,0.0,0.0,0.0,1.0,0.0
4xGhorJ9vcPSX71RbjXyqZH7kPN8oSVQWz7MfXogPfgZ,1.0,0.0,0.0,1.0,1.0,0.0,0.0,0.0,0.0
4xPeUV6p9jsKCR1Gkhz8jiZVMe4XFPchz48dvUNcst5A,0.0,0.0,1.0,0.0,0.0,0.0,0.0,0.0,0.0
4xRpCDR3iokg4oKiEEXKZS8pqpNnv1biELZ9khBZRvZW,0.0,0.0,1.0,0.0,0.0,0.0,0.0,0.0,0.0
4xnzMvbrArPne8GNxDeo5cQCocj5Hw8Xv4xPm4c9SkEG,0.0,0.0,0.0,1.0,0.0,0.0,0.0,0.0,0.0
4yBWaixDvgwFRbFFRnySSyRBmMQsQ3SZWniuZXwtbCP5,0.0,1.0,0.0,0.0,0.0,0.0,0.0,0.0,0.0
4yPZtdX7SLmxhcX8pW1xhKkFqDqaMV4FvpZ22GHdWtQx,0.0,0.0,0.0,0.0,0.0,0.0,0.0,1.0,0.0
4yQBN859113zPJi2B9nLcy6ZDLkTFfd1g71gBeZLE8tu,0.0,1.0,0.0,0.0,0.0,0.0,0.0,0.0,0.0
4ygURVptga3CV7NCa19CoPiCDjwP4NdU5XWiqAtYXTqW,0.0,0.0,0.0,0.0,1.0,0.0,0.0,0.0,0.0
4yoRkAYUFQjWUBsWDJxKni5QNY6FNxod7YnswwvKWN84,0.0,0.0,0.0,1.0,0.0,0.0,0.0,0.0,0.0
4yu6rZSz14BVimybFNGaGPEbek5mtVni92Qw7ig8ooxr,0.0,0.0,0.0,0.0,0.0,0.0,0.0,0.0,1.0
4yvjqiv1EpDi9YVv1JNbFPkxgPU6G2SoDt3bxithtBta,0.0,1.0,0.0,0.0,0.0,0.0,0.0,0.0,0.0
4yzPxewyxfGz1RJ1esyu74vM26ghKLLuzVSjVyqWsGzo,0.0,0.0,0.0,0.0,0.0,0.0,0.0,0.0,1.0
4zESND7S2ZaQisqvjRURRaYgcS36B4DynNn3JKDfSW9Q,0.0,1.0,0.0,0.0,0.0,0.0,0.0,0.0,0.0
4zHk7XqMGV4ivfq8ub4XdVS4RBBrMZZ9rdnEFmmgD4Rr,0.0,0.0,0.0,0.0,0.0,0.0,0.0,1.0,0.0
4zL2zeJh9eyWkcV3Rb4kbSLrNDBfq1BN2Cxz9PcfmJYk,0.0,0.0,0.0,0.0,0.0,0.0,0.0,0.0,1.0
4zR4EiTSit5NmD41K2hxT5nhKM5iNXJ59m9EZfvhLUKU,0.0,0.0,0.0,1.0,0.0,0.0,0.0,0.0,0.0
4zRzBW2sXknjPA4aUgDRE8rTHU6wp2Hge7UCof7ZLts9,0.0,0.0,1.0,0.0,0.0,0.0,0.0,0.0,0.0
4zSy7qc4v5VA37aNa8L2vvyz6zs1RtuupWfGSuXGyLsR,0.0,0.0,1.0,0.0,0.0,0.0,0.0,0.0,0.0
4zsPijEZ3JwWoAj8P2dFFPbqQUcTXmv3SK5SkkPb9u5G,0.0,0.0,0.0,0.0,1.0,0.0,0.0,0.0,0.0
4zwunEuAKQZSvNzZx6qnomFVGxiY9ZorwJhFna4mmtGS,0.0,1.0,0.0,0.0,0.0,0.0,0.0,0.0,0.0
4zyipGnk1vNkWaAjjpRaTzaYp6R8HCxPoavHZ9EBm7B4,0.0,1.0,0.0,0.0,0.0,0.0,0.0,0.0,0.0
517hnMGwG1dJcCvkbaYc5K7SAih3qQGxpUqgTuEnTrHM,1.0,0.0,0.0,0.0,0.0,0.0,0.0,0.0,0.0
518ftMU8asFbKeHkf1nd9SUjrMiuN8G8n6bubrPv731w,0.0,0.0,0.0,0.0,0.0,0.0,0.0,1.0,0.0
51Ctg64eDz1Jowhbp9qnkQzujLgfZVi9FFJXAvvq9Vyb,0.0,0.0,0.0,0.0,0.0,0.0,1.0,0.0,0.0
51boxP4od7ghN8UCNbqEaCZp23ifhKVq36EmiCUA9uCe,0.0,0.0,1.0,0.0,0.0,0.0,0.0,0.0,0.0
51jGuVo9hzt8rzsGasxJNviSgVoz6W3weuTo9SkPb43R,0.0,0.0,0.0,0.0,0.0,0.0,0.0,1.0,0.0
51u49Y8ohemgSyvXbEH64PDGfFSopqqjYNS925BbPoSa,0.0,0.0,1.0,0.0,0.0,0.0,0.0,0.0,0.0
51zrrGo6bQp69ioyu6BGgMWFfVtyF6ivWyHH6gMfTGij,0.0,0.0,0.0,0.0,0.0,0.0,0.0,1.0,0.0
524vJkapbe3EMV46trwozFktSKZSxU1L9QYoWPHeC9dh,0.0,0.0,0.0,0.0,1.0,0.0,0.0,0.0,0.0
537tbai7TDhiaGTjjDmUjC7aLronmjnoe4ZrLs3GkZ7N,0.0,1.0,0.0,0.0,0.0,0.0,0.0,0.0,0.0
53B7iHyHU9MudU815MvSDr3LWN4F4ibyfGVf6vhfLsCu,0.0,0.0,0.0,0.0,0.0,0.0,1.0,0.0,0.0
53TeQdoRS28a1CXRWcJ2NmZSQRtc3XHfzw7d6VQoboD1,0.0,0.0,0.0,1.0,0.0,0.0,0.0,0.0,0.0
53iZGnhfm1t2ed4AzP1YhgMeyycusgEUWNwdp2TeKXy,0.0,0.0,1.0,0.0,0.0,0.0,0.0,0.0,0.0
53psWesmcUX3nDuMCBUBrXB21nbfs2BNqVGxcBejVDbJ,0.0,0.0,0.0,0.0,1.0,0.0,0.0,0.0,0.0
53w59kk5u8Qz68kpiwoKSVPWvLoaWYF6vcgXcrY1z5xr,0.0,0.0,0.0,0.0,1.0,0.0,0.0,0.0,0.0
54VK4So55Grb4tY9UXkCvUuogCnsayDkyuqbdg38e3jQ,0.0,0.0,0.0,0.0,0.0,0.0,1.0,0.0,0.0
54hoeTTy6MCuPGW9S4kRSAMjoNdG1g9BRFqiUXWpEmFD,0.0,0.0,1.0,0.0,0.0,0.0,0.0,0.0,0.0
54jpeWeDZZdCfnNhpadY3zhGotidRf1h4styWMmg22eA,0.0,0.0,0.0,0.0,0.0,0.0,0.0,0.0,1.0
54mhnkCKNyAzf1TvS25sUTytvwFkqYKkWsC2kNirafaH,0.0,0.0,1.0,0.0,0.0,0.0,0.0,1.0,0.0
54osaWfZxBNCsJaAgZMyjmDysuk4HkxvGYUB2URRW9Aa,0.0,0.0,0.0,0.0,0.0,0.0,0.0,0.0,1.0
54vNJhRKPg3m7QWjEMuL99UPEtLhZiuSfFv3UyDMNsuo,0.0,0.0,0.0,0.0,0.0,0.0,0.0,1.0,0.0
55Vkr9sHKy5JvJ97zBBnWqA6EyZm3s5hJRoQj33ptgT,0.0,0.0,0.0,0.0,0.0,0.0,0.0,0.0,1.0
55gFnSuQjxZXHLtLmSTszmWjpZyg44eSMPDVik7KZ5Zn,0.0,0.0,0.0,1.0,0.0,0.0,0.0,0.0,0.0
55shumKNDK9nteeAeBPUq2zqcmFjV6yZd8M4L8EEPzRM,0.0,1.0,0.0,0.0,0.0,0.0,0.0,0.0,0.0
56Bi5jZiPsbyqysGpHKSakzxjNpMpea2yC414Nqm4mN3,0.0,0.0,0.0,0.0,0.0,0.0,0.0,0.0,1.0
56CMnoj6mm2rcnMhJoKRs3dczh5FmpN16jgSVPFKD1qJ,0.0,0.0,0.0,0.0,0.0,0.0,1.0,0.0,0.0
56Fw8U1oNBpP8fRgQEjAMgkL5ZtfH2tUZRSiyfeLcrph,0.0,0.0,0.0,0.0,0.0,0.0,0.0,1.0,0.0
56JxhEbJKhfUPVbJrrc1KVw8SNEvXpC4TZKru2hn7M35,0.0,0.0,1.0,0.0,0.0,0.0,0.0,0.0,0.0
571MBYdWX1VNri8vUoCtMpUJRGRjmZ9xpxexbKTjMtoo,0.0,1.0,0.0,0.0,0.0,0.0,0.0,0.0,0.0
57oL4SEqfS28uSLBdBpFgYcPt8Pz14V3ujmwmjFzRtmt,0.0,0.0,0.0,0.0,1.0,0.0,0.0,0.0,0.0
57oVKuNbf6whd8GG1619ML7YqSnhUYhA7pkjfidEH91K,0.0,0.0,0.0,0.0,0.0,0.0,0.0,0.0,1.0
58CnF1MLi8HZfZG1uMYovpkb53H6punCWa7dFoHBKw4t,0.0,0.0,0.0,0.0,0.0,0.0,0.0,1.0,0.0
58VnPV3GV9auh55CxDT6Q5ntSCLTzphvVhmoGeGtBmde,0.0,0.0,0.0,0.0,0.0,0.0,0.0,0.0,1.0
58brYzJgWom3ZBzx1myDsrvuv6ZZbCTY9SraWsoA58VD,0.0,0.0,0.0,0.0,0.0,0.0,0.0,1.0,0.0
58kNCMaYwfvpJ74bNByab9KWcU8Q2GN9VNgKFij79rKs,1.0,0.0,0.0,0.0,0.0,0.0,0.0,0.0,0.0
58nSug44qyjzioidbPmDBXykH7TXMfBWK4JWH36EEnre,0.0,1.0,0.0,0.0,0.0,0.0,0.0,0.0,0.0
58qN62nKsZn5sEm9Mx2iKZtT8bU2FK1nj5sqNweKT9X7,0.0,0.0,1.0,0.0,0.0,0.0,0.0,0.0,0.0
58vprLsjQusWhgg22Q3kvmVh92Jm3qv8b2zuqGxx5gBk,0.0,0.0,1.0,0.0,0.0,0.0,0.0,0.0,0.0
59LCqU5Uz5bUx7UZpEjr6PQGdZhef8JkvvEw5TB2UJNT,0.0,0.0,0.0,0.0,0.0,0.0,0.0,1.0,0.0
59VeXSec7sx4gh1XHPRn1eyCd5KFHZRPEiyWFjK1WpGp,0.0,0.0,0.0,0.0,0.0,0.0,0.0,1.0,0.0
59rGHRRcPss4fQeMB4qfE7GjzyvqJitafSDTbcJzswYT,0.0,0.0,0.0,0.0,0.0,0.0,1.0,0.0,0.0
5AW8jzRaPpbPH6sHmeTb61E2tq7jDFpiDrq5rV8TqvbK,0.0,0.0,1.0,0.0,0.0,0.0,0.0,0.0,0.0
5Ab3GKnHZBpZCNQT13YazhC7LosuhUpHs67K6uBACx2E,0.0,0.0,0.0,0.0,1.0,0.0,0.0,0.0,0.0
5Ak4DWDjvGhFerGjWhLG8zFLzv8WENhuWHGpq3EnytEH,1.0,0.0,0.0,0.0,0.0,0.0,0.0,0.0,0.0
5Aw5duUcpmGankADEoYtbrm1Ac626tExNkZWVcWfmKzA,0.0,0.0,0.0,0.0,0.0,0.0,1.0,0.0,0.0
5B9ZRzQphQFGr1PcbpRPbNN95Z9pDFpUZ6TLruyH1oJY,0.0,0.0,0.0,0.0,0.0,0.0,0.0,0.0,1.0
5BLHmRLef7hjtgxZ8K1xAxK3NZ8oyoQZAvhuHejNa1Hg,0.0,0.0,0.0,0.0,0.0,0.0,0.0,1.0,0.0
5BT5FD5TAY42wMwhFJyYzavkwtWNWLCERxN1ANCx2evM,0.0,1.0,0.0,0.0,0.0,0.0,0.0,0.0,0.0
5BTiqiSaYJ4Twthr7VUYoWG7a7FCsjSKqh7cefhPPUq3,1.0,0.0,0.0,0.0,0.0,0.0,0.0,0.0,0.0
5BeBZR679kJZhW427wXp77thiLiqVcY4r8eANnHuuZdy,0.0,0.0,0.0,0.0,0.0,0.0,1.0,0.0,0.0
5Bze9beSQmGXAjNN7YPBMcyBYMVxJVtMBaFKUQmvVc5F,0.0,0.0,1.0,0.0,0.0,0.0,0.0,0.0,0.0
5C62wGTqcqkbpTx26xXkrq1EPfDk8p1eRaTscZPep21j,1.0,0.0,0.0,0.0,0.0,0.0,0.0,0.0,0.0
5Cpk7m5hYL8QFbDmzCWkbHw3muecrJc9ynAZAqeRNVP4,0.0,0.0,0.0,0.0,0.0,0.0,1.0,0.0,0.0
5CpwhK23AcYHEhHLz36bjEYEN6WLpk4HosesZYakcV7R,0.0,0.0,0.0,0.0,0.0,0.0,1.0,0.0,0.0
5CvVpLf4vdwTCbxKakDtfM7VmCBy4rp4B6DD2vvuYEX5,0.0,0.0,1.0,0.0,0.0,0.0,0.0,0.0,0.0
5DNG9QuLvZvoZp9ehvzb1kJDibfpFFcfzRehN8n9cw8V,0.0,0.0,0.0,0.0,1.0,0.0,0.0,0.0,0.0
5Dnc7KVgvGFat1PJtaoKG3qsmaNr1ceT4YbRYEoZLWs4,1.0,0.0,0.0,0.0,0.0,0.0,0.0,0.0,0.0
5DxtBZQhoqjcy75K6EP9S44jDnCkcfN8E7Wn73yqNkRJ,0.0,0.0,0.0,0.0,0.0,0.0,0.0,0.0,1.0
5EAQfaBQFd4cGwShfX2RYsVTrNhzYkSGPnNUQpfSDPCZ,0.0,0.0,0.0,0.0,0.0,0.0,1.0,0.0,0.0
5EerhnLJj4zJPrDmuiPs3TqQPrKpYfgogYFzT71CMuJ4,1.0,0.0,0.0,0.0,0.0,0.0,0.0,0.0,0.0
5Ey9aVtomYA4j1iHjRYBnY1qQaU5YYyuMpArnq4UMqzc,0.0,1.0,0.0,0.0,0.0,0.0,0.0,0.0,0.0
5FB81e2eLf4fh2BHtqJqyJ6dejkCfg1HfSUi5LAFGeeT,0.0,0.0,0.0,1.0,0.0,0.0,0.0,0.0,0.0
5FaSGXbNzbPsZrKKCY5BpStnaa72VtU4erNr2923rdDz,0.0,0.0,0.0,0.0,1.0,0.0,0.0,0.0,0.0
5FbjsFD3rQ79f7muMCm6ayA97qCZTtcEKXg4Z1cJe8YE,0.0,1.0,0.0,0.0,0.0,0.0,0.0,0.0,0.0
5FjzS3Dxco8FSqkCiWbzN6miw4wWanYLmisuzsAmXbrx,0.0,0.0,1.0,0.0,0.0,0.0,0.0,0.0,0.0
5G1KEt6KQUmGgq5j4MZcjs2DPtga5NMDgnk8ypzon4TK,0.0,0.0,0.0,0.0,1.0,0.0,0.0,0.0,0.0
5G3H11MHYqhiyBrdsrxW5cs4MFnY8X479w5qFPt1YZNz,0.0,0.0,0.0,0.0,0.0,0.0,0.0,1.0,0.0
5G8NnxJKYe3F9E3jfTZDj93ETpuFh91FQMVDRBcBgzyf,0.0,0.0,0.0,0.0,0.0,0.0,0.0,1.0,0.0
5G9k7pn1tFgsuA4EcU1B8t43QKoZNKC87mo7tjro97NT,0.0,1.0,0.0,0.0,0.0,0.0,0.0,0.0,0.0
5GLrR5EoBYrzhWekGv1VDm8F8QvsCJjCGAKFjNoxTsdc,0.0,0.0,0.0,0.0,0.0,0.0,0.0,0.0,1.0
5GTkDe7eieYVTJpmBBu161d8KEYGjWf18k5gH4vpdm3h,0.0,1.0,0.0,0.0,0.0,0.0,0.0,0.0,0.0
5GaTyDMYLQELm9HV1GjDP7f17XnuZdR4kRfMZevEbSKj,0.0,0.0,0.0,0.0,0.0,0.0,1.0,0.0,0.0
5GgrwZ6WubTiwQVwPsfVFznSKyQtBbuDdv4dmb4epD48,0.0,0.0,0.0,0.0,1.0,0.0,0.0,0.0,0.0
5Gw1Nqw5CpN5KrAKskuBAFAJkCoAXJSRMwCajmwRzGMk,0.0,0.0,0.0,0.0,0.0,0.0,0.0,1.0,0.0
5H9iqGKL4WYq8hsLZQckmwmH9nxeHsWwjKg5roEKEmeq,0.0,1.0,0.0,0.0,0.0,0.0,0.0,0.0,0.0
5HGqUPKxk4UJStQnhNNXgbSP6xi2sCi5BfDJAnxsprwk,0.0,0.0,1.0,0.0,0.0,0.0,0.0,0.0,0.0
5HTjxcXfBBNrcBiUPhrZ4D2UKqkJcwvQYHBW2qvjUYpq,0.0,0.0,1.0,0.0,0.0,0.0,0.0,0.0,0.0
5HVptuf4JBA1vByfq4VvrpkqBPuEsd2CKgNQr9Rh3dHL,0.0,0.0,0.0,0.0,0.0,0.0,0.0,1.0,0.0
5HZFjT2sTCuifpMC8Ms6ErzUjJQ2YtKodM49cNGYTuyU,0.0,1.0,0.0,0.0,0.0,0.0,0.0,0.0,0.0
5HkJbbtyY5hyiDRsu68LaVKhpRpzsMpg4bGbE1g35kEc,0.0,0.0,0.0,0.0,0.0,0.0,0.0,0.0,1.0
5HsUGjVyXuZxRy5U17cPbmLFXDzx25583hnwHwAAcK14,0.0,0.0,1.0,0.0,0.0,0.0,0.0,0.0,0.0
5J8Jm6eUqaMhhe8FV3rEKaxjAjayw1DGpXropwfB4yLo,0.0,0.0,0.0,1.0,0.0,0.0,0.0,0.0,0.0
5JBjCNPRei9dDWFaN1tLhgwrQs33vL6geDrB6cosRy1L,0.0,0.0,0.0,0.0,1.0,0.0,0.0,0.0,0.0
5JFUVj2Qub4DWzRoLPfMXXxQL9MMKB4GW74bJVDxGNTk,0.0,0.0,0.0,0.0,0.0,0.0,1.0,0.0,0.0
5JLePhAf7moQk3bRzXCaoDZe55k4nvTGHkURTU7QkNqC,0.0,0.0,1.0,0.0,0.0,0.0,0.0,0.0,0.0
5Jg3nJc75MxPpqA5ZCDWyM363FjkX5ivijk1D2VK3bCo,0.0,0.0,0.0,0.0,0.0,0.0,0.0,1.0,0.0
5Jg97UCtS8umtvmsB5YHvQe7ByiSAv7yZNsiGZJy7E7m,0.0,0.0,1.0,0.0,0.0,0.0,0.0,0.0,0.0
5JpzU35kSYkCTxuL1nApPDUvBd8qLXy5oGXVDtTZVawi,0.0,0.0,0.0,0.0,0.0,0.0,1.0,0.0,0.0
5JrL2biRDFXhNUEPCdC5cWmFGF3K5p2yxnSK5ofu8gmp,0.0,1.0,0.0,0.0,0.0,0.0,0.0,0.0,0.0
5JzABCFtJoALGW12bed2vYWw8XJsR7VAp94Pz6ptKxtt,0.0,0.0,0.0,0.0,0.0,0.0,0.0,1.0,0.0
5K96tJ9EVbcu9XKHdTMoSvtFLQqmghFoDdSWSY34xeBc,0.0,0.0,0.0,0.0,0.0,0.0,0.0,1.0,0.0
5KD5dGgxbc4WTYGXa2baqkZ3mjvLFbTZpEJwqtTDSusc,0.0,0.0,0.0,0.0,0.0,0.0,0.0,1.0,0.0
5KEj3CSQA8iGvGB2MoCqvAjZQu119i1MzTiV8xxcX4qd,0.0,0.0,1.0,0.0,0.0,0.0,0.0,0.0,0.0
5KFa24wrTkgeaphZsQCPV9WL7Wy8Cbmku8e4Pr5CGFUA,0.0,0.0,0.0,1.0,0.0,0.0,0.0,0.0,0.0
5KUet4uyBUS43qgCoBsZUaNq9KvEGH8VxqFicG3TtaWu,0.0,0.0,0.0,0.0,1.0,0.0,0.0,0.0,0.0
5KdhDT61wug1nYrcDbpW2jx18zbwozyFuexZxGKopuG3,1.0,0.0,0.0,0.0,0.0,0.0,0.0,0.0,0.0
5KgdnBuHSxvcLvs1d6HCevZRB9rvPwt1KYBPZndNdeLD,0.0,0.0,0.0,0.0,0.0,0.0,1.0,0.0,0.0
5Ko3xDBZKPgEF144E2TxsRk7LibsXiJUNNGb5kqUJLLk,0.0,0.0,0.0,0.0,0.0,0.0,1.0,0.0,0.0
5L2R1mqvgocuvLMbaQGvV7wB3tu7Vx6kyjeXrZtmDzY3,0.0,0.0,0.0,0.0,0.0,0.0,0.0,1.0,0.0
5L7tmMqks5uhn9JXfqgKkhx6s1cf9pDhQaPTyowiEJyu,0.0,0.0,1.0,0.0,0.0,0.0,0.0,0.0,0.0
5L8bF7R53q7Aek1y5PdaMyjLSSGCUWEYtH13tiE84fuf,0.0,0.0,0.0,1.0,0.0,0.0,0.0,0.0,0.0
5LRj6HQVuH2Jedrb8u7SwaAjWDd5RQhkVai36mrHT3oe,0.0,0.0,0.0,0.0,0.0,0.0,1.0,0.0,0.0
5LrS2FtZPQpw8EgU8iy7LU5ijFMxonniRfEacoeeZg5x,0.0,0.0,0.0,0.0,0.0,0.0,1.0,0.0,0.0
5M7aU8Uxpi8BhUKpcd1Y9mXGFb8npMB2Q89QoYjvJD8N,0.0,0.0,0.0,0.0,0.0,0.0,0.0,1.0,0.0
5M99EwdZBDft3syh8n2DqrA9gt9CLebWfx81xdoPTNyg,0.0,0.0,0.0,0.0,1.0,0.0,0.0,0.0,0.0
5MLDjoppcwjRQ5PtKAjSh6im1n2VpitKTTi6zf9wMpkm,0.0,1.0,0.0,0.0,0.0,0.0,0.0,0.0,0.0
5MWuAPskvWE1AA8RJzUskgyHV6X8E38TEeABtc35BQhy,0.0,0.0,1.0,0.0,0.0,0.0,0.0,0.0,0.0
5MZJ6Tm1nPS293i6n1Y8E7TTCVzqHg8CtzdvTtncQCQe,0.0,0.0,0.0,0.0,0.0,0.0,1.0,0.0,0.0
5MaiCaJrNKFwAsatk2aY8w3YyXpPt1Pji3GvZCkQq83m,0.0,0.0,0.0,1.0,0.0,0.0,0.0,0.0,0.0
5MyzK79qMwewAj9cT3XyVECVtW4puKdkqqvvbcTzFhL9,0.0,1.0,0.0,0.0,0.0,0.0,0.0,0.0,0.0
5N7ojr1r4q9S8T1vmWVQW1gt8FrMEett8V9RqBofvVHX,0.0,1.0,0.0,0.0,0.0,0.0,0.0,0.0,0.0
5NNCZPJ8FVbsP7rqWBXQ6v2E9NktfR595rmfNpi3N6Ds,0.0,0.0,0.0,0.0,0.0,0.0,0.0,0.0,1.0
5Na4bfvFEbwJyBHKgfacCwdibXbvQsL8t8KuCb6aGxd4,0.0,0.0,0.0,0.0,0.0,0.0,0.0,0.0,1.0
5NaWU3nf4FBJXkHyzqnHLfE9iMArkxvJmgreoCgnNHAr,0.0,1.0,0.0,0.0,0.0,0.0,0.0,0.0,0.0
5NmiPr1iiGG4kVfmtzSuYAz8SpKZaEWzDNKYtigG7K2b,0.0,0.0,0.0,0.0,0.0,0.0,0.0,1.0,0.0
5NvfgyDxVEbFM3HDjSBvLAMbFP4xWtdRpex3v12UR5GZ,0.0,1.0,0.0,0.0,0.0,0.0,0.0,0.0,0.0
5P6n5omLbLbP4kaPGL8etqQAHEx2UCkaUyvjLDnwV4EY,0.0,0.0,0.0,0.0,0.0,0.0,1.0,0.0,0.0
5PCnNanwwbwsd1Ry75oUPV1kajozudxu4nfPP4UaAuPm,0.0,0.0,0.0,0.0,0.0,0.0,0.0,1.0,0.0
5PGZq8GrqUhEWVwyYFMrmwXkDSgNDsJvpttg7NzEuaJk,0.0,0.0,0.0,0.0,1.0,0.0,0.0,0.0,0.0
5PkHvgbauenbNEtaqPKLbWZ8LakbKQXZZ1YBwDrpS4uq,0.0,0.0,0.0,0.0,1.0,0.0,0.0,0.0,0.0
5PwaTp4K18Y7Y4UJo41JS1qN6QBHiNhfwozM1N4aJoM2,0.0,0.0,0.0,0.0,0.0,0.0,1.0,0.0,0.0
5Q544fKrFoe6tsEbD7S8EmxGTJYAKtTVhAW5Q5pge4j1,0.0,0.0,1.0,0.0,0.0,0.0,1.0,1.0,1.0
5R4P792iY1T6vR9oi7kbuKGbqMEjyW81rQxjSa5UMndR,0.0,0.0,0.0,0.0,0.0,0.0,0.0,0.0,1.0
5RJkToJTMXGzJgM5b9zaxiZjPsWER2RXG5pNC2sVRiPb,0.0,0.0,0.0,0.0,0.0,0.0,1.0,0.0,0.0
5RZByAP8AkFEoUvSU1JtrtuKNjYrUDpj9rkFzjinukkS,0.0,1.0,0.0,0.0,0.0,0.0,0.0,0.0,0.0
5Re17wLyFS8wQQN4mVpaWqSTPHfS5fGF4vEWmSVQ5cDE,0.0,0.0,1.0,0.0,0.0,0.0,0.0,0.0,0.0
5Rn95LuPkmQBum6d5gm4oj7VNkmocVeqyv6DBr2Wb5xR,0.0,1.0,0.0,0.0,0.0,0.0,0.0,0.0,0.0
5Rwr97FYMFA5ynmsUXUE9pFAPZwwStjejXW7hz4W7adm,0.0,1.0,0.0,0.0,0.0,0.0,0.0,0.0,0.0
5RyWMLLbkJJFXchih6Ssoxut4EpjdysiaPXbhwcLmBXx,0.0,1.0,0.0,0.0,0.0,0.0,0.0,0.0,0.0
5S3cUy36MGB8Wuj3VG7dCy6UtgkfBLkDpNk8sgwkxaob,0.0,0.0,0.0,0.0,0.0,0.0,1.0,0.0,0.0
5SEGnqyxQHJsTewv5ev9jxEkzv8s2mFgFxco1XJy4mQH,1.0,0.0,0.0,0.0,0.0,0.0,0.0,0.0,0.0
5SPcyA4X1NyVFshcPPwfAFrM7CwKbw9PJNCmLva5sWUi,0.0,0.0,0.0,0.0,0.0,0.0,1.0,0.0,0.0
5SViKj1AkBCiMe2bM6fmgFYp7PnDSAS76h7ddkr9ezSz,0.0,1.0,0.0,0.0,0.0,0.0,0.0,0.0,0.0
5Sx3yVSGdHov8NGn3we34sXe23WkzC5yuazE8rq5qz8E,0.0,0.0,0.0,0.0,1.0,0.0,0.0,0.0,0.0
5T5oHvfW84TrMWhRsNY2NsfFedTaKn96KKQ4iUDe7Ynr,0.0,0.0,0.0,0.0,0.0,0.0,0.0,0.0,1.0
5THCaUK27ukk3VLs9tPyeZaZ1NJt2sfXhFGuGvty8BMo,0.0,1.0,0.0,0.0,0.0,0.0,0.0,0.0,0.0
5TNpWXQVBuTq2MYm92cBc5nVsxw1Gic5PvRYBNHzvLMe,0.0,0.0,0.0,0.0,0.0,0.0,1.0,0.0,0.0
5ThAoeaP6eDnp2yu9cxMg3FusH6qQWKkqCjCEWpjqzsc,0.0,0.0,0.0,0.0,0.0,0.0,0.0,0.0,1.0
5TpzJsDnBDKhve7yfCFgufRpZM1invnW2jMTYkrHaRFo,0.0,1.0,0.0,0.0,0.0,0.0,0.0,0.0,0.0
5TtEuRviNZ8YPHnraHhkbWhzD4bBnKDsDwsw1NsgwYy2,0.0,0.0,0.0,1.0,0.0,0.0,0.0,0.0,0.0
5TuFi3VuCKmvJB7edJiAXQ3bkLT7CiSjdFP9Lz5JUpDH,0.0,0.0,0.0,0.0,0.0,0.0,0.0,0.0,1.0
5UJVuhEy3u7Ldp22rvNXP8g5oCDv4oLWzoRE7U27jyfc,0.0,0.0,0.0,0.0,0.0,0.0,1.0,0.0,0.0
5UPLCJvhi38FgauFrGjqHHXMrG8eunzV7e3FKzQLSXFX,0.0,0.0,0.0,0.0,0.0,0.0,1.0,0.0,0.0
5UQmoVeAXJ2Z8DmwchADhs6PhgTrznZwvyfPd5eB8zyX,0.0,0.0,1.0,0.0,0.0,0.0,0.0,0.0,0.0
5UjTweSfCR7DiC7KDxfpp9UDveDfu7W5ghDXRFiZ3VDJ,0.0,0.0,0.0,0.0,0.0,0.0,1.0,0.0,0.0
5Um4UKWe9VfNoxaL8EK96c9Zd7NyWJqCJcxEnmmMze2E,0.0,0.0,0.0,1.0,0.0,0.0,0.0,0.0,0.0
5Up4MmHXtdVuvGMFskw8WWoTCsdiRfbck372sDSVekMc,0.0,0.0,0.0,0.0,0.0,0.0,0.0,1.0,0.0
5VMQkXpjZ6uLhxfdrzRaJZfF855Cp2jxWyvzEghYNFwK,0.0,0.0,0.0,0.0,1.0,0.0,0.0,0.0,0.0
5VaaGKpGXqxDgMXrcKeBSnp2K36jzFXQjBKFXPTiuAwA,1.0,0.0,0.0,0.0,0.0,0.0,0.0,0.0,0.0
5Vmcp1J6vf1JVP6oPu5bGWaWJxQJ1eK7f43znAehQuGz,0.0,0.0,0.0,0.0,1.0,0.0,0.0,0.0,0.0
5VpYwXUkZyLmnaBDXkVjwuBPBzbht46NCkSFUAP4MC2s,0.0,0.0,0.0,0.0,0.0,0.0,0.0,1.0,0.0
5VtYZoXN26rrBD4dM8f6AznkNnbwhhiiwTViMfy8h8nh,0.0,0.0,0.0,0.0,0.0,0.0,0.0,1.0,0.0
5VwpSxNSKzBVbyXnuzQBFgx2iGvJxoeSYbHYbhm4YkBP,0.0,0.0,0.0,0.0,0.0,0.0,1.0,0.0,0.0
5VyFkykAagt5Uas6UM3XwMwDxh97JZPxHFZRES75X7LP,0.0,0.0,0.0,0.0,0.0,0.0,1.0,0.0,0.0
5VzvpACwBMxGehLaGvPXVgRLe1oteiyxzmAEVf91qozz,0.0,0.0,0.0,0.0,1.0,0.0,0.0,0.0,0.0
5W1pwakYT8nZhK6DZ7YrxdjRV6utrg8VD3xqskVSvoTp,0.0,0.0,0.0,0.0,0.0,0.0,0.0,1.0,0.0
5W4TAAdV95H8s6JWZU1n3emGmutUt6U7F89sUZo3k1Bv,1.0,0.0,0.0,1.0,1.0,0.0,0.0,0.0,0.0
5W9VQoeGgkJ1BSq9YUq9cx5TvhrmVWrEzBJoMnUfaRvd,0.0,0.0,1.0,0.0,0.0,0.0,0.0,0.0,0.0
5We8dWeZGcdLUqMgKkUgLBWJCcnxXvDTqHAN6R4qP5GY,0.0,0.0,0.0,0.0,0.0,0.0,0.0,0.0,1.0
5WghnPH2MjMzmiggZMW5py7oEa3rahiDn51XAJDU9wAc,0.0,0.0,0.0,0.0,1.0,0.0,0.0,0.0,0.0
5Wvdy7Qzz36tpV48qVgdEGzyjcwRZ5YDP57WpUiZx6cq,0.0,0.0,0.0,0.0,0.0,0.0,1.0,0.0,0.0
5X7sXRpQ5ZruFvoChbdDhTVwrR5r7rp8ByBSoihvGFxC,0.0,0.0,0.0,0.0,0.0,0.0,0.0,1.0,0.0
5Xfx7KSohY8MSv1oyybidzhevReXLiqus2dqLJJthAGE,0.0,0.0,0.0,0.0,1.0,0.0,0.0,0.0,0.0
5XjqFFcdTa1FGuboAbSd8CNdeH63YAEGayFRsiGkXbPJ,0.0,0.0,1.0,0.0,0.0,0.0,0.0,0.0,0.0
5XycY4oNHLYNNDLrYdECH27y37jENNRzi1zEZc9c2iAr,0.0,0.0,0.0,0.0,0.0,0.0,0.0,1.0,0.0
5YDmgYkMEQYC1xrDg4ucQnrEkuFFf8xvBNNvLChj4Tex,0.0,0.0,1.0,0.0,0.0,0.0,0.0,0.0,0.0
5YavvcRvLFe1QZfqueWSaVwZTeGjXMCTgKry82GB9XG,0.0,0.0,0.0,0.0,1.0,0.0,0.0,0.0,0.0
5YowpJtqGseLJLZDwpon1X8iJn52Bb6H6XdcoutS2vkM,1.0,0.0,0.0,0.0,0.0,0.0,0.0,0.0,0.0
5YxqQVQz21E4WLQKDbPDqC96Gmsssdb33knxsgFShJa2,0.0,0.0,1.0,0.0,0.0,0.0,0.0,0.0,0.0
5Z8A8BthYZxP9DX6BHcEBNn1vW7yVUsbdNgKtjiAWirK,0.0,0.0,0.0,0.0,1.0,0.0,0.0,0.0,0.0
5ZU7jr9QP31YeRwth8hfBYNL6h2QvJjpQgREGfrmaZx3,0.0,0.0,0.0,1.0,0.0,0.0,0.0,0.0,0.0
5ZUQMrb7d9NKoYE93HKfG4w3RvUbzyJaRtJhPXnJdbNu,0.0,0.0,0.0,0.0,0.0,0.0,0.0,1.0,0.0
5ZeUFLztQu35VjUM3qa2m5NSaPDSxQDUCL88P32c1sgA,0.0,0.0,0.0,1.0,0.0,0.0,0.0,0.0,0.0
5ZjgnbitWmHbinK2pqQ9w52tKoLusJc1t2r1rJv4cb7S,0.0,0.0,0.0,0.0,0.0,0.0,0.0,0.0,1.0
5aC36tLH2zebLcZDnm2B4KFAUp9VzvtNCkRxPf33s6tV,0.0,0.0,0.0,0.0,0.0,0.0,0.0,1.0,0.0
5aDUbcJKbpzaudLKBFo9ZuBjckrkm9tb2RToPBi4nZoP,0.0,0.0,0.0,0.0,0.0,0.0,0.0,0.0,1.0
5aJDmTQfJnqPbs1Qj88QaRF5J4RqB41Hn1eH2JkH9rUR,0.0,0.0,0.0,0.0,1.0,0.0,0.0,0.0,0.0
5aLgDKMR8fUiJywGZngCGbu1Vo3ZEjJkGrT4YySPuu26,0.0,1.0,0.0,0.0,0.0,0.0,0.0,0.0,0.0
5abSzmDdMmkWYtM1KLeabZLwVc83fQn87nwELaQDmSnP,0.0,0.0,0.0,0.0,0.0,0.0,0.0,1.0,0.0
5az9Ey7qXPWpqESMsgJUQa6q86c7uQy2tEM21qETVra1,0.0,0.0,1.0,0.0,0.0,0.0,0.0,0.0,0.0
5bDUMnRjxCcFSe5f15pdi8rxP7w1wz5HtxQdtYvcvcxh,0.0,0.0,0.0,0.0,1.0,0.0,0.0,0.0,0.0
5bEobRCuw83EC4Ai4FKtDcJCshc1yihuh7uV3SRrfBx3,0.0,0.0,0.0,0.0,0.0,0.0,1.0,0.0,0.0
5beHoXSiJJ4bFoPSQPePnuhw8eoDXkHhULR4AJMnstnv,0.0,0.0,0.0,0.0,0.0,0.0,0.0,1.0,0.0
5bk2KTuwZEJp9dC8YmxZBJKe26jZbrDk4TWQbCvJenw9,0.0,0.0,0.0,0.0,0.0,0.0,0.0,0.0,1.0
5c5qaz6ci4nS4LENJH6wE1NCSZQtUrkFtPBcJDmR6nL7,0.0,0.0,0.0,0.0,1.0,0.0,0.0,0.0,0.0
5cDnkffBEX2f3wTuNGq9ejzxoocfKrZ9wYNwMWvVZvaR,0.0,1.0,0.0,0.0,0.0,0.0,0.0,0.0,0.0
5cTUFotU9PXF9zkFKfCC44BRP2mQq3GAQVWYkjcqUixW,0.0,0.0,1.0,0.0,0.0,0.0,0.0,0.0,0.0
5cVZWeoqggfyN37pZkkBwVH4pzxUtvMSEe9bDsoUGYeW,0.0,0.0,1.0,0.0,0.0,0.0,0.0,0.0,0.0
5cdhLP4zEF9xMFVp3cdn4LYhvBqMbHFdR7MVMiJaK6E,0.0,0.0,0.0,0.0,0.0,0.0,0.0,0.0,1.0
5cdvMAFiai9Mug36Uq762i6j67BHXJNm6zja81fSoTpF,0.0,0.0,0.0,0.0,0.0,0.0,0.0,1.0,0.0
5csH788B8DAJ4zTNW2EBcsiQA2wDbTWzpmWdGUu8tApu,0.0,0.0,0.0,0.0,1.0,0.0,0.0,0.0,0.0
5d2Fsu3n2WmauTzs5demRr5PZNkNLkR4BRWZHjv86xVt,0.0,0.0,1.0,0.0,0.0,0.0,0.0,0.0,0.0
5dCq21snzCzshfxRuvcWu7jfcDUD6S7xdSxcxtmTad7D,0.0,0.0,0.0,0.0,1.0,0.0,0.0,0.0,0.0
5e9t3qsVsfxo3f95k6ojZvVSpcRMVrKXzkZiaqhxFeHo,0.0,0.0,1.0,0.0,0.0,0.0,0.0,0.0,0.0
5eGEjRzDfb6FfjH6EkYpAPBS1Nviaz6VWrbkaJdHKE9t,0.0,1.0,0.0,0.0,0.0,0.0,0.0,0.0,0.0
5eSVKSZNm9rtjZ1XuBLoCVdBEr5F35z5ysEZ1TVjL4nt,0.0,1.0,0.0,0.0,0.0,0.0,0.0,0.0,0.0
5eoXBpafmKYibtgKcpeE1qvLzUBCL4vca4zxGwjNVXKo,0.0,0.0,1.0,0.0,0.0,0.0,0.0,0.0,0.0
5eqzjZvjUG4DMcdai5Hiyijfc1L9VshFTy6FWc2sUjpS,0.0,0.0,0.0,0.0,0.0,0.0,0.0,0.0,1.0
5f2pc8U9Q3xcCFK8WGXbi8WDCoy5oom5GdfQPXkWNwvs,0.0,0.0,0.0,0.0,1.0,0.0,0.0,0.0,0.0
5fEDPQP1uvzM2Z7DARWjwn44cT8Sid4vjWUH2wMXFKob,0.0,0.0,0.0,0.0,0.0,0.0,1.0,0.0,0.0
5fZQazS75TMZBdzMmfcRTq6UGG4yHhf8pFSAwaH7VUZB,1.0,0.0,0.0,0.0,0.0,0.0,0.0,0.0,0.0
5fgLgPkS6d1sLc2XpLFJKp5NVRJAxy9iFwzTcaygb6je,0.0,0.0,0.0,0.0,0.0,0.0,1.0,0.0,0.0
5fgxh55VnmjRNNDsuAT6K8Kgm9C8tKoKfcXwCfsxXh1S,0.0,0.0,0.0,0.0,0.0,0.0,0.0,1.0,0.0
5fmykYmfzfCgXtTMi2dySjHnyzxG7ShyrvumJTw22ez6,0.0,0.0,0.0,0.0,0.0,0.0,0.0,1.0,0.0
5foV2uqEf7dWPP645K28zGq2xsaGBjVJ2wNSeL1LpfbV,0.0,0.0,0.0,0.0,1.0,0.0,0.0,0.0,0.0
5fsZfjxTf5tmLuAobzzhkk2QXdtBEab9JMYahkDH3LWT,0.0,0.0,0.0,0.0,0.0,0.0,0.0,1.0,0.0
5fzG7b2hJw6r5jDE3gB8FvreBNPivUvXqDaj5NHx3W43,0.0,0.0,0.0,0.0,0.0,0.0,0.0,0.0,1.0
5gUqWSFk8zSF8Cns8EDAahKdDCGgQUNtriagMUV9yL3f,0.0,1.0,0.0,0.0,0.0,0.0,0.0,0.0,0.0
5h6CN4B6Zkct7yisdseN8LJSoh7QWrTkjPy2YVhkWdyW,0.0,0.0,1.0,0.0,0.0,0.0,0.0,0.0,0.0
5h8oCXmVYk5J7y1umqjnrnAdxi1DPouBEf4Nno65SRqB,0.0,0.0,0.0,0.0,0.0,0.0,0.0,1.0,0.0
5hGuA6EuywZaGWTKeoQYA36pwxnQ71EaDvcNZvzfCbff,0.0,0.0,0.0,0.0,0.0,0.0,0.0,0.0,1.0
5haqybPg8BewabkqqzRydWmLk2ZpZnx75i9ChCnErFsT,0.0,0.0,0.0,0.0,1.0,0.0,0.0,0.0,0.0
5hi7PNT2E9GPnzAafVKTnjKxjyyAiRL1R3ymtDtUL7Fp,0.0,1.0,0.0,0.0,0.0,0.0,0.0,0.0,0.0
5hr131V3nhEeGFo5TCrCdsMDij53mGfHJVY9HkpYgCRi,0.0,0.0,0.0,0.0,0.0,0.0,0.0,1.0,0.0
5hrJadR38SJu3AzoRu9Bgk2n6C9a8F7REXPrat1zXxwY,1.0,0.0,0.0,0.0,0.0,0.0,0.0,0.0,0.0
5hsgaNzovd3evi8zB3Ba7fy45tcBsvAKZEByfMvfyy1r,1.0,0.0,0.0,0.0,0.0,0.0,0.0,0.0,0.0
5i22F29CPoM5167N1YEMctfEL4Nbkks7Mqt1KyZkjGFz,0.0,0.0,0.0,0.0,1.0,0.0,0.0,0.0,0.0
5iZc6BiYXeSVTX5YTJHUrLw5DNWveC1b8r2KwjpHusU9,0.0,0.0,0.0,1.0,0.0,0.0,0.0,0.0,0.0
5icW59mYwG6VgAFFS5RyeEku9BsCgc1pzVBuKN6Kqis9,0.0,0.0,0.0,0.0,0.0,0.0,0.0,0.0,1.0
5ijKgKT2ZM7budbDLwxuo8t1fAjLkRGfofA76yEPkhQ1,0.0,0.0,0.0,0.0,1.0,0.0,0.0,0.0,0.0
5isS9VtHAEAGcnt7HdkB6UqCm6oPE6rV1i85G35Kavhr,0.0,1.0,0.0,0.0,0.0,0.0,0.0,0.0,0.0
5iyhSW3b1ZZkPBWs7LH6zupHxzjCXSwvCygmUbgr3Rah,0.0,1.0,0.0,0.0,0.0,0.0,0.0,0.0,0.0
5iyyX7fYJzZvjEkMkCWpgXG5p6uGBkvMuBWxfghZNUKr,0.0,0.0,0.0,0.0,1.0,0.0,0.0,0.0,0.0
5j5rX4qVwWd6hxDSCqXQ4SxKX1EXrchPny7KHSKA3g11,0.0,0.0,0.0,1.0,0.0,0.0,0.0,0.0,0.0
5jHomQAwLGAQFiysPRNdsYyYmgomufg1rcRRnH8azq99,0.0,0.0,1.0,0.0,0.0,0.0,0.0,0.0,0.0
5johFELiSYYuR1PsAKmVSoa5iiknjqoEbCsmTSGQGatZ,0.0,0.0,0.0,0.0,0.0,0.0,0.0,0.0,1.0
5jxYAaLeNWmP5bxouM4H5aPbUhWkxdYXdJmVAhfr8Fjp,0.0,0.0,0.0,1.0,0.0,0.0,0.0,0.0,0.0
5k2TDssXi9vKhCprHA4FHRdzsEbhXSmw2hdkGRZ8FEAL,0.0,0.0,1.0,0.0,0.0,0.0,0.0,0.0,0.0
5kWhA92jh8YbkH9i7ygAc6zFJfubsRyhhMsGA4LWW4Jo,0.0,0.0,0.0,0.0,0.0,0.0,1.0,0.0,0.0
5mRwJ1q4Q9Zr1a56ZEKwu3TiWuZ1QxJVr72RmCc2Uq1n,1.0,0.0,0.0,0.0,0.0,0.0,0.0,0.0,0.0
5mSGb4CCxWc6iqtpkmTbqvkhJW6vfEM6YtNU2P9pU4Lp,0.0,0.0,0.0,0.0,0.0,0.0,1.0,0.0,0.0
5mT9KMudMj5JBX1ZyiUqQaRCg1A5PeRcJMRBnZoN6pTp,0.0,1.0,0.0,0.0,0.0,0.0,0.0,0.0,0.0
5mfYXpZAymJthQhQZX8f2sa6pj1ujgqFdjrBCvSc3yuw,0.0,0.0,0.0,0.0,0.0,0.0,1.0,0.0,0.0
5mjtU4s3G4gKW4vHFPcDjPUK38afaPHJyvDWE9DESdWp,0.0,1.0,0.0,0.0,0.0,0.0,0.0,0.0,0.0
5mk1ZHiGfRJFKh1WFbDkwYvcjQQmPKeGX6U3iEmDDWYd,1.0,0.0,0.0,0.0,0.0,0.0,0.0,0.0,0.0
5n2oHxozf2SZcH48ihRNfCumAEyZRxq4oA3eXAxUVn4U,0.0,0.0,0.0,1.0,0.0,0.0,0.0,0.0,0.0
5n2umv17r7Yphdnm3TWW7PHQwcWahPWdoxoUSK9YF4C4,1.0,0.0,0.0,0.0,1.0,0.0,0.0,0.0,0.0
5nZMXUxkmfKpK7mPbXLVxRn7sidKKUz3Xc4KgXdMbeYj,0.0,0.0,1.0,0.0,0.0,0.0,0.0,0.0,0.0
5nh4tmABxsoJ2C88ttqF8S3KPEtefQFD5pnZ2i1HnBBa,0.0,0.0,0.0,0.0,1.0,0.0,0.0,0.0,0.0
5niysgHXFoa8apmrgeBNRXJ6yPiz4WnMnVnAobUXoaMh,0.0,0.0,0.0,0.0,0.0,0.0,0.0,0.0,1.0
5nog47XpWUmBgaZcLsL3sxPsmPCEAPoG4nYWx23gDUCi,0.0,0.0,0.0,0.0,1.0,0.0,0.0,0.0,0.0
5oCAhvTsJebk5u96vQSXxELeV1JVHyKLrsNud5ggnkaq,0.0,0.0,0.0,1.0,0.0,0.0,0.0,0.0,0.0
5odC8uy8Nxtisdkst4mH4QP5jiSfZRjj22viU8NjbqYq,0.0,0.0,0.0,0.0,1.0,0.0,0.0,0.0,0.0
5ojPeVtkyyeNc9osDykaqGtguCbEun6VFhEVNz7QE9w2,0.0,0.0,0.0,0.0,1.0,0.0,0.0,0.0,0.0
5ouNtwtKRhbyYMoXpfUAdUxV5MJEfcAdnSKmUDY6dGV8,0.0,0.0,0.0,0.0,0.0,0.0,1.0,0.0,0.0
5oyPTdcVHbLN91TeLQdaFffC1FiRrgHjjQ5ibYdijAGD,0.0,1.0,0.0,0.0,0.0,0.0,0.0,0.0,0.0
5p2ahyGCJkBUCYHwH2UJNVAP1vmoeu6qoyyoPaktdz7D,0.0,0.0,0.0,1.0,0.0,0.0,0.0,0.0,0.0
5pNHP281J4X1pJgkFs6F2HaTnT6ggM65wLQ3CKNNQCwb,0.0,0.0,0.0,0.0,0.0,0.0,1.0,0.0,0.0
5pULcj7Hrg78XJCgxC2XotUD9B32an1jshhBocuM4D7F,0.0,0.0,0.0,0.0,1.0,0.0,0.0,0.0,0.0
5pWMKPxQHcAP1xYLATGq1fmGCSVgwDj6ej6oNm8zMz65,0.0,0.0,0.0,0.0,1.0,0.0,0.0,0.0,0.0
5pXNjKJyNReNznrEsXX65AXYXs7bK87DawEpgGbQVDNH,0.0,0.0,1.0,0.0,0.0,0.0,0.0,0.0,0.0
5pkr71RysHYT8CrKBAijXUWE87U6QHg5Lkde1e7ZbrdM,0.0,0.0,0.0,0.0,1.0,0.0,0.0,0.0,0.0
5qKKSecZZQkrrSg5LwpfZzBoB62FCQuK9FSCec74F1tW,0.0,0.0,0.0,0.0,0.0,0.0,0.0,1.0,0.0
5qXCd6ug2wVwRkdVXYG9MogXbcE9fvY8zYpqbRFrog4W,0.0,0.0,1.0,0.0,0.0,0.0,0.0,0.0,0.0
5qqCSd6pU31wAutWSVQbEfnYwisMmwt78UGdvFEyK5wN,0.0,1.0,0.0,0.0,0.0,0.0,0.0,0.0,0.0
5qui7tuYjjJ4oEa6NpTD9sQitbRGwgJTGmiiFdMqbQw1,0.0,0.0,1.0,0.0,0.0,0.0,0.0,0.0,0.0
5rJKZZMV1a5Qx9PHHVvU5GNhrrjnuv3z3JY9ZvbegbkM,0.0,0.0,1.0,0.0,0.0,0.0,0.0,0.0,0.0
5rNec9RDyjGCFjayKXazRg9CCoq1cqZJKCD42MA3uHdk,0.0,0.0,0.0,0.0,1.0,0.0,0.0,0.0,0.0
5rV11BdXy2f8tJZXGbMpPP1SedMjhHLMmSzPpVk4acYk,0.0,0.0,1.0,0.0,0.0,0.0,0.0,0.0,0.0
5rVVZDL6dXfT1jJLsHBRonyA2ExVYQTxnyuhNf4VLLSA,0.0,0.0,0.0,0.0,0.0,0.0,1.0,0.0,0.0
5rdGFWVcf2JVyMEyN6Eq42sEotJFNMFrAHD6QvoY5Jwb,0.0,1.0,0.0,0.0,0.0,0.0,0.0,0.0,0.0
5rmASpPqxxBG97a4bhFK7kLRqvSW8RfFgRfCFmEWSGTx,0.0,0.0,0.0,1.0,0.0,0.0,0.0,0.0,0.0
5ryTUEJZYzGHtA8946sEom5MRDMkfPPVQrQqrYR7etGP,0.0,0.0,0.0,0.0,0.0,0.0,0.0,1.0,0.0
5rztuZDh4hbr6eea1R7sbtgvAMipuvJjqeDp8s93PZjr,0.0,0.0,0.0,1.0,0.0,0.0,0.0,0.0,0.0
5ssFVrEStheoQLpSTVTuWP4is68JQEsrjfy1GFti6s9B,0.0,0.0,0.0,0.0,0.0,0.0,0.0,0.0,1.0
5sst28KAsvevmQc4poKj26gzAo4xPbD6HsDZRatZA2sH,0.0,0.0,0.0,0.0,0.0,0.0,0.0,0.0,1.0
5stwRqtQpDRYEJmT9NhdhgYBCgPvpUHUFksutRx1xofF,0.0,1.0,0.0,0.0,0.0,0.0,0.0,0.0,0.0
5t58h7d1ZhBWm7Q2WKbQdWuhVomHXybJ2BpPRLmAMY2V,0.0,0.0,0.0,1.0,0.0,0.0,0.0,0.0,0.0
5t7LEebE2MdCo9DbhP2sv6vi2dM2BCNvQb1XHG8Dbv71,0.0,0.0,0.0,1.0,0.0,0.0,0.0,0.0,0.0
5t7WHxJTQ2t2XU44zztUWNa2FMfme99M5fA4ND2oUxNp,1.0,0.0,0.0,0.0,0.0,0.0,0.0,0.0,0.0
5tNHm14Nt5g1NS4YxvHGwwhdrTLmL1RU2itNpGt9snD,0.0,0.0,0.0,0.0,0.0,0.0,0.0,1.0,0.0
5tb5aF1Uj4Vt2ByjXTt3vxXgmjVf3Bk9iDee8uq52E8u,1.0,0.0,0.0,0.0,0.0,0.0,0.0,0.0,0.0
5tcCNCyM3M3urnVBU2VwKDBCMTDGhVwB994BcJriQ5TP,0.0,0.0,0.0,1.0,0.0,0.0,0.0,0.0,0.0
5tfU1JZC8V9ktVGhAU6zzyda1iurDWF7UKG6QvrNqXbU,0.0,0.0,0.0,0.0,0.0,0.0,1.0,0.0,0.0
5trYMSyyY6dHTEQyBy5wMkACqomADMQygghoo4jEWav9,1.0,0.0,0.0,0.0,0.0,0.0,0.0,0.0,0.0
5trZ3Eaptn6uSFkXQcuRsG1uf2mL8s1EosHKcZh65qhM,0.0,0.0,0.0,0.0,0.0,0.0,1.0,0.0,0.0
5tvu8W3KdhbMPfDq75WC3Zu4PvHUamUqUAxVbnrxZRKR,0.0,0.0,0.0,0.0,0.0,0.0,0.0,0.0,1.0
5u7rz9V9kpDh57F5xXn2d8gLv6ddfJmPQvF6wHqB1goJ,0.0,1.0,0.0,0.0,0.0,0.0,0.0,0.0,0.0
5uGcf1iazDkSpXya43gM4vDNkGRGQdScn9vihXwpg7Vc,0.0,0.0,0.0,0.0,0.0,0.0,1.0,0.0,0.0
5unjh58N6V1qZGMzFjugAaYrzCkt9X1BAj5ftzeZDdcn,1.0,0.0,0.0,0.0,0.0,0.0,0.0,0.0,0.0
5utHJXUeAHGYV4ZmkjMyvv1tTzoji33JnttRKEHp2dpg,0.0,1.0,0.0,0.0,0.0,0.0,0.0,0.0,0.0
5vF6s9PGY6dUXiJFKiCfArVaTRHgybFM6RDpaCEeACpo,1.0,0.0,0.0,0.0,0.0,0.0,0.0,0.0,0.0
5vLijXmqzSCEyLTmkJKvnojbTmRjrLVWXmvG4t7j63X4,1.0,0.0,0.0,0.0,0.0,0.0,0.0,0.0,0.0
5vPH3ET8xbndWXPRFgLRnKjb4vMZjX11yiJKfnVnkdcC,0.0,1.0,0.0,0.0,0.0,0.0,0.0,0.0,0.0
5vi9Q3o6AxWdmucuZzwaD1aHfSLhQBr6pothJfUpkhZk,0.0,0.0,0.0,0.0,0.0,0.0,0.0,0.0,1.0
5w2oS9HqjFejS6Dq5B28Byjg2Dpiq4w3ymnbF17RSnfp,0.0,0.0,0.0,0.0,0.0,0.0,1.0,0.0,0.0
5wVmLRqrxdBkfFwxoM6PF1EUv1Uj8hs65SBuq1nhQXL9,0.0,0.0,0.0,0.0,0.0,0.0,0.0,1.0,0.0
5witq4FeNgifvSV6okKoHj6X24SkpfK48Wq2GpwN5Kxy,0.0,0.0,0.0,1.0,0.0,0.0,0.0,0.0,0.0
5x4mL4XRbUU8S25asbgCtbF1Cf1fPKw2sA9pZanUDk8C,0.0,0.0,0.0,0.0,0.0,0.0,0.0,1.0,0.0
5x8P2cKZcgRXMxVjqhYe3R9jT7fN49FK4zwv3796uckA,0.0,0.0,0.0,0.0,0.0,0.0,0.0,0.0,1.0
5xxscZXbyLUfnTvKDE55dU2W9Z3H6Q2JqWEqdYdW8Xcr,0.0,0.0,0.0,0.0,0.0,0.0,0.0,1.0,0.0
5xzQ6vQrCUL53CjpieJWd9BpbZ3srFKRwRKCsQDzEtqk,0.0,1.0,0.0,0.0,0.0,0.0,0.0,0.0,0.0
5yAVV8fXjhiS7wYrKK1MkRWAgPhUEbXSRtxziZzifLMc,0.0,0.0,0.0,0.0,0.0,0.0,1.0,0.0,0.0
5yKqiXDpGaAG5VNYC5N6MrSiuPkyLKeVeCJ1YHtcME2B,0.0,0.0,0.0,0.0,1.0,0.0,0.0,0.0,0.0
5yR1AL54MLQXNDcwv6SvruP5HA7fy71d59TXJUhderbL,0.0,0.0,0.0,0.0,0.0,0.0,1.0,0.0,0.0
5yVEKieYqLVpb7jm811vhzSJu1vCeDjeQCqBaskRfiWf,0.0,0.0,0.0,0.0,0.0,0.0,0.0,1.0,0.0
5yYLimamiUgdQ5f3YmetaW4XVfpz793Nnz22pMsxSULG,0.0,0.0,0.0,0.0,0.0,0.0,0.0,1.0,0.0
5ysxeNNJ6yCuz5UM5WDqCv7xUNexuQPoMB35FoX3RZVM,0.0,0.0,0.0,0.0,0.0,0.0,0.0,1.0,0.0
5z5uNjyqBv3dDC4HoVGS9j44ZXeUUaYFEVGVypdZTvm1,0.0,0.0,0.0,1.0,0.0,0.0,0.0,0.0,0.0
5zEd3Bxgrb7YiVau9JM9YAXj7tiXCLRGRhPoqzfqnZ1d,0.0,0.0,0.0,0.0,0.0,0.0,1.0,0.0,0.0
5zoUHHWLVspHQpHgRfQ1Gjy8FtmoxDph5xUaX6XzRh9a,0.0,0.0,0.0,0.0,1.0,0.0,0.0,0.0,0.0
5zsak61FmocEm86f4H7MTqnL5G9YQFAMt7PwEWb3rmrq,0.0,0.0,0.0,0.0,0.0,0.0,0.0,1.0,0.0
61GM9JoR9yUd3pgbN1GL7V2UM8w7bEUAtNsQZjbT5Ew4,1.0,0.0,0.0,0.0,0.0,0.0,0.0,0.0,0.0
61e5yeevgRy1kyTBSFPD7e6gqJJ1kS7viYQ5aB4dDvq3,0.0,0.0,0.0,0.0,1.0,0.0,0.0,0.0,0.0
61hnZ34es12fvfEny7Kz7dNjSw7PHXbMVQx7EQXwng39,0.0,0.0,0.0,0.0,0.0,0.0,0.0,0.0,1.0
61uQfvmxvJbR9jTNkZhmr9cwWdrWmW65zogrEbGHMf2A,0.0,0.0,0.0,1.0,0.0,0.0,0.0,0.0,0.0
621M6Pqyfjmwhr3yeHVCfHNGCJafFXMhdVh5Nt1PZq2D,1.0,0.0,0.0,0.0,0.0,0.0,0.0,0.0,0.0
62AnA8JDk2qoy6g9dzmaQAAMyrgRqMcWYBSG6gNayDac,0.0,0.0,0.0,0.0,0.0,0.0,0.0,1.0,0.0
62PeoAYU5uWY2JQbxQ7i1VvmVQQM1aQjXvCUGZrxcFM4,0.0,0.0,1.0,0.0,0.0,0.0,0.0,0.0,0.0
62XWHfqKU63dKg1C4rCFptWyGtz6k3bNt59nnbYfMrUd,0.0,0.0,0.0,0.0,0.0,0.0,0.0,0.0,1.0
62f8hfB6Ct7CJYxxLzQZK4YtpxQgXb1veLNxNiJqC8GL,0.0,0.0,0.0,0.0,0.0,0.0,0.0,1.0,0.0
63841r9aC58rtye95dxT1mqoCdGSTJG1z7YGAXRxYGby,0.0,0.0,0.0,0.0,0.0,0.0,0.0,0.0,1.0
63B2EJX1ebQqE6F21bf3wKLFkKvE4C4vJ27GkDDCcUP8,0.0,0.0,0.0,0.0,1.0,0.0,0.0,0.0,0.0
63GzoPmACyhcsr3XiL5VALhqHy8NasTWRzdbJUFtNiMi,0.0,0.0,0.0,0.0,0.0,0.0,1.0,0.0,0.0
63NSHXP7tWAMvr4qkGHBVwiUuwZoWrjFt78q3vM8XXf6,0.0,1.0,0.0,0.0,0.0,0.0,0.0,0.0,0.0
63NoZJqBvauKs8YUakDgzbnYDfPChVMpQn8xx1dpN3o2,0.0,0.0,0.0,0.0,0.0,0.0,1.0,0.0,0.0
63mS2RJ9hw5niuMY1ttV4i2PqEU9NNPZtYEPrUwzGuS7,0.0,0.0,0.0,0.0,0.0,0.0,0.0,1.0,0.0
64CRPcZ8XaeydRvykUHhuiQBiKGKnT5tazyyZ8wMxJij,0.0,0.0,0.0,0.0,1.0,0.0,0.0,0.0,0.0
64deABFSmmBnTGwwKk8oys2PoyZVUkXJNvLnzLfNSfPD,0.0,0.0,0.0,0.0,0.0,0.0,0.0,1.0,0.0
64jv65ew3t4W59F2hbkkkCYdU4gFno7nhMiJAmViMvik,0.0,1.0,0.0,0.0,0.0,0.0,0.0,0.0,0.0
64mJRyNgovVh68TSJCkVK1RSmNdVKhbGzDkEnJQZFaeG,0.0,0.0,0.0,0.0,0.0,0.0,1.0,0.0,0.0
655dy6ZZZo3bYzkDjiYDuvi7nNihZYHsM933bSSdzYjK,0.0,0.0,0.0,0.0,0.0,0.0,0.0,1.0,0.0
65CrYsyfJ3fLh9eS7cptTo5Xj1MJuq5bwmqakgduDFS4,0.0,0.0,0.0,0.0,0.0,0.0,1.0,0.0,0.0
65MwXNcDsu3wN7jFgEqzcuU6hnuDqxCiXFJeAyp66EE9,0.0,0.0,0.0,0.0,0.0,0.0,0.0,1.0,0.0
65XBze9NkN78zU3J2Sh8m5HCVNDq7ySV3sfADk7bVraH,1.0,0.0,0.0,0.0,0.0,0.0,0.0,0.0,0.0
65gLv6RchjGGybuzSMhwnY7nhd9F3ZMQG7EPgArvsB4j,0.0,0.0,0.0,0.0,0.0,0.0,0.0,1.0,0.0
65gmnjB6RxLuwEXsMbHVoWTFg7Nxg4XGHMv4TffZeh8D,0.0,0.0,0.0,0.0,1.0,0.0,0.0,0.0,0.0
65mgHWkDxv9pZGpCd39GMRxZwWg3tPbbwRw5s3xnAxxg,0.0,1.0,0.0,0.0,0.0,0.0,0.0,0.0,0.0
65nmMrx8eYeAkEQaiircrrcizf53J3niS4f8n5rmm6hG,0.0,0.0,0.0,0.0,0.0,0.0,0.0,1.0,0.0
65xAzKozVfk6cHkVWAd4BsoBpP8BHRBgFR4vXZjRUbGh,0.0,0.0,0.0,0.0,0.0,0.0,0.0,1.0,0.0
65zi7aWaXqcvTaL5JwXdh6HhnZsRA2vgo6pppBvGAApx,0.0,0.0,0.0,0.0,0.0,0.0,0.0,1.0,0.0
664LguR7uirYTgm6cudkxPsfC7mqELaxTUacpYTpV8LL,0.0,0.0,0.0,0.0,1.0,0.0,0.0,0.0,0.0
66J8p2PQMR53xqUx9JFaNmAz6HdwiDvhjLdAFGSzNCnf,0.0,1.0,0.0,0.0,0.0,0.0,0.0,0.0,0.0
66MibzdT4v43PvJtyw4pSNCegfS5fuw5nszKMxnnEt6D,0.0,0.0,0.0,0.0,0.0,0.0,0.0,1.0,0.0
66XByihN84Gt7gpvpRHr6N1rjTYesWyRM5tniytLhBEv,0.0,0.0,0.0,0.0,0.0,0.0,0.0,1.0,0.0
66egCDuBQJTWg28UGytFQhEgjdXVZjJ4NtaEnSr1VeQo,0.0,1.0,0.0,0.0,0.0,0.0,0.0,0.0,0.0
67UoxxhyZsmiaZMrh1RwVerKRmBWyuY8eZU8h5aUZ6AK,0.0,0.0,0.0,0.0,1.0,0.0,0.0,0.0,0.0
67ZvfAjJCqkxCxLKq4NwDbu3BkfphAYk2TzfDfmkhGGN,0.0,0.0,0.0,0.0,1.0,0.0,0.0,0.0,0.0
67b818bXow5UhrAn5c9Mpwp4AX1VLzM6DmbT5acs8uRb,0.0,1.0,0.0,0.0,0.0,0.0,0.0,0.0,0.0
67btYL3KUmcYJg5hvcGH3ev5Y6KZxU449HmNX9Kd3ip4,0.0,0.0,0.0,0.0,0.0,0.0,0.0,1.0,0.0
67obqystscoX59HHghrKdoWGnWqc4rZrrmhe8SddbNan,0.0,0.0,0.0,0.0,0.0,0.0,0.0,0.0,1.0
67sbkY5jYJWJ26QjqpPNf9uB2N97Af6MSA4jKM5jRe6Z,0.0,0.0,1.0,0.0,0.0,0.0,0.0,0.0,0.0
681Xp5P17MoFiQp4irSLDpCuTFpipyqUxT3W7YACeAp,0.0,0.0,0.0,0.0,0.0,0.0,1.0,0.0,0.0
68C5jHT78tZWCnAEJDVc4KkteRUqUEuXDB4WjR5G2Kps,0.0,1.0,0.0,0.0,0.0,0.0,0.0,0.0,0.0
68D5ec4Dr7i3T2m7hDpmJ2SZ6qGw2zB4dv32dCx9YGmx,0.0,0.0,0.0,0.0,0.0,0.0,0.0,1.0,0.0
68SZvyASwNV3HMtrwVfh8rjrTTg5qra9UEgyWQDUv22p,0.0,1.0,0.0,0.0,0.0,0.0,0.0,0.0,0.0
68UmihAjkWUcJ333TynMkKbPKthhTzYt7Gy65o1PsWLp,0.0,0.0,0.0,0.0,0.0,1.0,0.0,0.0,0.0
68e4f8QTz2bzYewLekKy8xJ3WPy2dRv3BvKJEzNECfQa,0.0,0.0,0.0,0.0,0.0,0.0,1.0,0.0,0.0
68gNtB57dgxr1zCgugnG8RjnXnUX7D2XnYufW1RGQJMk,0.0,0.0,1.0,0.0,0.0,0.0,0.0,0.0,0.0
68kkHYk3FziZc8NWkGz9qFG7k32jocZM8oQaRDZaa9tM,0.0,0.0,0.0,0.0,0.0,0.0,1.0,0.0,0.0
68vUkB5LkxCJBdVkdtJLVknmtS5CupQibpYnukR8Cbxy,0.0,1.0,0.0,0.0,0.0,0.0,0.0,0.0,0.0
69LF5n8TohuxcgCsxsvgWsgPqByVQvviNqptcEapeLhd,0.0,0.0,0.0,0.0,0.0,0.0,1.0,0.0,0.0
69VgE1vAXCaGSCE52ayhxgYbcPQwqi676JYBAJKqQq7K,0.0,0.0,0.0,0.0,1.0,0.0,0.0,0.0,0.0
69jjyazTweSzyeQwbaju3naKABTfiNBgu1upHQbgfjjH,0.0,0.0,0.0,0.0,0.0,0.0,1.0,0.0,0.0
6A2HV5fLtP7xc281yAa5DMjzgipFLxKAmdcpkFC8wcXv,0.0,0.0,0.0,0.0,0.0,0.0,0.0,0.0,1.0
6A6PqLjwi7ATiSeFsMoEgqJbRDjnzecRNdm7sufWbEkr,0.0,0.0,0.0,0.0,1.0,0.0,0.0,0.0,0.0
6A6x2x5uu32uvJRJyXmiYN2XBgrjRQ2idwcEn73cn6Ln,0.0,0.0,0.0,0.0,0.0,0.0,0.0,0.0,1.0
6AUm5mmGpkAE7bWmhQtzAJFNd2tNiDEsUG1Qs8DJBcbd,0.0,0.0,0.0,0.0,0.0,0.0,1.0,0.0,0.0
6AUrnbPGFNYCXoiik8gMKZpMm5MEokzLu6oaj1wobLQq,0.0,0.0,0.0,0.0,1.0,0.0,0.0,0.0,0.0
6AadypEndSBbAjUJRYQzyUgUwaX2W5CzbsPiyENtFoa7,0.0,0.0,0.0,0.0,0.0,0.0,0.0,1.0,0.0
6AwGKxfjdRc1Gb56SG1k9VCaX6vHbcdLAdwCufssQNC9,0.0,0.0,0.0,0.0,0.0,0.0,0.0,0.0,1.0
6BEwtSoZZaaQHm2BSeUtTCjk1C3NFUBAcWYUGuEW44J1,0.0,0.0,1.0,0.0,0.0,0.0,0.0,0.0,0.0
6BhsXZfjRc9Fhz4P2D6KXn1fCVdZWoAfk44sbjsAHkMo,0.0,0.0,0.0,0.0,0.0,0.0,0.0,1.0,0.0
6BrC6EH4yNvMiBjnTnWoRm3z5yLZKNy3QMTi4353xHno,0.0,0.0,0.0,0.0,0.0,0.0,1.0,0.0,0.0
6BsULBVNZcbZ7APLciynBMoJXcWsnG2LSShxrQtkeYbB,0.0,0.0,0.0,0.0,0.0,0.0,0.0,0.0,1.0
6ByYp3k2RKqMV2wuDUBK3QZzzXuyrKj472LYKiNHk3G,0.0,0.0,0.0,0.0,0.0,0.0,1.0,0.0,0.0
6C7xG3DCBzCabCeerh5boxAZWqsx14KNa5BUhZWNW56q,1.0,0.0,0.0,0.0,0.0,0.0,0.0,0.0,0.0
6CPt4zLZkBtn3jdpjqdnBRoiaq2KgmKTDPLhPxa7sBvc,0.0,1.0,0.0,0.0,0.0,0.0,0.0,0.0,0.0
6CVAs9oR4azZQwvWsaWrgk7HN5VNRs4d5ErNbC6mbLAu,0.0,0.0,0.0,0.0,0.0,0.0,1.0,0.0,0.0
6Cfc3Tshf3arxiyuTtpT9hKkPjLJB77p1sbibfiGis3v,0.0,1.0,0.0,0.0,0.0,0.0,0.0,0.0,0.0
6CiWUZr1qzurah6p17CqdwTqjMXviRqXcmZZ5LGpZpuE,0.0,1.0,0.0,0.0,0.0,0.0,0.0,0.0,0.0
6Ct4ZWBt8WeVngm8FhU2CtV2YPSjjtdD33XTQ3WVnVeP,0.0,0.0,0.0,1.0,0.0,0.0,0.0,0.0,0.0
6CxLREB6VbQarG9LgorHuJTTb8xZLHpBqrQPGHUkb4J1,0.0,0.0,1.0,0.0,0.0,0.0,0.0,1.0,0.0
6D3avW8KWdWzdCLNPh3Ge6Gke2yeddP4mMTECVvxgCt6,0.0,0.0,0.0,0.0,1.0,0.0,0.0,0.0,0.0
6D5w96RfKw52y3qY5XkY3XUqK8SzcTY4VaR5yzwLASDe,0.0,0.0,0.0,0.0,1.0,0.0,0.0,0.0,0.0
6DAzDYZrqr9R86bTq7bhXUco2ZXunWMz7JJ3znrzP57M,0.0,0.0,0.0,0.0,0.0,0.0,0.0,1.0,0.0
6DELzfautvNpGfZ9jRV9c2oKSxgbZH91cfP9nJC7iSBk,0.0,1.0,0.0,0.0,0.0,0.0,0.0,0.0,0.0
6DFgQYJXxteqzC37fAKGFb6zXYbZnh473jyefV6eF9Y5,0.0,0.0,0.0,0.0,0.0,0.0,0.0,1.0,0.0
6DNawnaV2PuNSVw638HYQrM9gPHKEXAb2bwgWH73Li3o,0.0,0.0,1.0,0.0,0.0,0.0,0.0,0.0,0.0
6DUo5t3QiDe64LPGP52szQ3W4oUzVwNFHXkFtQbFLv53,0.0,1.0,0.0,0.0,0.0,0.0,0.0,0.0,0.0
6DbDjHJkj4mrfhf94hZrrWYsZhyG4kER1aLxYgbaRhL4,0.0,0.0,0.0,0.0,1.0,0.0,0.0,0.0,0.0
6DjierhxYnXUAnsTfMrbpuDSa2nwAXzMC3SMZN2rmRjy,0.0,0.0,0.0,0.0,1.0,0.0,0.0,0.0,0.0
6DtshQKELAMqtAXzmxrSZm2FwteeqXXnCY1tv6rqhBAU,0.0,0.0,0.0,0.0,0.0,0.0,1.0,0.0,0.0
6EK49J5Yj2857DxMPSCuwPNJG9VKZRBAj1thnjhWW6Zt,0.0,0.0,1.0,0.0,0.0,0.0,0.0,0.0,0.0
6Eu5ms6QrQK2iRYsJHgXeyiYKawF7yT2N5DBhLjzYyRB,0.0,0.0,0.0,0.0,0.0,0.0,0.0,0.0,1.0
6Fm7KC6rkj3G2F7s7VTmmg9kYsmyw6VrZtuF174oDZ6T,0.0,0.0,0.0,0.0,0.0,0.0,0.0,1.0,0.0
6FqfR6GGRp28Q2Ps4VCUEfvHkHJnGZxEwoEp53iN8Fbq,0.0,0.0,0.0,0.0,1.0,0.0,0.0,0.0,0.0
6GErhbg6q9nqzDDoMVwWXogkthp3izH3XwZYDSBZ7MHw,0.0,1.0,0.0,0.0,0.0,0.0,0.0,0.0,0.0
6GG6FComh88WHA3Ec1HqyckvjEX3EZ831aZpKQ8dY7cu,0.0,1.0,0.0,0.0,0.0,0.0,0.0,0.0,0.0
6GVaWmg4U7fAzyug594onEAp85F5ha1RUji2kK7JGuf5,0.0,1.0,0.0,0.0,0.0,0.0,0.0,0.0,0.0
6GaNf7XCYjpbnhvZa1NjMXcZTAGbw5n38vewugsshmmU,0.0,0.0,0.0,0.0,0.0,0.0,0.0,0.0,1.0
6GbWbse2pqzfd2kwm7zoS2yujph4F9s9prywCn9fiG4Z,0.0,0.0,0.0,0.0,0.0,0.0,0.0,0.0,1.0
6GgSmwNt1FVzCMprqu3TJ4Mfb4Yk6YXLhUNV8PwWcYh4,0.0,0.0,0.0,0.0,1.0,0.0,0.0,0.0,0.0
6Gusdh6PdNme8eGW3DuYgcL6Lk41pKTYnz1Qd1tHstfB,0.0,0.0,0.0,0.0,1.0,0.0,0.0,0.0,0.0
6HeKnmc7T2PerKtFrMCgjmSPXFhEFPhCjVWw5BDyBVv5,0.0,0.0,1.0,0.0,0.0,0.0,0.0,0.0,0.0
6J1qQjUQj5uXYjEKvcGvd6mG8mFxgdjqEsYLcaF9hu1q,1.0,0.0,0.0,0.0,0.0,0.0,0.0,0.0,0.0
6JGvofkmXjbtHpgWuZShskGdEidHCSfb4uGuT8SC66nZ,0.0,0.0,0.0,0.0,1.0,0.0,0.0,0.0,0.0
6JWZXky4Q9Sbrqz3TmnRxeqTWoaTJciSpijUKP1MHzdS,0.0,0.0,1.0,0.0,0.0,0.0,0.0,0.0,0.0
6JWrtQVGA7GHAaTn3zB8eCdkHqk7iX9ZkVTGSoJDS6RV,0.0,0.0,0.0,0.0,1.0,0.0,0.0,0.0,0.0
6JdTT1xS6APzzS1jkZs3vCMpnV96LiS1UZ2PVcGJGyXn,0.0,0.0,0.0,0.0,1.0,0.0,0.0,0.0,0.0
6Je3EzFQmpDPH1gfXsVUx8NEzGuurjXx5GfKmp7eWz2A,0.0,0.0,0.0,0.0,0.0,0.0,0.0,0.0,1.0
6Jq9LN4Nd5UgqjBUdyQ8XP1QhhenCTHaQFkgQNjZyZJJ,0.0,0.0,1.0,0.0,0.0,0.0,0.0,0.0,0.0
6Jyn6wyjsMsGzCJWxgM3Sz1EsoF3X1LPQQZPE6VFMtSD,0.0,0.0,0.0,0.0,0.0,0.0,0.0,0.0,1.0
6K7jLkhBRYMzAqYKqBrS3AUDQP6MCGBmQw8qgSpasEuh,0.0,0.0,0.0,0.0,0.0,0.0,1.0,0.0,0.0
6K9Je5NV1U5EFENj2Bz4BP1qSBo8aeXfQYodMnEnuPaR,0.0,0.0,1.0,0.0,0.0,0.0,0.0,0.0,0.0
6KeW5X32HxvGqteWYkuhxjd3dyhuv9ZTSsaLkJVi3q6Y,0.0,0.0,0.0,0.0,0.0,0.0,1.0,0.0,0.0
6KtkX8PpXaf1mDUBj1bQPi3wXdjfguc3fbcdVm4niazn,0.0,0.0,0.0,0.0,1.0,0.0,0.0,0.0,0.0
6L2gxTYA1Kzg9yYv1chhMnFdLz45nk1DeHuCip2HFGcN,0.0,0.0,0.0,0.0,1.0,0.0,0.0,0.0,0.0
6LadVodRwFHmtuFV7vSdQSDWhKo651B3o3hsyLW8pze6,0.0,0.0,1.0,0.0,0.0,0.0,0.0,1.0,0.0
6M2PfKaxGeRWdmTYjCu4ayxKbyfMJhvgW7pHqNq7cscj,0.0,0.0,0.0,0.0,0.0,0.0,1.0,0.0,0.0
6M8CMuCf5rEDSKdLrNdJG29Xfr7CmJT6DeJCkHaeTvnu,1.0,0.0,0.0,0.0,0.0,0.0,0.0,0.0,0.0
6MCLex823ZqUsP6M6fzoRcKtKepdvGG55FMT28Cfx98z,0.0,1.0,0.0,0.0,0.0,0.0,0.0,0.0,0.0
6MupHwVuaZnxeXbw2DEvH96ouaWdg5TygPaSruB4H7YG,0.0,0.0,0.0,0.0,0.0,0.0,1.0,0.0,0.0
6MxvssU6RxLXPcR5TV8deDXySnx2dUmAZKHfqQz4L97o,0.0,0.0,0.0,0.0,0.0,0.0,0.0,1.0,0.0
6N8xfKEaqibLGmKCJqEWkwsiXiPmAy3zVCawBFAbxB8P,0.0,0.0,0.0,0.0,0.0,0.0,0.0,1.0,0.0
6NE6KLKBDZQCwFr2gXPX5D8TUEpRiMvGtkdjf2j5NWfF,0.0,0.0,0.0,0.0,0.0,0.0,0.0,0.0,1.0
6NTTawFHaEWzBRKhFMVJKbuLLvz8dX78etMmEjKSTVuy,1.0,0.0,0.0,0.0,0.0,0.0,0.0,0.0,0.0
6NVp6K9msQ9iXDSTvBeTfLq5uJ4iTxGDTk3r3kmQTXqs,0.0,0.0,0.0,0.0,1.0,0.0,0.0,0.0,0.0
6NW3sAEpnZFc3QpPmKSe4hjA1ww2bTAVq6PQnZufXCJX,0.0,0.0,0.0,0.0,0.0,0.0,1.0,0.0,0.0
6NidTgeBcBXuSk2wmrzhbyWLhefmTTQxdKjaEi9NztrJ,0.0,0.0,1.0,0.0,0.0,0.0,0.0,0.0,0.0
6NxfPMmeefy3vURtSJmxbG57msmcKvNxS9DFog3MGeJS,0.0,0.0,0.0,0.0,0.0,0.0,1.0,0.0,0.0
6PCFpKhgHbRedLngR6L6cGJxgvRq16Dn75z65y95FSNu,0.0,0.0,0.0,1.0,0.0,0.0,0.0,0.0,0.0
6PDGbe8b6qUtZNk4WfZRxhafLHr85SeSC7JCy84RyMjv,0.0,1.0,0.0,0.0,0.0,0.0,0.0,0.0,0.0
6PZSggFoERmwyLHr9tkcqtQA34FxBWr6tW7AWJwn63so,0.0,0.0,0.0,0.0,0.0,0.0,1.0,0.0,0.0
6PufZrCAUjh5YUwwfohRLfTsH6R287V9XnSkCsCY3avi,0.0,0.0,1.0,0.0,0.0,0.0,0.0,0.0,0.0
6Pvak41kgw2EF94bBYuvnajXTKL5FydR3dVEh19rYPuJ,0.0,0.0,1.0,0.0,0.0,0.0,0.0,0.0,0.0
6Q9r7w8AzUx2FGa1CVrLmFEqV3aCSFpJEnnMf579F62s,0.0,1.0,0.0,0.0,0.0,0.0,0.0,0.0,0.0
6QK4dbSyHYswCna6WkXms9e5HSDQFStq7TRfAs9y5KFj,0.0,0.0,0.0,0.0,0.0,0.0,0.0,1.0,0.0
6QLaH7vJ9WYkSi4zSRhtMZ71jxTRYZYHCsYgJZrLvf2,0.0,0.0,0.0,0.0,0.0,0.0,1.0,0.0,0.0
6QVwnix5pXpwXBT8Vc7Fh77uGSLUMkJDSz5SMExwEDcq,0.0,1.0,0.0,0.0,0.0,0.0,0.0,0.0,0.0
6QXJ97jjpmFf7PvfF64aYeq5z4oqmjrerJwYzPGTtzRH,0.0,0.0,0.0,0.0,1.0,0.0,0.0,0.0,0.0
6QnwUYvKMYXXhtfviBAzdWjsDLLPz9QZFXGXfB7iMRg8,0.0,0.0,1.0,0.0,0.0,0.0,0.0,0.0,0.0
6QsgPfm49svHA9D1pgADPCQUNNhzUtEyLJCVn56ReXHN,0.0,0.0,0.0,0.0,0.0,0.0,0.0,1.0,0.0
6R7RYMGRr8CVwpFVx65dqba8SybdjUT7hZJbcaned9dP,1.0,0.0,0.0,1.0,0.0,0.0,0.0,0.0,0.0
6RLSGg4tJN3gzggASaab91qUb4NvS6hDBCYWMUyNqqXB,0.0,0.0,0.0,0.0,0.0,0.0,0.0,0.0,1.0
6RUSKkAPEBmRgespR8KmJKFoU6kJdDrjb9FznRtQEb12,0.0,1.0,0.0,0.0,0.0,0.0,0.0,0.0,0.0
6RVeSus7eQuPjzx4eNJ4LoceF3XuNhUwnGaQbJaFt1A4,0.0,0.0,0.0,1.0,0.0,0.0,0.0,0.0,0.0
6RbY7zYuGkNnX91j3E2Paf8iZFfBH6TV4YHb3eeAYmMB,0.0,1.0,0.0,0.0,0.0,0.0,0.0,0.0,0.0
6RfGYByN6HiXeCFYKCWSNfybSM5TNRirCN86RWQG631x,0.0,0.0,0.0,0.0,0.0,0.0,1.0,0.0,0.0
6Rk1AEXdPcXpZf3NTo1ngniUNqgyRo39xjpSRyYQet4V,0.0,0.0,0.0,0.0,0.0,1.0,0.0,0.0,0.0
6Rk2HF8V7fBcxj4gsk5RNSAcBvtiHTwe9YK6LPNGXqvh,0.0,0.0,0.0,0.0,0.0,0.0,1.0,0.0,0.0
6RuXGgSCCwkPP1jVN2jnEubbwnRRqAzfwHck8wmxDdzX,0.0,0.0,1.0,0.0,0.0,0.0,0.0,0.0,0.0
6RuvUKPsy4vum2dXLBDscfT66TzvMXmNhbhZ2bvVdEs2,0.0,0.0,1.0,0.0,0.0,0.0,0.0,0.0,0.0
6Rz6rHUCZKa2115sJddqKNUa2y2GBcMXLAyb3TxruxBi,1.0,0.0,0.0,0.0,0.0,0.0,0.0,0.0,0.0
6SEDQpBDiBhg9Gy2iryVN5E7rqaVC1uScS55iSC9CZ7a,0.0,1.0,0.0,0.0,0.0,0.0,0.0,0.0,0.0
6Sg5kausopHD8dthck9E2opSYiy6dA8gW55xmRgaczJf,0.0,1.0,0.0,0.0,0.0,0.0,0.0,0.0,0.0
6Sifq4StW7sZnDjPaAJ3z7A2Lmk5rnuKz4PW52ZaGtcy,0.0,1.0,0.0,0.0,0.0,0.0,0.0,0.0,0.0
6T6rjDV7LNoioCRxMbniLeHY3oTBvnMm6GDjFkypGTj4,0.0,0.0,0.0,0.0,0.0,0.0,1.0,0.0,0.0
6TEkCsD1ZVJAEP6SQAheeJcg5nATPFM5EA6azrebLarD,0.0,1.0,0.0,0.0,0.0,0.0,0.0,0.0,0.0
6Tqnh3LGrZ51QqXCnFtQ6uv9JQNbnxqZgG79Wiiwv8gN,0.0,1.0,0.0,0.0,0.0,0.0,0.0,0.0,0.0
6TxzCi7tR6FAKhb7A6cfmgGLaSTrE2kWnP25yyydfKik,0.0,0.0,0.0,0.0,0.0,0.0,0.0,1.0,0.0
6UADZVfjwzpuL4wCUVb7XNy28HQU7MryepAm12JjaF9p,0.0,0.0,0.0,0.0,1.0,0.0,0.0,0.0,0.0
6ULLpQsgSqBSxh5Sx8q2QZyz7JJ4H62uBK5kVgSwjud2,0.0,0.0,0.0,0.0,0.0,0.0,1.0,0.0,0.0
6UbkRiMLDs2UFMp61hSpdP882pppR9VSmfbaqemzERhR,0.0,0.0,1.0,0.0,0.0,0.0,0.0,0.0,0.0
6UhkhsQKDHZFeE61zqcrzHaczRkndoeZJCf1dREei49A,0.0,0.0,0.0,0.0,0.0,0.0,1.0,0.0,0.0
6V34VnBL6YtcupMg4gGh4nj7Zb73JVLLmbAcUBQJooKa,1.0,0.0,0.0,0.0,0.0,0.0,0.0,0.0,0.0
6VYbFbdw7j4ESAM6v1zvjbwhAk6QBA1QQFWskgo3GPYH,0.0,1.0,0.0,0.0,0.0,0.0,0.0,0.0,0.0
6Vic2NCZpu5J3mJfN396Q2xW5b7SsX7rj6LpZHAhtett,0.0,0.0,0.0,0.0,1.0,0.0,0.0,0.0,0.0
6W2TXJBHqkym1ZkK9sZoBtRNcaiJ7wWJqA55QHpA6Bq2,0.0,1.0,0.0,0.0,0.0,0.0,0.0,0.0,0.0
6WGw5iX1EwHA674e9gPYLQypKhdSoK6PbYv1twcwdFJZ,0.0,1.0,0.0,0.0,0.0,0.0,0.0,0.0,0.0
6WMn6esohk75HdosnSjVS2TwNNYtA2gZKDDj72fnVy4p,0.0,0.0,0.0,1.0,0.0,0.0,0.0,0.0,0.0
6WZrYvpeDLyfvPwRtQeXQT2XgQc9cg78uRtU7y8P8JEw,0.0,0.0,0.0,0.0,0.0,0.0,0.0,1.0,0.0
6WaSkZcJyw1xUsgQw1bKZ4USaPb3nq95hYVoDQtTz5Hv,0.0,1.0,0.0,0.0,0.0,0.0,0.0,0.0,0.0
6WgLGkpzYEz341YevksDKMQudRQejTDh8gB4iXv7EHDJ,0.0,0.0,0.0,0.0,0.0,0.0,1.0,0.0,0.0
6Wow3QynAL2551zk6zzqAEcFN2wKioPYhJZVc8YdHSQp,0.0,1.0,0.0,0.0,0.0,0.0,0.0,0.0,0.0
6WuBoGUe5qqwg8Gfordc7tms9GMujFt6HJNhuto69nfy,0.0,0.0,0.0,0.0,0.0,0.0,1.0,0.0,0.0
6XPTbtHSx538ue8EgACgkfBwLN66W9aUPuBnRpNRxPgN,0.0,0.0,0.0,0.0,0.0,0.0,0.0,1.0,0.0
6XSbWUz1Hav1aLaU7NFLyqtWRHhs6DNGcLPQncGcV94L,0.0,0.0,0.0,0.0,0.0,0.0,1.0,0.0,0.0
6XsZZHuYc6tBzAcSpworuhdwRFhDYBt8eamcChRkLuB7,0.0,0.0,1.0,0.0,0.0,0.0,0.0,0.0,0.0
6YBjsL7LdiV2fa7dfNyM7bxGSb4YRre215wGtBM9Z6wj,0.0,1.0,0.0,0.0,0.0,0.0,0.0,0.0,0.0
6YCJ3ibtiat6ZzQZzMeTsLXePA7YXCc8xFNYSCVZeWjB,0.0,0.0,0.0,0.0,1.0,0.0,0.0,0.0,0.0
6YLpiRWYPwp8LjgWTjPFEWfN26PYRquKBM2kosqMLoCC,0.0,0.0,0.0,0.0,0.0,0.0,1.0,0.0,0.0
6YW8aVUQo73df2ZfNsCEi77fKiFursqWpShmnFxeyS56,0.0,0.0,1.0,0.0,0.0,0.0,0.0,0.0,0.0
6YZaXqQH77DxnkATeND5XdgZNW4M2FWpUtopmLbzjitP,0.0,0.0,0.0,0.0,0.0,0.0,0.0,1.0,0.0
6Ygo2okiBP7Eep7iGp8QXLMja7f8bikqp8mWfLWamKmt,0.0,0.0,0.0,0.0,0.0,0.0,1.0,0.0,0.0
6YtEDfumXDQ9zAkdpMXSNuQPMABN5vjs4ZRKgTyxpXxC,0.0,0.0,0.0,0.0,1.0,0.0,0.0,0.0,0.0
6YzmWCbQDjZJL28gpkEMhkabuvedfk1sKznPiJ9NSAN,0.0,0.0,0.0,0.0,0.0,0.0,1.0,0.0,0.0
6ZJgDT3vJ2NhXsB7JVcmF99bChsnzzijRxGJwnaY16Ly,0.0,0.0,0.0,1.0,0.0,0.0,0.0,0.0,0.0
6ZZCf5NwFdfk3WFtusTu1XA74oKf4rLAajW6Rquzds1N,0.0,0.0,0.0,0.0,0.0,0.0,1.0,0.0,0.0
6ZZYRwqWaTH4ZRSqjCAR4djkRzvjFhy193FGDZ9PRrHP,0.0,0.0,0.0,0.0,0.0,0.0,0.0,0.0,1.0
6ZozabsXTvwjns7JCYYyaRHXvRuQL1YmGofC1t9bBoLE,0.0,0.0,0.0,0.0,0.0,0.0,0.0,0.0,1.0
6ZvK5ioJTjMHaPJyZzVYMkvcJuh5G4Bowgb5pCxhuaag,0.0,0.0,0.0,0.0,1.0,0.0,0.0,0.0,0.0
6a4n8VCP1kdCcFy8u4UYMmC69aACsyMi1Xs9E3Mk3BkH,0.0,0.0,0.0,1.0,0.0,0.0,0.0,0.0,0.0
6a5W6mZoDjMCrYAgZLYs3Hh3HE5bifhY8S4Zj9j8ipna,0.0,0.0,0.0,0.0,0.0,0.0,1.0,0.0,0.0
6a6ymR1ypc1Kunm7cWV4quVERAGdoosyvBUtb7jiPNJT,0.0,0.0,0.0,0.0,0.0,0.0,1.0,0.0,0.0
6aFWJCtTPPNRtryEK8mXnbTq6S9mxrWJtvxNJujQ4oXL,0.0,0.0,0.0,0.0,0.0,0.0,0.0,1.0,0.0
6aHJePMBRdVoWonhXtL43i4GhU2TNPmFB41Vf6UBmdpT,0.0,0.0,0.0,0.0,1.0,0.0,0.0,0.0,0.0
6aRtsK5E296rgvZ3mxmnFrk2bE2n3FvJMYAG8bC7mmcD,0.0,0.0,0.0,0.0,0.0,0.0,1.0,0.0,0.0
6bTZCMzJ7uuNe222jzkC5JxKZL6Hs8GH7wPbz6rZggQY,0.0,0.0,1.0,0.0,0.0,0.0,0.0,0.0,0.0
6bnQX1C2dANXHuhRJaciuY2B5uxRXjgsNQuapoW5ZZPP,0.0,0.0,0.0,0.0,0.0,0.0,0.0,1.0,0.0
6btkobNjK5fUfhmh9TZ9TW6Ckgg6bc6C7T6LXhxn88ey,0.0,1.0,0.0,0.0,0.0,0.0,0.0,0.0,0.0
6bv6q1ogSU6zDmv9gzNHqxmpsvUqDC41VSkwnZp7xZhv,0.0,0.0,0.0,0.0,0.0,0.0,0.0,0.0,1.0
6bvoph11rFC11ezXJ5f1i1rbgmPR6F6L4VYJd6s7qVDJ,0.0,0.0,0.0,1.0,0.0,0.0,0.0,0.0,0.0
6c6Ui2EA214hiBNL6VdtJCUfnRxHN5NKTuTpo5V9sTih,0.0,0.0,0.0,0.0,1.0,0.0,0.0,0.0,0.0
6cN5c8TBUSPnp15T7kEWiRSEsWG2aeasxUnjiRQkTy4A,0.0,0.0,0.0,0.0,0.0,0.0,0.0,1.0,0.0
6coUrYZJm4WVCwkF3DMSirkPoGVg37vWb3SNETgZNMS2,0.0,0.0,0.0,0.0,0.0,0.0,0.0,1.0,0.0
6dCv24hvYEHQb9zYWc9HBgHnjF2MMfTmoHnhTrdYHMdG,0.0,0.0,0.0,0.0,0.0,0.0,0.0,0.0,1.0
6dEDZXqPiHbkjvjXcZiMBJjW27WyHzYKGMHLY4wxuMvb,0.0,0.0,0.0,0.0,0.0,0.0,0.0,0.0,1.0
6dZb31eSRjbULxVbo1Xkdg96H9P9Ccn33A9zn9icdwqP,0.0,0.0,0.0,0.0,0.0,0.0,1.0,0.0,0.0
6dZoQXfrg5AAA35SqpgFMSopScB8TZTQ36o48o4gXRJV,1.0,0.0,0.0,0.0,0.0,0.0,0.0,0.0,0.0
6dbHRSaJyzGZUuJ5cxgEZwXxfGJeUPpBKhzEvtBu2Qrn,0.0,0.0,0.0,0.0,1.0,0.0,0.0,0.0,0.0
6dzVa8eL6qH7YrhM7kisVZuPPVX1hQTpR7sswLHwuTZi,1.0,0.0,0.0,0.0,0.0,0.0,0.0,0.0,0.0
6eaWV1X2ZdsNYvQidCb15wZu8PNg9atmTjVw3r4QNHo4,0.0,1.0,0.0,0.0,0.0,0.0,0.0,0.0,0.0
6egkvvM6GjjsLbZFfvo2PDQQ5rN9WeeGhQDxRiFoWi4n,0.0,1.0,0.0,0.0,0.0,0.0,0.0,0.0,0.0
6evs5FKngrNJ5TA6kqLe9wZvN3vXZsL6xzzYm6EjRk5S,0.0,0.0,0.0,0.0,0.0,0.0,1.0,0.0,0.0
6eyhRk9gLoHNhTp6cCzcebX88HDxmzevFMHpGuKrd5CA,0.0,0.0,0.0,0.0,0.0,0.0,0.0,1.0,0.0
6fCcUeUyofjT7q9WgXtczMczmk4LryJaVTtUQyeMdWRy,0.0,1.0,0.0,0.0,0.0,0.0,0.0,0.0,0.0
6fMuTG5kcRBuQTwitBahT9T73nQpZUo1ZEJpQTFgfV5s,0.0,0.0,0.0,0.0,0.0,0.0,1.0,0.0,0.0
6fqDRQ4nhqkQaZ2kupsZPRxhcojza1jBUBC4YuJiU7Tz,0.0,1.0,0.0,0.0,0.0,0.0,0.0,0.0,0.0
6fx3sbPDBwhngRkrHBZ6AKnxp8cAakvhBC8SpnBwYHug,0.0,1.0,0.0,0.0,0.0,0.0,0.0,0.0,0.0
6fzj5RbEwg7xwbckuBiZcqqU1NutZ7foDgwC9tBZ5ncV,0.0,1.0,0.0,0.0,0.0,0.0,0.0,0.0,0.0
6gXvhq8wnheMpLppHtSSs3VNhaip9HENEDxPR8aCkbfj,0.0,0.0,0.0,0.0,1.0,0.0,0.0,0.0,0.0
6hDZiwCgwRuE9nVm6HyyucS5RoyAhASYecxsdKyL6rh4,0.0,1.0,0.0,0.0,0.0,0.0,0.0,0.0,0.0
6hKWh8skb6mzwairFBXcoGvyRMZAxViVv9hKCeFarp9t,0.0,0.0,0.0,0.0,1.0,0.0,0.0,0.0,0.0
6ha3g8UEqFoJ6m1AdS2AmdxCnC9XcJRBhVvzm6CgDdEA,0.0,0.0,1.0,0.0,0.0,0.0,0.0,0.0,0.0
6hg7EFpy8QC3bFJvo5fn3NSLy7vGrzqosAfTtJPBMRqS,0.0,0.0,0.0,0.0,0.0,0.0,0.0,1.0,0.0
6hv1X779UTuYnYTMGEqpgXXiNnyibMivRYv5YaK8zipM,0.0,1.0,0.0,0.0,0.0,0.0,0.0,0.0,0.0
6iBgH9bJHPaFG27ynLEGPhENL4CP46L6GqgD3McxDLWX,1.0,0.0,0.0,0.0,0.0,0.0,0.0,0.0,0.0
6iGxsjCbtPYmadHebqStCepTKZPBP7xDNixuRhAMaJBD,0.0,0.0,0.0,0.0,0.0,0.0,0.0,0.0,1.0
6iY2ujJdubqZVkWUq5Rs8Ec9qdD4aCUhwJPZf4i1jjmo,1.0,0.0,0.0,0.0,0.0,0.0,0.0,0.0,0.0
6iYMEDfJDwSK52GbVtnNYgRQVQWV5veEizhznfQmBFty,0.0,0.0,0.0,0.0,0.0,0.0,0.0,0.0,1.0
6iYbtvfBuDxuNWEfZRoyY69UTwd325qN1CmQNWvVwjmy,0.0,0.0,1.0,0.0,0.0,0.0,0.0,0.0,0.0
6inqiHLKm7EBznWG13o6si6Y6Fj4abinboCkpojWbMjg,0.0,0.0,1.0,0.0,0.0,0.0,0.0,0.0,0.0
6iohpdEtV7Dge9A7rEwzYjVq9L6NYcH7BrBoeG2xfYP5,0.0,1.0,0.0,0.0,0.0,0.0,0.0,0.0,0.0
6itLhX6S1xgLGKhMCrnVgfXfPQ7EkNwy2NdjyzP6otS5,0.0,0.0,0.0,0.0,1.0,0.0,0.0,0.0,0.0
6itXPmkTxENX8tXhbdby5kw5o3sK9mQhdyLnXBY4my1F,0.0,0.0,0.0,0.0,1.0,0.0,0.0,0.0,0.0
6jJdj1aN3r9r1oBRNbR8C5pizbEkzVbAQCX1JFN3qbA,0.0,0.0,1.0,0.0,0.0,0.0,0.0,0.0,0.0
6jRReEgVRX3CJhwLJffVqaX4Ps8DoozvzumNmoYFGiDb,0.0,1.0,0.0,0.0,0.0,0.0,0.0,0.0,0.0
6jrxtTRaKcV9HY5fZDyfWA5NcshZ2eqCSv5xtTBWDWRp,0.0,0.0,0.0,0.0,1.0,0.0,0.0,0.0,0.0
6k1sTuE23ECU6BNoJpNo4nMdSWCSKR6WBzeuqE6Vtidr,0.0,0.0,0.0,0.0,0.0,0.0,1.0,0.0,0.0
6kgiTjZMbXWZcoEyWQjZUz8bBM9kRk6BZsnwbn9Vi62k,0.0,0.0,1.0,0.0,0.0,0.0,0.0,0.0,0.0
6kxFsGyEXPx9qZ1uox5Wyp1aezWbebAFzfNzWs9rYUn9,0.0,0.0,0.0,0.0,0.0,0.0,1.0,0.0,0.0
6mqz91PynLKpW67xpzRKrst6L3DitQtDvCEQFyLsTsx5,0.0,0.0,0.0,0.0,1.0,0.0,0.0,0.0,0.0
6mrSFo15mYdhQGR6u1HWDnpGEBoneth8g4DQpJcji8t5,0.0,1.0,0.0,0.0,0.0,0.0,0.0,0.0,0.0
6msMbYDPQmoH93hGfJzsXpW1pwret7ZCpK7fGATUZogh,0.0,0.0,0.0,0.0,0.0,0.0,0.0,0.0,1.0
6mubxb9TKg1rpfrYsNs3R31XQjWjccMKsFMMmTaoExMW,0.0,0.0,0.0,0.0,1.0,0.0,0.0,0.0,0.0
6nKR5sxXA6L6yHLt42iw6en7b27pfvZjn8tgAHzR7C4o,0.0,0.0,0.0,0.0,0.0,0.0,0.0,0.0,1.0
6o2Q9wauwVhPAeSuSGBt5d9t7xUc589Xufawsbauq3yV,0.0,1.0,0.0,0.0,0.0,0.0,0.0,0.0,0.0
6o3wwDnH9dqNrKCnDmKGYNEt3Ubu1kgZzWgVT2zb8uB4,0.0,0.0,1.0,0.0,0.0,0.0,0.0,0.0,0.0
6oCUsUf6b6Lg7QqHB3Sw6gkP6uyX4zqa8GoCUNvY5mnh,0.0,0.0,0.0,0.0,0.0,0.0,0.0,1.0,0.0
6oKf8T5tiHMiDWorjjyA2ibzMPTcXRK73ZBSfG2BLbVU,0.0,0.0,0.0,0.0,0.0,0.0,0.0,0.0,1.0
6oiDUVyS6jXrNoRk5gnUDLt5V6sHzuoRBKgZ3EYWJs2X,0.0,0.0,0.0,0.0,1.0,0.0,0.0,0.0,0.0
6onQAafNHccJznPx2tgP22w9pBbmqDJ6sWtvuoDFhBg2,0.0,0.0,0.0,0.0,1.0,0.0,0.0,0.0,0.0
6oqXQ3FhzghdFSfZgc4cAaaZDrEgdgUPRPLDSzG1enaq,0.0,0.0,0.0,0.0,0.0,0.0,1.0,0.0,0.0
6p3PM76fvm8SCzCz877NguVJprDwph9KLu7SPsV3qrpu,0.0,0.0,0.0,1.0,0.0,0.0,0.0,0.0,0.0
6pBfwtQZq7Yeqxmc2aCdNYBBadwowJgTnrBhesaEaikn,0.0,0.0,0.0,0.0,0.0,0.0,0.0,0.0,1.0
6pXHwK6zzzEzidn3E9hwqveXqLNZ1kwQ19aQ794j2ys3,0.0,0.0,0.0,1.0,0.0,0.0,0.0,0.0,0.0
6q9gRoFTSD2Jx7S6mx8AiWaTSgX7atunuka2BwtNnMo9,0.0,0.0,0.0,0.0,0.0,0.0,0.0,1.0,0.0
6qC7z8eCinWBmuEqAFuSFiNYhyiygi9Fwqaj3w6SdSne,0.0,0.0,0.0,0.0,0.0,0.0,0.0,1.0,0.0
6qDM43hrrvvMcMPFsTittzDrP8oXLB4TU3gcvhUsRNZ3,0.0,0.0,1.0,0.0,0.0,0.0,0.0,0.0,0.0
6qLygfNUquTecJhHHNjKETd8s43BMoMRDLXYg9xPHM4e,0.0,0.0,0.0,0.0,1.0,0.0,0.0,0.0,0.0
6qXxntaMsMWkZhLpQTSGu1MF9jhsrS2CJpZsdFdY22yb,0.0,0.0,0.0,0.0,0.0,1.0,0.0,0.0,0.0
6qecSffSrbYDzJoonaCFwakTmBdikHR9m74owBe5qpBM,0.0,0.0,0.0,0.0,0.0,0.0,0.0,1.0,0.0
6qhV451rcatEbAGa5bycx7qdNUk1dbvYzeLXcttgP81v,0.0,0.0,0.0,0.0,0.0,0.0,0.0,0.0,1.0
6qwiJTLDPS222HsdsN423f1VAPxyJGc8LHKZSBzQKK5U,0.0,0.0,0.0,0.0,0.0,0.0,1.0,0.0,0.0
6r8XdMEyZiqeJEW5oPiiYRcTCHcKFSy9akvrQQ4niHWC,0.0,0.0,0.0,0.0,0.0,0.0,0.0,1.0,0.0
6rSGg8WrUPhiYBaJ2iVAGcqRMn5C4LSmsuDrsfnXfAMs,0.0,0.0,1.0,0.0,0.0,0.0,0.0,0.0,0.0
6rg7Pq1dQFNDyGbtuFTsjtuMkDLEey53X344ncEi8XRW,0.0,0.0,0.0,0.0,0.0,0.0,0.0,1.0,0.0
6rogtpsZCRWFEJzZWDPenCsa1Sc9zxvAqsB2PDQFRtHg,0.0,0.0,0.0,0.0,0.0,0.0,0.0,1.0,0.0
6sB9wTAvaofJrQeCZAWFDTyno1zAysbhZKRNsAsq65NE,0.0,0.0,0.0,0.0,1.0,0.0,0.0,0.0,0.0
6sHrk4NYKA8iaEWPqu4jBLoGAeFaAxczpyicc9LEKhQT,0.0,0.0,0.0,0.0,1.0,0.0,0.0,0.0,0.0
6sm73E1b1Zag5Qph1nNNrqfwp44ZVra7GXn5J4ETh5qx,0.0,0.0,0.0,0.0,0.0,0.0,0.0,0.0,1.0
6smBKDhMPxf9AD3Na7GkXnt5trhwKkfSEf1aWT4y5Aka,0.0,0.0,1.0,0.0,0.0,0.0,0.0,0.0,0.0
6so4rDBTbGmg9Dzuj6p8hRbLeT1vLhAC44P6VPKfvfaB,0.0,0.0,1.0,0.0,0.0,0.0,0.0,0.0,0.0
6sw8NmmdRtpY74ktDkBinPsuuThHeS5of59vzEeqEUTQ,0.0,0.0,0.0,1.0,0.0,0.0,0.0,0.0,0.0
6tEipYNfU7NTLJ3ZB55jTYeiHWQNxMFpnYRVPZJDkwYe,0.0,0.0,0.0,0.0,0.0,0.0,0.0,1.0,0.0
6tVY1RA9Xvzdg1esyteihbcrsQa8Nxzj16KUvjMiZHG2,0.0,0.0,0.0,0.0,0.0,0.0,0.0,1.0,0.0
6tcwxTt5EQ4ihANiFMZDQtkz3hahC613EHTGh7qEfTSn,0.0,0.0,0.0,0.0,0.0,0.0,0.0,0.0,1.0
6tg8ufSkDsGbV2Rf8tJvSd5ny5ZErAAerQUfJ6RM7vdk,0.0,0.0,0.0,0.0,0.0,0.0,0.0,1.0,0.0
6txTnaHupoeRo1SGYWkFZcCtdyK3esrRJUwjWDYawTsE,0.0,0.0,0.0,0.0,1.0,0.0,0.0,0.0,0.0
6u6tmWEnQjyKwf4CWcvp9maLuGfgVoVM7oepA1c8faVM,0.0,0.0,0.0,0.0,1.0,0.0,0.0,0.0,0.0
6uEpQZfyTvB3hfj6ZLrQFcXh4MqokyQdZfDdpCVMePN2,0.0,0.0,0.0,1.0,0.0,0.0,0.0,0.0,0.0
6uipdFtxemPHnXLEE1cRodt1XWqDHJ18ET8iqiHRr3Er,0.0,0.0,1.0,0.0,0.0,0.0,0.0,0.0,0.0
6uxPW9p7yejaQTD2RXn2Va7vmUy29Cy74xHfFzmDSKeH,0.0,0.0,0.0,0.0,0.0,0.0,1.0,0.0,0.0
6vGqou28BoRsHfsbK8SLqJD7gABDoFJghNY1hMMre26x,0.0,0.0,1.0,0.0,0.0,0.0,0.0,0.0,0.0
6vWHyDcTip952bpPX6HmNNQ7GsYBMb2ugKMxwjLCcCWG,0.0,0.0,0.0,0.0,0.0,0.0,0.0,1.0,0.0
6vfCF1iMk2AN6XKiSrsWVW3KHMwvSQw6ya5pTtNRBHqA,0.0,0.0,0.0,0.0,0.0,0.0,0.0,1.0,0.0
6vhhdvf9sp5kCrwvfRSwRkzXceMVUZ5fue8jVrmedj4,0.0,1.0,0.0,0.0,0.0,0.0,0.0,0.0,0.0
6vshxKmWitsL94i6CVrbZskbTVrVE3bMUSKPnZRTgfME,1.0,0.0,0.0,0.0,0.0,0.0,0.0,0.0,0.0
6w23ZXo89isGTGND4vLLdQ4ik52qB5f7tk9Su5fCMji,0.0,0.0,0.0,1.0,0.0,0.0,0.0,0.0,0.0
6w3sSQPWu9wQZQcZxFk36XMzmLz4JmRSjq2Up9LtJcbP,0.0,0.0,0.0,0.0,0.0,0.0,0.0,0.0,1.0
6w8bDwFc3Lz6Kt7Zv3wDhdQryvy6LkpzJhEM9xoHPo42,0.0,0.0,1.0,0.0,0.0,0.0,0.0,0.0,0.0
6wBw6DNKCzbyYCz5a5WPwuvxMhQPNoh2oqKGdKKQmVgf,0.0,0.0,0.0,0.0,0.0,0.0,0.0,1.0,0.0
6wguENVpmpJb2p6xAK3uVQyvCgSvahVPJE9kHkeaAzmW,0.0,0.0,0.0,0.0,0.0,0.0,0.0,0.0,1.0
6wnpaNTYErvsnZx7ZcTWU4Yctp4u9cfu5vKv8KsPPfFm,1.0,0.0,0.0,0.0,0.0,0.0,0.0,0.0,0.0
6wv89ugXW6JLwCkiZRqbatGSrWpBQznwHDdUo21yFkZA,0.0,0.0,0.0,0.0,0.0,0.0,1.0,0.0,0.0
6wvbEJdgaBx3vh9F6BEzXAPq1qtsGneafn1UJ9HeB3US,0.0,1.0,0.0,0.0,0.0,0.0,0.0,0.0,0.0
6x1Y9zUuZVg6496mjDVX3QXzGRNGshEPNogUuXBwetKK,0.0,0.0,0.0,0.0,0.0,0.0,1.0,0.0,0.0
6xRiELgXmmcS93bWYiW4DmzxjZW3sfUFVhamYmwqgRJV,0.0,0.0,1.0,0.0,0.0,0.0,0.0,0.0,0.0
6xfJ9SEwNmc1uznDEYUXcqRA7APMJPjjwU3b8MhPVVZJ,0.0,0.0,0.0,0.0,0.0,0.0,1.0,0.0,0.0
6xqBF3ANaVJ5fAYoCScQQQFVtmb5USTED4AKSmMoH4Yb,0.0,0.0,0.0,0.0,1.0,0.0,0.0,0.0,0.0
6xyAj1Yjd2xEc8FWihcQWgdQqJkEWARmjB8MmsNAHEto,0.0,1.0,0.0,0.0,0.0,0.0,0.0,0.0,0.0
6yFwxDZ22QNr4dnCPwPLLEHhrQp2HRQiU49iTmG4SP1J,0.0,0.0,0.0,0.0,0.0,0.0,0.0,0.0,1.0
6yGpcxzS2h9gNNSq7NShnfE2Z3Y5BnLwBGkhqHNVJnds,0.0,0.0,0.0,0.0,1.0,0.0,0.0,0.0,0.0
6yf2R3zsC5qDxSZVv7TrtGNbHF7cSt1ZqYpBrtRVDYcs,0.0,0.0,1.0,0.0,0.0,0.0,0.0,0.0,0.0
6z4RLArdUQuzUoXiDP2LmUjGeNVV9FKLZVhN7Ma2FtMm,0.0,0.0,0.0,0.0,0.0,0.0,1.0,0.0,0.0
6z7KZrdRNkxh9ZRtpEfER4QCXHpaZYt4aSKuYkL9xdQC,0.0,0.0,0.0,0.0,1.0,0.0,0.0,0.0,0.0
6zHSDnfcb49gzyMe3DSXaagvUdM9yfPCimRPo56UPFoC,0.0,0.0,0.0,0.0,1.0,0.0,0.0,0.0,0.0
6zKPKbZjcBUD5pJaQGT3vENKmTfK2YDGfzXxSrQH7DSx,0.0,0.0,1.0,0.0,0.0,0.0,0.0,0.0,0.0
712mcCSsspcPa4tuRYHTaM5r2qmUwdqP8PAyfADFcR2Y,0.0,1.0,0.0,0.0,0.0,0.0,0.0,0.0,0.0
71ES2geUX6bAqUTYxwog8e47dktDnJWgauMK83Bt3ZRR,0.0,0.0,0.0,0.0,0.0,0.0,0.0,1.0,0.0
71To2fr6ViwjiyQvo1QjfKZ2bAbrnBwFJhZCcrTPQKQ4,0.0,0.0,1.0,0.0,0.0,0.0,0.0,0.0,0.0
71bTUyBKCHZ6F8pD2NB9u962MVvQFD8MJ6MrgLqZZLka,0.0,0.0,0.0,0.0,0.0,0.0,1.0,0.0,0.0
71pZ1MeoUJHp3cJLtkKjCfnxY4BSpj2LHiBwhWoWH5A3,0.0,0.0,0.0,1.0,0.0,0.0,0.0,0.0,0.0
71vGG7oKaGwf2AQS7WYbhR7qAXS8dyvmnLVTSQjpiJgu,0.0,0.0,1.0,0.0,0.0,0.0,0.0,0.0,0.0
7231PU7EnRvkXCDAALHn4aa1n8BMaB9JBek94KopLW4s,0.0,0.0,0.0,0.0,0.0,0.0,0.0,1.0,0.0
726ECR8PKuPEcaDNrdcJN1T4f4R7ZQU1uWiskWRcbj1X,0.0,0.0,1.0,0.0,0.0,0.0,0.0,0.0,0.0
72CDhL3uRePchwrub6qQM9zUxjEMSYMM5ADd3jN6DUcP,0.0,0.0,0.0,0.0,0.0,0.0,0.0,0.0,1.0
72KAehdopamLpYSv7hat4AmWJxKMFiZvEDbLi99EFSXz,0.0,0.0,0.0,1.0,0.0,0.0,0.0,0.0,0.0
72Lktqpv873zf9HDAYzoNGxW3EePiMH9sysy3q5m9rod,0.0,0.0,0.0,0.0,0.0,0.0,0.0,1.0,0.0
72eygp5fXLiU3iptrsz8Gdae4aiiuuHLAEPrcxh9gefu,0.0,0.0,0.0,0.0,1.0,0.0,0.0,0.0,0.0
72mrjH6d5mCVmRu3rUfguKvTdssRyKmyco8YhA4ZMKT1,0.0,0.0,0.0,0.0,0.0,0.0,1.0,0.0,0.0
72thKi9qdQZdr4jbg4rPJb5bkzqBry9RCW4SvyqqCqrs,0.0,0.0,0.0,0.0,0.0,0.0,1.0,0.0,0.0
72w6oBUgChnBwe34PrF8x8Tr2mifqAZKoierohnrTRz6,0.0,0.0,0.0,0.0,0.0,0.0,0.0,0.0,1.0
72zhhNkFJ5AG3vH1fbUxkPwTVChSA9vtLdH4fZcBZnuo,0.0,0.0,0.0,0.0,1.0,0.0,0.0,0.0,0.0
73BKe8SBswggrqmPnmNMoE512CjXqG2P9HNCMDMpHXbD,0.0,0.0,0.0,1.0,0.0,0.0,0.0,0.0,0.0
73EjVveysw2vcs4wjdx9W8g3DBuSAnzJ5XndXkrP9VUy,1.0,0.0,0.0,0.0,0.0,0.0,0.0,0.0,0.0
73NrpSCtJwAH3hNBCEE6iZ8jj9t4iXKFyJ5Pt36y89mj,0.0,0.0,1.0,0.0,0.0,0.0,0.0,0.0,0.0
73QfjBaKuPLhPAJMyW8bWUm9ehtL1ekV94uLmpxkExxZ,0.0,0.0,1.0,0.0,0.0,0.0,0.0,0.0,0.0
74N8rrE78TbYEB6GX6USFdWZEDQokW3CSjWJqs494Bat,0.0,1.0,0.0,0.0,0.0,0.0,0.0,0.0,0.0
74QgXZXLkuYxHNhQW4QwsrkEGmQybQaRh9iRe1uHaBXE,0.0,0.0,0.0,0.0,0.0,0.0,0.0,1.0,0.0
74fQpeWP9EpUifgC7kiYQLxNXKsfgCCaeoDAdRQEtkeg,0.0,0.0,0.0,0.0,1.0,0.0,0.0,0.0,0.0
74gVyN4axKVAyJazKMxKvi2f4ZFg6TRmZcrGyNFKCBtr,0.0,0.0,0.0,0.0,1.0,0.0,0.0,0.0,0.0
74xJkGmh2CghonrsYJ6dG9L3f2E77H7Tvs6SmAGfcBcL,0.0,0.0,0.0,0.0,0.0,0.0,1.0,0.0,0.0
75JHsay1trh2sm5AX9iFgFHZUWHbQqMkwpYsAKTK8222,0.0,0.0,0.0,0.0,0.0,0.0,0.0,1.0,0.0
75RBnyF168q4txJcURgE3eVqyazPaoderqv18LWETvM6,0.0,0.0,0.0,0.0,0.0,0.0,0.0,0.0,1.0
75Rm5uF4QTuMwRhdGPdULyKUf7L4EEfXTJ1biZE7anqE,0.0,0.0,0.0,0.0,1.0,0.0,0.0,0.0,0.0
75qkgAr8Tm69SpVp3ckdHPVAp1wgwDbF3ZWB7PsPK4ei,0.0,0.0,0.0,0.0,0.0,1.0,0.0,0.0,0.0
75tNo4mrENdNqtJwG3ZJScVmtGYC17vJXTxcyc1fMXUZ,0.0,0.0,0.0,1.0,0.0,0.0,0.0,0.0,0.0
75w6ahrtEYvKWNcLGMaURBQCKsZBF84qHQ735nKKzLxG,0.0,0.0,0.0,0.0,0.0,0.0,0.0,0.0,1.0
76NcU253crQnmHawf1USeLLTmPzfa5LWu2i12JLFaLzC,0.0,1.0,0.0,0.0,0.0,0.0,0.0,0.0,0.0
76R2bGzohKr8ahdVR85KuJwi5R2cE4Qvg62Gv2off1Bm,0.0,1.0,0.0,0.0,0.0,0.0,0.0,0.0,0.0
76bGDvkKxVgbtkUDbDzcbP66sv87U57tDhthSgwkGXu6,0.0,1.0,0.0,0.0,0.0,0.0,0.0,0.0,0.0
7722p2kuCYJ7H55wee8PegXKi7WWdVBE4FuUkYhMfLVQ,0.0,0.0,1.0,0.0,0.0,0.0,0.0,0.0,0.0
77Baq76LbELec4dzJnTRybt3qcT3L8f89TgAfWVVZtgk,0.0,0.0,0.0,0.0,0.0,0.0,0.0,1.0,0.0
77FFmCo6iCnTQgfc7XyE47ryoty2YCC2rpewdpuAVe87,0.0,0.0,1.0,0.0,0.0,0.0,0.0,0.0,0.0
77QGkg4iK94N4MChrsRmzx3krPB9v8L3vog5vmmDRSAx,0.0,0.0,1.0,0.0,0.0,0.0,0.0,0.0,0.0
77UFmqKBPbBXZ88kQWUbM9WQkABfdepbT9LSSsbjx7Ze,0.0,1.0,0.0,0.0,0.0,0.0,0.0,0.0,0.0
77Y8Y8sMA4gyjjpXX53fXvxUzqe7Ndeex75wPECDXKiX,1.0,0.0,0.0,0.0,0.0,0.0,0.0,0.0,0.0
77crfouP2NkDAPDDXFYzPxMPraVb57Wghu8uV55rN4WM,0.0,0.0,0.0,0.0,0.0,0.0,0.0,0.0,1.0
77thNcE6EpyH7D63WfvxNdukRYmDcCWRed2riGHp2D2G,0.0,0.0,1.0,0.0,0.0,0.0,0.0,0.0,0.0
78c1et3AV19jzYkS7fg7yuQh2zyHwxoXgwKYy6cLpqu3,0.0,0.0,0.0,0.0,0.0,0.0,0.0,0.0,1.0
78dshPYZxrJJXCwbWQa6HswRxs9yTawuS9HHBrsJ9FqV,0.0,0.0,0.0,0.0,0.0,0.0,0.0,0.0,1.0
794krp8cGzJEEKdpSK9Sjagb7n1gFY88DyVMt8nnLWZB,0.0,0.0,0.0,0.0,0.0,0.0,0.0,1.0,0.0
79M3nAXYc62eUgCDn4S555hw5RFfjFDkA927p8DVZ7J2,0.0,0.0,0.0,0.0,0.0,1.0,0.0,0.0,0.0
79NbsrhZDnt4QbshHB6zaZWJv4ASRAm86ZYBPJBcCm6N,0.0,0.0,1.0,0.0,0.0,0.0,0.0,0.0,0.0
79RshBr6bXojvh4jW7Axg7tAg8JA1hZLdRCpA4Z1zoRb,0.0,0.0,0.0,0.0,0.0,0.0,1.0,0.0,0.0
79axbzveE3SkCVxTyrd66biSAT55eu5kkXdW21TJkHrN,0.0,0.0,0.0,0.0,0.0,0.0,0.0,1.0,0.0
79kzuKfGoj3thMJyeHT2PQ9Ujhj2NNESzzBgCYkYnGkb,0.0,0.0,1.0,0.0,0.0,0.0,0.0,0.0,0.0
79wQKC5JDDuTa8s2hnj8jfzNDrXdRBUdACinsR4ivHBQ,0.0,0.0,0.0,0.0,0.0,0.0,0.0,0.0,1.0
7ADMXaU5NFx3YBFCgsUdpPDuVQVKapLLBCSJMHQSuNtZ,0.0,0.0,0.0,0.0,0.0,0.0,1.0,0.0,0.0
7ATgofi34t1zy2ZeEgXYXVMWf4NwRJxyZ4ZqXJgqWpHv,0.0,0.0,0.0,0.0,0.0,0.0,1.0,0.0,0.0
7AU3khtMMt2WbcfTA7dqi818WAY3MhccjdzsKvyfmvp2,0.0,0.0,0.0,0.0,1.0,0.0,0.0,0.0,0.0
7AbmaLkg7Bb6qAXVFQqThRS2veKQqEKHUGW5FVuxkGvM,0.0,0.0,0.0,0.0,0.0,0.0,0.0,1.0,0.0
7Aj3KMnfXLE4zEN8iANp7u7yYmuA4d8cxSKswZXSR47a,0.0,0.0,0.0,0.0,1.0,0.0,0.0,0.0,0.0
7Ao34kzergbZqDQCbGbXPGMraj21pe6xFSGTS3c7vtr7,0.0,0.0,0.0,0.0,0.0,0.0,0.0,1.0,0.0
7Ax83aiYQ1ZQq62zGQCXy1YXiFXHXMSSREKfzAWs6UUx,0.0,0.0,1.0,0.0,0.0,0.0,0.0,0.0,0.0
7BGxZyrSnGJKShuUKXM4BcYZ5GLtdMdFxtxYx4BDChJc,0.0,0.0,0.0,0.0,0.0,0.0,0.0,0.0,1.0
7BLNZBpFePNreKrZGY9geDwzURs2aH3UUU516faBqPA,0.0,0.0,0.0,0.0,1.0,0.0,0.0,0.0,0.0
7BQofs9vbzkPf29nDL9K5Tn6SrJZY6KSUp5FVU6yqyuX,1.0,0.0,0.0,0.0,0.0,0.0,0.0,0.0,0.0
7BVWSji6BaRbyNzSKnKSeVwBEKnVac4Swk2M2VoB645B,0.0,1.0,0.0,0.0,0.0,0.0,0.0,0.0,0.0
7BWU8mRKF68mSMuvr5LLD3Qec6vtjgj3UqHrnTfnwg5Z,1.0,0.0,0.0,0.0,0.0,0.0,0.0,0.0,0.0
7BaVQGwXncqgDNkT78Mn9wXuBvPCydoeDcyxREndo1Rm,0.0,0.0,0.0,0.0,0.0,0.0,0.0,1.0,0.0
7Bq7pBFxmi3DeChW6mMNJeoqrHmLjGDYFbCbgefToS8A,0.0,0.0,0.0,0.0,0.0,0.0,1.0,0.0,0.0
7CHySc6RkiHxhP7BneL5NKzuHgTyQ5uZg6UxHqrNZBy7,0.0,0.0,1.0,0.0,0.0,0.0,0.0,0.0,0.0
7CZKPododSoDaW6fwnRE3qcUZydDiSkXGk6uFP2kXGYd,0.0,0.0,1.0,0.0,0.0,0.0,0.0,0.0,0.0
7Ca6SmjeQ4UAgpiX82VwFnjyGJxh7XUADAQk3QeHzDFQ,0.0,0.0,0.0,0.0,0.0,0.0,0.0,1.0,0.0
7CaTBkKuKJDeXcrtzmU7gTRdLevSWsZ3MiQKab3MkPPk,0.0,0.0,0.0,0.0,0.0,0.0,0.0,1.0,0.0
7CeXUZVgBpZjWW5WGP8L5ZjLXA48aaGpgAyXNEMe6UP4,1.0,0.0,0.0,0.0,0.0,0.0,0.0,0.0,0.0
7CiB9FCECRV4gC93Vaxfi283zqZhg9dtN3GMXjxKdpFM,1.0,0.0,0.0,0.0,0.0,0.0,0.0,0.0,0.0
7Cwqam9jtn4hk8YwvEivgGguxqk4vJcRHFMkRW1o5SoZ,0.0,0.0,1.0,0.0,0.0,0.0,0.0,0.0,0.0
7D2Yr8gpg7PnGRdCHUSv6qcUpmJ1t8xJw8XFYa1T8a2X,0.0,0.0,0.0,0.0,0.0,0.0,1.0,0.0,0.0
7D4Pc1b2uZ8YUEjaCuxdfqi3zvLxHgXzcdKYM5ydfWdR,1.0,0.0,0.0,0.0,0.0,0.0,0.0,0.0,0.0
7D98ftfkpUBvBZe5WHHMS2h6Nd44NAfRZZ36o7T3Jmhz,0.0,0.0,0.0,0.0,0.0,0.0,1.0,0.0,0.0
7DH7DxEFcavc1o9HrhDq4SPfzEBndRTKg3R23erNAFgt,0.0,0.0,0.0,0.0,0.0,0.0,0.0,1.0,0.0
7DsA3f9UU7kx2wi5N7PCUWRpvXe4DseCEkYbQUaqvXoQ,0.0,0.0,0.0,0.0,0.0,0.0,1.0,0.0,0.0
7DxBUFgcUtA2fXJv1Foy3AgXxhBmMJdZ2ix3CsYHRdDG,0.0,0.0,1.0,0.0,0.0,0.0,0.0,0.0,0.0
7EJzKs7QGJQrfErc5kD3kQ8dZqkPmcJZu9WjRrwr4gRy,0.0,1.0,0.0,0.0,0.0,0.0,0.0,0.0,0.0
7Emwey1vpihvgo6D6PADMZeaYnLVZFoYDRn9JCE5uhCA,0.0,0.0,1.0,0.0,0.0,0.0,0.0,0.0,0.0
7F6WeH9CJAKNA1azegcojLa1kUi8Hj7atFDEuvLU2KjK,0.0,0.0,0.0,0.0,1.0,0.0,0.0,0.0,0.0
7F7Lwc9c297U3J49esAzBz7kewwScupuWjXv5fjDFBen,0.0,0.0,0.0,0.0,0.0,0.0,1.0,0.0,0.0
7FD4PYE5aRbsmqHL7NKEk2EsotBj4seYWetBUCp9EbFs,1.0,0.0,0.0,0.0,0.0,0.0,0.0,0.0,0.0
7FE49quVX8bcAQQgsrq3v5yz7JtmHyx4b4Pm4yS5RNag,0.0,0.0,0.0,0.0,0.0,0.0,0.0,1.0,0.0
7FHJX1pwq4i9Fr2z1emXNHu8xSseKgG5waMnYygnmwG8,0.0,0.0,0.0,0.0,0.0,0.0,1.0,0.0,0.0
7FXeHFvfF4buWak2Sa4wN5QF6CqCoZh646TsDUmwCrwE,0.0,0.0,0.0,0.0,1.0,0.0,0.0,0.0,0.0
7FdnmS2RCZsMJ1DKBinYoZsANHUoGEykf9S61Sw6U9Mn,0.0,1.0,0.0,0.0,0.0,0.0,0.0,0.0,0.0
7FxyPYQy3E3aTgmrurt8xR7wvaf5CTcYMdu9fw6wNQSv,0.0,0.0,0.0,0.0,0.0,0.0,1.0,0.0,0.0
7GLbuSFMz2uHwpyFoRinMyHN4LCTJYCe5MjDqpgCn63p,0.0,1.0,0.0,0.0,0.0,0.0,0.0,0.0,0.0
7GaatSi6rkN51XX4d4AKeuge8hbdYGgpReZ2icCCApQQ,0.0,0.0,0.0,0.0,1.0,0.0,0.0,0.0,0.0
7H8d1z9uPPUvtJ3qoJnULBcX9EYFX4WpSSMHMgDn5g6m,0.0,0.0,0.0,0.0,0.0,0.0,1.0,0.0,0.0
7HAzLUHmphWtEzQrsyo7yPV5K6h5TGrDYtnobEZnJdT2,0.0,0.0,0.0,0.0,1.0,0.0,0.0,0.0,0.0
7HTm8C79bbsLSJbaGo5Sn6hjhMCLT7yu2zDperTNhyr3,0.0,0.0,0.0,0.0,1.0,0.0,0.0,0.0,0.0
7HetXANiJqw85wA17TxZsQmx9KEkzz3gZn2rYad8daEW,0.0,0.0,0.0,0.0,0.0,0.0,1.0,0.0,0.0
7Hf8xLehq9QQzcwFpNjKPx5MpHX4BM7qpmcRPRESZJFR,0.0,0.0,0.0,1.0,0.0,0.0,0.0,0.0,0.0
7HhCXamj966jbF2f1B1y7MMXuo9HWF4S7g1sAyQZpcKW,0.0,0.0,1.0,0.0,0.0,0.0,0.0,0.0,0.0
7HoPnnW15nToLQtfCBn5TZTK9dvizhP5HgTi67i3ymVS,0.0,0.0,0.0,0.0,0.0,0.0,0.0,1.0,0.0
7Hq6ye2qgvmdrEvvQGtQMZ1WCCAbXM99uDTSJRZY6vbw,0.0,0.0,0.0,0.0,1.0,0.0,0.0,0.0,0.0
7Hsq7dFbKT42HPSFvgSh4y2cHwahatgkz6NSKAqsa9Wz,0.0,0.0,1.0,0.0,0.0,0.0,0.0,0.0,0.0
7HwGobhsGG3ZxXTvJaJKFtZfFyZk1uXkAMpqckYEKSVm,0.0,0.0,0.0,0.0,0.0,0.0,0.0,1.0,0.0
7JzH5xv82HKEK2kwitBiVi9CvGhu5dB8kui6tsbp962S,1.0,0.0,0.0,0.0,0.0,0.0,0.0,0.0,0.0
7JzwgSwdWPGKtx8pmvfBW9Y1f5tEuyBENVgm1pXwbNtt,0.0,1.0,0.0,0.0,0.0,0.0,0.0,0.0,0.0
7K8JxX9wEiNw6pMoP5fCX8jQ9dqRenKe6ucZRN7aVRoa,1.0,0.0,0.0,0.0,1.0,0.0,0.0,0.0,0.0
7KDQhb9KX8y9rkrtyAw4arkRVctGhaRhaUMCadfg4bEk,0.0,0.0,0.0,0.0,0.0,0.0,1.0,0.0,0.0
7KdUAtxxANrEYF3NSUMXFcVsF2FF2Lfkk17TNGBYxnv9,0.0,0.0,1.0,0.0,0.0,0.0,0.0,0.0,0.0
7KeG6CDKB1RZEHdXwVyxRPPQhFP5e4veCNAacfeqepu8,0.0,1.0,0.0,0.0,0.0,0.0,0.0,0.0,0.0
7KsfSubRcDU4yMUra4BjqjNRzGE66YGTB779CGunZvsm,1.0,0.0,0.0,0.0,0.0,0.0,0.0,0.0,0.0
7Ky1PEsV8mSE2L8rwkW8sNgFxdNMki5SAU4L9iYetmzX,0.0,0.0,0.0,0.0,1.0,0.0,0.0,0.0,0.0
7LA1enPXPMDNw5Faj19FTAPg7oE1NHcsSebThaLPdBcK,0.0,1.0,0.0,0.0,0.0,0.0,0.0,0.0,0.0
7LFVr6eD3Gcp58ARYy9oNv4RHiaiPkkMVS1xn3zNGjUg,0.0,1.0,0.0,0.0,0.0,0.0,0.0,0.0,0.0
7LKagGYNJ9x3FhZXgGyAYWHuCjKFrsmPJoU9JBSRq8D4,0.0,0.0,0.0,0.0,0.0,0.0,0.0,1.0,0.0
7LNa5PNdRBJ9Bh1Qjf9PqUuwvYybZWVVLyrs6Xhjb6B8,0.0,0.0,0.0,0.0,1.0,0.0,0.0,0.0,0.0
7LsaAwdWRKufr45emXRBxBLwV7WNQ4iAe9H8Achby8Pg,1.0,0.0,0.0,0.0,0.0,0.0,0.0,0.0,0.0
7MC1HarRribEh1EuUfxrULGRYbmpwFsW4mLCwtMuWteb,0.0,1.0,0.0,0.0,0.0,0.0,0.0,0.0,0.0
7MJxU1SyLxCD7nX27KpfkAApVBPZsFc16XvW1ej5aCak,0.0,0.0,0.0,0.0,0.0,0.0,0.0,1.0,0.0
7MaNB39swLDTGafMs5Au2PDUR2XEtGPvzooBLsfHxoev,0.0,0.0,0.0,0.0,0.0,0.0,0.0,1.0,0.0
7Mpo21aZATk3kevkUSRMtXyiE3Jc7GxMCk6PMRtgDv7k,0.0,0.0,0.0,0.0,0.0,0.0,0.0,1.0,0.0
7N17hKnYqCxSZgvh7v8YxvCrrBkrqiCxgi2pZsAxU19u,0.0,0.0,0.0,1.0,0.0,0.0,0.0,0.0,0.0
7N6dYSBhUHQB1fLRy2hhT1Kw5hzJWdmBbEmDYBMUdzKk,0.0,1.0,0.0,0.0,0.0,0.0,0.0,0.0,0.0
7N8uhPxgbhtLZGvrdCEpTCYAKGDfsfd2D5AVbSdMww3k,0.0,0.0,0.0,0.0,1.0,0.0,0.0,0.0,0.0
7NFYc1zR7bL12ww6z5uFvwDP1za9Ej1mf2H9pSSLRJKA,0.0,0.0,1.0,0.0,0.0,0.0,0.0,0.0,0.0
7NSZ3UNs88URbJVkjKS2aHQA5qs1UdiGDeHuZHbzfkER,0.0,0.0,0.0,0.0,1.0,0.0,0.0,0.0,0.0
7NTg1XxGWWTxSQMtx8PvMA4JuD7E5QyKsyk4mpeQ6mBZ,0.0,1.0,0.0,0.0,0.0,0.0,0.0,0.0,0.0
7NUaK4kXcebdoYXWk7mWJk9RQoLPRzrprXRV3SDCP4Rn,0.0,0.0,0.0,0.0,0.0,0.0,1.0,0.0,0.0
7NUznmM6TH89V32ADEQsXbgLsRWjsRpJaTzpaiPTmpRR,0.0,0.0,0.0,0.0,0.0,0.0,1.0,0.0,0.0
7NYaufXTt9V3ZT27aPBTP2GTaUTK1ZS5FhLj8vP5BBTE,0.0,0.0,0.0,0.0,0.0,0.0,0.0,1.0,0.0
7Nue89SbHDKkrC48ZHanbeWTX3z6nve2LcBsRnr9XnAF,0.0,0.0,0.0,1.0,0.0,0.0,0.0,0.0,0.0
7NvTEvVVRxZdSWXbhQ34utGSJdrHtSt37nDkZVqA1qAk,0.0,0.0,0.0,0.0,1.0,0.0,0.0,0.0,0.0
7P9EmfWJGrCzwjvh9vZMTmuoE15PCd1gri8MUa7dLYD3,0.0,1.0,0.0,0.0,0.0,0.0,0.0,0.0,0.0
7PDC5TZJRGYUTR9SwaGMVfjtiQy2GcKPo8ALQFetqUey,0.0,1.0,0.0,0.0,0.0,0.0,0.0,0.0,0.0
7PGFDmERm6mtKchi4Qy4bzKbpuHQQywqvKws9VcLUins,0.0,0.0,0.0,0.0,1.0,0.0,0.0,0.0,0.0
7PWEo39NMJP3s4paNJvCtX37j5FpdwGnTLKyirWcjMvB,0.0,1.0,0.0,0.0,0.0,0.0,0.0,0.0,0.0
7Pctotq5cP8TYd2FFzW1w2QYbTmWM6UBpXBHG4kG3Sag,0.0,0.0,0.0,0.0,1.0,0.0,0.0,0.0,0.0
7PfhmiwB2ZpfhHzm7LqX4g7HjBbUmpF7J4A1GpJzynYR,0.0,0.0,0.0,0.0,1.0,0.0,0.0,0.0,0.0
7PgRsNMJqrmRfT2CP8aB3VBu4ARyoAuoMhm7rxv9bd6i,0.0,1.0,0.0,0.0,0.0,0.0,0.0,0.0,0.0
7Ppi7GF9SCB6QBqLozWDe91g1U3trS6S61G3dxRJse43,0.0,0.0,0.0,0.0,0.0,0.0,0.0,1.0,0.0
7PwvUMEZ29kxMt3wwEurzRSjKGFfooWfE1pH2Rs2RzNR,0.0,0.0,0.0,0.0,0.0,0.0,0.0,0.0,1.0
7Q19YPqfvzXmm3rt2VpDMzfTGQEv8A397Yyum4Rk7Y1H,1.0,0.0,0.0,0.0,0.0,0.0,0.0,0.0,0.0
7Q6RcQKsmpaRsaK17nuVyxDEWMRcPJUhboHvsqNRgTsR,0.0,0.0,0.0,0.0,0.0,1.0,0.0,0.0,0.0
7QCiXCg34xXmP1L32WnNgqvvrrWqNMnRtkhvWXkn18tE,0.0,0.0,0.0,0.0,0.0,0.0,0.0,1.0,0.0
7QEyUBFp2P8piyzGjsHDFxvW6eZVpyTcgCdJahcZgUdY,0.0,0.0,0.0,0.0,1.0,0.0,0.0,0.0,0.0
7QPYJx19NXWuFrYJME5WK1q8HYw2eShRVWgr6WrFWLAT,0.0,1.0,0.0,0.0,0.0,0.0,0.0,0.0,0.0
7QdgKCMmCc72QZgYWKLc2tCMH6oRyYqJHDZgn9fLXwKC,1.0,0.0,0.0,0.0,0.0,0.0,0.0,0.0,0.0
7QoheYDG4CL3NZnCjdTbaKVXbM1JkqyA9eRnJcr21KiR,0.0,0.0,0.0,0.0,0.0,0.0,1.0,0.0,0.0
7Qq5UaDW3MQUK9pDwiu38eQEhZmmW2fZbsZHG27trkN5,0.0,0.0,0.0,0.0,0.0,0.0,1.0,0.0,0.0
7R1A6Lt95xw66hM46kxChuWGbDgLuwaESS73nKDxHbLw,0.0,0.0,0.0,0.0,0.0,0.0,0.0,0.0,1.0
7R9nX8UPNSZhGr6A9fkxqYJUKhz7KyP2XvTpj8qWaS7p,0.0,1.0,0.0,0.0,0.0,0.0,0.0,0.0,0.0
7Rj3XjkaZR3uZbgjFxBh9MW1BqS6zjADwi1FT1Y4ZV5p,0.0,0.0,0.0,0.0,0.0,0.0,0.0,1.0,0.0
7Rj8d3E5erTHGy7iBQLvCrrEX2J7nur2VpKaZ3ZDxu2t,0.0,0.0,1.0,0.0,0.0,0.0,0.0,0.0,0.0
7RsuGJ7ZLHruCJsXwita8vrXA3xZgH8UVJM4N82pnZLT,0.0,1.0,0.0,0.0,0.0,0.0,0.0,0.0,0.0
7Rw2AgtEgoi4PGi1QqyT5rBK5udGmPRp7v3FTwVWoHfZ,0.0,0.0,0.0,0.0,0.0,0.0,0.0,1.0,0.0
7RwrYkzLTkVQBvtH4KYesDnMYDT5JfEEXXk1muftMv7B,0.0,0.0,1.0,0.0,0.0,0.0,0.0,0.0,0.0
7RzwjhVTNFccnd3cziRzxwCBWFdungp9jmsesYZDgXC9,0.0,0.0,0.0,0.0,0.0,0.0,0.0,1.0,0.0
7S2fdKhnc7ii4joYBEoftA23kxpuEA26gpuHKDQ7L6hE,0.0,1.0,0.0,0.0,0.0,0.0,0.0,0.0,0.0
7S9TVnTr3BjkRsMXQjCLHaYCN66Wrpx4QqEGFxLuUCVn,0.0,0.0,0.0,0.0,1.0,0.0,0.0,0.0,0.0
7SA7cG2YDT2KmNs56vxj2BNAASvx3dpd3LRS1tYnkEAy,0.0,0.0,0.0,1.0,0.0,0.0,0.0,0.0,0.0
7SDG2vyv3avA6te2BzUAZ2pSzRRrMKeazaueAyy6q9na,0.0,0.0,0.0,0.0,0.0,1.0,0.0,0.0,0.0
7SGq3d9NKwKqNpy1QPLqfYZFjQ6fsCp2TcDzFRtWr8pJ,1.0,0.0,0.0,0.0,0.0,0.0,0.0,0.0,0.0
7SLPYMSA5FxaEvJRk7C6Pxav8KSWt7xcqGw4no4s8p7z,0.0,0.0,0.0,1.0,0.0,0.0,0.0,0.0,0.0
7SaWht9iWBe5xdJGEVDyAQuMwdmUR7T9UdSt1vQbSn2Q,0.0,0.0,0.0,0.0,0.0,0.0,0.0,1.0,0.0
7Su7v3753u8wsdsiVwnYt515yFSJXZK9AYTD1ZbSYqVP,0.0,1.0,0.0,0.0,0.0,0.0,0.0,0.0,0.0
7SuL7xfMqhK1q9HiLx8u3iVmtT3QRPULCb7mL5AGPZXE,0.0,0.0,1.0,0.0,0.0,0.0,0.0,0.0,0.0
7T6NnAHYUwu7EAj5yuAWtc8WGgzA7WmZPMqqmhGTe2No,0.0,0.0,0.0,0.0,0.0,0.0,1.0,0.0,0.0
7TBJXxKiPvreJFnNpeAsWg6i74pmCoUDrmDJ5d43n1a6,0.0,0.0,1.0,0.0,0.0,0.0,0.0,0.0,0.0
7TK3NUZwM1sLXmPk9wfYMR2vq3v1Noy4Mey65wd8Y46m,0.0,0.0,0.0,0.0,0.0,0.0,0.0,1.0,0.0
7TZX5cv1rwCnxsQVq981fvaRGivLQ4BPHbiTTFidqFyV,0.0,0.0,0.0,0.0,1.0,0.0,0.0,0.0,0.0
7TjccRXP95iA4vPn6rBkjeLMvPUW8a9JTAXi7NMAEtTq,0.0,0.0,1.0,0.0,0.0,0.0,0.0,0.0,0.0
7U8iyQY3agBZ9UiMCPwQDmKsP1bvC9dqwKt2g1Dj5kPt,0.0,0.0,0.0,0.0,0.0,0.0,1.0,0.0,0.0
7ULs97DzT6MGVMLFTRNpewrUzN9o9vrmGVzejpczQYhR,0.0,0.0,1.0,0.0,0.0,0.0,0.0,0.0,0.0
7Uh3Q8gr8owgjoCaLcwcasncgTbBrHHdSX2YWWZpGnc7,0.0,0.0,0.0,0.0,0.0,0.0,0.0,0.0,1.0
7UmzDHpS7mE9EeHfqiU11Q17esY3abV1sgjYfuMV1Jye,0.0,0.0,0.0,0.0,0.0,0.0,1.0,0.0,0.0
7UrNCvd7SQUe1MLpToXzHFf7Sn98gf9hxjjgkSrTr3NR,0.0,0.0,0.0,0.0,1.0,0.0,0.0,0.0,0.0
7VYtfXKv7BJ8sAMPu83zjPVHPHCzGSZt9Wyvf7HPmKD3,0.0,0.0,1.0,0.0,0.0,0.0,0.0,0.0,0.0
7VZykJdGo9nu33guXCPrd9UYrh5b3FiBkK8D3eZkEW7,0.0,0.0,0.0,0.0,0.0,0.0,0.0,1.0,0.0
7VeSG5ZrqqfSpLJUYrqrnovmmqsAGx71p92uUgeHGh7j,0.0,0.0,1.0,0.0,0.0,0.0,0.0,0.0,0.0
7W8SEZv79hk4445o56Fd6RzhbUsozkzGXi8vkc7vNRr8,0.0,0.0,0.0,0.0,0.0,1.0,0.0,0.0,0.0
7WXgtZEcKJwuE8WQ3YWYGP3BgfUX5XgzHFyzfWj9GWfX,0.0,0.0,0.0,0.0,0.0,0.0,0.0,1.0,0.0
7X5uvaKR8pE6KS7XJrqLzp7jgv4o8MYKXow2r5PBFW5f,0.0,1.0,0.0,0.0,0.0,0.0,0.0,0.0,0.0
7X9ZUpyc6snGRJcSYjjwrrprNS8T5k7BBJvfW4mu6eCC,0.0,0.0,0.0,0.0,1.0,0.0,0.0,0.0,0.0
7XDXZMNWgNTi2VhE2xEx1jMxYLp1oN4Wbu3e9hWS6wtm,0.0,0.0,1.0,0.0,0.0,0.0,0.0,0.0,0.0
7XJQB1S6vQF42CMMv5jouPM537WvvFyGrNR9fvSWcPwY,0.0,0.0,0.0,0.0,1.0,0.0,0.0,0.0,0.0
7XRfApSMzQSpcnCjQbGeoWQu4dyy5PJT5tAr8XS4Qrqi,0.0,0.0,0.0,0.0,0.0,0.0,0.0,1.0,0.0
7XTNWzEsHwNuHnRzeGd9sP8j7PMMk4w2tabihc5jyfeX,0.0,0.0,0.0,0.0,0.0,0.0,1.0,0.0,0.0
7XYBS23m1m3u7m6Q4QcibUyewH4fP4nxhvo4z4QHAoZ5,0.0,1.0,0.0,0.0,0.0,0.0,0.0,0.0,0.0
7Y9Res87VkqiXBbGzMvUemh2A7bHDz1A4cyrCqVffMFz,0.0,0.0,0.0,0.0,1.0,0.0,0.0,0.0,0.0
7YNXzLjmZWxaUBZJC7CKuTBRN9gh9hGq31XorTCX9vVD,1.0,0.0,0.0,1.0,0.0,0.0,0.0,0.0,0.0
7YS76ZYaSWnZ4TeXEJLvPtEw51ZnymdPzosRJD8vp5sL,0.0,0.0,1.0,0.0,0.0,0.0,0.0,0.0,0.0
7YUMBcBoHnkm2e9kopotQXbnJVaefvNiTzyRDtMeTdem,0.0,0.0,0.0,0.0,0.0,0.0,0.0,1.0,0.0
7YmWAfjvHRhAAscbrk6cy2qqHXykPvibTdM9xibMecLi,0.0,0.0,0.0,0.0,0.0,0.0,0.0,0.0,1.0
7YtSALwMt2Fv2JRB4LpX12TL1gn8gn8rFeQQcv2VgZFq,0.0,0.0,0.0,0.0,1.0,0.0,0.0,0.0,0.0
7ZPb22QnwMEHz7uv6GfaUQ9212BFN7N4MNMf1rqpiWpi,0.0,1.0,0.0,0.0,0.0,0.0,0.0,0.0,0.0
7ZQCQ1aNwwZnRWJpo2RaXcC1etFvQyUa73KWwqq7zVSK,0.0,0.0,0.0,0.0,1.0,0.0,0.0,0.0,0.0
7ZbtSKN8Zz2MLsMwUCDSB6j8VBWxuD1gPwJWZbpoj6rL,0.0,1.0,0.0,0.0,0.0,0.0,0.0,0.0,0.0
7Zh7LgiZuvXmKxaLUQ1y2WwEjJMQS2LVEEPJvTNbXKMk,0.0,0.0,1.0,0.0,0.0,0.0,0.0,0.0,0.0
7aAhSkJLzTc1XWLT8BRt3zzGXbJuQpxEBUX894sFRSQv,0.0,1.0,0.0,0.0,0.0,0.0,0.0,0.0,0.0
7aPSuqk5K7PPPUuK3RbdiHC5KCcRH9BdbsLxcKA1udXk,0.0,1.0,0.0,0.0,0.0,0.0,0.0,0.0,0.0
7av4JUxJoz7L5zjsS9hmYdyqW31i6D6UsVyMuU9FJPRX,0.0,0.0,0.0,0.0,1.0,0.0,0.0,0.0,0.0
7bPNWMHdC9yqUTskpYUivUikwTbm4D5KPt1vJxK9fJD6,1.0,0.0,0.0,0.0,0.0,0.0,0.0,0.0,0.0
7bRer4xdRD9BKcrnidsQuTWXEpHoFFateJcJgyzjkdR6,0.0,0.0,0.0,1.0,0.0,0.0,0.0,0.0,0.0
7bUGZb6owbYFcPapNH1bg8HBcRMTAWBh1nMP9M1uSwqH,0.0,0.0,0.0,0.0,0.0,0.0,1.0,0.0,0.0
7bXYoqXvmvoPbMKFUvLhCDWz9MFL8byQZgmDjGswuE7b,0.0,0.0,0.0,0.0,0.0,0.0,0.0,0.0,1.0
7bY96cEosDsAa3fSnuiGkqK5bAdzyTVkJ9TG8QzndaUs,0.0,1.0,0.0,0.0,0.0,0.0,0.0,0.0,0.0
7cJA6Gxm9cKd9ihqDar7wiAxomGDe1GbG53juSgAEzUP,0.0,0.0,0.0,0.0,0.0,0.0,1.0,0.0,0.0
7cUTDH4NBJAQp6QFBZMe7m1W3bELW6CZPmY9Ff3vfZo5,1.0,0.0,0.0,0.0,1.0,0.0,0.0,0.0,0.0
7caDUvMEje1M8ig3xxVPVgpna6wxmDZFQby3aTHCYJh,0.0,0.0,1.0,0.0,0.0,0.0,0.0,0.0,0.0
7cbBKmZgtUqDxLUNgcRiH8Zi2QwWUmhGvobh9ysVwCGw,0.0,0.0,0.0,0.0,0.0,0.0,1.0,0.0,0.0
7ciLrE8aR9SWsWKebHhNKzgpfKi3FTiMjRroTizZTLzn,0.0,0.0,0.0,0.0,0.0,0.0,0.0,1.0,0.0
7cnvQ77FDhVo8PZ8NqDn51qo5YJ4NLzR8zkiYH8DouZN,0.0,0.0,1.0,0.0,0.0,0.0,0.0,1.0,0.0
7cr41gDR69AhCqk4BMmj6LUf4pzfvazHZpjZi66YUj6j,0.0,1.0,0.0,0.0,0.0,0.0,0.0,0.0,0.0
7csc6e2VazZ4YU6JjMLQKU7jV6iTTDTZRwMMLvNwK9s4,0.0,0.0,0.0,0.0,0.0,0.0,0.0,1.0,0.0
7cxiUuhnZUx1rW9cnRum1idBdLmdwBUUgcDadHkTFjjV,0.0,0.0,0.0,0.0,0.0,0.0,0.0,0.0,1.0
7cxtdiDsvgs7F2t8RAaUQX7n2GgfnGKjTsKyPqBLYhy3,0.0,0.0,0.0,0.0,0.0,0.0,0.0,1.0,0.0
7dWjDkzdGWY716eQ8Gf7wbWFYpEr3eQha3BaHgi4kfvz,0.0,0.0,0.0,1.0,0.0,0.0,0.0,0.0,0.0
7diV3t6PWFDKpevwyzNXLcEBWAr2UqRcy5kMdsXVmTjr,0.0,1.0,0.0,0.0,0.0,0.0,0.0,0.0,0.0
7dimmqYtb8HXyRpeGw6PmHNu3RBmHQJ6yk745eFz3YMQ,0.0,0.0,0.0,0.0,0.0,0.0,0.0,0.0,1.0
7dmeLhnWzctUokiqKcLsZa4xbh3gygGPkmSuFfvjQk26,0.0,1.0,0.0,0.0,0.0,0.0,0.0,0.0,0.0
7dvCfKGjyaY9uDodEZ1LQizfrM2BuykPgJ5e1QUQ6U6U,0.0,0.0,0.0,0.0,0.0,0.0,1.0,0.0,0.0
7dvX4udF3bHynNawQKuLXhzgKpPobPKVjziKfMg9ckBD,0.0,0.0,0.0,1.0,0.0,0.0,0.0,0.0,0.0
7e4ZZUooWmK3TSaWBxeijiKHeoQR83UB76c3bAah1Cey,0.0,0.0,0.0,1.0,0.0,0.0,0.0,0.0,0.0
7fADGjZ8debvQs9JwNHDwHhvVKj424c8Ep19AbWw5Zo,0.0,0.0,0.0,0.0,0.0,0.0,1.0,0.0,0.0
7fvifu4W1A5kynRg778FXnm59nbqYZsxPNi9JbBikDeY,0.0,1.0,0.0,0.0,0.0,0.0,0.0,0.0,0.0
7g1au9Ea1bqoFttNMTRQWrds7XRtpgssHfGNo3WKjT8d,0.0,1.0,0.0,0.0,0.0,0.0,0.0,0.0,0.0
7gJii6Y3Vn4oJbnuav9g5YczFKWSuZZvwnijWdWAfeLh,0.0,0.0,0.0,0.0,0.0,0.0,0.0,0.0,1.0
7gP4RHnECWWXJL1m3XbRPpxx6uogjDBHjb3V2XabF6rm,0.0,0.0,0.0,0.0,0.0,0.0,1.0,0.0,0.0
7gWDYEPuQseM33quVpqm6zZGZyKTT65x2MeyVwRGwvUt,1.0,0.0,0.0,0.0,0.0,0.0,0.0,0.0,0.0
7gXvfugWxX339sKNEG7DdwbuqGwz4b133gTBMutHftx3,0.0,0.0,0.0,0.0,0.0,0.0,1.0,0.0,0.0
7gawjSwoMhSy1Y7jUfa78pq5i7TDyoH91qqFsXYhEci3,0.0,0.0,1.0,0.0,0.0,0.0,0.0,0.0,0.0
7gf7NKvoyNzzLpN1oEXJoNJYkkwTdNnxbqmfKFdKPpmh,0.0,0.0,0.0,0.0,0.0,0.0,0.0,0.0,1.0
7gpwdSCWYo8tWd9dnFyvUsxVLqXhoy7ZojPm4UdMoZhG,0.0,1.0,0.0,0.0,0.0,0.0,0.0,0.0,0.0
7gxMAbLoNgaNp9nrTbzZXbHRHzd1j4cyZf88KA3NxLRL,0.0,0.0,1.0,0.0,0.0,0.0,0.0,1.0,0.0
7h26TLdpRAm8DrBcA1mqdA5h2ey6yTHUPUB6NnZeqCVn,1.0,0.0,0.0,0.0,0.0,0.0,0.0,0.0,0.0
7hCZE4ZcwN14SyLsGZBi8fg7GFq2ET2f3Nfe8LSar13,0.0,1.0,0.0,0.0,0.0,0.0,0.0,0.0,0.0
7hS7Rk4PgXr2bo178b69fiURTM9m5tPz6HidJiXotL9M,0.0,0.0,0.0,0.0,1.0,0.0,0.0,0.0,0.0
7hWa35QqtnJbiv525XfGRpPRSuUh7XiH86e3oZLE69WU,0.0,0.0,0.0,0.0,1.0,0.0,0.0,0.0,0.0
7iEoFwCU643xZojWfUxE7ioamGGq7eVjspeYq6UGPEuG,0.0,1.0,0.0,0.0,0.0,0.0,0.0,0.0,0.0
7ikQUQTH9MwScz2MmzUV3h9Khyo7Ww12gc3tqqv8bcWM,1.0,0.0,0.0,0.0,0.0,0.0,0.0,0.0,0.0
7isjcbVBa7nPHqR4fKnzWcct4rQEGwDHJBpXaXLi4dEW,0.0,1.0,0.0,0.0,0.0,0.0,0.0,0.0,0.0
7iuPrnR3Er3EXpaJL1xB4FyWs7vPiBuCY4iMzyhQWs9L,0.0,0.0,0.0,0.0,0.0,0.0,0.0,1.0,0.0
7j65T48dW1stFgYf2J518itM2R3HYZVXSMaxQS3mNWh,0.0,0.0,0.0,0.0,0.0,0.0,0.0,1.0,0.0
7jsu3KRz74REeAxQYrCgzwPFUzdWbwLEX3ZfaFbZ4jgS,0.0,0.0,0.0,0.0,1.0,0.0,0.0,0.0,0.0
7kQRNpNGPdCYpN1tdU5jZESLAZYqocNDZDbcpcZ9zXd2,0.0,0.0,0.0,0.0,0.0,0.0,1.0,0.0,0.0
7kVp6H8gWTLJ84dyUFF63zWWdhuLoKytdiU5X7QQbXrM,0.0,0.0,0.0,0.0,0.0,0.0,0.0,1.0,0.0
7kYkM5Bu6GAMbw3GtrkWr6EeiJfousH89C4H5fSJezvc,1.0,0.0,0.0,0.0,0.0,0.0,0.0,0.0,0.0
7khZzdQg6796HU6XNCy74138Rp3suxgu2Djzm7cYcJr7,0.0,0.0,0.0,0.0,0.0,0.0,0.0,0.0,1.0
7m6XYWzPbnTUfuRwRUhFaxdXbi3Ueyz4TePWrorQJuqU,0.0,0.0,1.0,0.0,0.0,0.0,0.0,0.0,0.0
7m7cyLzdWMmZSKQmyKpyu3gEiDU2ioBrz3Bx5ELtykRW,0.0,1.0,0.0,0.0,0.0,0.0,0.0,0.0,0.0
7m9EVAuKj8BauR6xVFAd2DrpzjtJD8EE8zezMsJmZfgK,0.0,0.0,0.0,0.0,0.0,0.0,0.0,0.0,1.0
7mQirLtbJrPcRGgEUM7j17sCoT1pcapGfhx8gUc5Twyr,0.0,0.0,0.0,0.0,1.0,0.0,0.0,0.0,0.0
7mRRNyiGhPsT6WGsdknh5tEmAbp9w7VmkSqfWmiPujZm,0.0,0.0,0.0,0.0,0.0,0.0,1.0,0.0,0.0
7mWwwLwU4E31f3cawRTTZ1zaMmXwYZv81dWx7f8uQiEQ,0.0,0.0,0.0,0.0,1.0,0.0,0.0,0.0,0.0
7mbFm9sGrUwb7oRdJ93E4fxBGeeRMQ7V2eysEfsdE5sA,0.0,1.0,0.0,0.0,0.0,0.0,0.0,0.0,0.0
7mkDkvGrDMEsbKarEiZE7CzhG4gpzXcRvs4AxMDvF8Lm,0.0,0.0,0.0,0.0,0.0,0.0,1.0,0.0,0.0
7mxQUU1R3vBvG5uvnNnkyrnVkdjW2HddZkU8SUitjzzK,0.0,0.0,0.0,0.0,1.0,0.0,0.0,0.0,0.0
7n4Vzh9envNPVctTWxKJ3eVkwNtu3ELomD6P31Cb3vak,0.0,0.0,0.0,0.0,0.0,0.0,1.0,0.0,0.0
7n7h83VCkX4K8dBg8wAMzBxoJzzUNhKmJRE7hMDLfdX3,0.0,0.0,0.0,0.0,0.0,0.0,0.0,1.0,0.0
7nMt1Deca1d3mio7q86mjTbCq2yVAqhEKDoVBYWRauaK,1.0,0.0,0.0,0.0,0.0,0.0,0.0,0.0,0.0
7nPQPAGfpVs9fE3tQfAL5m5UrwbtQZry6fZjwy15y6BT,0.0,0.0,1.0,0.0,0.0,0.0,0.0,0.0,0.0
7nWqXKVWE1eMqxT2WHCsJBB6Tp16yG1tSXXRAhzpDYrf,0.0,0.0,0.0,0.0,0.0,1.0,0.0,0.0,0.0
7nXVaDtjSeFGGiPhKodja9uXvqKLKWo5x52kBnETvhC,0.0,0.0,1.0,0.0,0.0,0.0,0.0,0.0,0.0
7nipedy3wqVpA38ipz4dicdY7Ummu1PCiHBznsZ96RrV,0.0,0.0,1.0,0.0,0.0,0.0,0.0,0.0,0.0
7nmb8x3TMEo5rRzFvboBQHx6LLL3LxGy734ZPxNvj27i,0.0,0.0,0.0,0.0,0.0,0.0,0.0,0.0,1.0
7nyJ19T5tn38d4gMsqcEUWoZJRoHvUbo71dNsZoE7ZpH,0.0,0.0,0.0,0.0,1.0,0.0,0.0,0.0,0.0
7odC2NtfXsKi7p9LmQcX8JCu79nvEWEXLnSF4CmstmZ6,0.0,1.0,0.0,0.0,0.0,0.0,0.0,0.0,0.0
7ofjdjVpzBuxZcuDwq3g8Nvgf8L49vU8hNZPDEqMBer3,0.0,0.0,0.0,0.0,0.0,0.0,0.0,1.0,0.0
7ofjwVv6jiGWex7vamLGAgVZyCv4KqjRd8Zw6uPEPHzX,0.0,0.0,0.0,1.0,0.0,0.0,0.0,0.0,0.0
7onLxggi16VQcptDJSXJ6Sd1LgVawPhdAPoQKg3sgqap,0.0,0.0,0.0,0.0,0.0,0.0,0.0,0.0,1.0
7ozoNcVqgptbAUHjLR1vNHgEfKiE5aYufStEHzJhxKeG,1.0,0.0,0.0,0.0,0.0,0.0,0.0,0.0,0.0
7p3TRfdrRpxUhnAs7FGBR6wNhntutrrFgZDCLKSoP8Ec,0.0,0.0,0.0,0.0,0.0,0.0,0.0,0.0,1.0
7p5RpqHQK2bRANdnNR1G4nRV9Ju8qKs4665VYdeCnLxs,0.0,0.0,0.0,0.0,0.0,0.0,1.0,0.0,0.0
7p71HmCSTTrP8P3fBmrHavaKKTzJwm2Rb9nj82L9Qo6G,0.0,0.0,1.0,0.0,0.0,0.0,0.0,0.0,0.0
7pGYR4DySAAr9QZNbW8uoxjzpY1XUncU5Ett2QCzbCo7,0.0,1.0,0.0,0.0,0.0,0.0,0.0,0.0,0.0
7pKp2zzu3wzaD6KuPeCKX6e1qcy3tbGv2yquVMvTbr67,0.0,0.0,0.0,0.0,1.0,0.0,0.0,0.0,0.0
7pR5U4CEuRmVd5QhBnqjrMi9tX183JjSxcC6SPoCLAJ7,1.0,0.0,0.0,0.0,0.0,0.0,0.0,0.0,0.0
7pV7YhgUtKc19vxo9trQG4q1Ab8tx6dxb9o6Hcoq2F96,0.0,0.0,0.0,0.0,0.0,0.0,1.0,0.0,0.0
7q1u1jG9vjahv7dyoqNYwZKmfpKe7yUjrrxyYaZ6dn9m,0.0,0.0,0.0,0.0,0.0,1.0,0.0,0.0,0.0
7q3qqMuf8rbs6qaaimjMHXiPpqnHvkrcx1TFKPCtFpZ1,1.0,0.0,0.0,0.0,0.0,0.0,0.0,0.0,0.0
7q5qbiVMgaYpsrMc9MMdvXitKcFW2oPSzCFB2ikN1QXf,0.0,0.0,0.0,0.0,0.0,0.0,1.0,0.0,0.0
7qEyBV3y8YzAs2mJ7SkkZvnTjKDcXwvWUjbBEM9SczmB,0.0,0.0,0.0,0.0,0.0,0.0,1.0,0.0,0.0
7qKhLBTQfzNuoSAbDyCjXKNFcWdYQ7d4JwpYARBWuFpQ,0.0,0.0,0.0,0.0,0.0,0.0,1.0,0.0,0.0
7qUM8Whf1k1EoKsKJfT81Fa8Ye3UxB9FVAdRa6MJ9Wsw,0.0,1.0,0.0,0.0,0.0,0.0,0.0,0.0,0.0
7qg8vNrPAkmRUNXLS2r4vtnTpZ3oHjV32BAejHPeKkg,0.0,0.0,0.0,0.0,0.0,0.0,1.0,0.0,0.0
7qic726WzLSd8czwqmRV4VKi18jPBhareqWbDY8F8j6T,0.0,0.0,0.0,0.0,0.0,0.0,1.0,0.0,0.0
7qz4tY3UUQQvGeZT992RK4VG5R6PKar7DQaaq3M1zucC,0.0,1.0,0.0,0.0,0.0,0.0,0.0,0.0,0.0
7r1ser8b7a2vCjCTyKs7FGJfLuZLMW2M9PfuaaZm4ryY,0.0,0.0,0.0,1.0,0.0,0.0,0.0,0.0,0.0
7r5fg8sq4K53u4BEAM4PmJcexaAXZi9Gd9JRCkhofCgx,0.0,0.0,0.0,0.0,0.0,0.0,1.0,0.0,0.0
7r7J9Y3pbqdxZhVT7r2SCd9Gda4QG8wz1EY3nQgijGuv,0.0,0.0,1.0,0.0,0.0,0.0,0.0,0.0,0.0
7rFNaBB75Yxkwpoq7TXtbJwYMc776CdfQBc4nPYHAwiD,0.0,0.0,0.0,0.0,1.0,0.0,0.0,0.0,0.0
7rGMvrQos8UGUKKRWmz9X3jLB1UcwV1QUdVpYLtm2Zb4,0.0,1.0,0.0,0.0,0.0,0.0,0.0,0.0,0.0
7rrMNyBJaKVVyUuvRsbDZCjL2694riaxUxs6zhZB7spM,0.0,1.0,0.0,0.0,0.0,0.0,0.0,0.0,0.0
7rsjBuZqtxbdYAA9zCp8N7yCiosVUpBe8eG9CAfHukgZ,0.0,0.0,0.0,0.0,0.0,0.0,0.0,1.0,0.0
7s4woBusAnVVDhy2ny7nBu62DBvZncPXuaYUBZysVKSY,0.0,1.0,0.0,0.0,0.0,0.0,0.0,0.0,0.0
7s8Ervi2oS8TqDPCT3rcf2dss1DwqU1NyYtrJFH6Sjab,0.0,0.0,0.0,0.0,0.0,0.0,1.0,0.0,0.0
7sDm6g8rxgPEsGq1GBuawxiLbHF9qrJNdEWWp6A7erMZ,0.0,1.0,0.0,0.0,0.0,0.0,0.0,0.0,0.0
7sEMBGisZ5wxwsY6hqfxtqKxfrh2kPKXfY1bn42GWCRX,0.0,0.0,0.0,0.0,1.0,0.0,0.0,0.0,0.0
7sPuWLdTeb4fWzzEPDPzKwbrhvgvFiusxZNeFrppN7wB,0.0,0.0,0.0,0.0,0.0,0.0,0.0,0.0,1.0
7spjf52KATbcjLerAQqZM8HiW8ChDKwS8nEtUMDwQw7Y,0.0,0.0,0.0,0.0,0.0,0.0,1.0,0.0,0.0
7t2rbwafTqPKjtGzHDQ1feGQ6h8FtNF8uxjPqQc5iszU,0.0,0.0,0.0,0.0,0.0,0.0,0.0,1.0,0.0
7tCj9Ua8VjzPX3MXgWpwghg9XEUMeywUNNYdcnGMYq3Q,0.0,0.0,0.0,0.0,0.0,0.0,0.0,0.0,1.0
7tUtAdfcX5JKnsoXCSE67TRBAh3XswEDM78rTethNodx,0.0,0.0,0.0,0.0,0.0,0.0,0.0,0.0,1.0
7tWuoyzZJENXyY52Q11dx3ct1dyrhH2VbUvVwwCiqCAN,0.0,0.0,0.0,0.0,1.0,0.0,0.0,0.0,0.0
7td93mbUaD87C47PVkCA9k6p73NNhSvDKAnTeT2VzzHh,0.0,0.0,1.0,0.0,0.0,0.0,0.0,0.0,0.0
7tggB1gSdznVe2VkqoxVgomgdqZfkzDYCbcKdiVXcf9u,0.0,0.0,0.0,0.0,0.0,0.0,0.0,0.0,1.0
7ttsuBMsetwxKPxengLyzM1xNDCD7NWb4YyesSNJhzGN,0.0,0.0,0.0,0.0,0.0,0.0,1.0,0.0,0.0
7uCFJb1YTA5ZAEeUuJF6iGMUrTXq7mCtXB9pWVpKd5Fu,0.0,0.0,0.0,0.0,0.0,0.0,1.0,0.0,0.0
7uND6TnQkg4qEWJSztGDZTZPGCUw5ZX7ADKBjjHfz1pw,0.0,0.0,0.0,0.0,0.0,0.0,1.0,0.0,0.0
7uQG6e8phAYUPPFV965Viiwt2iXNLp9ptKN2NEZbsui,0.0,0.0,0.0,0.0,1.0,0.0,0.0,0.0,0.0
7uoKhzYWcTBnbaKmPbaD5a9V24mfn335eeNNkC5yNvJK,0.0,0.0,0.0,0.0,1.0,0.0,0.0,0.0,0.0
7usBRnxs8y5u7mzhqBCU9Psg29GEZY82mHmDfFhqgxwt,0.0,0.0,0.0,0.0,0.0,0.0,0.0,1.0,0.0
7usQ7T1sfJxpaNn8wkbqn3HVkdDoBKFhN8KZD2vNKq7b,0.0,0.0,0.0,0.0,0.0,0.0,0.0,1.0,0.0
7uubqWANotmX3KU9mdVUNzP1FXpLBWBkk5ArHquKYDfH,0.0,0.0,0.0,0.0,1.0,0.0,0.0,0.0,0.0
7v6W8gqCUJSkak96GwMbRB1rh3P4nZN22rj9PGYSA2p4,0.0,0.0,0.0,0.0,0.0,0.0,0.0,0.0,1.0
7vHVoxaTfgkNJhSJotf564RnUfwzj6Ma34gJ4ih3GpNR,0.0,1.0,0.0,0.0,0.0,0.0,0.0,0.0,0.0
7vi3QL91Z2QHwemkfQ7swYi59deze2MzCAYVDrz3W9oG,0.0,0.0,0.0,0.0,0.0,0.0,1.0,0.0,0.0
7vsEu7WgZiEQuB9GXYqUcydUk3j1UF1NGDCV9xGcWQCi,0.0,0.0,0.0,0.0,0.0,0.0,0.0,0.0,1.0
7vwoV1ZG6eebhYbgL8DMNWgYyHXeHLF1S88BvgXgyutR,0.0,1.0,0.0,0.0,0.0,0.0,0.0,0.0,0.0
7w75fZ3y3S2HeG6C9JFRVkLpob4Jf3bhGugkuVGtPMWD,0.0,0.0,0.0,0.0,0.0,1.0,0.0,0.0,0.0
7w7vrK8yXFnci87jZF1DC5uMdg1nUwSddbDdBmMnzo2t,0.0,0.0,0.0,0.0,0.0,0.0,1.0,0.0,0.0
7wQYvqLAh7m7fxqDBzKsLwTVeQd5KL122gRpSW44EiC6,0.0,0.0,0.0,0.0,0.0,0.0,1.0,0.0,0.0
7wXayVt8JZVPu2Mkx7v2Bv5W3foy24RAPFF3A6GrUT96,0.0,0.0,0.0,0.0,1.0,0.0,0.0,0.0,0.0
7woqoyhrysYZCRsHKSWmYEVtHxP3qWBjvpmUfNS71Ste,0.0,0.0,0.0,0.0,0.0,0.0,1.0,0.0,0.0
7xgSsqLfNVVycJdvC1EdmxHLziABe4YzhqyMgydpSyBv,0.0,1.0,0.0,0.0,0.0,0.0,0.0,0.0,0.0
7xp7mM5tCiywfqq11ZRp4X3X8DBVLLxwejov2LNJUe6y,0.0,0.0,0.0,0.0,0.0,0.0,1.0,0.0,0.0
7ySV2R2tLebEbvqwufkADYxBZ2813ey8rTgjBQfZ2Vjq,0.0,0.0,0.0,0.0,0.0,0.0,0.0,0.0,1.0
7ywvw9xdN6zqSrAHY46of9N7aMyX4N8dZy89kFEgVbrD,0.0,0.0,1.0,0.0,0.0,0.0,0.0,0.0,0.0
7z3t1Lz8jBNJ9kmQ3gVQF1rndCNfhS4b8sd3RQm7WcKF,0.0,0.0,0.0,0.0,1.0,0.0,0.0,0.0,0.0
7z48mSJKSVP9HDesuVoPGLS5bGBNZDfQNUhnLnQbpKH3,0.0,0.0,0.0,0.0,1.0,0.0,0.0,0.0,0.0
7zDDAEnfiueWAJfeUuWCBZqLHmpFW4Qg4WfkY8vrw7UK,0.0,0.0,0.0,0.0,0.0,0.0,0.0,0.0,1.0
7zzUqzJcS1zGPu9v8N6AhsmQiDVqMoXa6mu1NRQg4jJG,0.0,1.0,0.0,0.0,0.0,0.0,0.0,0.0,0.0
812RJyVWiUpMSk3wZrALaAAjnVpVa91i4M2gfgtuUUst,0.0,1.0,0.0,0.0,0.0,0.0,0.0,0.0,0.0
81Eu8miMq7SiCVaS6AFu6wsQcR2Pz2jynFvFnZBFZjen,0.0,0.0,0.0,0.0,0.0,0.0,0.0,0.0,1.0
81Stiw1oHEngqeBZBH22fvWMMEZNnKLKcHyKMYxeDkd5,0.0,0.0,0.0,0.0,0.0,0.0,1.0,0.0,0.0
81vZiTsbg7hE2wR2K3yBGLfnBZxgKJ8MBRHXSvE3cBn9,0.0,1.0,0.0,0.0,0.0,0.0,0.0,0.0,0.0
82168qghmKR71sK6afEGuo9JQRMrFsMu1sVMtV8GavxB,0.0,0.0,0.0,0.0,0.0,0.0,1.0,0.0,0.0
828C1yANqpzJmzb3FMYQQnv7B2Dyehyzh9hqLahF7wve,0.0,0.0,0.0,0.0,1.0,0.0,0.0,0.0,0.0
82HfFpRJdWhuAcoJQVftiaaPZmfstbW5cPX2MaR9vs5Y,0.0,0.0,0.0,0.0,0.0,0.0,1.0,0.0,0.0
82LFSFQqgV1Fn57LWxnmHnStj3a6e43pCZMkhAxj2RYx,0.0,0.0,0.0,0.0,0.0,0.0,0.0,0.0,1.0
82TmfReZsZxdFggCzCeQjET8J9rzTnnjUw7pdtiM3hqS,0.0,0.0,0.0,0.0,0.0,0.0,1.0,0.0,0.0
82UrZrAYbRdHbGXSutsWrBSL6sNSXVS3DtgHfnTGs1bu,0.0,0.0,0.0,0.0,0.0,0.0,1.0,0.0,0.0
82cq9zdZs4yjbBUvoBffzJtqUuF2vF1MDu58M9PqQi5h,0.0,0.0,0.0,0.0,0.0,0.0,0.0,1.0,0.0
82eRiaHs6upFZ5MY5vyYYuCPyHsMEr3PFjhS9LkoStMk,0.0,0.0,0.0,0.0,0.0,0.0,0.0,0.0,1.0
82f2ipQsiRhjVdiDZdDeCwro1oetxHedHaWvpvhZxtuk,0.0,0.0,0.0,1.0,0.0,0.0,0.0,0.0,0.0
82g4REwFTeMW56jsnz9VdrM4GA5YD1HpdL3QLDCah2KD,0.0,0.0,1.0,0.0,0.0,0.0,0.0,0.0,0.0
83Qv9rTejdjZq8gNmDmNHiVuJrpsy2iw28cUFRtTSwHs,0.0,0.0,0.0,0.0,0.0,0.0,1.0,0.0,0.0
83XwGxno8czEgmRgqLDNTQEuHC1nfJcjuNPyBznvGCjT,0.0,0.0,0.0,0.0,0.0,0.0,0.0,1.0,0.0
83snQHjEKfjDKFc2a1WkPBmX6jZuy1YVH46S1reuqKwo,0.0,0.0,0.0,0.0,0.0,0.0,0.0,0.0,1.0
84KyiovEok58oMvS38upg5PxGtV32mdZN6r2PpLrjbFz,0.0,0.0,0.0,0.0,0.0,0.0,1.0,0.0,0.0
84iH2ieU2S35xgfM8UnnXCk19rExEu8ry2CLLg5SsZvr,0.0,0.0,0.0,0.0,0.0,0.0,1.0,0.0,0.0
84tzTGwYG3Ai9pApGnWtnT8e3Yb5g1tS7jsZbkEanZwK,0.0,0.0,0.0,1.0,0.0,0.0,0.0,0.0,0.0
852wkxDHxYYFktjFyHmcdpzXRQBGFtCGF8ccXvXVh64o,0.0,0.0,0.0,0.0,1.0,0.0,0.0,0.0,0.0
85VpLCDWmjenBRZt9yFKo5nr8y9svSKPzjXDJkPBUbHZ,0.0,0.0,0.0,0.0,0.0,0.0,0.0,1.0,0.0
85fxfGddccVt6kFJdLXdnE3a6JbUufaxegorXciqYu2H,0.0,0.0,0.0,0.0,0.0,0.0,0.0,1.0,0.0
85ry2RZ2vNSeMyxK4EZxwQtiP92qSkSPuQbG4XaCAiFs,0.0,1.0,0.0,0.0,0.0,0.0,0.0,0.0,0.0
85u7qz8EoELknD5oNgZL9U98LxtwW6wxi6HpVrNHsWiK,0.0,0.0,0.0,0.0,0.0,0.0,0.0,1.0,0.0
864z2dpvKiBpT9X5shutozynazeDMqzY9JHestQ5E4es,0.0,1.0,0.0,0.0,0.0,0.0,0.0,0.0,0.0
86E3rkmHryjqbHJxmg2j9h3cdaddivfi1tvEM4im4VDw,0.0,0.0,0.0,0.0,0.0,0.0,0.0,0.0,1.0
86NJbs2A5obesxCvi117eTRJR9UWEB8TwooGUo3mSrgz,0.0,0.0,0.0,0.0,0.0,0.0,1.0,0.0,0.0
86nJ1ohnosxN3G2auuRkfVqDtxuFCLHMTj6A2mT4Nm8J,0.0,0.0,0.0,0.0,0.0,0.0,0.0,0.0,1.0
86qC1wUCMkYM2PBqx4sUrX2ZmAXupS54CsgrQfkUSHSv,0.0,0.0,0.0,0.0,0.0,0.0,1.0,0.0,0.0
86raAWbjQnCnnQ8WzDSUFa44sDxrDKzz394sRZ3dJQ4t,1.0,0.0,0.0,0.0,0.0,0.0,0.0,0.0,0.0
86sGyEQB5LYYiXQD674yrV1Ub5QWKUX9Q8vi4SnpbEcD,0.0,0.0,0.0,0.0,0.0,1.0,0.0,0.0,0.0
86ugEi2Fo5oZCHVHc9MzMDk7Tht8bzni694qpk3G5t95,0.0,0.0,0.0,0.0,0.0,1.0,0.0,0.0,0.0
86z2t1Ac3F4B9Ee6cTMZRapupcaver58ZM9tNcAyD2Tf,0.0,0.0,0.0,0.0,0.0,0.0,1.0,0.0,0.0
872jB9RBKpMDbBRyyXTYbvCprtrAVttFQXJZSsD9efLY,0.0,0.0,0.0,0.0,1.0,0.0,0.0,0.0,0.0
87XioQDK9ffwrqKC2x4FTJpxAPssN3FxJiCMg2qnjXXV,0.0,0.0,0.0,0.0,1.0,0.0,0.0,0.0,0.0
87cjKjexgT4YAQpRJEVEH8g9fXuJbUtLi5MxVecvzcVH,0.0,0.0,0.0,0.0,0.0,0.0,0.0,1.0,0.0
87f5K1TM4QEVru8MjY7z1UFcDbiF6yfq2P6LTCHTaRsy,0.0,0.0,0.0,0.0,0.0,0.0,1.0,0.0,0.0
87jJm8kFDWmahNdPMk7BC4hTM2TquzxufnVa7o6A9Srb,0.0,0.0,0.0,0.0,0.0,0.0,1.0,0.0,0.0
87pnAAsMiwEsLXj8uoW4HeFCXq2YYi94SK2nPJvmKE59,0.0,0.0,0.0,0.0,0.0,0.0,1.0,0.0,0.0
87yewsLXnKe5oLGqwLdYYwC8n5Tkxa28GfKLhusWbzNx,0.0,0.0,1.0,0.0,0.0,0.0,0.0,0.0,0.0
88368gbrGCBNSew9uJGhSuVprQBX5pvELoPX2DKA8qG9,0.0,0.0,0.0,0.0,0.0,0.0,0.0,1.0,0.0
88887QrRZPZmsstEXsoXXB8E7nbmUDde4Gp5s7jG3ENu,0.0,0.0,0.0,0.0,0.0,1.0,0.0,0.0,0.0
88UD3y95RjumpMaGeMNrrGBTSqKWESWspzVJvqAW5zfX,0.0,0.0,0.0,0.0,1.0,0.0,0.0,0.0,0.0
88m4cf2t4ukgRVYVx4uqGdugxrtUYTBeLBJqQgqECBaN,0.0,0.0,0.0,1.0,0.0,0.0,0.0,0.0,0.0
892qu6txtzzrY72H3SAYX1k8zvVuKrJAV3J1E9LiZgYD,0.0,0.0,0.0,0.0,1.0,0.0,0.0,0.0,0.0
894Wb9eyWTrtSutaiYixpeemdUip6uEF8NqAeE1pQMvF,1.0,0.0,0.0,0.0,0.0,0.0,0.0,0.0,0.0
899gWVtHn8YRWUEiZVEiCJpBGMjHa31XZoacSXNmDJ5Q,0.0,0.0,0.0,0.0,1.0,0.0,0.0,0.0,0.0
89CbsWN7Yje4fQEbTSn6mHG4nBgupHhHhb2D3Jzq9aLo,0.0,0.0,0.0,0.0,0.0,0.0,1.0,0.0,0.0
89JEscW6BpEfhAvhK5p5NMG3CBgoULZNiAMzUxV7Zw8h,0.0,0.0,1.0,0.0,0.0,0.0,0.0,0.0,0.0
89JiAKAH971xHKKW86nM2Ebxt2umTdxfUhDk9us2o2Gj,0.0,0.0,0.0,0.0,0.0,0.0,0.0,1.0,0.0
89L8nWxk9PEt3Ck2vWdZwTE5tLtiWWBULfwXLpAaM1JY,0.0,0.0,1.0,0.0,0.0,0.0,0.0,0.0,0.0
89NxnL9gmP914uaPuHaJHnAKT6DvMbmTYfH4brpXmpTx,0.0,0.0,0.0,0.0,1.0,0.0,0.0,0.0,0.0
89SveovQFkRzhSbgJX8LJbKZCKuhKaSJChhpojmrqjye,0.0,0.0,0.0,0.0,1.0,0.0,0.0,0.0,0.0
89YqbpGdTRHzkrknr7bsndGQBndQyhDE9gCog4hQtsJk,0.0,0.0,0.0,0.0,1.0,0.0,0.0,0.0,0.0
89mVEYSYohjAa6DTUxZYW2SVUP4L7BaLtk6bmQ1jUbH9,0.0,0.0,1.0,0.0,0.0,0.0,0.0,0.0,0.0
8A83EFYGPVDqNw5vXXdu253Cf1MkdzNn8vLVh6KyYrei,1.0,0.0,0.0,0.0,0.0,0.0,0.0,0.0,0.0
8AL8NRLbBLodbAj92G1yayrBtpezyUte7pSRSveDWxc1,0.0,0.0,0.0,0.0,1.0,0.0,0.0,0.0,0.0
8AUvZGkgtgT7q5dUH2jtzv7czLgQgD4XVSubawXR57ZQ,0.0,0.0,0.0,1.0,0.0,0.0,0.0,0.0,0.0
8AX5CqyL2QxLTEUhu7gpGdhxB94kVMSjAn1E1Wpwcffp,0.0,0.0,0.0,0.0,0.0,0.0,1.0,0.0,0.0
8AYeV6HHoMYkdnviwMrm2Q6yirpsekdWhRsZ92yqzb74,0.0,0.0,0.0,1.0,0.0,0.0,0.0,0.0,0.0
8AsDcH6k7kK4z6TT6xVtiVBAWgEhEHjQbh1DSkZ4bGru,0.0,0.0,0.0,0.0,0.0,0.0,0.0,0.0,1.0
8BEZxWk1Fu6DQ71gWySV3vTf4SCANZsEtvNEQEo2ZqE3,0.0,0.0,0.0,0.0,0.0,0.0,1.0,0.0,0.0
8BLNoQZW8paU9RoRS1W8SNqRqFcmr7hW5SLTCnJ5Wfvw,0.0,0.0,0.0,0.0,0.0,0.0,0.0,1.0,0.0
8BRQCDVwq9R12VkfDMBFhVrGpfBzyWy3siw59NKZaw2n,0.0,0.0,0.0,1.0,0.0,0.0,0.0,0.0,0.0
8BSzjAvGZ9zHfm9za9f4FZ6KMvjhVEzMhDYSfLu3N7CR,0.0,0.0,0.0,0.0,1.0,0.0,0.0,0.0,0.0
8BWaa2fLAgPyjDwVKtXQx2wFCGmBrPNfa96hubTvgt2E,0.0,0.0,0.0,0.0,0.0,0.0,0.0,0.0,1.0
8BmQMjEbZugX5eUnRPMaMjGbRDW26KDUYSVK2LZ5qxZE,0.0,0.0,0.0,0.0,0.0,0.0,0.0,1.0,0.0
8C34ScwuhZyjgkDobbj2K44T923QX8iNhhs5vXtJgdBd,0.0,0.0,0.0,0.0,0.0,0.0,0.0,0.0,1.0
8CDp9zjWF2uQB7q9uQpJrQ8AyT1n89ieBjBUL7hhryfJ,0.0,0.0,0.0,0.0,1.0,0.0,0.0,0.0,0.0
8CLuk3HvKefujcHBFr5BcN7QrLyvXj9gsUoZA3n4pDmR,0.0,0.0,0.0,0.0,1.0,0.0,0.0,0.0,0.0
8CZfA5szdubLQKhfdY3VbatNFCcMuhzT4oVd1oUnEQzU,0.0,1.0,0.0,0.0,0.0,0.0,0.0,0.0,0.0
8CbERmNmA32URfWV52cmZBApdKdvyh3CJPAdJChbxSC2,0.0,0.0,0.0,0.0,0.0,0.0,1.0,0.0,0.0
8CkXx46StWoPnheFNysxFXprUFwPqu3VTrmirk5yHaBf,0.0,0.0,0.0,0.0,0.0,0.0,0.0,0.0,1.0
8DDA1enAgjGCDo3efdcGLwkPaWQ1MBvxSBQ7Py2tmmUv,1.0,0.0,0.0,0.0,1.0,0.0,0.0,0.0,0.0
8DHegWLbSxNiPPsXQdDsSKRsZFY8UBAbxj4KdstEdJey,0.0,0.0,0.0,0.0,1.0,0.0,0.0,0.0,0.0
8DVpFXF9HD94XcADwDrnWnJrTn4WUpjygvXvxyTgHkbs,0.0,1.0,0.0,0.0,0.0,0.0,0.0,0.0,0.0
8DW1F4V33GrYAFEoNZhPXsAENYxPZeCVBeLJ1n9kBuMn,0.0,0.0,0.0,0.0,0.0,0.0,0.0,0.0,1.0
8DpMLtiogSukN91oKxwfVABevQSm92GZ2kcUiY7qid2b,0.0,0.0,0.0,0.0,0.0,1.0,0.0,0.0,0.0
8Dyjp4CH6EAcyuyRB9BivKevELmDzJyn9wj7ycGYMH3d,0.0,0.0,0.0,1.0,0.0,0.0,0.0,0.0,0.0
8E1AXrLUizCdhFdt6AdCsCMeLCAM2gvbkL3GU8SRPzMx,0.0,0.0,1.0,0.0,0.0,0.0,0.0,0.0,0.0
8ELKSw4cG3HU3ewtQeTuChe3oofMsqAiPKUrYdEG2A2s,0.0,0.0,0.0,0.0,0.0,0.0,1.0,0.0,0.0
8EkYcwUSk9RsfkKvdABy3A9Phirnesaze4QhHoLwLFGT,0.0,0.0,0.0,0.0,0.0,0.0,1.0,0.0,0.0
8EzUW5eAfZVeZA81fHGD9QnuyXcX4y2iCkX85Ghp4U37,0.0,0.0,0.0,0.0,1.0,0.0,0.0,0.0,0.0
8F7QFacoPxkswT7KFvVHsgB5Ls2kJNE1PiFbRyWAEvXb,0.0,0.0,0.0,0.0,0.0,0.0,0.0,1.0,0.0
8FGJRMitTtfJDURfEnqN2SdjP7fppYeVC5vCg9XKwVdS,0.0,1.0,0.0,0.0,0.0,0.0,0.0,0.0,0.0
8FL6mHY6AtWLpamzro6A2okvyU7c1LDF35A2ArhyWC9j,0.0,0.0,0.0,0.0,0.0,0.0,1.0,0.0,0.0
8FLBu1ftugQviUFoU3Xm3w1RVs4RoKwngZU179EYeTYN,0.0,0.0,0.0,0.0,1.0,0.0,0.0,0.0,0.0
8FMQtzBEPP2QqEbeY6iqAJzJXQTGXAojJD9NBfDxWRnA,0.0,0.0,0.0,0.0,0.0,0.0,0.0,0.0,1.0
8FUrHVKVib99dgHRGaMGdce4SEqwJkUgZG6jaULTszyd,1.0,0.0,0.0,0.0,0.0,0.0,0.0,0.0,0.0
8FWiAfsbwrzjGxEPuhrRdAo3SF63TwC1rUaqeNAQDzYc,0.0,0.0,0.0,0.0,0.0,0.0,0.0,0.0,1.0
8FYab3uy8NSzyywgvjGXXJuFYtmQ1mE88ve3uQLUsfcb,1.0,0.0,0.0,0.0,0.0,0.0,0.0,0.0,0.0
8FxH8RES71zthKVcLn9dYUbPuCJe8QxuGGF711jwvsDX,0.0,0.0,0.0,0.0,0.0,0.0,1.0,0.0,0.0
8G6AQXAT5o4GQ9kchMZY63JAs9qRo8FB9wcn8nvUaZZU,0.0,0.0,0.0,0.0,0.0,0.0,0.0,1.0,0.0
8GTcuhhs127cZ8Pr2d3oy6jqtCPD4r9gje1sZVHaoCsS,0.0,0.0,1.0,0.0,0.0,0.0,0.0,0.0,0.0
8GdbP1oHneKyoxfP6ypQ8AZBTokYQ7uZdazkPHnviC6t,0.0,0.0,0.0,0.0,0.0,0.0,0.0,0.0,1.0
8Gpc1oZTCktkZCSpqUFKsWhHyr2UBmnt37bBUk6XdfBT,0.0,0.0,0.0,0.0,0.0,0.0,0.0,1.0,0.0
8GwHCm5BMdwcvPhzgZaQUoZfaRD84SNH8CdQY4VUHK1z,0.0,0.0,0.0,0.0,1.0,0.0,0.0,0.0,0.0
8H3PjffrRhuYW9KLdHTBHNiajF9y1N6AvuSDFRJUF3vi,0.0,0.0,0.0,0.0,0.0,0.0,0.0,1.0,0.0
8H4v26JDrxTwSYMPJi4qtx2om1z512USZSs6ZuceSuqy,0.0,0.0,0.0,0.0,0.0,0.0,0.0,0.0,1.0
8HQLCqJBgB9n6noCGygq1rmUoxfingHcGj7Fg2vkbPMS,0.0,0.0,0.0,0.0,0.0,0.0,1.0,0.0,0.0
8J7cJ16GQ4e8ZFeiHwqT7t8zTRAsouucFRU7N8jkyr9u,0.0,0.0,0.0,0.0,0.0,0.0,0.0,1.0,0.0
8JAPGBKk2egot8LYdn4QCEhd3ngDLG5PTupLZxj62wYH,0.0,0.0,0.0,0.0,1.0,0.0,0.0,0.0,0.0
8JLXs9tjXtdoLgZWFGbj6kEwRyUp1fcGVRWeScwyHDR2,0.0,0.0,0.0,0.0,0.0,0.0,0.0,1.0,0.0
8JUvhqdBrg9WpgG4QjoQtUBpQH9Pqnyp8Na1Kc8wLHcF,0.0,0.0,0.0,0.0,0.0,0.0,0.0,0.0,1.0
8JYXHWbDj2JrKrnXcAniWZhU3zKFMHLkmbEakqeNSZTa,0.0,0.0,0.0,0.0,0.0,0.0,1.0,0.0,0.0
8Jbzs5iX5UAjWqxRFRSKXVbvmg17dMQYBBPake6F359D,0.0,0.0,0.0,0.0,0.0,0.0,0.0,1.0,0.0
8JhdcmQvf53dbrbVurGAxn8cY8aEcbVhjHqGFQvs5o7i,0.0,0.0,0.0,0.0,1.0,0.0,0.0,0.0,0.0
8JjqFx15NxGCTw6REc4h9pNveAz77Jj14tEx6LyZDDi7,0.0,0.0,0.0,0.0,1.0,0.0,0.0,0.0,0.0
8KPFxPCw58C2amsTLQVepnFjdjLYH8GngvzXxczav7n3,0.0,1.0,0.0,0.0,0.0,0.0,0.0,0.0,0.0
8KjdBwz6Q3EYUDYmqfg33em3p9GFcP48v3ghJmw2KDNe,0.0,0.0,0.0,1.0,0.0,0.0,0.0,0.0,0.0
8Krhfrt6VdekDBpT92EKdKPfhEud9w9cB1sLz6hE2a6g,0.0,0.0,0.0,0.0,0.0,0.0,1.0,0.0,0.0
8L5XhcAEb3jjuZ4NJLaVs67RpFVTBuMSzic2bYr1ry8D,0.0,0.0,0.0,0.0,1.0,0.0,0.0,0.0,0.0
8LFPJrFXTsKCQB5Ams9CsxPWiVMJvgGC1xj9m4FGxFuS,0.0,0.0,0.0,0.0,0.0,0.0,1.0,0.0,0.0
8LQo5M3vbvDEhk7qiicLmAtSNPYDmUBtuBndLLgZNYZj,0.0,0.0,0.0,0.0,1.0,0.0,0.0,0.0,0.0
8LXe6yGyykVSY8p6tpV6qY9x1t5ReHDrn3dZx1aKDygg,0.0,0.0,0.0,0.0,0.0,0.0,1.0,0.0,0.0
8LehducFm512YFTsbC645N9HKppz2PCCtHsrwzwPHA9V,0.0,0.0,0.0,0.0,0.0,0.0,0.0,1.0,0.0
8Lp154saWp1LtU2oHmJm8xpPu75ndN4dZMnUTJ5Xwn46,0.0,1.0,0.0,0.0,0.0,0.0,0.0,0.0,0.0
8LrbBr3CprSRKZJZCeskY8F5Xr76kwk8yZ42cLDaq1hr,0.0,0.0,1.0,0.0,0.0,0.0,0.0,0.0,0.0
8M1EEkehMVAG9TMmeFmZic9n8dMuvee7eHWp3GeK2a58,0.0,0.0,0.0,0.0,0.0,0.0,0.0,1.0,0.0
8MF6G6FkbmnL845Hqsm6MuvSePUTfMY9MxcTFfAetgDA,0.0,0.0,0.0,0.0,1.0,0.0,0.0,0.0,0.0
8MK1ZhLpnvs1z2CBosQekhiTrPzjBVTZLUTpSixqMfji,0.0,0.0,0.0,0.0,0.0,0.0,0.0,1.0,0.0
8MeeUcRpZseypiMQZEeRZq5n9L24NYnv4PLUvWcJC7kk,0.0,0.0,0.0,0.0,1.0,0.0,0.0,0.0,0.0
8MhqGnzY62EC7wTPcL2QNzWpT7TeUAsQsat5Egq68cJn,0.0,0.0,1.0,0.0,0.0,0.0,0.0,0.0,0.0
8Mzg2vFUBQ3wxRTvpC8XTSpekdSXHehkf878YzwugwKq,0.0,0.0,1.0,0.0,0.0,0.0,0.0,0.0,0.0
8NBECv5kzTffYz4vE86n1S37zSQrJgkozMtzszDWkvAD,0.0,1.0,0.0,0.0,0.0,0.0,0.0,0.0,0.0
8Nb9nPL1Hgn7DRw1gzuhDgMkbJa9uemDWiPTeca2367y,0.0,0.0,0.0,0.0,0.0,0.0,0.0,0.0,1.0
8NnBJEfmfiiQkDbZAzQa3suT73F3oAcfsgzmG8m3bUMu,0.0,0.0,1.0,0.0,0.0,0.0,0.0,0.0,0.0
8NoZETTAJE2mfB63vfbAJiZAELYCnaanvLPUK5pGcrxX,0.0,0.0,0.0,0.0,0.0,0.0,1.0,0.0,0.0
8NxUMiB52yXyEPUb6SZVeVVpv4nD7Du9mDVTTQy4Z7Tp,0.0,0.0,1.0,0.0,0.0,0.0,0.0,0.0,0.0
8Nz5gxgkk87TcijJCXJEbnNdtinSBCerTEnnniHmRxwj,1.0,0.0,0.0,0.0,0.0,0.0,0.0,0.0,0.0
8P5uEFKTFz9bHuJ3PGcXLH25L61QApyws4KgzBXpzwWU,0.0,0.0,0.0,0.0,0.0,0.0,1.0,0.0,0.0
8P7o42p59fhiXD4j2pTvGayDq58iqY3yL7QCLhwSWBys,0.0,1.0,0.0,0.0,0.0,0.0,0.0,0.0,0.0
8PR9KLjM8ugQXnghBRbEpJCRk9SFD9SoZu32d4rNdzqr,0.0,0.0,1.0,0.0,0.0,0.0,0.0,1.0,0.0
8PZ85wZnrCfuipAxVCf7rhHVUiKJCTbNhEVnhBhCsEkb,0.0,1.0,0.0,0.0,0.0,0.0,0.0,0.0,0.0
8PpomYXbb55zji7n3sunURfTw5TZN9Gps459nF12P18i,0.0,0.0,0.0,0.0,0.0,0.0,0.0,1.0,0.0
8Pr1vRyfB4KLZ2bm3WL9WCqrxMinT43ixGFCSCPhgh4w,0.0,0.0,0.0,0.0,0.0,0.0,0.0,0.0,1.0
8Q1rj6UvnKaFLHa2LBaU1shy1HdnY71GvFekuzwKDCV5,0.0,0.0,1.0,0.0,0.0,0.0,0.0,0.0,0.0
8QMMf393WiMiP2MPUarWcTnSc9Q7MRrt2xuvuopKXY9V,0.0,0.0,1.0,0.0,0.0,0.0,0.0,0.0,0.0
8QhhPpsf5Dk7ixA4JAK5DA8oZody9qzi7Rsu1WfdmRzL,0.0,1.0,0.0,0.0,0.0,0.0,0.0,0.0,0.0
8Qmmc75GG6Dz8hhWN9TasXPY6ktqNLEqfNmkFwDsuEtU,0.0,1.0,0.0,0.0,0.0,0.0,0.0,0.0,0.0
8QwwVF2AZB2W3SsuoutmnCYnp9jkDNFuBo54QvTFmvzA,0.0,0.0,0.0,0.0,0.0,0.0,1.0,0.0,0.0
8RF7UKz1N1jKfC3xpo5shZJyZRFYQPZiTd3TVpFRBnbj,0.0,0.0,0.0,0.0,1.0,0.0,0.0,0.0,0.0
8RXBypLsDaU2hoGvawg7dDr9U5WXKoUZFpEoNifVJsLw,0.0,0.0,0.0,0.0,0.0,0.0,1.0,0.0,0.0
8RZ8gTyUwviJbKpEhXvxJ5AwAyzELiDtNVn6ERsj1Lt2,0.0,0.0,0.0,0.0,1.0,0.0,0.0,0.0,0.0
8RcfC1FFWcdcQyRjtr5fpbRqcuw6EHrACpmyhRb4CXDq,1.0,0.0,0.0,0.0,0.0,0.0,0.0,0.0,0.0
8RkqCKcknVKjAtSjcpEAzoCZqQ43jgbfQ4xTuD7175AC,0.0,0.0,0.0,0.0,0.0,0.0,0.0,1.0,0.0
8S16jHVkcjRx87ATSBp6B5seEfVoVRxBpJ68oGLAWieF,1.0,0.0,0.0,0.0,0.0,0.0,0.0,0.0,0.0
8S6DuAHSMVy9DZ3AEQKArUrJJagktSkcVWdsx86RXZT8,0.0,0.0,0.0,0.0,0.0,0.0,1.0,0.0,0.0
8SRjLazGw7GgA5TTYnATPgQJeXuC5QeC49GhBWUZi8x8,0.0,0.0,0.0,0.0,0.0,0.0,1.0,0.0,0.0
8SWHH7nkDnFQRgrix6kjEu1wgsLffDnnswjyKx9Wi6JY,0.0,0.0,0.0,0.0,0.0,0.0,1.0,0.0,0.0
8T9sWvSpCWHytc92AUhM1UJTHewa9yqz2sH95XJgphm7,0.0,0.0,0.0,0.0,0.0,0.0,1.0,0.0,0.0
8TZbEXQ1pd2nRw89QU4E7QJKi2n5NFkH8WsbmxVh9gkf,0.0,0.0,0.0,0.0,0.0,1.0,0.0,0.0,0.0
8Tcn1AkBTPDXExQT7baVp4KNjpAuYqqmPVpp5fADkfTp,0.0,0.0,0.0,0.0,0.0,1.0,0.0,0.0,0.0
8ThziVPyF2JMsZCTHdtP6rnwCLGJgyacdm5deGF8aGM7,0.0,0.0,0.0,1.0,0.0,0.0,0.0,0.0,0.0
8TiahdaaVcVd9Pin65Cxp7DtajkJRhMVHpRwxnYrbfmp,0.0,0.0,0.0,0.0,0.0,0.0,1.0,0.0,0.0
8Tuu1MXdJkLBchVcecFZZj4LaB3ibCC4S4Gq1eEpvx7T,0.0,0.0,0.0,0.0,1.0,0.0,0.0,0.0,0.0
8U7ZYeLqArvxz4U99K2pLHrZmCD1ASPfeQKBMAycP2v,1.0,0.0,0.0,0.0,0.0,0.0,0.0,0.0,0.0
8UBdK1nzDz1AxjL419nupiciv1ctyEM4imckRuZrByD1,0.0,0.0,1.0,0.0,0.0,0.0,0.0,0.0,0.0
8V6tNu8bRtfTej25HzHPahtvwJN51xyL5HPpH4Z2eQ91,0.0,0.0,0.0,0.0,1.0,0.0,0.0,0.0,0.0
8VCoD51kW3HjuHvcLF4wgHNktze8aMfdVkDt5J32SwAw,0.0,0.0,1.0,0.0,0.0,0.0,0.0,0.0,0.0
8VS8HdiHfd3LXxQ3VnBm88P5DkCBuEhzUxCcncCZ3MLj,0.0,0.0,0.0,0.0,0.0,0.0,0.0,1.0,0.0
8VU5qjscvCd7fXe52KmdkcnibqqjM1eSBq1E3mWuwcYH,0.0,0.0,0.0,0.0,0.0,0.0,0.0,0.0,1.0
8VZec6dMJhsAh7iPkdUoDqPtge35yn22xibonAqAEhMZ,0.0,0.0,1.0,0.0,0.0,0.0,0.0,0.0,0.0
8VhYPLeMg2kFeMZxrmL85E568oxm71vGouo9oqVZCgZ8,0.0,1.0,0.0,0.0,0.0,0.0,0.0,0.0,0.0
8VoBSbUFCLgbCaG5SdP9496H9fv4CCSfyTUwGXzf8byL,0.0,0.0,0.0,0.0,0.0,0.0,0.0,1.0,0.0
8VvhhFLqRJ3rCyyYZAL4eCjfhqjJDvdzbhGjfPGryDxE,0.0,0.0,0.0,0.0,0.0,0.0,0.0,1.0,0.0
8W4RwuthcrmJztpFjGZ21nHGyi1wUKsdsUogCSAnzR4X,0.0,0.0,0.0,0.0,0.0,0.0,1.0,0.0,0.0
8WELzjNGom6Ncdr6YkefCwjz1PdUjsyixf4pVoyEu1PN,0.0,0.0,0.0,0.0,1.0,0.0,0.0,0.0,0.0
8WFRGRnrgApayzit9sw588RHQtL2X3LbvSp9sACus7Ww,0.0,0.0,0.0,1.0,0.0,0.0,0.0,0.0,0.0
8WMJ8qbTehqQt2ZfGu74f1knuRGHq7LXkAJKASt2BpaS,0.0,0.0,0.0,0.0,0.0,0.0,0.0,0.0,1.0
8WYJXVAwmSGCh1S5vWXwN9CPgC3EznUk5Gh118uQipR7,0.0,0.0,1.0,0.0,0.0,0.0,0.0,0.0,0.0
8WYzT3CHgTakgMAaA4RkyX6PsNnXR1SqYuXtVK3R98L3,0.0,0.0,1.0,0.0,0.0,0.0,0.0,0.0,0.0
8Ww23oonoaD2CUUFaUcxP73CM2jHK1Gk8SV4ZbuT73CX,1.0,0.0,0.0,0.0,0.0,0.0,0.0,0.0,0.0
8X7qxcq8tzqWeCDswNu1rHBo25R7CwHGa8Gm95GNwnkR,0.0,0.0,0.0,1.0,0.0,0.0,0.0,0.0,0.0
8X89YUjrDyyzdVhKeijZtKiqbWPYumQZQkRMpt5Do7Cm,1.0,0.0,0.0,0.0,0.0,0.0,0.0,0.0,0.0
8XAPpsCoQCiNRbXFEJyECZV78LBLGszAs3WTBwjHVg16,0.0,0.0,0.0,0.0,1.0,0.0,0.0,0.0,0.0
8XD2NEoqaoDLRCH3Pyo7stdeKbeuHgWVXZVzoFQiYcaw,0.0,0.0,0.0,0.0,0.0,0.0,0.0,0.0,1.0
8XRfXhHfiTPXtw5DSmfMdFzpmguwBP3Z77oH7vvz5o1W,0.0,0.0,1.0,0.0,0.0,0.0,0.0,0.0,0.0
8XWnBxAQKtEgkhJJeR642QSzb6K8ZYzEBXyn4NAnasMD,0.0,0.0,0.0,0.0,0.0,0.0,1.0,0.0,0.0
8XdJUX61Jdrd1L47GiD864eynw9MibBih5XjRdATa25a,0.0,0.0,1.0,0.0,0.0,0.0,0.0,0.0,0.0
8Xh8ZgRmHTuraNJyB8S2WY9bN9bYgn8R8BH8HVfEXHSN,0.0,0.0,0.0,0.0,1.0,0.0,0.0,0.0,0.0
8Y4dqkqR2XA8Wn7YeYbVL1QjYgzDYZscPcKvv1r5WxyR,0.0,0.0,1.0,0.0,0.0,0.0,0.0,0.0,0.0
8Y54WuhbxazJkV7Gn2KV8EACyEYRPJw9p6dcoHQof3ug,0.0,1.0,0.0,0.0,0.0,0.0,0.0,0.0,0.0
8YF3HTJAzZyyhzM4YUFSwk2dpbkMHqvwhHx6N8zAAapS,0.0,0.0,0.0,0.0,1.0,0.0,0.0,0.0,0.0
8YUNsY8TipC4V14RfAQ7eN9i2jREkgF13FQcWyh4oUDJ,0.0,0.0,1.0,0.0,0.0,0.0,0.0,0.0,0.0
8YX5Xt9WZe91yiBsPPKwhTtcncDzY2MWqAMVNJ6ZKVQU,0.0,0.0,0.0,0.0,0.0,0.0,0.0,1.0,0.0
8Yg8c62CkfxBWMChzzU55ix4RRuG78RfWVZ77C8S5kmi,0.0,0.0,1.0,0.0,0.0,0.0,0.0,0.0,0.0
8YwEsvUbfTJtifoCNzhk4G7AMYg4iGBjKvKUeyuZu3HM,0.0,0.0,0.0,0.0,0.0,0.0,0.0,1.0,0.0
8Z7EisyTQe9S4C5i4cwXWZ8iT61Bs1fWfdw64bQn7NgN,0.0,0.0,0.0,0.0,0.0,0.0,1.0,0.0,0.0
8Z8guPBbJdTEraoTu3Y5YX7GaM7sNE2WceFLk8Ad2Ht1,0.0,0.0,0.0,0.0,1.0,0.0,0.0,0.0,0.0
8ZvhLieKQrGTVEng84rTcLBLfL8WqZge7wAMo4b7ezJY,0.0,0.0,1.0,0.0,0.0,0.0,0.0,0.0,0.0
8aUJcTzBmra8MpFzDBuLNVdA6yTJXe14JBijivr7a1DQ,0.0,0.0,0.0,0.0,0.0,0.0,0.0,1.0,0.0
8aj6U8sdi7ceBJKT2vmG6M7u9X6mfgAcDzxYynK99a6f,0.0,0.0,0.0,0.0,0.0,0.0,1.0,0.0,0.0
8aruaW1p2EnCWQNpiRuj2TH6zHrsb6SYS9nCiNfQVVi7,0.0,0.0,0.0,0.0,0.0,0.0,1.0,0.0,0.0
8ayiLnaDZwxG1e94BgjzhYQcsByjZVHEYNWDDEATq8Hn,0.0,0.0,1.0,0.0,0.0,0.0,0.0,0.0,0.0
8bGFqzAKKULENSXEgoqd24Lhrg4PpwVbcmjWPqp6rNGQ,0.0,1.0,0.0,0.0,0.0,0.0,0.0,0.0,0.0
8bNvJQ1bRV3iN5a99zW4vGE47aSyoDThabmUZ1LBGkf2,0.0,1.0,0.0,0.0,0.0,0.0,0.0,0.0,0.0
8bYJYRXkV2cUUzkENdUjUDBtiPDtA54FgvPvuo11HSKg,0.0,0.0,0.0,0.0,0.0,0.0,1.0,0.0,0.0
8baS3kcFAtCuGwhKxsw7br6wzuCbweAasAYjeVm1vXb8,0.0,0.0,0.0,0.0,0.0,0.0,1.0,0.0,0.0
8bdrt6rppBC7317uHZRpVSHFn9oXaoamm2od2gPjUruT,0.0,1.0,0.0,0.0,0.0,0.0,0.0,0.0,0.0
8btVifqnFvnuv4a1g9NrZzWDkS1SPgboM3tTnc1qbACg,0.0,0.0,0.0,0.0,1.0,0.0,0.0,0.0,0.0
8bzTRgNYxanH8Dc5BWWbVENLKChiXQVCua5tffjQQm58,0.0,0.0,0.0,1.0,0.0,0.0,0.0,0.0,0.0
8cNkxKvoRk1v5aH8rg2sVeWZK3f7m2DwR9ZQXuBPxSg7,0.0,0.0,0.0,0.0,0.0,1.0,0.0,0.0,0.0
8cVWrxhhcx9JkCE321RPapMbv2w2VNuEqgdJPks2qYxg,0.0,0.0,0.0,0.0,1.0,0.0,0.0,0.0,0.0
8dAEhUXVVpfEfqmsgyGXEHoeX1muzzfDapgGh4V6dNVx,0.0,1.0,0.0,0.0,0.0,0.0,0.0,0.0,0.0
8dMaFmdVRDk3QgDpYnyRCoB5zCRhHUfmiYmtd5hCFvkN,0.0,0.0,0.0,0.0,1.0,0.0,0.0,0.0,0.0
8dhnfCSuKVmxfKkQkSKHv92FJoJQAJKGD7QaYtoR7ey8,0.0,0.0,0.0,0.0,0.0,0.0,0.0,0.0,1.0
8dyK9LE2f25L3uVRYcTAJHVzfrJNi3XCYjgHSZT5QyyJ,0.0,0.0,0.0,0.0,0.0,0.0,0.0,0.0,1.0
8e3g9rEje1cmqExirVUq4y1DWjRrh7fCpkHc844uSrzD,0.0,1.0,0.0,0.0,0.0,0.0,0.0,0.0,0.0
8eMEpnnnzZyxJVwwH7NR9PPbXWWwkq3oeva9k7yGYT1E,0.0,0.0,0.0,0.0,0.0,0.0,0.0,0.0,1.0
8eQtpr1pFotygE7HcL3iR8AUQdajpckQi8kkUDBeDaXc,0.0,0.0,0.0,0.0,0.0,0.0,1.0,0.0,0.0
8eRXLy9P2ASrchrRt5k83F8psPsxjdUM6GPPqqMyeKBK,0.0,0.0,0.0,0.0,1.0,0.0,0.0,0.0,0.0
8eh7DViaG42BnTdHdZKZ88T6QDdrzB61HVXfVqHUewaT,0.0,0.0,0.0,0.0,0.0,0.0,0.0,0.0,1.0
8exVFGS5YzhcJKzN7fuHqZog6mbhHEoPQT2b4wnGohJY,0.0,0.0,0.0,0.0,0.0,0.0,1.0,0.0,0.0
8ezhEMGqPNXZqkRemRiTbSP2QW4rUpJZc7sGAzUjgQVR,0.0,0.0,0.0,0.0,0.0,0.0,1.0,0.0,0.0
8f2R8Z32HBXhuM4HB9Rec7GDTPjpu2owtnMeqxELDuvG,0.0,0.0,0.0,0.0,0.0,0.0,1.0,0.0,0.0
8f8N7Ja6jheGwZXdzMsPwRswEEGoBiDPQCL7Y8QbdFCW,0.0,1.0,0.0,0.0,0.0,0.0,0.0,0.0,0.0
8fgrzuRBx6dJES8LwNfG1EHtFrYLu3mnBeHx39P8dvw9,0.0,1.0,0.0,0.0,0.0,0.0,0.0,0.0,0.0
8fia2rXZJ92MxfyaWPUMJvQEna1fMYdbCCeEuzxTQSVX,0.0,0.0,1.0,0.0,0.0,0.0,0.0,0.0,0.0
8fvkDAm1ErD8R15pWxu9ZjVP7Ab9tpxtBhKHawMAV6VT,0.0,0.0,0.0,0.0,1.0,0.0,0.0,0.0,0.0
8gGfEak7J3qeLjnYjBbZWfygwjKLbSGL7GqjfDYzNyM2,0.0,0.0,1.0,0.0,0.0,0.0,0.0,0.0,0.0
8gQC22DfUfUjRuKR1fNqF6zsYTUdAJ46kcmjbzcU8mnM,0.0,0.0,0.0,0.0,0.0,0.0,0.0,1.0,0.0
8gYwv1jwjMXYohxMCi1ojtfEF7rfqki8EsceLhVPwg1L,0.0,0.0,0.0,1.0,0.0,0.0,0.0,0.0,0.0
8h3SkAAcF7jzReVYnA8sZsKDazvzi34m5sUrCepAx2up,0.0,0.0,1.0,0.0,0.0,0.0,0.0,0.0,0.0
8hBVXiutEdAoTykTBm8S8ebxiSkYBLc929SyYMFCvmSP,0.0,0.0,1.0,0.0,0.0,0.0,0.0,0.0,0.0
8hPSLonCyRF4tyFcDxPKRgFEsGhE3ExsAtiFb2grkFmU,0.0,0.0,0.0,0.0,1.0,0.0,0.0,0.0,0.0
8hShZUKKKAUMzeH2L6m4SYrpMmjJPzt6niHxnTW6TNG1,0.0,0.0,0.0,0.0,1.0,0.0,0.0,0.0,0.0
8hXJqLmMJzSMVi98sTrfhWVHcLuUVYv8ax7jqzHm49nd,0.0,0.0,0.0,0.0,0.0,0.0,0.0,1.0,0.0
8hfWTyGZZyh1PXnH7Tg7ZLz69PsVSAsDs4p1ErYN4grC,0.0,0.0,0.0,0.0,0.0,0.0,0.0,1.0,0.0
8iJaAcnYrdG9XgntNVZ6Q6QG9xtNUDbgFA5tfdoiNqBJ,0.0,1.0,0.0,0.0,0.0,0.0,0.0,0.0,0.0
8iYKDujTwiLXhtRdbBD8uxeDHdDp7q33kRib5HR1Y3pL,1.0,0.0,0.0,0.0,0.0,0.0,0.0,0.0,0.0
8iceySwb6bJJx4ww7YegwFdTK6kdLuB4VwkBczHH798M,0.0,0.0,0.0,1.0,0.0,0.0,0.0,0.0,0.0
8iuW5SY8GrS6EZkKRbrwDP1quEkve3t5vNiv2doGqMyn,0.0,0.0,0.0,0.0,1.0,0.0,0.0,0.0,0.0
8ji4sS9dJ2cbmEALZy2rnpUZZbcUbDxUwZUNrWhivLtz,0.0,0.0,0.0,0.0,1.0,0.0,0.0,0.0,0.0
8jvJZ1ux1HJi7NoosJuf1KKWbgzYfSZfdXCyTFbGE1HZ,0.0,0.0,0.0,0.0,0.0,0.0,1.0,0.0,0.0
8jzMqWomSHxpAgAJ1abBX2cbKUyizfd7D5jSsb37FCrq,0.0,0.0,0.0,0.0,0.0,0.0,0.0,0.0,1.0
8kJ7QJp87kJ7MH5pWT4E9mVPX21LtV6UQASu5R9nwAPF,0.0,0.0,0.0,0.0,0.0,0.0,0.0,1.0,0.0
8kRcuHdLTgtg4q9tFmfjqDp8ixFYYiEgPnzpkkzgSpfk,0.0,1.0,0.0,0.0,0.0,0.0,0.0,0.0,0.0
8kZgzZjdJjJ7CLu58oaDqZvHrLugJ9yukd5hWFor8JFy,0.0,0.0,0.0,0.0,1.0,0.0,0.0,0.0,0.0
8kmTfqXedBQGUCYA3GobFH7Wi7n2rnUkfTqLNmDEvwag,0.0,0.0,0.0,0.0,0.0,0.0,0.0,1.0,0.0
8m1UMABZ2fbDRMpNDsuSFsNZX3dKQsX8LRjz7cFr2TKT,0.0,0.0,1.0,0.0,0.0,0.0,0.0,0.0,0.0
8mCnUWzTKYUxWmBy3dptXhzRfUZ9QWzsNcKrswQRACRD,0.0,0.0,1.0,0.0,0.0,0.0,0.0,0.0,0.0
8mHVYgzLpPNXPwq6DUL1rjVcBGnByGD9JYJt5z6gz2UR,0.0,0.0,0.0,0.0,0.0,0.0,0.0,1.0,0.0
8mXJNdFGi8RPRiiQFrnZvsQTy9uARKzroHSrHKs2mhdU,0.0,0.0,1.0,0.0,0.0,0.0,0.0,0.0,0.0
8mYtFYYYdVwi6FCzZGaYrDXhxW23pruCExkbS47XtX5R,0.0,1.0,0.0,0.0,0.0,0.0,0.0,0.0,0.0
8mgnzUygLv46m2R1mp5bRN3UBAmgDzATNBS8ACCcqHfp,0.0,1.0,0.0,0.0,0.0,0.0,0.0,0.0,0.0
8mrSfuLovWBU8JGuqpgPoSuvzeeRtnnvFHQ866c4ngHq,0.0,0.0,0.0,0.0,0.0,0.0,1.0,0.0,0.0
8mvrZpNCfFsm4Z9dojyEZTLv9JpZzK5tj85sJU9xiADM,0.0,0.0,0.0,0.0,0.0,0.0,1.0,0.0,0.0
8ncZ88VXaDkBdJDLe6c5inR7PVyX1YwHjp42D5p1x5ts,0.0,0.0,0.0,0.0,0.0,0.0,0.0,1.0,0.0
8nr4ZAHBsaEC6dcdDtYzCvGXoDVDZWyKaky5RGCtEMTR,0.0,0.0,0.0,0.0,1.0,0.0,0.0,0.0,0.0
8onxzPhFeCTkwELU1d4Y3qaT4VXVNZ1zrTYtevqkPKse,1.0,0.0,0.0,0.0,0.0,0.0,0.0,0.0,0.0
8oqG61e52EcZBkQho8929YR9RVaWpV4VVb36Exb2Kzf5,0.0,0.0,0.0,1.0,0.0,0.0,0.0,0.0,0.0
8ozUFd2sbi53XJprKxV1Wfhaq2NE28QTU75XCmmedwVY,0.0,0.0,0.0,0.0,0.0,0.0,1.0,0.0,0.0
8pZLbhy4X9FwDFu9YQYLXLJwgvcp8aiWJgBUBnkr3cAm,0.0,0.0,0.0,0.0,0.0,0.0,0.0,1.0,0.0
8pdLwsPATC5mdrmEsJ1UDAN5ndioYKPTCpwpvZ7ec61i,1.0,0.0,0.0,0.0,0.0,0.0,0.0,0.0,0.0
8psi4q3HpEBAhjtJc6dhBcRiC1Jv62sLcrzdBZup2BjG,0.0,1.0,0.0,0.0,0.0,0.0,0.0,0.0,0.0
8pzcYsd9xb5he5rVHd6yC9cYhacUinKsM9xm9HyVi35t,0.0,0.0,0.0,1.0,0.0,0.0,0.0,0.0,0.0
8q1yB152zL1hiphXe2PUzXio8GTiJwh512gVoSo2GJ8V,1.0,0.0,0.0,0.0,0.0,0.0,0.0,0.0,0.0
8q6hRVvJdD431MQ7Yyq3zaWV3KJB6UicQKSPpur9NhNb,0.0,0.0,0.0,0.0,0.0,0.0,1.0,0.0,0.0
8qCqp81jhbw2BSCM1ngawbpmAsHH8zySd5L2ca18Tf1m,0.0,0.0,1.0,0.0,0.0,0.0,0.0,0.0,0.0
8qHBtZMpvZxkGATGmX3B7TSoBJpVBrTXAJ3CzKKTKBtG,0.0,0.0,0.0,0.0,0.0,1.0,0.0,0.0,0.0
8qpyw5RcC8BcK3ZG31eBZ4QZLwPALk6HohDYy3VAG1Ex,0.0,0.0,0.0,0.0,0.0,0.0,0.0,1.0,0.0
8r5Y6gRPBLoiT4jSGgpMwPPn4PitdSuKqDGPUx2aU5Wh,0.0,0.0,0.0,0.0,0.0,0.0,0.0,0.0,1.0
8rECYvqp4k9DqCwNMwK3pQP3SSrJoVMpD5YFSobfwzSQ,0.0,1.0,0.0,0.0,0.0,0.0,0.0,0.0,0.0
8rGd2dsWBS4qbNL3FG5d5RoM5Kdut8V5RePsF4MVNMbi,0.0,0.0,0.0,0.0,0.0,1.0,0.0,0.0,0.0
8ra8ELLNEp219sorcU5ftNQwdQwc6KggJJz6wBg5bi3s,0.0,0.0,0.0,0.0,0.0,0.0,1.0,0.0,0.0
8rsuEqYt5TkA9tFTWGy2GzDxQBX6NtAeuF4EmCu2y4Yk,0.0,0.0,0.0,1.0,0.0,0.0,0.0,0.0,0.0
8s23tAEdmL51pNWQwRfoBz7zPzNngpG2zzbs11gmvEin,0.0,0.0,0.0,0.0,0.0,0.0,0.0,0.0,1.0
8s575vCVyd5wVHkAysAvEB3sMWQRwT56pkcDnsiDTgfG,0.0,0.0,0.0,0.0,1.0,0.0,0.0,0.0,0.0
8sGEGo6Y2xeFd7gjkFiiZqThbLfMNLMEcoKzKZYh5roL,0.0,0.0,0.0,0.0,0.0,0.0,1.0,0.0,0.0
8sY4477X4ZEyrDpxjgW9pXxxSFz6zdgFMBApmxyLHq3G,0.0,0.0,0.0,0.0,0.0,0.0,0.0,1.0,0.0
8sdjFHW9mXMMLxwGMZSDTiDxufmUcYHr4RsJTePZhawQ,0.0,0.0,0.0,0.0,0.0,0.0,0.0,1.0,0.0
8son6nC6jpa7tKva4UMBPWYTaaaci9UNFdFFcjNJzZxG,0.0,0.0,1.0,0.0,0.0,0.0,0.0,0.0,0.0
8sqz68thddDAr5LejJi4LTszgb3moouFMcewb34RuRok,0.0,0.0,0.0,0.0,0.0,0.0,0.0,0.0,1.0
8suyyj946MGdAmgRT1BM4ChrHS4DwVTrzNNgrvH1kq9W,0.0,0.0,0.0,0.0,1.0,0.0,0.0,0.0,0.0
8svpr6ttTnFqRdoNTRJkcMWnCP7ongwTXkGJ9EXZXHoY,0.0,1.0,0.0,0.0,0.0,0.0,0.0,0.0,0.0
8syjz8vQvQjWmFnyK68kc1DULe8JhXD143bezfyGkxG7,0.0,0.0,0.0,0.0,1.0,0.0,0.0,0.0,0.0
8t2TVhY3rQbeejpXaFLCLzxMtH18ZV6a7xRR6Du6JNZX,0.0,0.0,0.0,0.0,1.0,0.0,0.0,0.0,0.0
8t4YxeYUiT3NcRM44X683Z5fZw2VbTeeet9XKVHbDSK2,0.0,1.0,0.0,0.0,0.0,0.0,0.0,0.0,0.0
8t6YRpbT4XTL7Y9x9J1eYPK2xU3BrYvSjiXcoVHZ1WzR,0.0,0.0,0.0,0.0,0.0,0.0,1.0,0.0,0.0
8tRn6UnKAsvp3FFmUjDH8Mh1dgTyPxfgUeuY7jPBqepe,0.0,0.0,0.0,0.0,0.0,0.0,0.0,0.0,1.0
8tboJFsmorNxYzhZrkunRDwGh8eNFBeSm9akq41pBZrH,0.0,0.0,0.0,0.0,1.0,0.0,0.0,0.0,0.0
8tbvDmwykU7zniopn9L1M5UepYg5tFTWEZxGGi2Qm6Jw,0.0,0.0,0.0,0.0,0.0,0.0,0.0,1.0,0.0
8tdN5Adg2GFviHP3wRMSWxMbZ6QjEnbAGo5Di6vat5yn,0.0,1.0,0.0,0.0,0.0,0.0,0.0,0.0,0.0
8tpsg6iD6TMLTQRKXG1eZJBz6p8Gmp9pMzdGV23jK76j,0.0,0.0,1.0,0.0,0.0,0.0,0.0,0.0,0.0
8tseKxrDRW9EigktpNaCgZgpDJwvL3p1P4cdfFztmF4Y,0.0,0.0,0.0,0.0,0.0,0.0,1.0,0.0,0.0
8uNY7FBQxMBqPuf4p2MzD8hSjNC9ZVob6ugLoqBwjzkj,0.0,0.0,0.0,0.0,0.0,0.0,1.0,0.0,0.0
8uV7NRkgWn3aoWS1jjQH8exTh7X1KyZSxTGGQLVbEpFk,0.0,0.0,0.0,0.0,0.0,0.0,0.0,1.0,0.0
8ubFrzFQtPEARsqDxhmRYKCeSrcMv3w8pb9UKUT5iYhE,0.0,0.0,1.0,0.0,0.0,0.0,0.0,0.0,0.0
8umPs96cv2UYpnDKeUshdUx6Xd3g4CfknrrM1gUg6fbN,0.0,0.0,0.0,0.0,0.0,0.0,1.0,0.0,0.0
8vEFoce5S8mjZg42gJJRPPTdrAkfmsyadFJ4QcCXSNic,0.0,0.0,0.0,0.0,1.0,0.0,0.0,0.0,0.0
8vT5yUoXjQbQoLUjjVw25JRJgT3RiAHipe51wkALdyif,1.0,0.0,0.0,0.0,0.0,0.0,0.0,0.0,0.0
8vX1s34kHoqN9u8QaDiYGZZZ9XwCYf6M39qnfgXaNvdJ,0.0,0.0,0.0,0.0,0.0,0.0,1.0,0.0,0.0
8vYdQgWXFtgWEK6FANteVeEMZYrtYxkGXU389VQm8Pq9,0.0,0.0,0.0,0.0,0.0,0.0,1.0,0.0,0.0
8vaq2ebGPjpfwLszYvnYPJkzUtwrHAeWSPawNhLsuMW3,0.0,0.0,0.0,0.0,0.0,0.0,1.0,0.0,0.0
8vr9C9icr2YiTJF8pGQPPKSXQFKXiW153JYVtA8Sj6Vn,0.0,1.0,0.0,0.0,0.0,0.0,0.0,0.0,0.0
8w7eprCZX7zPAJTgnxUA8yf95HrAgrAAg3DUuc4HVSsi,0.0,0.0,0.0,0.0,0.0,0.0,1.0,0.0,0.0
8wGoELqsopxr4v1VKuRUdTE9k4n97BP9Nxc3cwvo2FPE,0.0,0.0,1.0,0.0,0.0,0.0,0.0,1.0,0.0
8wQELXAasFYmG8uZYFXDwv4dZsVoiZo9EKbA52HG16b2,0.0,0.0,0.0,1.0,0.0,0.0,0.0,0.0,0.0
8wb2sQ19MyLPVSWHXdig8fd2ppcS9RZmpf6YJnQUoD71,0.0,0.0,1.0,0.0,0.0,0.0,0.0,0.0,0.0
8wwvWGfkvpfvETKQwbe9vw4jTenrnySqvTU8MWLxwNeg,0.0,0.0,0.0,0.0,0.0,0.0,0.0,1.0,0.0
8x68Uay7TsP1pE9fqWjz8X2vz44drbegZjgdibntR2dL,0.0,0.0,0.0,0.0,0.0,0.0,0.0,0.0,1.0
8xE9b1krmF6WDUmbYjErkMhghtxedtdwEUVHtqfhmBfq,0.0,0.0,1.0,0.0,0.0,0.0,0.0,0.0,0.0
8xRkM8H1Y97t7fyh9LbHs4zLydd8RURw8aMmbzJWx79r,0.0,1.0,0.0,0.0,0.0,0.0,0.0,0.0,0.0
8xgK7LFppRRRw5nk51JVLmHQcHbbPxWMty9TNErdfA8F,0.0,0.0,0.0,0.0,1.0,0.0,0.0,0.0,0.0
8xh6fzohJoH1M3ogXPHij3g6KZV48nVz3svcxhkdmeyJ,0.0,0.0,0.0,0.0,0.0,0.0,1.0,0.0,0.0
8xh92GUu1rh2ZpqRRbFcbyQUbafBNgzXGP4PYFnqCkzT,0.0,0.0,0.0,0.0,1.0,0.0,0.0,0.0,0.0
8xpsZnf7SEkPcLQ7Qqjtagwiv58ik5kLZDTEFDFUHewj,0.0,0.0,0.0,0.0,1.0,0.0,0.0,0.0,0.0
8xyFLTvbh9y1tsYQZSKGCLvUY6YnVnuPTHQQXxr52xqS,0.0,0.0,0.0,0.0,0.0,0.0,1.0,0.0,0.0
8y3ro2qQ8eNSMHgfHdkBnat4Q4aX6TGUcbQhZN2gJeXy,0.0,1.0,0.0,0.0,0.0,0.0,0.0,0.0,0.0
8yA9XHW919RBd4JcRpt3Ld6fHo3nbVuL9SedB6SLF1r9,0.0,0.0,0.0,0.0,0.0,0.0,1.0,0.0,0.0
8yBSthtc9YqK3dpCdxCHJV7f1j19DfdEx3LmRdgSZ67J,0.0,0.0,0.0,0.0,1.0,0.0,0.0,0.0,0.0
8yEyyvNMPgpeVnDvzGJEXC4ETLxJ59o1W54VdxHNPwoQ,0.0,0.0,0.0,0.0,0.0,0.0,1.0,0.0,0.0
8yJgCLvU2BnoSkAfwgok1dPbHJiVBPrkzFWLFhgpXMxD,0.0,1.0,0.0,0.0,0.0,0.0,0.0,0.0,0.0
8yUmckkJTiUT6fppLRDXPWyeTZGoAqvHD96448kiYfsz,0.0,0.0,0.0,0.0,0.0,0.0,0.0,0.0,1.0
8ypnccYDUARwEnShoMKyKLFTuwfuw44HNsxZuYsjLtpr,1.0,0.0,0.0,0.0,0.0,0.0,0.0,0.0,0.0
8ys5G9tpb4br6JBafyRmNxsNNvrQirLjEwCufENRFgc4,0.0,0.0,0.0,0.0,0.0,0.0,0.0,0.0,1.0
8zNMw4MdttRG7PC5fayKxrV4VMLYGyUGiZdVUapQvMfw,0.0,0.0,0.0,1.0,0.0,0.0,0.0,0.0,0.0
8zgNG8fp9ytQmfedciBTVpU7UXUJJ2zJLLLJeWpwrzhg,0.0,0.0,0.0,0.0,0.0,0.0,0.0,1.0,0.0
8zoszuMfGLZnzkJt1KAg3pEdXK4SeRUf3nQM1pNaXheS,0.0,0.0,0.0,0.0,0.0,0.0,0.0,1.0,0.0
8zpZfmQHZ2WDr89F13RACHJ7Vh9L3ka8LpL9ww5w9kYj,0.0,0.0,0.0,0.0,1.0,0.0,0.0,0.0,0.0
913JKAGngPKKgrK2spqmMP3eBMnnTPkeJjxaw7n4ZZvU,0.0,0.0,0.0,0.0,0.0,0.0,1.0,0.0,0.0
917FSmW6Fgq8B5z6U459WV6tS2wzrmoBmgk8A6ZGNW89,0.0,0.0,1.0,0.0,0.0,0.0,0.0,0.0,0.0
91APAEBsyjdAh7dkmDaFPohjyn7oc3Kpxj5HLrdkvbWJ,0.0,0.0,0.0,1.0,0.0,0.0,0.0,0.0,0.0
91HimG9Gxq3VywJpEx6h63B2BkxFsGLamzHqG5YuA16w,0.0,0.0,0.0,1.0,0.0,0.0,0.0,0.0,0.0
91SPFHKat3QykBGcz2t5af2ggL3davS4WjBLfsAePTiS,0.0,1.0,0.0,0.0,0.0,0.0,0.0,0.0,0.0
91noRUsbhBMeTdKRMA9FafZ4ATYVsmvrw66PySHMBNFs,0.0,0.0,0.0,0.0,0.0,0.0,0.0,0.0,1.0
92K4cdQgRnyEncXVdv82EdwDDSg9sQmtoxuXo3m4tpph,0.0,1.0,0.0,0.0,0.0,0.0,0.0,0.0,0.0
92U2aHu7E755gtTkNmu29XvgViwMxVHurD7AKZpsBJ7D,0.0,0.0,0.0,0.0,0.0,0.0,0.0,1.0,0.0
92eeKXspoWA4GUnqrSBtftdQ8aqg9GUfazyzXaKUL5D7,1.0,0.0,0.0,0.0,0.0,0.0,0.0,0.0,0.0
92pY1qXJAakyGp6UZ5tEDMnk8MkLRkwhb2LbpkJTdbWq,0.0,0.0,0.0,0.0,0.0,1.0,0.0,0.0,0.0
92t3ePrDuA52Rq8tJbzGMX5mhEZivjz3xeqKPUo77dH4,0.0,0.0,0.0,1.0,0.0,0.0,0.0,0.0,0.0
937hLvpxeUz8chEXJ6a1XZLZYYv9QN6aKPpoqGHcmsr,0.0,1.0,0.0,0.0,0.0,0.0,0.0,0.0,0.0
939Rq73Rx4cHRjcuBC1J3UgK4AsJhRiSx5Zx9aGZCZ4T,0.0,0.0,0.0,0.0,0.0,0.0,1.0,0.0,0.0
93jsLT7ZuWmS3YzwZwmwiFhUFyJw3wVh4Em3jRNQWmND,0.0,0.0,1.0,0.0,0.0,0.0,0.0,0.0,0.0
94CPhJwqHc25aid3C3VqPzvtctB9M27kPZv7rKaYyCM8,0.0,0.0,1.0,0.0,0.0,0.0,0.0,0.0,0.0
94SybnF9mChTeXWycGGX4BitwoGvPfWiJ5q91AAzgpMo,0.0,0.0,0.0,0.0,1.0,0.0,0.0,0.0,0.0
94iNEXFsNZq2ysdo8wrrzHz7LsXfGGTDFwZYdbUsDmNt,0.0,0.0,0.0,0.0,0.0,0.0,0.0,0.0,1.0
94nBj9YQz7S4bMDxzv1BuA5Qq3GEpdSEJwHYFFozBpJ2,0.0,0.0,0.0,0.0,1.0,0.0,0.0,0.0,0.0
95MbQqZ4wUnSwFqJsWvyMmgRRrtozeVC68KJerro2bjW,0.0,0.0,0.0,0.0,1.0,0.0,0.0,0.0,0.0
95njMRnu2SFPqzaTtbpGwtvZ3L3em2coqJJXhkKqZQoE,0.0,0.0,0.0,0.0,0.0,0.0,1.0,0.0,0.0
95rdbNkPtmTZrAGCBJ8wZSBg4QSYg8kB4T3UZ1G37VDm,0.0,0.0,0.0,0.0,0.0,0.0,0.0,1.0,0.0
95uhxZDZmQdH9Kjf4U1RcD8uz1GhbxkDoDi3c5mSvz5M,0.0,1.0,0.0,0.0,0.0,0.0,0.0,0.0,0.0
96DBTorYP5PVd5LbLgJjqUjrT13nq5SfRgaVX7ek8Wqo,0.0,0.0,0.0,0.0,0.0,0.0,1.0,0.0,0.0
96UKR2fdy1A7qpgk3zpGbP5gA1d8D4imxLStqEVsAVH6,0.0,0.0,0.0,0.0,1.0,0.0,0.0,0.0,0.0
96UxTcwjst875yUa4XJMgsM7J3m2My8iVFK4qGJMXsFs,0.0,0.0,0.0,0.0,0.0,0.0,0.0,1.0,0.0
96dgRWxyXQJ6s65Wk5WjgABU1sTjjnxVMNyh93sg71hU,0.0,0.0,0.0,0.0,0.0,0.0,0.0,1.0,0.0
96t7u6M9uJnr8KZK3tf4anNsxYxNQMjk5M2ZvDetzPHL,0.0,0.0,0.0,0.0,0.0,0.0,0.0,1.0,0.0
972LmyhB8FZ1pMQYQ3uaTMFNdkZ2SAgRRNuGufYkgHJ6,1.0,0.0,0.0,0.0,0.0,0.0,0.0,0.0,0.0
97BC6rC8adCsDtSUr5Foc4UANbtPBrxM4ci15fSKd23m,0.0,0.0,0.0,0.0,0.0,0.0,1.0,0.0,0.0
97DPFEAN6RSQfDL1iKvD87uP4VnSCyoT7DkCwSkyo8B7,0.0,1.0,0.0,0.0,0.0,0.0,0.0,0.0,0.0
97NifP8d9vUTx1TxDCwyfs2h4C4gPBRDgsWEgUzaHgfH,0.0,0.0,1.0,0.0,0.0,0.0,0.0,0.0,0.0
97QPcPtQEkSnq4ZMHd7EU7QEZhN4fKoKceAoyj19HzFH,0.0,0.0,0.0,0.0,0.0,0.0,0.0,0.0,1.0
97tASa4jhENk39sBha13qSAefhu78H7u4uoAHWf9kf34,0.0,0.0,0.0,0.0,0.0,0.0,1.0,0.0,0.0
97uJY5cSdpnv2Dv8iaBBbdtxSna8osEovdX5DwRHhRH1,0.0,0.0,1.0,0.0,0.0,0.0,0.0,0.0,0.0
97uRE5B7KxLu5PX6cXgryWbx7fpqmo2tKEAM3oV1cMbu,0.0,0.0,0.0,0.0,0.0,0.0,0.0,0.0,1.0
981AnwU982TXMjbsMw62Nxvqn7LVSZQJd9YSXJPB6uem,0.0,0.0,0.0,0.0,0.0,0.0,1.0,0.0,0.0
984TXBzBqFwqqJ4iaK91EUZQzka2X2aTm7MGT7RbYUEL,0.0,0.0,0.0,0.0,0.0,0.0,0.0,1.0,0.0
98523NPXTmswmYkq19cxGzCZxxU8fUqAMbAJYaW2YB5j,0.0,0.0,0.0,0.0,0.0,0.0,0.0,0.0,1.0
988SpeNCmPjoVwZ2c2oGydETnNXzMyLTC6oTPkPCz3cu,0.0,0.0,0.0,0.0,0.0,0.0,1.0,0.0,0.0
98GbguH5cvk9GV2HAWCq4xVjZfvoc1iCWqFQ64Y1zyzF,0.0,0.0,0.0,0.0,0.0,0.0,0.0,1.0,0.0
98LcyS84M9kqBRPErnS1sMkPdLkAT6oFxRB7p7o2Fzqq,0.0,0.0,0.0,0.0,0.0,0.0,0.0,1.0,0.0
98MG4VZRUHMU4dffknhLyANWDNaziQXW15y1ETG5yZR6,0.0,0.0,0.0,0.0,0.0,0.0,0.0,0.0,1.0
98bivnzkyCBZRtdTea9CYs7H6i1WFsutJtE5T7Ckji69,0.0,0.0,0.0,0.0,0.0,0.0,0.0,1.0,0.0
98dawf5L5zsGkkdVHm2PtRnDoTWcuwMjVat1iaECsN5x,0.0,1.0,0.0,0.0,0.0,0.0,0.0,0.0,0.0
98ij8ZpzEN3qZcnrWCfFYu9BKPGJeAq8ziaVjfi5jBDc,0.0,0.0,0.0,0.0,0.0,0.0,1.0,0.0,0.0
98oHhb6mfvHk7CZLPK1AfiZBdGiieU3hd4Sk8rT91gCg,0.0,0.0,0.0,0.0,0.0,0.0,0.0,0.0,1.0
98uVSuJWmYrtNCNZbe8e6J8KzGEnLSCKEBnwvYY2Ne68,0.0,1.0,0.0,0.0,0.0,0.0,0.0,0.0,0.0
98xttUTmazi5BsZkQbqtKqt7rjZHQmC5KZsYfqc8rgcq,0.0,0.0,0.0,0.0,0.0,0.0,1.0,0.0,0.0
98zWtfLtYY9tfhRYzr42bCmVTy3RjomVkLsLqqi171vm,0.0,0.0,0.0,0.0,0.0,0.0,0.0,1.0,0.0
99V5sENoQ2McspuzgjsSbDcC95uQqnyK9VjbiLppCfMm,0.0,0.0,0.0,0.0,0.0,0.0,0.0,1.0,0.0
99c9JyGKHGTJNQ62mQzZTrGpP488VfEEvndwBHnfNUH7,0.0,1.0,0.0,0.0,0.0,0.0,0.0,0.0,0.0
99hPRH1Ti4JPXdfVh6DBAvF9toKqBWMiEcVz5jQP8szT,0.0,0.0,0.0,0.0,1.0,0.0,0.0,0.0,0.0
99hgdQFQLzwuYeqDEsFxXxKgSUwhdpChBC2BXiH3nfs2,0.0,0.0,1.0,0.0,0.0,0.0,0.0,0.0,0.0
99sEJcsdz3ysz2e11QcRMfdsQ1e71qzFzFk3HqgfDMBS,0.0,0.0,1.0,0.0,0.0,0.0,0.0,0.0,0.0
99x9yCAXr4VNQ6gZYvBpUo9oVJfD3masYqeRg2q1L6kQ,0.0,0.0,0.0,0.0,0.0,0.0,1.0,0.0,0.0
9A1o8CHfYp2B5opELquHFsvCHUUBhFXXZBVpvJmGRFWk,0.0,0.0,0.0,0.0,1.0,0.0,0.0,0.0,0.0
9ACCDB67EokeJS7QzaYvVxmFw8w5pZ23vv8n5HJ5dxmC,0.0,0.0,0.0,0.0,0.0,0.0,1.0,0.0,0.0
9AEczS997bQuYMN3mTcrM2kqxtYWyFXpWoMxMXqQhDNQ,0.0,0.0,0.0,0.0,0.0,0.0,1.0,0.0,0.0
9ALZTJRM9644YDbNwxPpAs5vDD6ZYimnH5hUcSVTDcyZ,0.0,0.0,1.0,0.0,0.0,0.0,0.0,0.0,0.0
9ANrFDYUd5brnNXCm1Ksk9UN4ZfKBPdKhWtLDJPHxZaf,0.0,0.0,0.0,0.0,0.0,0.0,1.0,0.0,0.0
9AbFQ6PKy9UqfTgQNcfDMozW4es3Rr8FGTCE2afgo7QJ,0.0,0.0,0.0,0.0,0.0,0.0,0.0,1.0,0.0
9AfVC7NAoUrkbaoJoQgKcsJdDyVVKJyfwpGkNA33iXg4,0.0,0.0,0.0,0.0,1.0,0.0,0.0,0.0,0.0
9AhKqLR67hwapvG8SA2JFXaCshXc9nALJjpKaHZrsbkw,0.0,0.0,0.0,0.0,0.0,0.0,1.0,0.0,0.0
9Amqok45zrrhCQdnqST4cjGv5qaQmbNe3gsykDLYYNMh,0.0,0.0,0.0,1.0,0.0,0.0,0.0,0.0,0.0
9B4jmDnoNDWhDHa7wuUNExp7ypcyADYPxuaxKpdCowL1,0.0,1.0,0.0,0.0,0.0,0.0,0.0,0.0,0.0
9B7kMkDm1mH1kFhuteyzkcxNUYCryqvraR4dRSxQgHZc,0.0,1.0,0.0,0.0,0.0,0.0,0.0,0.0,0.0
9BAYe4Y8RikJgQTPRbdj32nsdfWqHc76AeANGPHGR9hG,1.0,0.0,0.0,0.0,0.0,0.0,0.0,0.0,0.0
9BWzpBnezKTxSokvxRx6rUPWUxY1mvCDhrR4N8vP9zXH,0.0,0.0,0.0,0.0,1.0,0.0,0.0,0.0,0.0
9Bd7YUSBUwdBpTTRWBgXWQRvcmz5MLSYLWAvDUrRvFfT,0.0,0.0,1.0,0.0,0.0,0.0,0.0,0.0,0.0
9BePaoURrV8m5v3GL5fWc7DdXHCPmZePc3SVcr6bQMN6,0.0,0.0,0.0,0.0,0.0,0.0,0.0,0.0,1.0
9BmEbAEux5pTZMjYPt22PvkX1HNsCyXuWa5yhMMMGoKM,0.0,0.0,1.0,0.0,0.0,0.0,0.0,0.0,0.0
9C1W4SSfJNV7KhRpVkCPzqxLqHzWtTGUGfuX7jVFQYTH,0.0,1.0,0.0,0.0,0.0,0.0,0.0,0.0,0.0
9C398ULwLmu6SSZ8ZCCtwndfsdTBoDZsHdVJiSux5PnB,0.0,0.0,0.0,1.0,0.0,0.0,0.0,0.0,0.0
9C3fGGbeiWoKtjZTRCu3r3CuCEeJkwVV4w2nokzt3yhP,0.0,1.0,0.0,0.0,0.0,0.0,0.0,0.0,0.0
9C938nat7huXS8pW5T13Njgq41Pz6qEdWRrnAPk9HZiC,0.0,0.0,0.0,0.0,1.0,0.0,0.0,0.0,0.0
9CAVjUdF5XhfpCweFxne5u8W51SrzMz2eAPebibAcD4v,0.0,0.0,0.0,0.0,0.0,0.0,1.0,0.0,0.0
9CCzdSyWxx62vd1HZ4aC7aQGguNo1RDL8XVN71eJ5CTG,0.0,1.0,0.0,0.0,0.0,0.0,0.0,0.0,0.0
9CEvaBoGEXiNHwSDXrcnCZKqnUYpszX6netQQeoK88bv,0.0,1.0,0.0,0.0,0.0,0.0,0.0,0.0,0.0
9D634r74T2rQ26vCTHg3uRWvAd3r7rHJ1N6C5FFnwCfw,1.0,0.0,0.0,0.0,0.0,0.0,0.0,0.0,0.0
9D6VYRYim3Zv2apW4FgV5vzVBQpMDizaFVYiqs9nRaPi,0.0,0.0,0.0,1.0,0.0,0.0,0.0,0.0,0.0
9D8BTdKvXSC2ASZ8q16TKw1vnyGUnHkVFNkYSoNgR3Jn,0.0,1.0,0.0,0.0,0.0,0.0,0.0,0.0,0.0
9DqRdVrXbT7opHsZxCHKcNH9gi4yxKqvt2C7udrzaA3U,0.0,1.0,0.0,0.0,0.0,0.0,0.0,0.0,0.0
9DyrAtxSSdTaX38P66crmiEaR9nX6kf2vVE3jcp1Lupg,0.0,0.0,0.0,0.0,1.0,0.0,0.0,0.0,0.0
9E5NPJijy7jTZrcZZmP7sBGTtMexqeTvZYxenmksdsuW,0.0,0.0,0.0,0.0,1.0,0.0,0.0,0.0,0.0
9EFDG1K91aMCuTuL8vF1VCJbPNqnFALgnJJSGcA2Sc1V,0.0,0.0,0.0,0.0,0.0,0.0,0.0,0.0,1.0
9EPvq9ftcUUgbq94thqukmYFUdnjBdm2s1rAbztADLUB,1.0,0.0,0.0,0.0,0.0,0.0,0.0,0.0,0.0
9EezH5b9cEqYijkib4WSqFE45TtDDGHaRbbG98U1T9c,0.0,0.0,0.0,0.0,0.0,0.0,1.0,0.0,0.0
9EovPaGrRL7UKG4m7og3Vxfx5vmz8hHRtEoZkgiAekg5,0.0,0.0,0.0,0.0,0.0,0.0,0.0,1.0,0.0
9EsYYuQBQyDaqDk3KewNk3D5Tt43GuZm5PgxToMVcewC,0.0,0.0,0.0,0.0,0.0,0.0,0.0,1.0,0.0
9EwyPkDEnAjYrMYRpv82YxNnD3CQAumTkKuiY3pFaKYR,0.0,0.0,0.0,0.0,0.0,0.0,0.0,1.0,0.0
9EzYCaNAmxu9T14WJQjd8xcu7t5nHFroF4HAYjhdzPBe,0.0,0.0,0.0,0.0,1.0,0.0,0.0,0.0,0.0
9FfxMGSfdwDjiCz4YJ6ewdw4FcGp49ePEAEtAjvd9WRL,0.0,0.0,0.0,0.0,0.0,0.0,0.0,1.0,0.0
9Fh2oLUf7XCf7zT8dZzMuGsQPF8VtAZAuKj72eXWGtrB,0.0,1.0,0.0,0.0,0.0,0.0,0.0,0.0,0.0
9FiA7vUp9sy8q4gxmajM2A5maubTUYDG1piCYgrXLmfj,0.0,0.0,0.0,0.0,0.0,0.0,0.0,1.0,0.0
9FzqnEBPRHh6Q52TwGNKTqzktJU8EkfvWYBDB9CBH4Mf,0.0,0.0,0.0,0.0,0.0,0.0,0.0,1.0,0.0
9G174Uyd3VS8TAnafRGvHSYqunsX6WvJa5GZCW5z4ggY,0.0,0.0,1.0,0.0,0.0,0.0,0.0,0.0,0.0
9GLFoahBan9Rp43W8E9BDNmP19BFsZzDqsZG4Jwhv4Fx,0.0,1.0,0.0,0.0,0.0,0.0,0.0,0.0,0.0
9GMVR4Q5Z679za6aumh28EVJtB5G9LZkRXFJuYd7WatB,0.0,0.0,1.0,0.0,0.0,0.0,0.0,0.0,0.0
9GQSmAcQ2wCgsuzUpzAi6aCe3LvPoMxBYMwK2sYGHekP,0.0,0.0,1.0,0.0,0.0,0.0,0.0,0.0,0.0
9GX3SSyGT9y2jCLr6thXpNDeNxiGZA27frgW9k2nztR1,0.0,0.0,0.0,0.0,0.0,0.0,1.0,0.0,0.0
9GYTajDp7cq5zL3aoYU84jQManVXwZQzNqtnHRDXnUVe,0.0,0.0,1.0,0.0,0.0,0.0,0.0,0.0,0.0
9GawBA5z3Y9yHHxMZKyNn7nhdpTd8va4bAkkdjAwdWmk,0.0,0.0,0.0,0.0,0.0,0.0,0.0,0.0,1.0
9GdAE11kjHk3WsuP7yUnDBN4UVJaG9bHHMJu6ZB7ucZP,0.0,0.0,0.0,0.0,0.0,0.0,1.0,0.0,0.0
9GrCccuuxFvAoeWVEZ5GJw4hLhcpy4we8fhLaMBFzQit,0.0,0.0,0.0,0.0,0.0,0.0,0.0,0.0,1.0
9GvTNbifvfmgWn24dff3hTEwrn3WmDMb85XmPau3LcGb,0.0,0.0,0.0,0.0,0.0,0.0,1.0,0.0,0.0
9H1QfWwEqNqDuGaQutgDzHpbghd9WkrsPAWkJanLER1o,0.0,0.0,1.0,0.0,0.0,0.0,0.0,0.0,0.0
9HXimGfUx9eofgswfnSArYZhA3FQT7EV8KM22mZDK6Jk,1.0,0.0,0.0,0.0,0.0,0.0,0.0,0.0,0.0
9HsdDZeXwCLCMhbnAx5r1TSUXaZwoZ3yWHMftpTy6vVN,0.0,0.0,0.0,0.0,1.0,0.0,0.0,0.0,0.0
9J6NARYk69TZSdMHREnbLyBAsmq6zFq5Sos9kzvuAdrB,0.0,0.0,0.0,0.0,1.0,0.0,0.0,0.0,0.0
9JJJqYheVj6j2EXRt6axyeCKypMVLXwDAx7HLGwy4e6J,0.0,1.0,0.0,0.0,0.0,0.0,0.0,0.0,0.0
9JUrdyhYJYV6FCh2VjA8rxY3NnTcF9yTUvY8MMTQ27iU,0.0,0.0,0.0,0.0,0.0,0.0,0.0,0.0,1.0
9JVcnRLxoMxZKNDRzoCBkjevYZN6P6TjUX3CsHTWUytp,1.0,0.0,0.0,0.0,0.0,0.0,0.0,0.0,0.0
9JZgoEpx6h6CKj1sAnppJoUrsXBBRscoBfxotnJYRzhe,0.0,1.0,0.0,0.0,0.0,0.0,0.0,0.0,0.0
9JynKPTAVp7h8mfS4YmWfcXLUgKMEmjPqpLRQNyZyWQw,0.0,0.0,0.0,0.0,0.0,1.0,0.0,0.0,0.0
9K2VG9PXjTz2E1wuJnXLRQeKVCayMDHt4k9gDLdq5Mzq,0.0,0.0,0.0,0.0,0.0,0.0,0.0,1.0,0.0
9K9h288jGcmwYLJ2nLrFUzMuSZWBoi92SnW2SMBxebHr,0.0,0.0,0.0,0.0,0.0,0.0,0.0,0.0,1.0
9KW8AfoeYgPwhtM1bAGqXXpv1jTrKGg4wKnw8V5vxVRo,0.0,0.0,0.0,0.0,0.0,0.0,1.0,0.0,0.0
9Ks38nBJum6NLbgdquJwW5X1dAWSxnKmDq5fyfFZDRkv,0.0,0.0,0.0,0.0,0.0,0.0,1.0,0.0,0.0
9LJNU7izVTpcSddUSSJP1vxtPf6Dn6LaDkbWJe5i4Cus,0.0,0.0,0.0,1.0,0.0,0.0,0.0,0.0,0.0
9LTvGc2RX7FbB1ve9tPG2tL85rFg11BjMo6StUfRoG1r,0.0,1.0,0.0,0.0,0.0,0.0,0.0,0.0,0.0
9LbmrBc15oBLFU6bHfhm4cKBuZP1GACvWvSFjgdUYRsB,0.0,0.0,0.0,0.0,0.0,0.0,0.0,1.0,0.0
9LdayoGiku8kR5pA8hxroHvTw1Em6iwQLf6HkecZ7ApW,0.0,0.0,0.0,0.0,0.0,0.0,1.0,0.0,0.0
9LkV989i2SrqP4bG6KLHEVWM4iWRyFMKyNw7bbTrNak7,0.0,0.0,0.0,0.0,0.0,0.0,0.0,0.0,1.0
9LtLrsSkXu9kkTYkTPK7GsxLkPsA2dUzQUpsgMMtocFP,0.0,1.0,0.0,0.0,0.0,0.0,0.0,0.0,0.0
9LtisGK51VsTeJrq4r4LD58GpNX4eNcLbjmNs59H63q3,0.0,0.0,0.0,0.0,0.0,0.0,0.0,1.0,0.0
9M4DpYVfL2cHkKh8eQN8AxSyFEmEZvsATpKf9H2cgxpV,0.0,0.0,0.0,0.0,1.0,0.0,0.0,0.0,0.0
9N5CnB2ceUq6C4ozHnzp7aD5j3U1j1oZxg2v5mFqSjDG,0.0,0.0,1.0,0.0,0.0,0.0,0.0,0.0,0.0
9NdPyLepc9ZNgdA3X9x4V5NwgLx27sSpmdj7TdNSvQtH,0.0,0.0,0.0,0.0,0.0,0.0,0.0,1.0,0.0
9NxPxnAJSvSeNBauC8E3mQ8wGoDoBqsTMGaAqCZ6i7W2,0.0,0.0,0.0,0.0,0.0,0.0,0.0,1.0,0.0
9NxbKFow4R9p4AEb8it1TgjKFbZHQwSqmS34WuXVEs87,0.0,0.0,0.0,0.0,0.0,0.0,0.0,0.0,1.0
9PLK8xuCXtJWU6o9DCPHAFxu7ChWZV7MXjZ7YpXC6Che,0.0,0.0,0.0,1.0,0.0,0.0,0.0,0.0,0.0
9PNXbXX4QJGRjPyxYCsezpeFqmPmZ8F2mT9zUeL1nMWf,0.0,0.0,0.0,0.0,0.0,0.0,0.0,0.0,1.0
9PQdtoN6cTHrs1VFhn2qBxcy1nmoTnxgjhDH5r1ps4ws,0.0,1.0,0.0,0.0,0.0,0.0,0.0,0.0,0.0
9PepJaHtErQZZvsswhUorkMxa9YH7xUv1p4h4HobdaB9,0.0,1.0,0.0,0.0,0.0,0.0,0.0,0.0,0.0
9Ph76Qr83Co84JEC4Eybix3gR5HbJRRLmaJdAvNPUZ3W,0.0,0.0,0.0,0.0,1.0,0.0,0.0,0.0,0.0
9PkRzggvfkxuDBx9Mn3ALCb9WgqEm8MAtADM2PbEH9KW,0.0,0.0,0.0,0.0,1.0,0.0,0.0,0.0,0.0
9QCmZWQv8isj7gYruyKQUeG91uZXdGkDHuVtnmwi932f,0.0,0.0,0.0,0.0,0.0,0.0,0.0,0.0,1.0
9QQTSsq1fVYiaa2B1xQ2TBUYYnaG67fKXUPS1qM89rYe,0.0,1.0,0.0,0.0,0.0,0.0,0.0,0.0,0.0
9QWp9N4QVLEHXigz4yggECGiRN6YBL25oB1HreCuxfAD,0.0,0.0,0.0,0.0,0.0,0.0,1.0,0.0,0.0
9Qnhu5X5RZWAbRUgCnFnimpEmAiLGhetConxmfaJi5yG,0.0,0.0,0.0,1.0,0.0,0.0,0.0,0.0,0.0
9QuPGW1q9YJ76qMKntWzjuqVnKruqX7Yyj9LcpJyfpeP,0.0,0.0,0.0,0.0,0.0,0.0,1.0,0.0,0.0
9QvfnPSoi18tDhCYzGNYpYbtLFdnVFcLxVqdHFTYxNZ7,0.0,0.0,0.0,0.0,0.0,0.0,0.0,1.0,0.0
9R52fnsC1RgfsFqdnZq81LN77TChqs9VXa285pmr3YJd,1.0,0.0,0.0,0.0,0.0,0.0,0.0,0.0,0.0
9RCFduZHwM1bnc5xj3bixaR9rPxXs6LkWbvKz7aTU6Kz,0.0,0.0,0.0,1.0,0.0,0.0,0.0,0.0,0.0
9RGjjbRdxyErozMgTzgtF2Y3fdduHNQSHT5ZbmW1jLAK,1.0,0.0,0.0,0.0,0.0,0.0,0.0,0.0,0.0
9RTmqqCMbSqmvBQeKEJMx41oYk4ZruXrkTDZyuBizaWv,0.0,1.0,0.0,0.0,0.0,0.0,0.0,0.0,0.0
9RVEvp18sAkvvNL76py4YJhc21iRmqXtHg8R6jEAZF1B,0.0,0.0,0.0,0.0,0.0,0.0,1.0,0.0,0.0
9RdFK52dQAZo4mCdKTeC6hX5PZ7puynBBNpndHQ4C1DJ,0.0,0.0,0.0,1.0,0.0,0.0,0.0,0.0,0.0
9Ri8BUpktvHQtwa89Yyknec3wsvtLy9GzfetJ1dX9uie,0.0,0.0,1.0,0.0,0.0,0.0,0.0,0.0,0.0
9Rs5a2jg2hU9xQ9683ieSsgxDwn4ejZtC9Lugjd4YoVk,0.0,1.0,0.0,0.0,0.0,0.0,0.0,0.0,0.0
9SFygifgPTwYZUspJz8HK8EZrxP4VXm6V827HDmPqZUd,0.0,0.0,0.0,0.0,0.0,0.0,1.0,0.0,0.0
9SMt2xSGASeAeoggmduxFAtzhPdrn5JVhmrXnHAokSYp,0.0,0.0,1.0,0.0,0.0,0.0,0.0,0.0,0.0
9SXmahcYzTpTvAsMKFjqgJM5xNyBBvWnsEGriDNc32rr,1.0,0.0,0.0,0.0,0.0,0.0,0.0,0.0,0.0
9ShyX9WGQHgQmrNWagd4vykpaDeXDSyGCfB8Qtu5kGmp,0.0,0.0,0.0,0.0,0.0,0.0,0.0,1.0,0.0
9SngNwStRqU2HLXwbuMdwgv5hmzbccJfqs1Y9HyK2r5i,0.0,0.0,1.0,0.0,0.0,0.0,0.0,0.0,0.0
9TDJmjcLYpdXQHsHUczQBebgXfXSNBCCJ9RknzFioS7w,0.0,0.0,0.0,0.0,1.0,0.0,0.0,0.0,0.0
9TKQRJQAir8SSo5mUAi1kTjSz6XEDxyaTiEVmbZAukdb,0.0,0.0,0.0,0.0,0.0,0.0,0.0,1.0,0.0
9TSgNnndoYA5VJBkGCVwb6D1icqgQNjvXisS6SdM4JdE,1.0,0.0,0.0,0.0,0.0,0.0,0.0,0.0,0.0
9TWWHZ7WoYWuuKwgB93BwhGXb16q5GbKqvZEVgzeBrem,0.0,0.0,0.0,0.0,1.0,0.0,0.0,0.0,0.0
9TcGac6xdHyVofn68wW4gqR1JkuU4tEGiUjkrqf8Gvf8,0.0,0.0,0.0,0.0,1.0,0.0,0.0,0.0,0.0
9TdTgh7gA1TSKs8EPuTimiWbhugcwQpZ83tCSYmjYZoC,0.0,0.0,0.0,0.0,0.0,0.0,0.0,1.0,0.0
9TxcS1Hse6V6SBRF65JCMLtpCKa4CuasnmEFwuzr5CMa,0.0,0.0,1.0,0.0,0.0,0.0,0.0,0.0,0.0
9UFcRdqiWLqWEZazQ5ATKSHvJmDSmSwjvppTdSpLPPQq,0.0,0.0,0.0,0.0,0.0,0.0,0.0,1.0,0.0
9UFi3wTVXWwFBHX8t84ADakxs6R4TAm6dTMQY6FR1Baa,0.0,0.0,0.0,0.0,1.0,0.0,0.0,0.0,0.0
9URyFQVSnY44oxubPgrkWvAm3i7Vzg2yK2UsbsqRomrF,0.0,0.0,1.0,0.0,0.0,0.0,0.0,0.0,0.0
9UXaqSBMNMJcs3qRK8G5sctzpCa21tjgjmPJHwM9YqVK,0.0,1.0,0.0,0.0,0.0,0.0,0.0,0.0,0.0
9Ua6CnV2SPnRZigau7UscZDXdsDvcWaF3pJeY6EVL1xi,0.0,0.0,1.0,0.0,0.0,0.0,0.0,0.0,0.0
9Uk6dkJv5hjF4AX9c2T7UEdU1RuaTiAKqBngDBMAUq7,0.0,0.0,1.0,0.0,0.0,0.0,0.0,0.0,0.0
9V5WmYmEY5MW8gRtqjoGhGgovf5kfwepgULq7g5HqLjv,0.0,1.0,0.0,0.0,0.0,0.0,0.0,0.0,0.0
9V8ULp9iMZJyjJCFYLRBXyUfixD8mxHiaYC2fXoYRy79,0.0,0.0,1.0,0.0,0.0,0.0,0.0,0.0,0.0
9VG2exapJ55nsZT9Qkf1e3FzQAmGfRzkNVRNyuc52mjQ,1.0,0.0,0.0,0.0,0.0,0.0,0.0,0.0,0.0
9Ve4wKV74oQLFTURFqWnX412sj1dKkxW5h9QxXBBM7CA,0.0,0.0,0.0,0.0,1.0,0.0,0.0,0.0,0.0
9Vfm8v8imXtUqQmCu21sHJEi7Urr6S7LLYXPX9kaWkkX,0.0,0.0,0.0,0.0,0.0,0.0,0.0,1.0,0.0
9VoBdXxc8sTSwQaTaetFxXReSrLqainCbNDrBJ2Pxj1C,0.0,1.0,0.0,0.0,0.0,0.0,0.0,0.0,0.0
9Vyoa3LTMhsLzW7yxDAJbiZ2npFVXb3GUJ7CiMJvhvk,0.0,1.0,0.0,0.0,0.0,0.0,0.0,0.0,0.0
9WGXskZSm6E25NeuVR9pk7kPaPzrAKtkeA6M2VTPVnNk,0.0,1.0,0.0,0.0,0.0,0.0,0.0,0.0,0.0
9WN3qbWie94fnst9rmSe1N71XTy6dKeA7FcycRLtvAYa,0.0,0.0,1.0,0.0,0.0,0.0,0.0,0.0,0.0
9WRGAz6rZhbVq6X6sAjrip3i79nPihGcKiorChJ3Qq8E,0.0,0.0,0.0,0.0,0.0,0.0,1.0,0.0,0.0
9WgZaLv2A6kwJkRRvo1JNPA8vwwWUGgddaR1ErerH5Sm,0.0,0.0,0.0,0.0,1.0,0.0,0.0,0.0,0.0
9WjZbGYPWVzSPtNfjVYjYQg6ak98xj1sAgkdZzbqFUZg,0.0,0.0,0.0,0.0,0.0,0.0,0.0,0.0,1.0
9WmjHX36ALYVigbT1StPRn8iAxUUWEAMpmo8DvqiGWLz,0.0,0.0,1.0,0.0,0.0,0.0,0.0,1.0,0.0
9XQFjCdVLE93TAdnDBaMP1GZx7aps4waqgKgCLnwKnRS,1.0,0.0,0.0,0.0,0.0,0.0,0.0,0.0,0.0
9XWwhrZNNTnbKs3CpXP6STXcFo6g2jwTMmqEvN9JDJpa,0.0,0.0,0.0,0.0,1.0,0.0,0.0,0.0,0.0
9Xc6CwysC1XgvaoVLKqKhjo9hBL77LJCG2xCt7iaYfEk,0.0,1.0,0.0,0.0,0.0,0.0,0.0,0.0,0.0
9XogR89NnBwMuX6Gq4xqn2uxed5RLypqtMRi39uCBNpA,0.0,0.0,0.0,0.0,0.0,0.0,1.0,0.0,0.0
9XqHmSTTdJrPpbfykTUzhgykPCemfbmPp75oe7KoL3MV,0.0,0.0,0.0,0.0,0.0,0.0,1.0,0.0,0.0
9YCN9keM3Wwz9Jbnk2GPDB37EwNuBeUqsGQ6zJKApqAv,0.0,0.0,1.0,0.0,0.0,0.0,0.0,0.0,0.0
9YDt9VphHgtpH7MdCyedWMbLQN3XfnHWypyVwiwUTokg,0.0,0.0,0.0,1.0,0.0,0.0,0.0,0.0,0.0
9YK17XPAp8p64zhRaqaRK569MP8avayUDoeF2jiuUmjZ,1.0,0.0,0.0,0.0,0.0,0.0,0.0,0.0,0.0
9Z9CjvRqzM7SeFMpCXbF3gbhR8nSSsxTYLNRVyV5gHx8,0.0,0.0,0.0,0.0,0.0,0.0,0.0,1.0,0.0
9ZFUU3Gck76u8DyWv4KuB1y9wmC6E6qNe98XJrhwJ3Jc,0.0,0.0,0.0,0.0,0.0,0.0,1.0,0.0,0.0
9ZKUkSvUFvwe8FsyNXnigszJbq1wffE68Ku4X8EMDASY,1.0,0.0,0.0,0.0,0.0,0.0,0.0,0.0,0.0
9ZUBrziWg6eqrqWkouuEvXk2JPQppbLPc23oE4jzMNSL,0.0,0.0,0.0,0.0,0.0,0.0,0.0,0.0,1.0
9Za1JSrQuHLgojhduxuVEjgJQbUbCG3j3z7dt5RQmrVE,0.0,0.0,0.0,1.0,0.0,0.0,0.0,0.0,0.0
9a3DVod8CtsWbaMqAZu9PVbo9iMHzQtjzibKN39twrix,0.0,1.0,0.0,0.0,0.0,0.0,0.0,0.0,0.0
9a3wp24yVVz9EBxWcgeZeqrd4EyuUDzBM2tpWeMRnH4r,0.0,1.0,0.0,0.0,0.0,0.0,0.0,0.0,0.0
9aCBH4XaRWmjH99X2wGL9DBFXHPkmgZhy3CxNaFnPgTr,0.0,0.0,0.0,1.0,0.0,0.0,0.0,0.0,0.0
9aFbxozzKLQTMXfyMhsRzDqsBrCMe1u92sgLN4g1pfPz,0.0,1.0,0.0,0.0,0.0,0.0,0.0,0.0,0.0
9aLXDsWRkPwi6AmK5T1NfoBcevrJi6Jg7R54LnN2uqv8,1.0,0.0,0.0,0.0,0.0,0.0,0.0,0.0,0.0
9aSDsnzj3MXdjDGuYfpo5rzqzZK5uaNUYee9Z2zhqn8a,0.0,0.0,0.0,0.0,1.0,0.0,0.0,0.0,0.0
9b6ZV6aP6vZrFfR855ZBrqnSFFMrXMRJQxkXyuRoHBS1,0.0,0.0,0.0,0.0,0.0,0.0,0.0,0.0,1.0
9b8Yax665rt5RyWvBAfEPvaVtqGuLCV1x2Nk7ui54z5R,0.0,0.0,0.0,0.0,0.0,0.0,0.0,0.0,1.0
9cTbMBBnm5XkFLDTSE4JnXj7PKxcmTosV3zArARpqnaG,0.0,0.0,0.0,1.0,0.0,0.0,0.0,0.0,0.0
9czzLa6uM89W2y3XofrXWamJMqxspjtJNotKgFAoDyBJ,0.0,0.0,1.0,0.0,0.0,0.0,0.0,0.0,0.0
9dRDEtwjT8AeNMTMFXeTWuEr1Y6eApQLdEBdq37rX1Qx,0.0,0.0,0.0,1.0,0.0,0.0,0.0,0.0,0.0
9dTDHJ35AoZGDLWogP74qTGq9dfsrBZZNkj1fTR6C9Gg,0.0,0.0,0.0,0.0,0.0,0.0,1.0,0.0,0.0
9ddbfA3xbKdBrhFDUyD7WRffLtr8KR95vn9jL7uGyisX,0.0,0.0,1.0,0.0,0.0,0.0,0.0,0.0,0.0
9doHWd7BYec7Gjy3qj2QvFFeG8UQ3LFUSH43JQhyQR32,0.0,1.0,0.0,0.0,0.0,0.0,0.0,0.0,0.0
9e9jrMX8MvQTECM2APPA8KZMiaEKDhjbu436ZzubCMJV,0.0,0.0,1.0,0.0,0.0,0.0,0.0,0.0,0.0
9eBTkn4SQBdrL8bN2BMUriUAwWVaAuhbo5tfn6yvaEAr,0.0,0.0,0.0,0.0,0.0,0.0,0.0,1.0,0.0
9eNcEmLiRUeAmMrrj89iWCjcd3hngr5YZ2yJ88YWqts7,0.0,0.0,0.0,0.0,0.0,1.0,0.0,0.0,0.0
9eUJXacVDS1UyWRKfGjrGcMgEp6TBEbRxQsv5qugWEvS,0.0,0.0,0.0,0.0,0.0,0.0,0.0,0.0,1.0
9enesF8reLT1dNeVLVPsJeYyNEtVGSt65rQxLvNqbHRX,0.0,1.0,0.0,0.0,0.0,0.0,0.0,0.0,0.0
9erV76aa4qAkHeTkdRDg8ew47EZXADDKteLWrX9UnU3K,0.0,0.0,0.0,0.0,0.0,0.0,1.0,0.0,0.0
9f94hZDM9fLrvXsue3KgCo2K5eewBaBHvk1LbfFLm42x,0.0,0.0,0.0,0.0,0.0,0.0,1.0,0.0,0.0
9fQmt6ATNeSPw6esjs4jfoX5EcFiNfz9fn1tWHvkySPU,0.0,0.0,0.0,0.0,0.0,0.0,1.0,0.0,0.0
9fud9XHt5cBXbeiSQB2syAWsgx86gWGGsunkuFyS53VS,0.0,0.0,0.0,0.0,0.0,0.0,0.0,0.0,1.0
9gEkMa1jrayywBdPUToecAN37Y1PZ9PHGdmsDFLAX6KW,0.0,1.0,0.0,0.0,0.0,0.0,0.0,0.0,0.0
9gXFFiN3BTH2P83cYVBQB6kYYgaQqu8NuEHgVtN9WjRe,0.0,0.0,0.0,0.0,0.0,0.0,0.0,1.0,0.0
9gxBDddAvsVUmcLAwJWhnKr5dMN8rWkdqn8ZZ4V272bo,0.0,0.0,1.0,0.0,0.0,0.0,0.0,0.0,0.0
9h4E9L4fgb4nvymUwc7b8zjP1bzAjjNy4VQ9s7i3P9UM,0.0,0.0,0.0,0.0,0.0,0.0,1.0,0.0,0.0
9hMpKm3RBxpdUAETX6fdjLhj4VoNLGHwL2ovekc8HXZa,0.0,0.0,0.0,0.0,1.0,0.0,0.0,0.0,0.0
9hUxK8oMzU6R2kYYNg3UwkbqdiHxyyYEcsXuheYUtzdP,0.0,0.0,0.0,0.0,0.0,0.0,0.0,1.0,0.0
9hZSqP7V7ETqQ6AJNwZk3fR1JoUr9PHK5qjUcsn6wYTo,0.0,0.0,0.0,1.0,0.0,0.0,0.0,0.0,0.0
9hvfxx1d8swHiMS1yyUZWFZiu3TvLCWgxXgjQZNqsdEp,0.0,0.0,0.0,0.0,0.0,0.0,1.0,0.0,0.0
9iRajH4bfphqb2WPywxhCz3TjsJHZ1jQ8wosSWqRWf6D,0.0,0.0,1.0,0.0,0.0,0.0,0.0,0.0,0.0
9iSAEzWM38aoe6CUefHDAW1CZ8BoivkMPtyquRJwe3sJ,0.0,1.0,0.0,0.0,0.0,0.0,0.0,0.0,0.0
9iU8dj5fpSzZWF9V9uaQ9C3YNCVAAiui7DbE6rd6wYD3,0.0,0.0,0.0,0.0,0.0,0.0,1.0,0.0,0.0
9ieJ9uQpEDpLircQRJjoeh8RfjL9kzYLN9zN3rLSgktv,0.0,1.0,0.0,0.0,0.0,0.0,0.0,0.0,0.0
9io4kxsCBWWJP1G3kEZzsujPBMgKjAMr136GWMhKuTRA,0.0,0.0,0.0,0.0,0.0,0.0,0.0,1.0,0.0
9j4KQAfyvpHjT9p3xWmiKTWxRUVwbJPaUrb7VWZXyAS5,0.0,0.0,0.0,0.0,0.0,0.0,0.0,1.0,0.0
9j4pz3JUFXR538Z2HVwzi5meeL4r8SGNRS1tEqrhsS1M,0.0,0.0,1.0,0.0,0.0,0.0,0.0,0.0,0.0
9j53Z6bejUaAxJCEC64BbxozLPuvsuAFsr6iqWKKDvaw,0.0,0.0,0.0,0.0,0.0,0.0,1.0,0.0,0.0
9jR128ufXtL2LWBB9rj3N68oYR5R4icjaaCC2B4vdpcQ,0.0,1.0,0.0,0.0,0.0,0.0,0.0,0.0,0.0
9jVANTw2xZ8V2gFD3jrZ3u6esRdXF2urCvJPKf4fMr2H,1.0,0.0,0.0,0.0,0.0,0.0,0.0,0.0,0.0
9jdEWHro2xDuBgBkXfkcFkD8cL7ngjBL8VAbjFedsAij,0.0,0.0,0.0,0.0,0.0,0.0,0.0,0.0,1.0
9jdoCqotgDGAqL2rrwaesBQBGWRmnaQ8cFxBBcbfPkQ7,1.0,0.0,0.0,0.0,0.0,0.0,0.0,0.0,0.0
9jydYPb5PKFg2JpfonxmP6bwugCgWQfE13ZGiPdXUkBF,0.0,0.0,0.0,1.0,0.0,0.0,0.0,0.0,0.0
9k4dYaJehNAszAUH5P2oHjWitcNoAXovCaGPwjXfk4kd,0.0,0.0,0.0,0.0,0.0,0.0,0.0,0.0,1.0
9kW9nGW67Yjou2WY1vY6uqqoFJA9ePreSmHZStnvftGC,1.0,0.0,0.0,0.0,0.0,0.0,0.0,0.0,0.0
9knPxTiqRrsPZvVyCdzBJmdtrj4TuiKBPF6KmnNijhrw,0.0,0.0,0.0,0.0,0.0,0.0,0.0,1.0,0.0
9kqxuvmWGTjas1GLcRzuhG3ikKFD7wBdQjoo4i431Ao5,0.0,0.0,1.0,0.0,0.0,0.0,0.0,0.0,0.0
9m5WHSiNThmd6qru2S7kBKJzHpRyVvBZeFTvMNwgpiLY,0.0,0.0,0.0,0.0,0.0,0.0,0.0,0.0,1.0
9m7zSVfWu9jvKUToBhu5Lc5z5SsAMR9KYtDQaT2JDZYC,0.0,0.0,0.0,0.0,0.0,0.0,0.0,1.0,0.0
9m87fCavVUk3kDiinZLZkAzUUAHBSWifrjErjefw2Tqs,0.0,0.0,0.0,1.0,0.0,0.0,0.0,0.0,0.0
9mRnV2HbWh7zC9rwPcveTh6YafVH5ChEja8WftKXUS9P,0.0,0.0,1.0,0.0,0.0,0.0,0.0,0.0,0.0
9mUh8koWAWyPc4AzN9LZFWiHAYB3MMMQdthENMcw7cFC,0.0,0.0,0.0,0.0,0.0,0.0,1.0,0.0,0.0
9mYtczHWfiHp5AVXpo9CfXzG6dQAGbAa1s4sUmeYvXKX,0.0,0.0,0.0,0.0,0.0,0.0,0.0,1.0,0.0
9mkiMtcZ5RGwyo7nNV66Uu1sGnNkNhmbMs8ztifgKch7,1.0,0.0,0.0,0.0,0.0,0.0,0.0,0.0,0.0
9n2snLwz6gkpwEJUGGFeLXAzL1EeXQHFnmTBy6i97dvn,0.0,0.0,0.0,0.0,0.0,0.0,0.0,1.0,0.0
9nBfG3bWMpwc8hq4MCJQmHkr97KU78U5zn1eYrueXCt7,0.0,0.0,0.0,0.0,0.0,0.0,1.0,0.0,0.0
9nMGLVox2AAsD4pUcEfdNZeYzTMDbgqEMVJbyq6aFgqL,0.0,0.0,0.0,0.0,0.0,0.0,1.0,0.0,0.0
9nQz1bRNkTLYFqm6o3RGrnQJsthrNfTETYyhx74NuFGn,0.0,0.0,0.0,0.0,0.0,0.0,1.0,0.0,0.0
9oFiJiLRfFjKMfrx8nryPVSTLVZtDqd6gDsHPgQQVT8x,0.0,0.0,0.0,0.0,0.0,0.0,1.0,0.0,0.0
9oXRiXkV4WxZtXBgBEtdXCWJsGGRZ8sPvFCdYgWJZ9g8,0.0,0.0,0.0,0.0,0.0,0.0,0.0,1.0,0.0
9oiGdWYXzFdEayEdoK3edCMV5Z1xujksjtZ5jbn3UiPp,0.0,1.0,0.0,0.0,0.0,0.0,0.0,0.0,0.0
9os5b6tktLQC9bheUVuAVEYfkzJsZxRzdFoWHRqMoW82,0.0,0.0,0.0,0.0,0.0,0.0,1.0,0.0,0.0
9p2wZymew3Pk1LNkgrTLPqb2srZdg4HoEK6VA2kgyzT9,0.0,0.0,1.0,0.0,0.0,0.0,0.0,0.0,0.0
9p78qXrd6yJChm1JDXcgUvXBJQPY9seCivgsHYDijkt7,0.0,0.0,1.0,0.0,0.0,0.0,0.0,0.0,0.0
9p9jvnpnMDNhGNpEHwWYUyVy99SWbskfdcrMfP4GN6J6,0.0,1.0,0.0,0.0,0.0,0.0,0.0,0.0,0.0
9pB7rkbRwPBrStkvtwZYWJM8NpVZg8wSRsT3xHmVjhFe,1.0,0.0,0.0,0.0,0.0,0.0,0.0,0.0,0.0
9pNj45mHUSwrhmascqtbZwdjKB3iP3oiwqtfR1Uq4YnQ,0.0,0.0,0.0,0.0,0.0,0.0,0.0,1.0,0.0
9pQczYaWdGzcJdSQ88ZFsGq2bXVxCXGxztDWTgb5X8Ky,0.0,0.0,1.0,0.0,0.0,0.0,0.0,0.0,0.0
9pdTaCcJYn3yLRHsnfaBMBTv9dPf4diCF3PneXFpZkn,0.0,0.0,0.0,1.0,0.0,0.0,0.0,0.0,0.0
9pdZVvJaXK2ZFWKQG3pzbyuPujRTbMvZEnmi9VqbfRVj,0.0,0.0,0.0,1.0,0.0,0.0,0.0,0.0,0.0
9q3ZUaA7u7dHbcsb56NvxA5bghhP5xuTDX4tfqBcwA1g,0.0,1.0,0.0,0.0,0.0,0.0,0.0,0.0,0.0
9q667SDd7s5rLWRWaySH6Qx7fiPi1keXtH7mZdHWJZVB,0.0,0.0,1.0,0.0,0.0,0.0,0.0,1.0,0.0
9qAEPdrvpYdVfXLQqATYQrnVrpGhG79hR1XM781AxFBc,0.0,0.0,0.0,0.0,0.0,0.0,0.0,1.0,0.0
9qyrLEEvaPrkhZaWN7Sy3ghsxshLT9jYo3NnfHZuvYqJ,0.0,0.0,0.0,0.0,0.0,0.0,1.0,0.0,0.0
9r475SMG8p2ZtFtbKVgW5od2JkuqgwFyaydSH1wQwyWV,0.0,1.0,0.0,0.0,0.0,0.0,0.0,0.0,0.0
9rCKfWGGjvXwTwMhkgxrsrmQLoAUGAeqqtxqqVPmatVa,0.0,0.0,1.0,0.0,0.0,0.0,0.0,0.0,0.0
9rTivnoUA5uaRQ1oGhX3BHGwp3kXj9JDdDhH7L4BkKSq,0.0,0.0,0.0,0.0,0.0,0.0,0.0,1.0,0.0
9ryQWDNKiKSuGuZXSHombhAVvtJ6cKL4XQHDgLZh7zR7,0.0,0.0,0.0,0.0,0.0,0.0,0.0,1.0,0.0
9rzG7HJJySyp1HXexXznZgrxYyEsktNeJmUREDtGvogY,0.0,1.0,0.0,0.0,0.0,0.0,0.0,0.0,0.0
9sUawDYTi7aH9qE3vQyEtU1ocjdhZ9ihvs8i6HndYSv4,0.0,0.0,0.0,0.0,0.0,0.0,1.0,0.0,0.0
9sVit7CkJL6H6coi1xJCLBnyLWHWXuaSciZN4e8qR7QL,0.0,0.0,0.0,0.0,1.0,0.0,0.0,0.0,0.0
9scikfNmYsRyPwuEux8LaHNB5d1b8Lv4gRzMcpQ3HwEi,0.0,0.0,0.0,0.0,0.0,0.0,1.0,0.0,0.0
9sqikPML4YdNgfTz7GRwANstWRZ6dHjmQTAh7269k5a1,0.0,0.0,0.0,0.0,0.0,0.0,0.0,1.0,0.0
9ssN2iJaiDZMUvpv2o4AJk3FjBHYUrBzaDU78fezTXy2,0.0,0.0,0.0,0.0,0.0,0.0,1.0,0.0,0.0
9suQdL12VQfThDsBX8zHKZsoeaLrbKsgXn2atKSFW4NW,1.0,0.0,0.0,0.0,0.0,0.0,0.0,0.0,0.0
9tTJNib5wD3dS7XVAuXVFX52cCT9eCEDiwycmHbeFnTi,0.0,0.0,0.0,1.0,0.0,0.0,0.0,0.0,0.0
9u29VyeejibVDyYKsHt4xLWQuezq3cjeczAxdqRBv87i,0.0,0.0,1.0,0.0,0.0,0.0,0.0,0.0,0.0
9uEFQUxFFfWHcME9gtxWfRxJ6ui5DsJgsTHHZAyz3NLy,0.0,1.0,0.0,0.0,0.0,0.0,0.0,0.0,0.0
9ugdqhj6oQL3x6cS1zswrpvkaTDuZvbPbC6dwty1dqAi,0.0,0.0,0.0,0.0,0.0,0.0,0.0,1.0,0.0
9upHdb4nRtsG3i1tmrwjzBWXnLmitSUHmzobqugC1Nhc,0.0,0.0,0.0,0.0,1.0,0.0,0.0,0.0,0.0
9v5V6EPZLvED8oC6eGEKWfTYVRHVqBqysWpWCxvh4esg,0.0,0.0,1.0,0.0,0.0,0.0,0.0,0.0,0.0
9v6qKWeruqj1JWtMwSHWWNNZne5yuV4YzHwkhgpGHJtJ,0.0,1.0,0.0,0.0,0.0,0.0,0.0,0.0,0.0
9vPe2xzTqz6yphfW3gkRAFwgBeS1GTzbrAmY8cBdb6iT,0.0,1.0,0.0,0.0,0.0,0.0,0.0,0.0,0.0
9vR3XoikMJsZEvWMKQSehoG1gbSo1gVMtDEedsLcFN2z,0.0,0.0,1.0,0.0,0.0,0.0,0.0,0.0,0.0
9vSzoynGoQRoHw6TfyfVP356qhVqbsNdRDs6kb4aaLjP,0.0,0.0,0.0,0.0,0.0,0.0,1.0,0.0,0.0
9vYduGuy3EyzU247qMkaLuW1oGfW2StHSTZ8xyu5Jfpi,0.0,0.0,0.0,0.0,0.0,0.0,1.0,0.0,0.0
9varjbaF7q2vb25cppvEKniXYh9GCSAzCAnQNbWnVLK2,0.0,0.0,0.0,1.0,0.0,0.0,0.0,0.0,0.0
9vemtch3y6GswVgobYjX6CcvXYzs2wv8CFFL73j4ytkt,0.0,1.0,0.0,0.0,0.0,0.0,0.0,0.0,0.0
9vtgWx3kU5wJFttaPiU9fqmgSJg5JFuJ34MMstRpgmoX,0.0,0.0,0.0,0.0,0.0,0.0,1.0,0.0,0.0
9wEQmjNA9KtLFMPSN7STMFqYKxuRFZ1Lc5zuW9e8sDTr,0.0,0.0,0.0,0.0,0.0,0.0,1.0,0.0,0.0
9wimuJr6t6WRH3XJoMGcWjjVabkaepRQxCsL6dh6V8Qw,0.0,0.0,0.0,0.0,0.0,0.0,0.0,0.0,1.0
9wkiooFCCZFBgoAy4fmmzfZpKTEkUZk4oCmw9DbRCDgX,0.0,1.0,0.0,0.0,0.0,0.0,0.0,0.0,0.0
9wvCug3bufDPvzs4B2jWSoijPktyrm4Tm7hUwjGZSRSg,0.0,0.0,0.0,1.0,0.0,0.0,0.0,0.0,0.0
9wwNBBrQ4UwyNS6RqzFD5N7PYEMU7tsTFS5tNEdqey1P,0.0,0.0,0.0,1.0,0.0,0.0,0.0,0.0,0.0
9xaQ3jPuaRC5KaNkov7Lw6Bq1gKjRp4wD67v6pK1MdK1,0.0,0.0,0.0,0.0,0.0,0.0,1.0,0.0,0.0
9xgodU88MR5h7sMXvU1x2TQJRkTdb8cr3bPemmM7PBMn,0.0,0.0,0.0,0.0,1.0,0.0,0.0,0.0,0.0
9xunUY6aMw49FkPK89WpZhfszubpxpuqaSFFiGmVPjMz,0.0,0.0,0.0,0.0,0.0,0.0,1.0,0.0,0.0
9yAjA4YhYb1LR3ZFPmPtYKN35zYnLmNJKkkAy7oVxpcW,1.0,0.0,0.0,0.0,0.0,0.0,0.0,0.0,0.0
9ynCcmf5WyQ6gJzEMGnVUSnM1sH8XfsvN55yeuGECbjz,0.0,0.0,0.0,0.0,1.0,0.0,0.0,0.0,0.0
9zAKsU2DapVjuW9BFmGZeJ9WxeNoHK2qZ8A5Vah2an4j,0.0,0.0,1.0,0.0,0.0,0.0,0.0,0.0,0.0
9zJHbuSNiY3yMo7q9UdbxBAU6vShKz2NzV6p5MfRyMU,0.0,1.0,0.0,0.0,0.0,0.0,0.0,0.0,0.0
9zQVYhTk9AFKYGxQTsXVWNLByvKthTeV26uuKRpDpwEx,0.0,0.0,0.0,0.0,1.0,0.0,0.0,0.0,0.0
9zSJdXFNCNqqTMofQz7ioZ9uoEZ5Una62UvXhq2eR6ka,0.0,0.0,0.0,0.0,0.0,0.0,0.0,0.0,1.0
9zSY4iySZTkydJnTmsG48qhEWZNBUWukuWK8iLDLnkMT,0.0,1.0,0.0,0.0,0.0,0.0,0.0,0.0,0.0
9zZfpZ7LU59G9Kdewi6S86xzYoGc1ENivFgkfkpZgvFQ,0.0,0.0,0.0,0.0,0.0,0.0,1.0,0.0,0.0
9zZgFWDqPcwn5rBZL5e4Z4366cbYd8L5fM9Lz3nFufnL,0.0,0.0,0.0,1.0,0.0,0.0,0.0,0.0,0.0
9zimUgKbNd3NFipxksZPqkabo7bWLnTphr5s8UDnhQoq,0.0,0.0,0.0,0.0,0.0,0.0,0.0,1.0,0.0
9zrY43AvHbzsRCHPdNZS8L2YGNbuTSUqTPubxvZxjLRY,1.0,0.0,0.0,0.0,0.0,0.0,0.0,0.0,0.0
A17ifcqjbGdeje1dQZXBe5ncBCB7XpQG9F22aE1SrDvy,0.0,0.0,0.0,0.0,0.0,0.0,0.0,1.0,0.0
A1anH99Pg4QpJm66DMVvTazBhc6B5dB9EZThJJXi8SME,0.0,0.0,0.0,0.0,0.0,0.0,1.0,0.0,0.0
A1rbRNdKTADau5Nmwr7Wc5ciwXWcvNhoHqzeM8GN4coy,0.0,0.0,0.0,0.0,0.0,0.0,1.0,0.0,0.0
A24c17sjhF5G2iHNjvH66vMZJ5GhBk2LdmWgANwqWA7J,0.0,0.0,0.0,0.0,0.0,0.0,0.0,1.0,0.0
A29DzkWim6tdaN4TKVzG8iE6u8dMwERuWro7ivuW3L6o,1.0,0.0,0.0,0.0,0.0,0.0,0.0,0.0,0.0
A2L6MMnbQWc4zEnD7UtbPtaTdgmhkYcwhHJuQHuNqWiv,0.0,0.0,0.0,1.0,0.0,0.0,0.0,0.0,0.0
A2Q9faLageNfiEPXv2zG2Y46w3bLvkAzQ9RZ3GyH2MA1,0.0,1.0,0.0,0.0,0.0,0.0,0.0,0.0,0.0
A2cDhjXqKbvjPc6ncNR76S4cFpLnzwpkqQVAVuBPtBQu,0.0,0.0,0.0,0.0,0.0,0.0,0.0,1.0,0.0
A2f7q12JY2GcrZMqJB7ejAPiDeUUTFvjhDZvCMycxKuq,0.0,0.0,0.0,0.0,0.0,0.0,1.0,0.0,0.0
A2p83G1FXGHnXGwtWq32VoteoFNRd1m1ZZr9fJ1M6uXG,0.0,0.0,1.0,0.0,0.0,0.0,0.0,0.0,0.0
A2uHyuBqxAPkNbt4uZhfYDqo4Txx3BKCn2TVKNQD9NNr,0.0,0.0,0.0,0.0,0.0,0.0,0.0,1.0,0.0
A2vkuASMaWageEoBduyBWh6KUZQ7eoZZ3ffg37DAS2h4,0.0,0.0,0.0,0.0,0.0,0.0,0.0,1.0,0.0
A31YszE8G3eW1izeDAMYGJAoQH5gF2gjAgZeYN6qinPu,0.0,0.0,1.0,0.0,0.0,0.0,0.0,0.0,0.0
A38tETRC3wqKLBT1srpnRDgXEVXvwriUEzRnacj8V2LH,0.0,0.0,0.0,0.0,1.0,0.0,0.0,0.0,0.0
A3D5awDqPJBeHE9wqYEeZDMh1jjq8Ju1WxvLSoQUfArE,0.0,0.0,0.0,0.0,1.0,0.0,0.0,0.0,0.0
A3MVKesViauZYMTAs6rWD45EdX1hhQBpGuMwAT7ftMhN,0.0,1.0,0.0,0.0,0.0,0.0,0.0,0.0,0.0
A3nuXDNTVh21TBKB2WxRvawhHFmMpCKzuB1fCMPfjUZd,0.0,0.0,0.0,0.0,0.0,1.0,0.0,0.0,0.0
A4N75FAWsDfE43BYG8qvAVK7tugf8Z1mXd3y5jWHAa5T,0.0,0.0,0.0,0.0,1.0,0.0,0.0,0.0,0.0
A4bWgRsr4BVqqNwdYnHcHVE3ikfbUMR8iva2ruFxdHdC,0.0,0.0,1.0,0.0,0.0,0.0,0.0,0.0,0.0
A4fvH7iytAfsv2cxXkNMjPxcah7Tag3rF2tkCSqpL8iv,0.0,0.0,0.0,0.0,0.0,0.0,1.0,0.0,0.0
A4koRYH14iH35wAFY74jecm8RfAyCjzcQFenjnx6Fh51,0.0,0.0,0.0,0.0,0.0,0.0,0.0,1.0,0.0
A57Nya3DkBYFwUHECaqthsJ6RZ2AAonAgrWTbC1SpdWQ,0.0,0.0,0.0,0.0,0.0,0.0,0.0,0.0,1.0
A5b9E9epkf2oeSvVoB4aQdgDnhbJzAacYQMS4NmHfQDH,0.0,1.0,0.0,0.0,0.0,0.0,0.0,0.0,0.0
A5gbTKEgiRF81PiVc1AiGivASyiiwhVCMbzvtLqa81Qf,0.0,0.0,0.0,0.0,0.0,0.0,0.0,1.0,0.0
A5jzHK2XJZkNY5PpjbmQZDhAuBpm6ez5mcjcJ5fUx69f,0.0,0.0,0.0,0.0,0.0,0.0,1.0,0.0,0.0
A5us1p61jTvDnQKxSaZznEY6Qrzv1cyKj7NLsVWifgzU,0.0,0.0,0.0,0.0,1.0,0.0,0.0,0.0,0.0
A6AQBAHBAMLfLAp8Fc2mHePdBUHWsetMGmRh21oHf865,0.0,0.0,0.0,0.0,0.0,0.0,0.0,1.0,0.0
A6Dpt4FVxoPFTqo7i2kTBoSXtjHHngUcfiNNdXPLEtiS,1.0,0.0,0.0,1.0,0.0,0.0,0.0,0.0,0.0
A6GumPUqXiHrVaCp9kCE4FujatMfePXtBUWhqDCVkXSu,0.0,0.0,1.0,0.0,0.0,0.0,0.0,0.0,0.0
A6Vp2TbnZrjYHuV1727AFk2Rws7Qutp2HFTHWQRV5crC,1.0,0.0,0.0,0.0,0.0,0.0,0.0,0.0,0.0
A6X1KdDW3LbmKQQgsLZSqpWP8DiAopyV19mRvnw1qZAK,0.0,0.0,0.0,0.0,0.0,0.0,1.0,0.0,0.0
A6XrhJf5pAyMJo7j4n8mwNvpmE4sCYwdNm22shzVE9EL,0.0,0.0,0.0,0.0,0.0,0.0,0.0,0.0,1.0
A6qxSn9NBjQivoGqdY4yo3zUuPVN6UH4dXRJgUc3qsFD,0.0,0.0,0.0,1.0,0.0,0.0,0.0,0.0,0.0
A7MkT8wXPubU6zyC2mqxuZYgzQ4CeXgs2yLEzH1xxqY5,0.0,0.0,0.0,0.0,1.0,0.0,0.0,0.0,0.0
A7S4N1QFpm3S6tPphpEq864t2Nm4u9CQ6evAWQ1c6Pu3,0.0,0.0,0.0,0.0,0.0,0.0,1.0,0.0,0.0
A7a18LmXMqaTucuWZ749KR5dHrUAN7929hM1zdrhfoKL,0.0,0.0,0.0,0.0,0.0,0.0,0.0,0.0,1.0
A7gZ11mHvHq38XBKo2CsWrXkGpecMLDc6jwdcdX2R5o2,0.0,0.0,1.0,0.0,0.0,0.0,0.0,0.0,0.0
A7kM3rnK4dPHm72bfMzbwyegNGxPY4K3NELs32qCyXVz,0.0,0.0,0.0,0.0,0.0,0.0,0.0,1.0,0.0
A7w4ZKoS93nBqg3iB2ZRtqh81fHzJjthcReWA1MV7tG3,0.0,0.0,0.0,0.0,0.0,0.0,1.0,0.0,0.0
A8risY1eJ3yeE7cvvTY7TLd5HgUHPvH8MiGfTAxn2GbE,0.0,0.0,0.0,0.0,0.0,0.0,0.0,1.0,0.0
A8uqxjqXG6ZHxDNfWEcTkESwBvoNRBBmvUSJVx733ZQJ,0.0,0.0,0.0,0.0,0.0,0.0,1.0,0.0,0.0
A8vK3js1edbg6bZP7iGVfWsFmdkLwReh7yfayXHp7TzX,0.0,0.0,0.0,0.0,0.0,0.0,0.0,1.0,0.0
A9AG2vCSVD1Ugs7fZ3UGccG8gAgDXhy5a7J9fCYjM4D9,0.0,0.0,0.0,1.0,0.0,0.0,0.0,0.0,0.0
A9CYDXm23UagDkbRnv2NYYuj8FvHQXn52WnFiXoA9woz,0.0,0.0,1.0,0.0,0.0,0.0,0.0,0.0,0.0
A9RQAtsfq7zBdrtjx1uDr2wCbXTF34kercYHVaK4R3em,0.0,0.0,1.0,0.0,0.0,0.0,0.0,0.0,0.0
A9cpfJoEP4egxbrKiNxr2b6EZM1rnWp44R3FtewuAdA7,0.0,0.0,0.0,1.0,0.0,0.0,0.0,0.0,0.0
A9otabd25FDu3duTRYrXEbCX7uRqU53yJGtpNweAe3Hi,0.0,1.0,0.0,0.0,0.0,0.0,0.0,0.0,0.0
A9r9VpgL7vucz98sJhJve1Ls6g31SADKpwx1j4Ud7WJA,0.0,0.0,1.0,0.0,0.0,0.0,0.0,0.0,0.0
A9uTx3MDxHu2HnvmvaJ1h7YdzrwtTjizmSVnNH4rNf8P,0.0,0.0,0.0,0.0,0.0,0.0,0.0,1.0,0.0
A9zD7vKU8rnohptjgrYiNzisexNLqSzzuStH3B1GC6My,0.0,0.0,0.0,0.0,0.0,0.0,1.0,0.0,0.0
AAHPMQfrjq8vUsxgNxHUJhwKFQnYbNL48LT2GRJBD5dg,0.0,0.0,0.0,0.0,0.0,0.0,1.0,0.0,0.0
AANaDSP44QmHdnsZJq4537F2PZegrur9pQsf4xc1bZE6,0.0,0.0,0.0,0.0,1.0,0.0,0.0,0.0,0.0
AAVsiRGhoYdY3GoMKwn3Qp9fyYt777TweAHLLzSpAgm,0.0,0.0,1.0,0.0,0.0,0.0,0.0,0.0,0.0
AAsAJwhyVcg5X4aHJWa7rGRQbYiCcZLdFL58vH1s46Ka,0.0,0.0,0.0,0.0,0.0,0.0,1.0,0.0,0.0
AAtAzU7atYeNWVofwFKvdbSRq2ehJr1vfvr22oBSrKjJ,0.0,0.0,1.0,0.0,0.0,0.0,0.0,0.0,0.0
AAwiRi2uXaBTsn7gTWrSav1pqa5iK58zTTmS9Ay2hkHS,0.0,0.0,0.0,0.0,1.0,0.0,0.0,0.0,0.0
ABBHnZHKoe3Vq7kYhpU3JEX8gB3xRKCZnxAXe37MtRqG,0.0,0.0,0.0,0.0,0.0,0.0,0.0,1.0,0.0
ABJ2c97iZ16PCsx9EBcJ1B8yaAaUaoVSZY1fjWeXnHFB,0.0,1.0,0.0,0.0,0.0,0.0,0.0,0.0,0.0
ABVHfeMcjGZ5tAAHWnvTZW3bzXvm8vti2ZpCepUryUKT,0.0,0.0,0.0,0.0,0.0,0.0,0.0,1.0,0.0
ABg1PUnX66zqzbf9vFMKzHvmyVEnb4oWyh18yDJQWTLA,0.0,0.0,0.0,0.0,1.0,0.0,0.0,0.0,0.0
ABuw1dSHbRbf9sC31bay8gDF95FivpkEndPnkqhWBUYg,0.0,0.0,0.0,0.0,0.0,0.0,1.0,0.0,0.0
ABxbbdcbD5qFhh4ou4gpBfQvzGsv4fsGTSFvSdPyTHDe,0.0,0.0,0.0,0.0,0.0,0.0,1.0,0.0,0.0
AC4Fpxyxxn5bzeJCJn7Y8riuR8qv5ZDKR32SwoRe2nd,0.0,1.0,0.0,0.0,0.0,0.0,0.0,0.0,0.0
ACCXC9w1Q1e9VhgrvtZWzeSS78UakKFgEDmAQ7jhqH43,1.0,0.0,0.0,0.0,0.0,0.0,0.0,0.0,0.0
ACRM47ZAeXpQwHn5FndCfaWegfxaNzdzZBA71okv48HJ,0.0,0.0,1.0,0.0,0.0,0.0,0.0,0.0,0.0
ACsnoRczJKoYeyewpDRYSmRruSb9esENx5k5L7JRxmR9,0.0,1.0,0.0,0.0,0.0,0.0,0.0,0.0,0.0
ACtodgYy441YehazwUEVZhcTFeEM1W5TasCNSh55bmkf,0.0,0.0,0.0,0.0,0.0,0.0,0.0,0.0,1.0
ADVSDbZbznYu1C8HThZpQbE2syXL4HHm5KC4L5AWL5vb,0.0,0.0,0.0,0.0,1.0,0.0,0.0,0.0,0.0
ADzCqb13RU8HEif4K2bk4RAtN56DxchZVsqA9EehQ4xL,0.0,0.0,0.0,0.0,0.0,0.0,0.0,0.0,1.0
AEAGgotwQkiNwduvvX7uQgy28vNapDmxgQ8tP4hgWdwe,0.0,1.0,0.0,0.0,0.0,0.0,0.0,0.0,0.0
AERCUL1k1MEptpBn2ia7xk1v8J8korWTU3VEJ7UATUGC,0.0,0.0,0.0,0.0,0.0,0.0,0.0,0.0,1.0
AEjTJMFAYp8anEKRHBKCj1J1LVWtYvuSJv4e4tdp8NEA,0.0,1.0,0.0,0.0,0.0,0.0,0.0,0.0,0.0
AEkSUL4oV6cz3HXexU5Yxz6wR8Cab2G4Y8moN14L3AS2,0.0,0.0,1.0,0.0,0.0,0.0,0.0,0.0,0.0
AEna42AkgYrJP2qVig6tkZg3YVNatJzrWxJQd4nBKSJF,1.0,0.0,0.0,1.0,1.0,0.0,0.0,0.0,0.0
AF77MQ8Gu4RrMsshykmStg5y4gRByRGZhJq73eYbesC8,0.0,0.0,0.0,0.0,1.0,0.0,0.0,0.0,0.0
AFgQ1dqqBH3sPdPfpjXkK1gfTZybL9DoHdpgsCgLwPh,0.0,0.0,0.0,0.0,0.0,0.0,0.0,1.0,0.0
AFgdL7ymAhosHBCuCBLHw7Xmzc8AohZBrRTfrLiS5bFJ,0.0,0.0,0.0,0.0,0.0,0.0,0.0,1.0,0.0
AFkS8Qo22gr7vJkrcpoZPMMrQYCf83s8KZ1L3fMQtXya,0.0,0.0,0.0,1.0,0.0,0.0,0.0,0.0,0.0
AFvRBAwojYBhdbHQ3NZ52M3Q9viJniKc1Nzgvrs8bSzR,0.0,0.0,0.0,0.0,0.0,0.0,1.0,0.0,0.0
AFxaKeEJKuLc6tSnJ5Q2bUgoXYpH9QkjpM3jXV1bsqeZ,0.0,0.0,0.0,0.0,1.0,0.0,0.0,0.0,0.0
AGZzJ1gD5LVNKPS7dyqt4g3JeaV1ciisDw4AiLFSj7nb,0.0,0.0,0.0,0.0,0.0,0.0,0.0,1.0,0.0
AGb6A4HvSEYZarhhGchTcCyz4EQj6ZSC7Hn1WS9NzfeC,0.0,0.0,0.0,0.0,0.0,0.0,0.0,1.0,0.0
AGboP9w111MkAd5LDZbHuYvGAfBZRiKrE9JQwpf9VN1G,0.0,1.0,0.0,0.0,0.0,0.0,0.0,0.0,0.0
AGp1R6yfPb8bURH6Bh1bTC4LxUhyRHabmFmvq6yWUyT6,0.0,0.0,0.0,0.0,0.0,0.0,0.0,0.0,1.0
AGq6tEUs6oU5tsWtV15hsHULBVgdUk38LGtga9M82nZw,0.0,0.0,0.0,0.0,0.0,0.0,1.0,0.0,0.0
AHCfuqnQ8b9apkKwQ7VfFeNc9JQb5RMdzWjSoq77UgCY,0.0,0.0,0.0,1.0,0.0,0.0,0.0,0.0,0.0
AHQkgoSPfMjo79jE6njhhrvNCGLa2bc6b3iof5EstMqJ,0.0,0.0,0.0,0.0,0.0,0.0,0.0,1.0,0.0
AHRYaS84y4uSP9QbTwjgS6Dt5KnP29LbxxYkRzXaEts6,0.0,1.0,0.0,0.0,0.0,0.0,0.0,0.0,0.0
AHpKPGHAdcEXgZKpVBBAm13654jtBK4zqz7tFDvLA4PG,0.0,0.0,0.0,0.0,1.0,0.0,0.0,0.0,0.0
AHpKdUSPApmoD6pub1p8iSGZDq2eQmYnqbdUxFysZku1,1.0,0.0,0.0,0.0,0.0,0.0,0.0,0.0,0.0
AHvdkLFMUeUPt4GusUoSxWsMXsSD74WASaCLMNL76p5B,1.0,0.0,0.0,0.0,0.0,0.0,0.0,0.0,0.0
AJ8Gc1cYzDQmQVyWFnHyJAKV5QK5ysz5ML9NuK3xvJRt,0.0,0.0,0.0,0.0,0.0,1.0,0.0,0.0,0.0
AJ9pfggvsK67q9Xts5KgMqzS2rpRkyCe6KK3pCfhc3tQ,0.0,0.0,0.0,0.0,1.0,0.0,0.0,0.0,0.0
AJP3CzYMMBXPknqtAHtoBvkLmze4svbqa7rT6G1nthN9,0.0,1.0,0.0,0.0,0.0,0.0,0.0,0.0,0.0
AJT2Hk7w2GzAfi3cu1kDBRPn13EaW7D5a5NXEWkbte8,0.0,0.0,0.0,1.0,0.0,0.0,0.0,0.0,0.0
AJT3HLt4UYVAa9CVTGMjHEg3mscYZVbrv3scTD6z45a4,0.0,1.0,0.0,0.0,0.0,0.0,0.0,0.0,0.0
AJUrGiwSHFyasL4Bpf7RwseFrwxNcvkoAwL9eubVpL8T,1.0,0.0,0.0,0.0,0.0,0.0,0.0,0.0,0.0
AJbzzMgTWzGU4ikgzx2WGPpF5CRTQWXESA8N9ZVt6PKB,0.0,0.0,0.0,0.0,0.0,0.0,0.0,0.0,1.0
AJjKNTbuU1QaX3EhGZmUAbmByZjRLdLkyZVL9J6fTzDs,0.0,0.0,0.0,0.0,0.0,1.0,0.0,0.0,0.0
AJmu2GEMhptiTpyqmtpkebmi2vMZPVhavrvksyh6FL6q,0.0,0.0,0.0,0.0,0.0,0.0,1.0,0.0,0.0
AJnxgEtDLUFzBcPncBN4KkJKghmTU69CaDsEHJHjs31V,0.0,0.0,0.0,0.0,0.0,0.0,0.0,0.0,1.0
AK8vHa78WTk2rZrdYfixUFRx9J5NxGLoACh7xK3n2D3q,0.0,0.0,1.0,0.0,0.0,0.0,0.0,0.0,0.0
AK8x5VvQkebog4k929Aus8yaQU5iHrt4QN1xb9Ld9CBv,0.0,0.0,0.0,1.0,0.0,0.0,0.0,0.0,0.0
AKHbfVmqUbF6w3kpgxuJjwzJpqDUit8UCTZBfHKAZZK,0.0,0.0,1.0,0.0,0.0,0.0,0.0,0.0,0.0
AKTJvNYSWW4zr6RtG4ppP74jtYcifxgrmpg731rVDPXr,0.0,0.0,0.0,0.0,1.0,0.0,0.0,0.0,0.0
AKkbDzeLhEDUzbJ5KiR4zCcdYGqyTrWzyKNyqWGh94Lx,0.0,1.0,0.0,0.0,0.0,0.0,0.0,0.0,0.0
AKoPZMqF6rZZ14PbsapmbfUMmsQapmtup6vuH1VCKvJf,0.0,0.0,0.0,0.0,0.0,0.0,0.0,1.0,0.0
AKrbjTAWRdMEbujhVpcBHPmFornb263hnMypTpFxzyTZ,0.0,0.0,0.0,0.0,1.0,0.0,0.0,0.0,0.0
ALmfCk6AtsMTpfoCp11mjcGnDyJcVayux5EURRAaTjDd,0.0,0.0,1.0,0.0,0.0,0.0,0.0,1.0,0.0
ALwCx4DfqdF9Qwvb9BU8XqiKsX9d1DDJsE1C8PSfdVRS,0.0,0.0,1.0,0.0,0.0,0.0,0.0,0.0,0.0
AMMnuW9SYbWgZ46fokzneBFEvqmAyiGp84ziAGBF2yGd,0.0,1.0,0.0,0.0,0.0,0.0,0.0,0.0,0.0
AMjHaXVa7tP6fpmPEc45i2JXPLsNQtspx6s2CEbNyDf3,1.0,0.0,0.0,0.0,0.0,0.0,0.0,0.0,0.0
AMtAAffTcH8Sk8EjTeBKbxLqzncVm73e1xSXZm7sCiyv,0.0,0.0,0.0,0.0,1.0,0.0,0.0,0.0,0.0
AN9W7Pw3kSEeoeX3Zb3KyRfYBzg1JaHCjJg9EmJTYUJ3,0.0,0.0,0.0,0.0,0.0,0.0,0.0,1.0,0.0
AP35rzNuxPDwTqVEE8o8WJcQVCuFrRqNVgefp64UY1zB,0.0,0.0,0.0,0.0,0.0,0.0,1.0,0.0,0.0
AP8Zb1VrDHTpHWhWQYG3mNXeS9L4xtyEAkGrFE2EmWeb,0.0,0.0,1.0,0.0,0.0,0.0,0.0,0.0,0.0
APFN6fDAVun6b755K9xijNhjHrLNU6qQUxar4NwC3SzL,0.0,0.0,0.0,0.0,0.0,0.0,1.0,0.0,0.0
APN9ix1ZQAsErREm6e17j99Q8iD5r9ZXg5R9D38avk1v,0.0,0.0,0.0,0.0,1.0,0.0,0.0,0.0,0.0
APbXb4Nd5cvqs8sjwXGt6p2NwoyfSE9YAgeuXhpWmdSS,0.0,0.0,0.0,0.0,0.0,0.0,0.0,1.0,0.0
AQ3TaNkcbQohXegzJbm94YHCfnyMRnfyUJxvUMqcLQjD,0.0,0.0,0.0,0.0,0.0,0.0,0.0,0.0,1.0
AQLQvqS1LhXMEJwX4unxmtWXoPV9YK5ADRUdWkDnnsVQ,0.0,1.0,0.0,0.0,0.0,0.0,0.0,0.0,0.0
AQVoCADzm2aoXW3Qwj4rBsNm9YMHoLFt8SnyitqjcHRP,1.0,0.0,0.0,0.0,0.0,0.0,0.0,0.0,0.0
AQnGSyfQNmiHJybNywDynNswWB1Uh2ej25abFGv1Jj5P,0.0,0.0,0.0,0.0,0.0,0.0,1.0,0.0,0.0
AQqHdgmKTPoTHdTHb1vacsVcgziK7jfGwwHvbriYt2Rm,0.0,0.0,0.0,0.0,0.0,1.0,0.0,0.0,0.0
AQqsuiWu2rUqqLVii8tVR2jrWeoacNSdWe9JxCVpigGk,0.0,0.0,0.0,0.0,1.0,0.0,0.0,0.0,0.0
ARG5tAATAEwHz9jAvG1juJUVy33TNDFdVV8we1nM2E43,0.0,0.0,0.0,0.0,0.0,0.0,0.0,1.0,0.0
ARKJX8DKm1BJ2cfgNRLbC7xAjBPMUk7pw6Msd1ebf57L,0.0,0.0,0.0,0.0,0.0,0.0,0.0,1.0,0.0
ARUfNmBpaNTNXVxKSNu6BwBa2smXMj4nYKXnWtf5zgpE,1.0,0.0,0.0,0.0,0.0,0.0,0.0,0.0,0.0
ARgqr7ZNTtNg7mEA2WHTMWE93iXWzDAEeP3v9eErVsqU,0.0,0.0,1.0,0.0,0.0,0.0,0.0,0.0,0.0
ARxzW9chM1wNFFGMWxvakCP86JB1KUiHm31dCEvJcJyx,0.0,0.0,0.0,0.0,0.0,0.0,0.0,1.0,0.0
ARzBS4zTZP16wxiV1p8aj2w1xaW3Bqb5JjhNjUJMHX1D,1.0,0.0,0.0,0.0,0.0,0.0,0.0,0.0,0.0
ASWWJ7XPtXVfZhNo3kuPQv1DrDYo9EYgoCW9zSiApKfY,0.0,0.0,0.0,0.0,0.0,0.0,0.0,1.0,0.0
ASaZ4HzZDmvxhDHZMAdXPSBZBnR6vsGschube32U3GoX,1.0,0.0,0.0,0.0,0.0,0.0,0.0,0.0,0.0
ASb184KD7BLTAogMrbyN7BF1yWaZ6Bv5ggncErvbyziv,0.0,1.0,0.0,0.0,0.0,0.0,0.0,0.0,0.0
ATC6sUexu9S6Rvgay63Go4sr1FbDb9ZdvgheQ8C5Qa3L,0.0,0.0,0.0,0.0,0.0,0.0,1.0,0.0,0.0
ATHZS3ue43MWQdWiJCxqbgWU36obdgo1fqDdbhCij5up,0.0,0.0,0.0,0.0,0.0,0.0,1.0,0.0,0.0
ATJa3akYeMxAoCfdJoPtFeWoZuHAM3AhtaDHcSXz8rHa,0.0,0.0,1.0,0.0,0.0,0.0,0.0,0.0,0.0
ATYrEThTZ8zVbZCudKdm4vp5rzHzsonTSti7NURrEctM,0.0,0.0,0.0,0.0,1.0,0.0,0.0,0.0,0.0
ATZzm87noDH1zY51V4VQA6qUffG2Xv3HUSQxqLosQXd9,0.0,0.0,0.0,0.0,0.0,0.0,1.0,0.0,0.0
ATaqfkx9paAdmQ4SCr2ypquSLkiP3YD3oBJBkTxwtknR,0.0,0.0,0.0,0.0,1.0,0.0,0.0,0.0,0.0
ATomG2gRJcB2jNvwcjo2zBMoyLsHZzLgwqy651zzYoCq,0.0,0.0,0.0,0.0,0.0,0.0,0.0,0.0,1.0
ATrX25Zrmrt6VuuysWU1XhVNG1YgVwKEkMfxvc47tRSp,0.0,0.0,1.0,0.0,0.0,0.0,0.0,0.0,0.0
AUAXUbsWDhZeV5jiM9FLtC7Nn1PFaNyaYypEvFjESRrv,0.0,1.0,0.0,0.0,0.0,0.0,0.0,0.0,0.0
AUCz3WEH2DGUBS1ZCDX9V3SX5RmTjHFTDzcoMKKzUzZ9,0.0,0.0,0.0,0.0,0.0,0.0,0.0,0.0,1.0
AUExg3bprudLHpAecqcmAyAQMmFKzs3aFxNLEhmnfEbC,1.0,0.0,0.0,0.0,0.0,0.0,0.0,0.0,0.0
AUT3mjFn2hSQuNhG41kGN8vhqfBaA7zWDYfdng5cpkM5,0.0,0.0,0.0,0.0,0.0,0.0,1.0,0.0,0.0
AUaD5bG17KGhshnm8Mk7VjRpAafDccaMxMkemqv8k22i,0.0,1.0,0.0,0.0,0.0,0.0,0.0,0.0,0.0
AUfX1LkpNcPwVe1ZRyWoCWGZNHwRLPDDpP2Vei2gqqcv,0.0,0.0,1.0,0.0,0.0,0.0,0.0,0.0,0.0
AUgHvpNm7DQsJUVriDgeeFNGUHCjo1jT1qJNKfstwJ8m,0.0,1.0,0.0,0.0,0.0,0.0,0.0,0.0,0.0
AVFcpcyGyXSjmo4vbruTJPDXqsp1k9fD35q84p1wqYY,0.0,0.0,0.0,0.0,1.0,0.0,0.0,0.0,0.0
AVWRcfCgHoXAFccwgUR4DdSN2vaifW8qzzdsYzpRG5Nv,0.0,0.0,0.0,1.0,0.0,0.0,0.0,0.0,0.0
AVY378L6bMsMcPGkzV4U8AdEMSmvXa44ou7eEpmuqjqq,0.0,0.0,0.0,0.0,0.0,0.0,1.0,0.0,0.0
AVZyvFd9WFwtdXQyZECnKbSNheHUVwrciZ5W8wMxbQgw,0.0,0.0,0.0,0.0,0.0,0.0,1.0,0.0,0.0
AVsVZXeC1kstfb3E6GHVf93PC7wpZF8dUMZMJYtwf5J4,0.0,0.0,0.0,0.0,1.0,0.0,0.0,0.0,0.0
AW53trBK3S1GKPF7SarchDXfj3nsXZnQVicUmjruK3BU,0.0,0.0,0.0,0.0,0.0,0.0,0.0,1.0,0.0
AW9hxJdWdmLqKNKJrf41rFay7teT9G8ndFABGvMAH3rm,0.0,0.0,0.0,0.0,0.0,0.0,1.0,0.0,0.0
AWKdTobYs5ftT5ytSE9QWvoXK8ATshn7YNNgmJh7tEnB,0.0,0.0,0.0,0.0,0.0,0.0,1.0,0.0,0.0
AWgGhyTyMUW7KkL93S8C5ZsLgasBDZYPXAShmBvQCMJn,1.0,0.0,0.0,0.0,0.0,0.0,0.0,0.0,0.0
AWgyH7JxQvC4tLQhbzdPnLXT5bVokqom3bTVXKsSbdCy,0.0,0.0,0.0,0.0,1.0,0.0,0.0,0.0,0.0
AWuuNtMJLEcS1ATxzFntBLZUQ5MYf6Tqwhk73nLb9qKu,0.0,0.0,0.0,0.0,0.0,0.0,0.0,0.0,1.0
AWzGyHRzcYNYAyzQFAR9CKaGvzZQFjfhFc2eYjAApMAB,1.0,0.0,0.0,0.0,0.0,0.0,0.0,0.0,0.0
AX7c33tK2eV6Fi6r3nkZm412FyQWwp6cGDEwYPQrvG6S,0.0,0.0,1.0,0.0,0.0,0.0,0.0,0.0,0.0
AXF7x3uL7MYfm66uyDmKcuwX63Zq8UpvjFVq6M5fJ32q,0.0,0.0,0.0,0.0,0.0,0.0,0.0,0.0,1.0
AXg3BP4Q4CNwdbn22T8B7ZzvQt8sTLCUvxRHQrg3R9Zy,0.0,0.0,0.0,0.0,0.0,0.0,0.0,0.0,1.0
AXjpDhsqMWbLTRJpVCUaYqMbQvh4q9LvQrCyBvDYTLjW,0.0,0.0,0.0,0.0,1.0,0.0,0.0,0.0,0.0
AXx8jRg9RRs1YqHYihBB5DMase38LAECi3End7oBSb9L,0.0,0.0,1.0,0.0,0.0,0.0,0.0,0.0,0.0
AY7AjjmMcSR6qSwRhAixwaBCnmmgnqhD3GcVd6rZrNbJ,0.0,0.0,0.0,1.0,0.0,0.0,0.0,0.0,0.0
AY8RZPn7KFs1YkTGdsq4PWoREEyufor3Pp34jE1GbCnU,0.0,1.0,0.0,0.0,0.0,0.0,0.0,0.0,0.0
AY9vmQz53cKZR6PsqSKEANvNCEfv3uCsZLA79i6UeFaS,0.0,0.0,1.0,0.0,0.0,0.0,0.0,0.0,0.0
AYArRLmnJN2uyzxc3E7C5ZaXjz7NuKSgzgvum558r7xK,1.0,0.0,0.0,0.0,0.0,0.0,0.0,0.0,0.0
AYcMZgGq6nU2VZEanSogZuBmc9E5KFBGREQKbJKyocCf,0.0,1.0,0.0,0.0,0.0,0.0,0.0,0.0,0.0
AYizkP7q83VHWtzZSE7ejCqZVNFYKa8s7KhbFVgwBfGV,0.0,0.0,0.0,1.0,0.0,0.0,0.0,0.0,0.0
AYuBvd86QAw3xrDrcDhmpryVNLM1PM8KJqpFWGLrDfxV,0.0,0.0,0.0,0.0,0.0,0.0,1.0,0.0,0.0
AYyFDLggJag7zLqf47L6m1uBqpr6V9QvDpx1UC7xrcMy,0.0,0.0,0.0,0.0,0.0,0.0,0.0,0.0,1.0
AZVT2UeoJ5dwasqHXe4zkm3ChyFyfbJZSs9jq1AJK6Uq,0.0,0.0,0.0,0.0,0.0,0.0,1.0,0.0,0.0
AZdp1CDEbRhQYyGSU7UTgj7BKUMcjE6Rxn4KUU39UBoF,0.0,0.0,0.0,0.0,0.0,0.0,1.0,0.0,0.0
AZsnHQSHFtyWFNnaGUcspjKF9HX3yrQTd6UfoB6pXPGt,0.0,0.0,0.0,0.0,0.0,0.0,1.0,0.0,0.0
AZxG9xPx1s6Tnmf2vzidwtE7qoVwrUPd2cMTpsDiP6fT,0.0,0.0,0.0,1.0,0.0,0.0,0.0,0.0,0.0
Aa3A5vHukucBBX3dFgfDhPA9PbaS86Z2LfZvkuD3jCmG,0.0,0.0,0.0,0.0,0.0,0.0,0.0,0.0,1.0
Aa5Jy2cztUWTTcRhwoQ6pRkLMbyEnC8jGzaxATNGtHse,0.0,0.0,0.0,0.0,0.0,0.0,0.0,1.0,0.0
AaFcaERiNt55sw4LBerkx5Ji5wLQkYrQ4KYFFzwjDbim,0.0,0.0,0.0,0.0,0.0,0.0,1.0,0.0,0.0
AaQhTjoakc1a8Nz5KaE46rC5bo4wGMUh5su7iomLik3W,0.0,0.0,0.0,0.0,0.0,0.0,1.0,0.0,0.0
AaaLd34RYuSSWdJziBHqFEzVjmRJ22pa2vHHJU5G8Tki,0.0,0.0,0.0,0.0,0.0,0.0,0.0,0.0,1.0
AarMobC71GTqVcKuF4TqFtCM3xRydjjYJ1rGLtWHJAnz,0.0,0.0,1.0,0.0,0.0,0.0,0.0,0.0,0.0
Ab3FBCeSfArCrg9wPmFRzc8stMZhWNLL6isoXSXXkK1L,0.0,1.0,0.0,0.0,0.0,0.0,0.0,0.0,0.0
AbJGhaMWb1wZiScPukuErEMBcgjDv6NibYCUg3GP9TFD,0.0,1.0,0.0,0.0,0.0,0.0,0.0,0.0,0.0
AbKkgFAnvc6KVT2YMRZy8A2utbDinhnj8jxiBAFbAL4J,0.0,0.0,0.0,0.0,0.0,0.0,1.0,0.0,0.0
AbQjnSNAdaJ1g9qsM2DomxaWFraGp4pH2FF27rns9Zfr,0.0,0.0,0.0,0.0,0.0,0.0,0.0,1.0,0.0
AbYwbBSeeq4pWQxtcEGSVxXyyJEXkgQq9Z8A7spz8AVu,0.0,0.0,1.0,0.0,0.0,0.0,0.0,0.0,0.0
AbkYQwRU8t6bUJbcQNjbuDokXPTjHTp2ptURh1yQpA5v,0.0,0.0,0.0,0.0,0.0,0.0,0.0,1.0,0.0
AbtAEFmBeHhyJDLNprRW7nrnAZ4GpELDoa51cpTUkzkK,0.0,1.0,0.0,0.0,0.0,0.0,0.0,0.0,0.0
Ac3WdKvtLwXBB5Hzenuf7bdh56HFcR2PBiaWvVf2LPny,0.0,0.0,0.0,0.0,0.0,0.0,1.0,0.0,0.0
Ac6Bdweg2vbMwQxScHGLsvYQHo5QbDSXeX8gF7kFVFWP,0.0,0.0,0.0,0.0,0.0,0.0,1.0,0.0,0.0
Ac6yJRquBNxfSvzD2zSr7zB58LENSuFVXP3Hnwp9QKbz,0.0,0.0,0.0,0.0,0.0,0.0,0.0,0.0,1.0
AcBvyRVZJduyASUhhtyFzEuvSxSfAMBeRdW9t3Ajjdug,0.0,0.0,1.0,0.0,0.0,0.0,0.0,1.0,0.0
AcogqMKLWJWDB2PNkQ2BYUxXBhrbfYQTfJ6Ru5BoyHwy,0.0,0.0,0.0,0.0,0.0,0.0,1.0,0.0,0.0
AdNweQN7i12uoaPNNJFdmk8DvQC4joGdkWtfCv1dsJVf,0.0,0.0,0.0,0.0,0.0,0.0,1.0,0.0,0.0
AdT5aaGeiazP91sPw8SLT3rPePJMpQurtWF32hekWwfh,0.0,0.0,1.0,0.0,0.0,0.0,0.0,0.0,0.0
AdruDw3WYPsBTotWnDpyz598PtajXDSbW2417nhtiZ58,0.0,0.0,0.0,0.0,1.0,0.0,0.0,0.0,0.0
Adw45eEEqCiuW7ewfD2CK6jS5Ky5BZSSRRboUQvgkiJa,0.0,0.0,0.0,0.0,0.0,0.0,1.0,0.0,0.0
Ae9izGuyQd2c4wSyxbknjgQBLkW23bdPtkFv5Yzs57ke,0.0,0.0,0.0,0.0,0.0,0.0,1.0,0.0,0.0
AeGj8FMRLCeAr4JkgojptCML4bL56dkmAASFjjLhaj1X,0.0,0.0,0.0,0.0,0.0,0.0,0.0,0.0,1.0
AeKHESDtKxjS6kpWVPbnMAePAvSUiUTmBywumMzKk5QE,0.0,0.0,0.0,0.0,0.0,0.0,0.0,1.0,0.0
AeP9KwZiXynFWmUZjiMMzsEPxAqWg8QEaZzrpmxR9zQt,0.0,0.0,0.0,0.0,0.0,0.0,1.0,0.0,0.0
AeRyNDFKZCra7B68Zpd2eDyVmijyNRq7Hs4gYrW6Qvf3,1.0,0.0,0.0,0.0,0.0,0.0,0.0,0.0,0.0
AeYCy1NHAb4C3ZP7qGvdTgjLP7xSdqr6KrBRWK2SRCY,0.0,0.0,0.0,0.0,0.0,0.0,0.0,1.0,0.0
AefUBZHCtpq1bABjunvrYQqgAq5Th4vk8f9tG1xnCvgq,0.0,0.0,0.0,0.0,1.0,0.0,0.0,0.0,0.0
AevEfy4wB4Mq3JeM9feCmTScGhzUmNeHYgXNzyBouoJA,0.0,0.0,0.0,0.0,0.0,0.0,1.0,0.0,0.0
AevGSGArjDsMRgUTwXfLhoybNxnPmDvuycwizpHZ3snk,0.0,0.0,0.0,0.0,0.0,0.0,1.0,0.0,0.0
AeyPJNmLnZH99tjNPczLHPgAiZ5w8NwRa5twuaAaweRD,0.0,0.0,0.0,0.0,0.0,0.0,1.0,0.0,0.0
AfJGzuYGVykfiBGNQ62j1PYWBGtNerBTxaxSa5qVSXbS,0.0,0.0,0.0,0.0,1.0,0.0,0.0,0.0,0.0
AfN3a9D3Pb6WHwcNt5Dhw4G3YnmWBwJwG3WXzUXfcuk3,0.0,0.0,0.0,0.0,0.0,0.0,1.0,0.0,0.0
AfRw3pNhtEF42BBaSKbQoWEGvsthhtTmKghFcuQuxsRF,0.0,1.0,0.0,0.0,0.0,0.0,0.0,0.0,0.0
AfbGP1dhy5qwFRgGQwAe9UXCfLVMedE9QCcnY1TEbNSr,0.0,0.0,0.0,0.0,1.0,0.0,0.0,0.0,0.0
Afeyve4qJ215rXQR16kRzuXiqUaffwfMp6kd9Q8mnjqB,0.0,0.0,0.0,0.0,1.0,0.0,0.0,0.0,0.0
Afhcvzfh9CqEUzeYAQJ1PtbSie5CbM3Y1gYMJqErC4oJ,0.0,0.0,0.0,0.0,0.0,0.0,1.0,0.0,0.0
Afp3pXoFQh3BoBxeuY4tBSkNnRsJyNCV8BUF4MtLhvxq,0.0,0.0,0.0,0.0,0.0,0.0,1.0,0.0,0.0
AgEEVwzesrY2mtLSFRmiDjoCAchfTdNMwt4P6j5ePqee,0.0,0.0,0.0,0.0,0.0,0.0,1.0,0.0,0.0
AgZh8qqRMU92rerjup55tnKStM53aM59onavpgM7YwpA,0.0,0.0,0.0,0.0,0.0,0.0,0.0,1.0,0.0
AgdsbHCqgbbLoqJDg8ib1HwUYK2YQJxhzcStXN3hNBTG,0.0,0.0,0.0,0.0,0.0,0.0,0.0,1.0,0.0
Ah9eWEu2U2JVPjJZEUGU5ZZBwzSyrj33j7JASVRiWeZM,0.0,0.0,0.0,0.0,1.0,0.0,0.0,0.0,0.0
AhNRLHRrhBjq3KKxZhVZcWX3qgRi4DD4CGRxtY2EGBmP,0.0,0.0,0.0,0.0,0.0,0.0,0.0,1.0,0.0
AhU5ntS6hjXfozXYrYwbsiCTWXHYYgRSeVVQxstFxHfm,0.0,0.0,0.0,1.0,0.0,0.0,0.0,0.0,0.0
AhZpiybxJUn8t11DahLypbkJhgZNk9s1qzLGdVMiZwvh,0.0,0.0,0.0,1.0,0.0,0.0,0.0,0.0,0.0
Aha6B7Fdz5YWaj6sFqYvXexxf1bPHKKxqAHHacMwzcR4,0.0,0.0,0.0,0.0,0.0,0.0,0.0,1.0,0.0
AhqZje2emqSq56G9jmeEZswNjMwNmyY3b2JZincH2qWn,0.0,0.0,0.0,0.0,0.0,0.0,0.0,0.0,1.0
Ai4f2e5ntYA4MYjBqbfgtMNj71BooQSxCWu5Buj5kVc8,0.0,0.0,0.0,1.0,0.0,0.0,0.0,0.0,0.0
AiE29K5DAHoE7DPUQfrUhggru1aDuAvkXt1bkW1CpyvA,0.0,0.0,0.0,0.0,0.0,0.0,0.0,1.0,0.0
AiEujPB2GrrYYJWxxWbfuLtA5bYo6nXDemWkQUHoPb9u,0.0,0.0,0.0,0.0,0.0,0.0,0.0,1.0,0.0
AiHk8pzJ69gaPboTWBptGra5NHYWFZ5Ew8GqH7A3iPJ2,0.0,0.0,0.0,0.0,0.0,0.0,0.0,1.0,0.0
AiJCghnkNFD4DepgfssmoeU9HSsHdwLWxN78u69PiMdG,0.0,1.0,0.0,0.0,0.0,0.0,0.0,0.0,0.0
AiKfB4SoyrwDxUEW3GVoLiD5vy6UydnKAtuLRBzA3gfy,0.0,0.0,0.0,0.0,0.0,0.0,0.0,1.0,0.0
AiM5VdtpB1XwEmxmtt3udqjEb5XmX6g3sSc2Go5Na6xA,0.0,0.0,1.0,0.0,0.0,0.0,0.0,0.0,0.0
AiW14Zc1YSCStxnxE1Cc7j2nxNY8GYHDCrJ1CGV5nG5X,0.0,0.0,0.0,0.0,1.0,0.0,0.0,0.0,0.0
AifUHooNzUWgUcASJGWRATivrvqmVo9DLUouWDMv1XVz,0.0,0.0,0.0,0.0,0.0,0.0,0.0,1.0,0.0
Aiz8G8MVyqF7pWWvncBHrYJEc1AQdkpJL78aFt8LMgyw,0.0,0.0,0.0,0.0,1.0,0.0,0.0,0.0,0.0
AjBkPbrQxJ4yiiT63QUf8EnC1i3trMDk1j5aCP33txCr,0.0,0.0,0.0,0.0,0.0,0.0,0.0,0.0,1.0
AjN3xUw1oRfKfRtFMuqyGRsUgiKgGmUFtLriy74uBeC8,0.0,0.0,1.0,0.0,0.0,0.0,0.0,0.0,0.0
Ajz1D2VKwFjtWwiZzf6zK4Rx7xT1nLt4Ron5f3jYdxiF,0.0,0.0,0.0,0.0,0.0,0.0,1.0,0.0,0.0
Ak41MT8N3EBcZJsvSKg3piYQxnDrzCmoZzXk1LCabpWE,0.0,0.0,1.0,0.0,0.0,0.0,0.0,0.0,0.0
Ak8PDooPSozQskjR9pAMhNQtM74LDS1HvNTRnBCgbzMZ,0.0,0.0,0.0,0.0,1.0,0.0,0.0,0.0,0.0
AkBu5LFUdLpUFyzoRdbqwCBf9HCfFAhJfXGzkCVn4Zyp,0.0,0.0,0.0,0.0,0.0,0.0,0.0,1.0,0.0
AkPcXzhYCDPRLm28bZ6LovJpXV6pMjp9UD9Gc9PkhFEj,0.0,0.0,0.0,0.0,0.0,0.0,1.0,0.0,0.0
AkRQEigZtuDMqvHJ3hjJy9caojuXEYAJmNayLx24oXwz,0.0,0.0,0.0,0.0,0.0,0.0,0.0,0.0,1.0
AkcLCvtu7maRffuwARYxG6SHhPp3mFJJG75DYvgUGWVo,0.0,0.0,0.0,0.0,1.0,0.0,0.0,0.0,0.0
AkfuuCi1j5jbT6k4gmLpmGRo2PvRwWVeRDS1B6wy2o6M,0.0,0.0,0.0,0.0,0.0,0.0,0.0,1.0,0.0
AkgZyDLurXxbACuP4iduVrWscw9ekjiDW6MeHdWBn44W,0.0,0.0,0.0,0.0,1.0,0.0,0.0,0.0,0.0
AkhE5J6swqErLSJ86uYWCPB889GQDZW9eWvgrY3nTpNV,0.0,0.0,0.0,0.0,0.0,0.0,0.0,1.0,0.0
AkrGoX8a7mXBLysgwMqn6xXN5e7KNt5HfDXCndBLd4Zr,0.0,0.0,0.0,0.0,1.0,0.0,0.0,0.0,0.0
Am2SptNqhBRwfB3cWHiVzynETNpV8AFYLgnvsm3bMSC9,0.0,0.0,0.0,0.0,0.0,0.0,0.0,1.0,0.0
Am2tos4iZSUaR4KLxkS55GP1LYbp4bwZxQ122E5Lic91,0.0,0.0,0.0,0.0,0.0,0.0,0.0,1.0,0.0
AmEbL82LhQa36NYDEMd3ooD5TjeLPytPuWHyNTXXvCWh,0.0,0.0,0.0,0.0,0.0,1.0,0.0,0.0,0.0
AmFLqSCJG2tSPG2AbN1aR9GXD3KorsrHCV6U2ePiRwZD,0.0,0.0,0.0,0.0,0.0,0.0,0.0,0.0,1.0
AmN3GkYHXXbD96S2Cr8Eam1GYFmFRqXFvfW33iad72vY,0.0,0.0,1.0,0.0,0.0,0.0,0.0,0.0,0.0
AmbEZsmABjqupcEhXNimMZ3vT9y8Tidcc6rRhNiXwxQt,0.0,0.0,0.0,0.0,0.0,0.0,1.0,0.0,0.0
AmnfSkUt3BQurASge2AvMBxfzgStHozWmDEFktny9XKu,0.0,1.0,0.0,0.0,0.0,0.0,0.0,0.0,0.0
Amu3MKLEdpFRQcyF3UGZjniYg25BKtkqszBt9spFeXUs,0.0,0.0,1.0,0.0,0.0,0.0,0.0,0.0,0.0
AmvHoaYKMaUURGwYXzdonwqz9WWqvPPC1pNTPNzKX7Jd,0.0,1.0,0.0,0.0,0.0,0.0,0.0,0.0,0.0
AnADQx7tA6q9F5G8CgKuvNRfnDfSp1kPPWsr676myTvW,0.0,0.0,0.0,0.0,0.0,0.0,1.0,0.0,0.0
AnMHmmgCoYuMWB2opTSEYEhNigFNrZdgZCTf9dYRJ1aj,0.0,0.0,0.0,0.0,1.0,0.0,0.0,0.0,0.0
AnatFWMZdrjHwAmMb7mLTcPY4kPcPjMPFm7gU9mNYToP,0.0,0.0,0.0,0.0,0.0,0.0,0.0,0.0,1.0
AnbpfooMUitcjqJe2FRkwRCR3RgxUCVE1bGhRs9EFDiL,0.0,0.0,0.0,0.0,0.0,0.0,1.0,0.0,0.0
Ao5zXFfWzVqj6SVUppB8RSSZcmv1JMqjaAPvM2J1dXVm,0.0,0.0,0.0,0.0,0.0,0.0,0.0,1.0,0.0
AoB6h5cuLvimmjPMkXoYQNrDWwv5qgBfvdXxbgiXT1tu,1.0,0.0,0.0,0.0,0.0,0.0,0.0,0.0,0.0
Aod4knQEUTezY2fGtTMF9gWrXcepvURdVAo9rXjmzkzX,0.0,1.0,0.0,0.0,0.0,0.0,0.0,0.0,0.0
AodEpi8at8J5Eo7NYyTLKYAEB2C3wgrEC7vTJoWkVVYX,0.0,0.0,0.0,0.0,0.0,0.0,1.0,0.0,0.0
AofyeiAwsL16icNjr8BFBRMm3pWousSUJGdoW4KNteqM,0.0,1.0,0.0,0.0,0.0,0.0,0.0,0.0,0.0
AopUnE8xzyQYSnAxAevKHRFhxWoYVnwcMTGsukUnM3iJ,0.0,0.0,0.0,0.0,1.0,0.0,0.0,0.0,0.0
AowhKcB1THvDnrAn1wz62eARRrBn4FH9DnjhQwKQhYU5,0.0,0.0,0.0,0.0,0.0,0.0,1.0,0.0,0.0
AowrJaw84rGhmFFYRTqs3diCHwg8Q5zjMVWmWSfNkQJU,0.0,0.0,0.0,0.0,0.0,1.0,0.0,0.0,0.0
Ap96M5kzP31NBi9znQqsqUbD35NDSddfBqqfuxoncWDq,0.0,1.0,0.0,0.0,0.0,0.0,0.0,0.0,0.0
ApMLdyy2xEpPz4UrTs2oqDEDSXYF29FwbWTErsL2zj2q,0.0,0.0,0.0,0.0,0.0,0.0,0.0,1.0,0.0
Apge6y3oWvFB7gPCWkxqtga4twnxgd1PZYvzNzkypSNd,0.0,0.0,0.0,0.0,0.0,0.0,1.0,0.0,0.0
ApgkoTNpy9cpWWz8o11oXqY5YHieLvd8jR2evZrBdq37,1.0,0.0,0.0,0.0,0.0,0.0,0.0,0.0,0.0
ApkpG73kt3VXf5sNQVX2Qv7kB4J3HPHtb3GMgT5gmgzg,0.0,0.0,0.0,0.0,1.0,0.0,0.0,0.0,0.0
ApxQo9uuYuv4ad5DVAesf3mX8xQsag5ntqbBu7rk5MJK,0.0,1.0,0.0,0.0,0.0,0.0,0.0,0.0,0.0
Aq6tJSgpMefGqyaBfSdhp5QbgwAy9zWzB1nXo2ZwdWtq,0.0,0.0,0.0,0.0,1.0,0.0,0.0,0.0,0.0
Aq91bzQrmtjGHArp7eyVqaE97SWHsDFerV5gWsCCqZU1,0.0,0.0,0.0,0.0,0.0,0.0,0.0,0.0,1.0
AqA3cFDeFVQQ8ZR75BqVkKNqL6PbufK1JkBJ476gPrAE,0.0,0.0,0.0,0.0,0.0,0.0,0.0,1.0,0.0
AqBhrdqLapg2c1MTL8fNZbrEUXg3xevikeDxiiokWpri,0.0,0.0,0.0,1.0,0.0,0.0,0.0,0.0,0.0
AqDioMTiyTzG7GT3x7gDZgfrs3o9eE4noV8y7VFgNic7,0.0,0.0,0.0,0.0,0.0,0.0,1.0,0.0,0.0
AqLVvEFT2tAsMvsSW6eXXdCJjwdiHz1248r1dyPYGE65,0.0,0.0,0.0,0.0,0.0,0.0,1.0,0.0,0.0
AqMoKz922NEWTfqHankMJBYK6iKqe6CqLasVf85hfRsW,1.0,0.0,0.0,0.0,1.0,0.0,0.0,0.0,0.0
AqSN3Myfr4dHyR19G5Q2GARq4hzjE7RGf9kZFbq1zoGn,0.0,0.0,0.0,0.0,1.0,0.0,0.0,0.0,0.0
AqYCkrLuuVqRjehq58KjZkPgBnxnDmreZo3Dh6w2xmM4,0.0,0.0,0.0,0.0,0.0,0.0,1.0,0.0,0.0
Ar1NXxNRy9Hs5SdewBqrqq6yhyayGGSPqKcu3fVvw2Ag,0.0,0.0,1.0,0.0,0.0,0.0,0.0,0.0,0.0
Ar5oiFGCetMziQzT74kSixZv5iYCd3PSNdWVjYM3g7a7,0.0,0.0,0.0,0.0,0.0,0.0,0.0,1.0,0.0
ArKsgppLLgv7vvMJwiTTmRdvZmBcssJSXovXbXZEV5Ff,0.0,0.0,0.0,0.0,1.0,0.0,0.0,0.0,0.0
AriHtCCMHSHwtGhEho9Q1yHBEQQ8E3vMTTvxG3LK9Vwr,0.0,0.0,0.0,0.0,0.0,0.0,1.0,0.0,0.0
AriPi9VqxCoynh9jqgJmxjM8SxCLeWaRLGT5U2hkFT2r,0.0,0.0,1.0,0.0,0.0,0.0,0.0,0.0,0.0
ArkNE7AbHR7EpP14ndC6Gg5GJUKQaHFUirDBTZrbCwJs,1.0,0.0,0.0,0.0,0.0,0.0,0.0,0.0,0.0
ArqzdSawkYQQNXUsef2Ndj6fcnNktgyzPuT1ouNZwj4E,0.0,0.0,0.0,0.0,0.0,0.0,1.0,0.0,0.0
Arsj3Fpd2xcr5faf97ezAcb5Ugm1i3Mxdk2PWTWrsmFo,0.0,0.0,1.0,0.0,0.0,0.0,0.0,0.0,0.0
As4gs6iz2LVryZM2gpxh9z3ARTwbgPCxuUysnRYU3RKp,0.0,0.0,0.0,0.0,0.0,0.0,0.0,1.0,0.0
As5rjZNCoyAtUhzTU8w74zGf4VEuTbNimCJUqsVicyGw,1.0,0.0,0.0,0.0,0.0,0.0,0.0,0.0,0.0
AsGWKJbiJ4nqFSfTtHhN9QMjXVtPYfLYEoCCCCZ3Mqk5,0.0,1.0,0.0,0.0,0.0,0.0,0.0,0.0,0.0
AsKBqjr8v5od7oLwNqgRFHKRkvv5asJFcxG4XWcsPSt,0.0,0.0,1.0,0.0,0.0,0.0,0.0,0.0,0.0
AsWNReTYVNyXfx4FYw26RkoEsTEhho5wN49AkhSKENLj,0.0,0.0,0.0,0.0,0.0,0.0,1.0,0.0,0.0
AsZgZ2TXTdyUVYyFWLVZWiffgbRjhRxCmMUxWaaRpr4N,0.0,0.0,0.0,0.0,0.0,1.0,0.0,0.0,0.0
Aso327ocDDDewqrxoYm8F1djUVdRu4u85j4eTp6yGDyW,0.0,0.0,0.0,0.0,1.0,0.0,0.0,0.0,0.0
Aso6eTKqnXErxzPsDTXec2UhWyHTbrij3DgWvSDuGCdi,0.0,1.0,0.0,0.0,0.0,0.0,0.0,0.0,0.0
Asqu2363yHa74ZafU3BXpV8eBwWGS4jV1voddJ9JusAw,0.0,0.0,0.0,0.0,0.0,0.0,0.0,1.0,0.0
At6d4LqpAvbqrUE343rJFsadyXFKh12ByfvbP5uQPBLx,0.0,0.0,0.0,0.0,0.0,0.0,0.0,1.0,0.0
At9Vi6pHBWmpC1CoLXg7C4DsFDXsi9T8fFszjCYw3NJu,1.0,0.0,0.0,0.0,0.0,0.0,0.0,0.0,0.0
AtDFc3vc59yfYRRpf421Lk9YEaGPVnFcQhDfLm4npC7y,0.0,0.0,0.0,0.0,0.0,0.0,0.0,0.0,1.0
AtGs2XiRH9whRC4msGk73mAo9pCZBmaQBZfSx8xj7BU4,0.0,0.0,1.0,0.0,0.0,0.0,0.0,0.0,0.0
AtVUFXBrHMhdEkbpnMiFZ2aovhsSTtCiB9GGCUHKLcrG,0.0,1.0,0.0,0.0,0.0,0.0,0.0,0.0,0.0
AtfFrg6QopYk6xfxGj2YwKEo81BhmvWFwBAveTMC6uaP,0.0,0.0,1.0,0.0,0.0,0.0,0.0,0.0,0.0
AthuGMLKuf3efPZxKwiPReUqZbqJykTM7NvjhBgN5QCp,0.0,0.0,0.0,0.0,0.0,0.0,1.0,0.0,0.0
Atva3c9wov1cAiRdeTcDNMdQ8x3LZeihCWZG2oeWLwzj,0.0,0.0,0.0,1.0,0.0,0.0,0.0,0.0,0.0
AtyvTHSXXx6HgRvkpczdHWybinFQe34QfQG3TgxEhms8,0.0,0.0,0.0,0.0,0.0,0.0,1.0,0.0,0.0
Au24UbTobS8Lb1kFcHmD1BiSz1c54K3XCdeBByJLQsNM,0.0,1.0,0.0,0.0,0.0,0.0,0.0,0.0,0.0
Au59EfQbiG6riF7zYFU3widayKfqYGyt5CRgfzmEdxMY,0.0,0.0,0.0,0.0,0.0,0.0,0.0,1.0,0.0
AuRNTGEsoC4GnWUMJkJx5HKU3669WdmgmQxbbyoEJesM,0.0,0.0,0.0,0.0,0.0,0.0,0.0,1.0,0.0
AuXakTz5LmcvkQepwCeGchdrRSAt2ws5z4VAGMf11bKD,0.0,1.0,0.0,0.0,0.0,0.0,0.0,0.0,0.0
AupUbYJ5dByn17BZV9aYqVDYUSwDFgQgBsjLCRrw46Xy,0.0,1.0,0.0,0.0,0.0,0.0,0.0,0.0,0.0
Av7sPWZMrDr2a9rt1hPc1EosBtL6RFDxkxRmynvR27e2,0.0,1.0,0.0,0.0,0.0,0.0,0.0,0.0,0.0
Av97vdrq44LG2ccsnJhikv872A5hAb536HmMoTZ7gEHp,0.0,0.0,0.0,1.0,0.0,0.0,0.0,0.0,0.0
AvKfSx3to2HJoNXTEXB1mFqoSyvqXVwvQiMbGPUufWy9,0.0,0.0,0.0,0.0,0.0,0.0,1.0,0.0,0.0
AvPnomeSijTZZsm7QoxkH7NxXo2jAKfjuuHFPW1NB8MA,0.0,0.0,0.0,0.0,0.0,0.0,1.0,0.0,0.0
AvUUQnaTWUBs7Yqho1tGbdWsH3W1MsC4MCyqRDtXhxd5,0.0,0.0,0.0,0.0,0.0,0.0,0.0,1.0,0.0
AvmwPpi9jgaijKExb7J6UYCpcQabwSQhgXEGGJnZBWSx,0.0,0.0,0.0,1.0,0.0,0.0,0.0,0.0,0.0
AvqKWihsvNy1em9GK3YYsNkkMgBmt1kTqxGUvfK9JMAH,0.0,0.0,0.0,0.0,0.0,0.0,0.0,1.0,0.0
AvvYbukTSniAShYMhr4MgcwYXH2ritreN7ZsVHhcF928,0.0,0.0,0.0,0.0,0.0,0.0,0.0,1.0,0.0
Aw8QnqZchzQfo1GoPZ1FpEEcfE1KMXLxr5ou8NCCBcia,0.0,0.0,0.0,0.0,0.0,0.0,1.0,0.0,0.0
AwBjVrQdjPyKmoguhXmsvzSArKihSwbW7KqH25TGpkVE,0.0,1.0,0.0,0.0,0.0,0.0,0.0,0.0,0.0
AwLA3h6BUhsQR2KhDYboGNUNBoHXtkydTNS8hhgCSRK1,0.0,0.0,0.0,0.0,0.0,0.0,1.0,0.0,0.0
AwZyeTgmDqgPQGiNTr2mWgYtWdEo35KCvioKUx4P3sP6,0.0,0.0,0.0,0.0,0.0,0.0,0.0,0.0,1.0
Awo85uZPfpkacCaozFB1RAumCGBAXSeygRLtyk5hfZ7q,0.0,0.0,0.0,0.0,0.0,0.0,1.0,0.0,0.0
AwtkSXfn3uws6pbB4q6EYtRy3Uq7ceACnmrFvE33S6ic,0.0,0.0,0.0,0.0,0.0,0.0,0.0,0.0,1.0
AxBuoiMzPy7Hqp7nJ2kmJWAhYVKkhJx8PjsRRJCZ7wAs,1.0,0.0,0.0,0.0,0.0,0.0,0.0,0.0,0.0
AxSvGbhmAjx81LRDk7oJEmUiGFaTscFbyJYPmSxCqTJi,0.0,0.0,1.0,0.0,0.0,0.0,0.0,0.0,0.0
AxWXbAps588PgHxW1TXTnN1TPhr4Qs3doJBvdNaH25CX,0.0,0.0,0.0,0.0,0.0,0.0,1.0,0.0,0.0
AxYEtQDLFURRx4XDyhXesf4UTjnVo5y5NP7oXL1fQuVS,0.0,0.0,0.0,0.0,0.0,0.0,0.0,0.0,1.0
Axi9Q61j27PB4ZJrtMrxfSPAowiHhCRHX6YKqrEyA3Qj,0.0,0.0,1.0,0.0,0.0,0.0,0.0,0.0,0.0
AxjWtFBKMyVzRpgo581CQBiYeRdxBqqqSRphMGDGHk3E,0.0,0.0,0.0,0.0,0.0,0.0,0.0,1.0,0.0
AxmGgxMaQSTjFJ4SrpR4T31VN9aCAqFTH8NxMZMmJNTD,0.0,1.0,0.0,0.0,0.0,0.0,0.0,0.0,0.0
AxrWJUnowmyr3G1e1Hmw87husYLH2DUrbvt7uh6tA5yy,0.0,0.0,0.0,1.0,0.0,0.0,0.0,0.0,0.0
Ay4a6WMJjtfpU9Q5SuNPv6N1LbTig1ovprJ2DYfYk5po,1.0,0.0,0.0,0.0,0.0,0.0,0.0,0.0,0.0
Ay9eRCP4y7BXoUq4oyxxmXpotSW1CWutizqmb4pCwNLL,0.0,0.0,1.0,0.0,0.0,0.0,0.0,0.0,0.0
AyE1dtZRNXvURHsntMmXHtJdGdH34uK5vdbLV1qXd6To,1.0,1.0,0.0,0.0,1.0,0.0,0.0,0.0,0.0
AyJ6GrKSnmCAGMU9E4h2u1EBV4KxYDQgxZAn2vAo8qNj,0.0,0.0,0.0,0.0,0.0,0.0,0.0,1.0,0.0
AyZAn58i4QpfT8VM8rr2fYoy1XiVE7DtMNGREWvzjb5G,0.0,0.0,0.0,0.0,1.0,0.0,0.0,0.0,0.0
AysQ3xmRnnXUsh32cAtbDfz8zASAqmKLESuammwcS717,0.0,1.0,0.0,0.0,0.0,0.0,0.0,0.0,0.0
AzcEpqLFK6CVYaXJcrtWjKV9CnxdPRRnvY9Pr4acLYKs,1.0,0.0,0.0,0.0,0.0,0.0,0.0,0.0,0.0
AzgHqyGadwvb5VKiB1NGNQCLYNocTFjG8CVD1fpvg6Ap,0.0,0.0,0.0,0.0,0.0,0.0,1.0,0.0,0.0
AzmPDaXVqV7GGMSScgHA9gSSkziRsjHiK9WtN1tNrpBT,0.0,1.0,0.0,0.0,0.0,0.0,0.0,0.0,0.0
AzyVGDcCRy1mufgWPV8Jzb3Tsmv7x4tJans91dhiy1jC,0.0,0.0,0.0,0.0,0.0,0.0,0.0,1.0,0.0
B12PyfCXumUxt1265eUCuoaEt2M5CLeLRGeandgBRbHF,0.0,0.0,0.0,0.0,0.0,0.0,1.0,0.0,0.0
B12bUExGpC5xbLU8uHRzqxH3ciZVAuVZEkyaiFvWpx1Z,0.0,1.0,0.0,0.0,0.0,0.0,0.0,0.0,0.0
B17K9En4vVhRbFh5YLXQrX8BALyjePQyEeURKLKpk9nQ,0.0,0.0,0.0,0.0,0.0,0.0,1.0,0.0,0.0
B19qdEHeYmjtbiCzeXbkwAGF9KCwRK85biAHKU9Hx8Sv,0.0,0.0,0.0,0.0,0.0,0.0,1.0,0.0,0.0
B1C3ursNMV83WsybndnhUCniap3ExUfVe6mjdGwSWCxx,0.0,0.0,0.0,0.0,0.0,0.0,0.0,1.0,0.0
B1cctypLueCeotqKSLp98Gz3TL13iZN9w9vDzCQ8S4Gh,0.0,1.0,0.0,0.0,0.0,0.0,0.0,0.0,0.0
B1iWjGQYwpRJarjBmm47pU38VPiF6gyDgqF3E5weaLdE,1.0,0.0,0.0,0.0,0.0,0.0,0.0,0.0,0.0
B21FJ7XeBeumscGsJXjvvX3hfwQh6kcYaYgvD122dzzv,0.0,0.0,0.0,0.0,0.0,0.0,1.0,0.0,0.0
B25nmHXFkWs3TEggYQ8QwJWFzkkwZMoow8SezhDUqExs,0.0,0.0,0.0,0.0,1.0,0.0,0.0,0.0,0.0
B2BaDjnhL5BDXTgdoGtA9NiPeURgta4ydiQ7uowptG3d,0.0,1.0,0.0,0.0,0.0,0.0,0.0,0.0,0.0
B2JFxQGqjeQNxq9Rht3rCF1FvFdwRPTUvoWcWnwPgkfP,0.0,0.0,1.0,0.0,0.0,0.0,0.0,0.0,0.0
B2UGaJMUbur5b4rMYrB7oyJ8agdBHjsYzCP2PwsFToCw,0.0,0.0,0.0,0.0,1.0,0.0,0.0,0.0,0.0
B2a1LLqQSRGqhpKuLrTX4cq3UQHQXHFeNxJSgKSZG2wK,0.0,0.0,0.0,1.0,0.0,0.0,0.0,0.0,0.0
B2dj7zjCcPGpnWtDSyRDfgDQSb8HTvgGTTrcMN5JT3kU,0.0,0.0,0.0,0.0,0.0,0.0,0.0,1.0,0.0
B2pRegwQG47bbAmLZsqZxarFvXtPu8bt2ZGyESNjfeEL,0.0,0.0,0.0,0.0,0.0,0.0,1.0,0.0,0.0
B2u5YDSACQLKRUh67qRec8UCf9fVMm8U8aEqytQgNAV9,0.0,0.0,0.0,0.0,0.0,0.0,0.0,1.0,0.0
B3BhJ1nvPvEhx3hq3nfK8hx4WYcKZdbhavSobZEA44ai,0.0,0.0,0.0,0.0,0.0,0.0,1.0,0.0,0.0
B3C49VTGHJkZ1B3kAstgoYj8fCJCfHPpwJ6V2oNFkW9F,0.0,0.0,0.0,0.0,1.0,0.0,0.0,0.0,0.0
B3Ff3ssqcYSqEGxC6V5jksaMx3oCC8CLnTDkZfpnYC9Y,0.0,0.0,0.0,0.0,1.0,0.0,0.0,0.0,0.0
B3NbbRUysdw2q9Ant9Vd93QJ3LdzpkKD1MHo4vjroxiE,0.0,0.0,0.0,0.0,0.0,0.0,0.0,0.0,1.0
B3Qt17d8i3vXLVpK4FCb7nbDmJdo98YmrS6mWvYoa8JW,0.0,0.0,0.0,0.0,0.0,0.0,0.0,1.0,0.0
B3UkpGLpqw7qEQo4zLuirX9DGszEFXRkBafeEc5rH282,0.0,1.0,0.0,0.0,0.0,0.0,0.0,0.0,0.0
B3avppZ4euk1qrBgp4WohPrnNZzTnGiRB9jmHuVZZo4T,0.0,0.0,0.0,0.0,0.0,1.0,0.0,0.0,0.0
B3cZdU8LKuqeLwqhCddVzEuG1Byz1BdJ9No3veS9ctQC,0.0,0.0,0.0,0.0,0.0,0.0,1.0,0.0,0.0
B3je9UX7mZrcDyYDqXKr9TqSFbnau5Mb21ZRPerCFV61,0.0,0.0,0.0,1.0,0.0,0.0,0.0,0.0,0.0
B3kWsS8HksM67h8cKNwpMSnYbELLw3hqU99313dSvXEV,0.0,0.0,0.0,1.0,0.0,0.0,0.0,0.0,0.0
B3pKWBvY9dZrjTQv43PnfYHjtGoD7MoQ4MDLHg6zBUA1,0.0,0.0,0.0,0.0,0.0,0.0,1.0,0.0,0.0
B3rfXogEbEmqWtx8ZaFjuifoLCbU947ipvPkFCV668UU,0.0,0.0,0.0,0.0,1.0,0.0,0.0,0.0,0.0
B49y6ME4cF4ckuZimHgoSLSb4TgH5fnz55wq9zeg3AKV,0.0,0.0,0.0,0.0,0.0,0.0,1.0,0.0,0.0
B4BLJHVhxZnjHauoL7xLT5skh9WvkV98GTHfCrByQ3j4,0.0,0.0,0.0,0.0,1.0,0.0,0.0,0.0,0.0
B4fdRCRH5Re7sJMXGN8BLb9rjfaJLFurp3fccsWJwGq8,0.0,0.0,0.0,0.0,0.0,0.0,0.0,1.0,0.0
B4gMzvy1LWjmV6fsVbExRqPfdGE9mUinMcqBNPgyt8Qj,0.0,0.0,0.0,0.0,1.0,0.0,0.0,0.0,0.0
B4oGZzjKVW41x1jrDi7NNBheGM8vhin6P3YKGuew1G9t,0.0,0.0,1.0,0.0,0.0,0.0,0.0,0.0,0.0
B4uES3L2akKG6REKi3FjEsQkibkn6xSV6qVu1x7rLBb3,0.0,1.0,0.0,0.0,0.0,0.0,0.0,0.0,0.0
B5CkQAXCFLt19eAg4MYX79CVUhZi3Rr97zLbBnXNTwPE,0.0,0.0,1.0,0.0,0.0,0.0,0.0,0.0,0.0
B5Us6QWjTNBjWZNGkShvhYoj1QWBLzp2z4Z97msjbegb,0.0,0.0,0.0,1.0,0.0,0.0,0.0,0.0,0.0
B5a1axmyzaKFLNaDsA3cfCEyqJPh2T46Dm7exHbuYgBn,1.0,0.0,0.0,0.0,0.0,0.0,0.0,0.0,0.0
B5h8iMshrhVZWELrTeJK7BjHGm83ZKK1Ru4VuencBF4m,0.0,0.0,1.0,0.0,0.0,0.0,0.0,0.0,0.0
B5phQaCbjBJcwbfDzYbEE4kL9WvMEnSQG7EM4x5eD1ko,0.0,0.0,1.0,0.0,0.0,0.0,0.0,0.0,0.0
B5sTYcSQGVaRqTaTafWmv9fSBxWRvXMduizy4MjynLiJ,0.0,0.0,0.0,0.0,0.0,0.0,1.0,0.0,0.0
B6PFKGVsHQu6pgAPNvsrDC7K4EQSJi4tcihgg5jr7jpT,0.0,0.0,0.0,0.0,1.0,0.0,0.0,0.0,0.0
B6SiKtghDKqv37W3DZVbxsVDHdbRGZCCJPnCxvENcXx9,0.0,0.0,0.0,1.0,0.0,0.0,0.0,0.0,0.0
B6Yyr4uPx1vTFWecoj73qw6VEZV9XFydhbpx8pYWw1n3,0.0,0.0,0.0,0.0,1.0,0.0,0.0,0.0,0.0
B6eJo2fuWC5sRx4bdLcZQb22ebuLntVMJQPaLnVRicBB,0.0,0.0,0.0,0.0,0.0,0.0,0.0,0.0,1.0
B6hL2a57o1UmZ6JxVh1Faf4zcWpSceigPdCDMEe8xMxD,0.0,1.0,0.0,0.0,0.0,0.0,0.0,0.0,0.0
B75V38NzdkC6wQ2786rajKWvvgeAP4BHxXm123Fr4sWB,0.0,0.0,0.0,0.0,0.0,0.0,0.0,0.0,1.0
B7CTXeWm8KwrWYPGEMbuCN4xJUot5KShi2N5xybHdBdC,0.0,0.0,0.0,1.0,0.0,0.0,0.0,0.0,0.0
B7Coejt78CjL7hLShWGBSFF7m4fW5RTqvbwXwBkxwmxe,0.0,0.0,1.0,0.0,0.0,0.0,0.0,0.0,0.0
B7JNMyQRymqurXntuEprz7BRpg2gAd6zsUBKEAkN8qbi,0.0,0.0,0.0,0.0,0.0,0.0,0.0,0.0,1.0
B7My3enHSWyWTjYi4Ex6kh7JEYEsE9FoPR35s15uWCAf,0.0,0.0,0.0,0.0,0.0,0.0,1.0,0.0,0.0
B7Sg8djLeiyJ3fmQHRtur1oFeLHtKrihi1AV7vVTUBYx,0.0,0.0,0.0,0.0,0.0,0.0,1.0,0.0,0.0
B7eaNL8oymAfPdg8yWmHqGoS6y6y9qm1g1PM2Edm8JES,0.0,0.0,0.0,0.0,1.0,0.0,0.0,0.0,0.0
B7n3KtNibw2DidYJfUst7x82GZueMQFEKjuxnHVSwCgU,0.0,0.0,0.0,1.0,0.0,0.0,0.0,0.0,0.0
B7pB6zPepM3CSgSuF7iMTxiEbYfHzEG9aAtJpTMh1nbR,0.0,0.0,0.0,0.0,1.0,0.0,0.0,0.0,0.0
B7rEcm3nw4hLWp6cTwPkFjZs6Bz7byTACmixYcUi45Gy,0.0,0.0,0.0,0.0,0.0,0.0,1.0,0.0,0.0
B882kUtnRvJpqTkhkuSSbR1cBEzDCM4gGH2tK2fiicAd,0.0,0.0,0.0,0.0,0.0,0.0,0.0,0.0,1.0
B89qHNDzBsYdvrhB8Hv9a2zauRaiP9nyWtJ3AZTnKDU7,0.0,0.0,0.0,0.0,0.0,0.0,0.0,1.0,0.0
B8Ae7xFiXXvTtWD8a5hXLnPaeyQYKFGfZYUFPfny2jP9,0.0,0.0,0.0,0.0,0.0,0.0,1.0,0.0,0.0
B8QhzkFi7gMdHZSECvqHPgHRNhHYuWWGTFq83SDfthPn,0.0,1.0,0.0,0.0,0.0,0.0,0.0,0.0,0.0
B8jLTMRyd6eJkWE8ou2B33iqjhUGnzkriL89WWGiE7de,0.0,1.0,0.0,0.0,0.0,0.0,0.0,0.0,0.0
B8odxECpbuVH17Ze43Lczgjw29mvXcHu6h7oNT7NqGUr,0.0,0.0,1.0,0.0,0.0,0.0,0.0,0.0,0.0
B8rwGkhHxVWeX5LJxfdRAJ1hwMo3BKQTm5cvJvcRV5GM,0.0,0.0,0.0,1.0,0.0,0.0,0.0,0.0,0.0
B8z7rjHQt12sqmzVv6Fa24gdtwqTiHCphRV95QJooMEu,0.0,0.0,1.0,0.0,0.0,0.0,0.0,0.0,0.0
B94daZsYtrdvMcwr5nwcxPYs8RmqSoGKWxihcGjSuawc,0.0,0.0,0.0,0.0,0.0,0.0,0.0,1.0,0.0
B9GekpYtpKmvMd3sA3vSmwS526ZVJtpMx6ZxCsb1h2Kh,0.0,0.0,0.0,0.0,0.0,0.0,0.0,0.0,1.0
B9dLrj9tw4zCoKbsM4xMDT2AsQtXdwnxkepxKUAYzsoP,0.0,0.0,0.0,1.0,0.0,0.0,0.0,0.0,0.0
B9dR5xw2hYsokjLJDs7kLazF7khuPqeAjn8uenyGLSzf,0.0,0.0,1.0,0.0,0.0,0.0,0.0,0.0,0.0
B9ngyno9cTHhBbwToj2torxFLZD12SewqFj7f3NrWLfi,0.0,0.0,0.0,0.0,0.0,0.0,1.0,0.0,0.0
BACCxm34yrNHBRvAafFZrbAMHVb3UhPMZx5uW6Hwdt9,0.0,0.0,0.0,0.0,0.0,0.0,1.0,0.0,0.0
BAJBQoVhSEahd1tcA46Yi8VMMcJF3aizToLidMqmJdze,0.0,0.0,0.0,0.0,0.0,0.0,0.0,1.0,0.0
BAPbHpy9SL8SQCXniVGzX2CCaFHpWnhH6JpLs2RBCcio,0.0,1.0,0.0,0.0,0.0,0.0,0.0,0.0,0.0
BAQL9EhsCdg6YNMc39ofbpomt4dFhb371qQYvmMuasND,0.0,0.0,1.0,0.0,0.0,0.0,0.0,0.0,0.0
BAvk3CyvwQF9b5JtqhgTSfGWuQHSCTFoN8Gsp8R56Jv7,0.0,0.0,0.0,1.0,0.0,0.0,0.0,0.0,0.0
BAzrdLqLTSdZgfCSpnwm613iCcpEw8AWDsG623FiZcoC,0.0,0.0,0.0,0.0,0.0,0.0,1.0,0.0,0.0
BB8iwrnmDyYwX7NcUVGF7sHU2G3tvTUHUWXmoiKh2VrB,0.0,0.0,0.0,0.0,1.0,0.0,0.0,0.0,0.0
BBESmPp3cZc4jtUGGcc6aP85XJkZwdndu3HivSw1MuF9,0.0,1.0,0.0,0.0,0.0,0.0,0.0,0.0,0.0
BBLsgR63u3ohnBbmTa9yR7CQEy3ddMx8mQ8Uka4AR9om,1.0,0.0,0.0,0.0,0.0,0.0,0.0,0.0,0.0
BBUp66weP21qCyZb4FLx1JoB6bf2voSA3UxuE2cWmH9H,0.0,0.0,0.0,0.0,0.0,0.0,0.0,1.0,0.0
BBWRKo9qDMrkAAaCduF37mdGduX11BN5sr5QV5c3kD2y,0.0,0.0,0.0,0.0,1.0,0.0,0.0,0.0,0.0
BBjU2KJsTDvgxvMgJvxT1QZDCTRkA5SAq5i2MeBtBEez,0.0,0.0,0.0,0.0,0.0,0.0,1.0,0.0,0.0
BBoFuSCJw5j5xFgZip6kUtaLx3TcvdtA58EMTdueuPLA,0.0,0.0,0.0,0.0,0.0,0.0,1.0,0.0,0.0
BBpamEbnum4bJc9AXcTVk3cLUzuS675AutDHCfrxYniR,0.0,0.0,0.0,0.0,1.0,0.0,0.0,0.0,0.0
BCAxNJwKAgCd7bPaD3junby6oCc3irTrVcrXdZPAHbtC,0.0,1.0,0.0,0.0,0.0,0.0,0.0,0.0,0.0
BCDUS718HJyVqnWH8kiCGymNNVzLAv6bSK88wx21eLRg,1.0,0.0,0.0,0.0,0.0,0.0,0.0,0.0,0.0
BCaQZvMPTZ5JPqmj6HniMfuoe6Sk8RuydydWbdbKrfHc,0.0,1.0,0.0,0.0,0.0,0.0,0.0,0.0,0.0
BCjZ9eDXHLhqHh8r8SseKzXnV8D22v9HCsxaMCvzSPYH,0.0,0.0,0.0,0.0,0.0,0.0,0.0,1.0,0.0
BCsPNPNaHxzcJ35nK17A1BbdVqQPddZg8zPZxQ4o34t1,0.0,0.0,0.0,0.0,0.0,0.0,1.0,0.0,0.0
BCyXr4NUBGS9x7QhFBMCLaq5XBmDTpB16kGpyEwHZjYf,0.0,1.0,0.0,0.0,0.0,0.0,0.0,0.0,0.0
BD4QUAo35vyXvKDxARjtDZquxonZB1supJWEcEg8aj11,0.0,0.0,1.0,0.0,0.0,0.0,0.0,0.0,0.0
BD5W96pRPEbYuRcAw6frgiJtSbRYATHkHJRqv9LumFnF,0.0,0.0,0.0,0.0,0.0,0.0,0.0,1.0,0.0
BDQRorLqfbDUvsZhbsKj1yJx97mnpDqPmGQozytCmsSc,0.0,0.0,0.0,1.0,0.0,0.0,0.0,0.0,0.0
BDYkunugpFNQp5HLzwDH2so3TqfQgDHyJ1h3FLDxWCKg,0.0,0.0,0.0,0.0,0.0,0.0,1.0,0.0,0.0
BDcZ5EctN6oeaqTnQtxhcHHhYNFPghmgk4UFe8ZK4okT,0.0,0.0,0.0,0.0,0.0,0.0,1.0,0.0,0.0
BESASY6468EFdygDyewfYSYdUfoxtbTxXUsVB5xfa4iB,0.0,0.0,0.0,1.0,0.0,0.0,0.0,0.0,0.0
BEWETAwS8fbgqvmEeMZKmRRUGm7nXped7sjEfrPDwzn5,0.0,0.0,0.0,0.0,0.0,0.0,0.0,1.0,0.0
BEb6c9tLaZhQff7AeXwzLtpZe5BcjhQJss9MeEq7ip4d,0.0,0.0,0.0,1.0,0.0,0.0,0.0,0.0,0.0
BEeArpoR3a6A8vPnp6fw2hDoapibLidQb4nwqNYK3Kyu,0.0,0.0,0.0,0.0,0.0,0.0,1.0,0.0,0.0
BEmbc6SBjjeCCX6MpiHrFYiXzcf8jVvHXPV8qEc2R5v2,0.0,0.0,0.0,0.0,0.0,0.0,1.0,0.0,0.0
BEqVQcjy51c3CZwmWXToPoXzBnimN6GTCwUV5ReAexEm,0.0,0.0,0.0,0.0,1.0,0.0,0.0,0.0,0.0
BEywbDQGTeJYDAq623tBCevJx9hEJ8oSJ1dvfeFUftky,0.0,1.0,0.0,0.0,0.0,0.0,0.0,0.0,0.0
BF2j9jJnhX6WfRXFKhYirvzXExPVVjTkbzu3K9x5YjMz,0.0,0.0,0.0,0.0,0.0,0.0,0.0,1.0,0.0
BFAm2EK9CCduaMYmohzT6DpgM7WvfLaKu2wCXLnLd3rr,1.0,0.0,0.0,0.0,0.0,0.0,0.0,0.0,0.0
BFNF1wSXKybxKdxgj1MfyFoCieo1GdzkFmaA1CkjWNaG,0.0,1.0,0.0,0.0,0.0,0.0,0.0,0.0,0.0
BFU2FyqqUP6CFVtWcaSWsF1ok6wmFLMvHLC4E5guws62,0.0,0.0,0.0,1.0,0.0,0.0,0.0,0.0,0.0
BFZoQDqhpoyNKDuVM5K8MKBVwVDiEvXdpHxrk1U2JbFe,0.0,0.0,0.0,0.0,0.0,0.0,0.0,0.0,1.0
BG37PP3XhBrwSTzXSv4jQBdRbxaj8HK4nyD836bHAwQc,0.0,1.0,0.0,0.0,0.0,0.0,0.0,0.0,0.0
BG7A2dQ3zaCnvZuY2RHhY25k7QyJ6Lq3ZDMtXhn4irRV,0.0,0.0,0.0,0.0,0.0,0.0,1.0,0.0,0.0
BGEUzpStMEC3Sg5zT9wZNPQYQhcon2MTM51YtKfoUSgx,0.0,1.0,0.0,0.0,0.0,0.0,0.0,0.0,0.0
BGFxSUvjwZiH33gHTA16Kgf1G4CRod2EcMtvbat7G6Bs,0.0,0.0,1.0,0.0,0.0,0.0,0.0,0.0,0.0
BGGUSJsXMS11XX4PXSqrtS8neEc9JbPtiU3Cmw9vRazn,0.0,0.0,0.0,0.0,1.0,0.0,0.0,0.0,0.0
BGNHKoTnud4akft5RjrxsoNYAAiqr3mq387fGRDnb4yV,0.0,0.0,0.0,0.0,0.0,0.0,0.0,1.0,0.0
BH6St9okLDNWrvqckQKuViGPijA8ZqKx7VqULjxGQXsH,0.0,0.0,1.0,0.0,0.0,0.0,0.0,0.0,0.0
BHH4x7JNKmWD3DcwVMKsTCcNQpxBXwSKANNj3mmR9iQr,0.0,0.0,0.0,1.0,0.0,0.0,0.0,0.0,0.0
BHJvoyvRit9GvhJ6C8C8cFjDcdGjwwQmz2ZyPTFD1Y8L,0.0,0.0,0.0,0.0,0.0,0.0,0.0,0.0,1.0
BHMSyndEV1bniDkm22wkYFmrDXnsVwawjq242hXLqkyB,0.0,0.0,0.0,1.0,0.0,0.0,0.0,0.0,0.0
BHWwaca5bDP8BC46odGC3t3UxLD8xTp3DB1q554QufTR,0.0,0.0,0.0,0.0,1.0,0.0,0.0,0.0,0.0
BHZzPfwkaH1i5WNasuw6ExH76CdoG8jELNU6pfDsw6wA,0.0,0.0,1.0,0.0,0.0,0.0,0.0,0.0,0.0
BHgZvXPBsLQzJH96NdfERgheucVYYyEL68CzpLnyDxBj,0.0,1.0,0.0,0.0,0.0,0.0,0.0,0.0,0.0
BHqmmZnd2HXbFfWrz9xDCvTFG2bwgMiTDUPpuAQSRB81,0.0,1.0,0.0,0.0,0.0,0.0,0.0,0.0,0.0
BJHZnP8y8LK2cAueisHbQdU8rQAC9pXbdTiXhCx4biZh,0.0,0.0,1.0,0.0,0.0,0.0,0.0,0.0,0.0
BJk89FihBsoiPcjEUuKvuUidmsF3yhChkicKPALyqmAr,0.0,0.0,0.0,1.0,0.0,0.0,0.0,0.0,0.0
BJkdudFxtcv1Y4HyHeNpXwezj8jHsZW9xBxoAomyGj1b,0.0,1.0,0.0,0.0,0.0,0.0,0.0,0.0,0.0
BJszkJ7zBxbJR9qzHGDz3NCNb44ZWvHd5mfgH1v3Gfpx,0.0,0.0,0.0,1.0,0.0,0.0,0.0,0.0,0.0
BJzkHkmtURoDuj6Q9tTy7i6Gd4Pymxbr4pYKnbaiAPZz,0.0,0.0,0.0,0.0,0.0,0.0,0.0,0.0,1.0
BKPibjUxmPGDQdTmj98SZi7t23kGXiNyKcehxKe6zV7M,0.0,0.0,1.0,0.0,0.0,0.0,0.0,0.0,0.0
BKQNPDdEP5hDKvLhMtj7Mf9vu4SnfYzFGV7FTBcSygTe,0.0,1.0,0.0,0.0,0.0,0.0,0.0,0.0,0.0
BKSG5no9cLY8baKBamvtvrz7vgXUaoiieoSreaEh8fbY,0.0,0.0,1.0,0.0,0.0,0.0,0.0,0.0,0.0
BKWE3Z7FoCGnbZ1BTkgEH4qGiRtRee1RHAfu5VT35riJ,0.0,1.0,0.0,0.0,0.0,0.0,0.0,0.0,0.0
BKbHbxycLCytXWxvunvCJd8KxK8LYyje8TGqUyPyFnWC,0.0,0.0,0.0,0.0,1.0,0.0,0.0,0.0,0.0
BL1HQuUHF2DNMgrG2uSy2n8WwZkomk788UWPfnPJXtjM,0.0,0.0,0.0,1.0,0.0,0.0,0.0,0.0,0.0
BL8J926CsFPvM9a4KmRUg35NHXwNwEipL1z3KXbU2tkC,0.0,0.0,0.0,0.0,0.0,0.0,0.0,1.0,0.0
BLAckYHc9FKJPfv71Cb37f5YpcfYjaaHei9VTUDEMN3x,0.0,0.0,0.0,0.0,0.0,0.0,0.0,1.0,0.0
BLL7qJvdYhSL9wm1a1dN3dUGuJzq6m2uxD3t4krWyqWS,0.0,0.0,0.0,0.0,1.0,0.0,0.0,0.0,0.0
BLjsze5tFv8WEdbRdywMHzfqbbg6DQBdKLCKPLrbPiZS,0.0,0.0,1.0,0.0,0.0,0.0,0.0,0.0,0.0
BLkVEPYJcyP4o3PzqfaJPKetmNpbXemas3VdxRo7DPQx,0.0,0.0,0.0,0.0,0.0,0.0,0.0,1.0,0.0
BLuuPYqnn4iUN2yuqfYL1S3E75oqRDKyYBisjpdohQCp,0.0,1.0,0.0,0.0,0.0,0.0,0.0,0.0,0.0
BMFYn2znx87NJcWADnyfxWa59jGCuHR32JG9EkFXRTmT,0.0,0.0,0.0,0.0,0.0,0.0,0.0,0.0,1.0
BMHuuVbjfqUThPE4yLbmaRnzSq3vXbvd7U3q1PRHMmW6,1.0,0.0,0.0,0.0,0.0,0.0,0.0,0.0,0.0
BMbvHPET5RnurUo1iaMzb3jzUspXQ6TPYSmRMsYzZkKV,0.0,1.0,0.0,0.0,0.0,0.0,0.0,0.0,0.0
BMkxVULh6i13ZfvhE1LbFJbM8YGSQvovJVdwnyqtv4Yi,0.0,0.0,0.0,0.0,0.0,0.0,1.0,0.0,0.0
BMtsc9tnawZMEwH7iMtYmz4sBmY1KVmCGFWXB7xDj2Z,0.0,0.0,1.0,0.0,0.0,0.0,0.0,1.0,0.0
BMtwVeapfPZ7ZEbaXfAVp5N1S9RYkNg5M5xDBcGAeZDh,0.0,1.0,0.0,0.0,0.0,0.0,0.0,0.0,0.0
BMz5zVWWZCyVU3ycBAvsSaFSsUVxsXSTRBRvSGhap62j,0.0,1.0,0.0,0.0,0.0,0.0,0.0,0.0,0.0
BNMHoQXuG4Pz61QSdRpoXETb98rDcNnQhAV9wWxVuSPg,0.0,0.0,1.0,0.0,0.0,0.0,0.0,0.0,0.0
BNPqk3SVAfJZ47cd9UUThBNykfmQEWA9mwLoqH8rs5D5,0.0,1.0,0.0,0.0,0.0,0.0,0.0,0.0,0.0
BNYdSkKH9aZjKG3LE6zkBCFwncaFBjVyVGZ5fXjea3tK,0.0,0.0,1.0,0.0,0.0,0.0,0.0,0.0,0.0
BNo6TMVp51iD2cmgENEvuNutKZ1Av1eXUwpbDVV3xU2U,0.0,0.0,0.0,0.0,0.0,0.0,0.0,0.0,1.0
BP7RbmMxWg7VhUzbqTfGgbmRPyMcFdgLLwoF5ooGjwEb,0.0,0.0,1.0,0.0,0.0,0.0,0.0,0.0,0.0
BP7xdNKHjaWKg1gxwd9Twj1aMAHPKv2HpKuRpkxZbZBJ,0.0,0.0,0.0,0.0,0.0,0.0,0.0,1.0,0.0
BPBmgCY3wfuzx5JA6ZXXAj9onzMmc3ufDRP3jQtRBmKo,0.0,1.0,0.0,0.0,0.0,0.0,0.0,0.0,0.0
BPVkLrN4SmQnYz9qGt4bFq8A41UfThNPQgSKecqt8L79,0.0,0.0,1.0,0.0,0.0,0.0,0.0,0.0,0.0
BPjBSRXXh2YPD1VSU1bWkoWGPM34FxUb5z64nGbYp88b,0.0,0.0,0.0,0.0,0.0,0.0,0.0,1.0,0.0
BQ2Kb64QVMdc4KPhkWo7nJcN3ZjskGsquK6dqt1jEmZc,0.0,0.0,0.0,0.0,0.0,0.0,1.0,0.0,0.0
BQFr2UQNANdzvqXmtrsg5cSDusDM8ALFLCPqKoJaR6q5,0.0,0.0,0.0,1.0,0.0,0.0,0.0,0.0,0.0
BQauAi6KkcmS1cear8TvECodJEYhwkNyRq1GMFj9NtKM,0.0,0.0,0.0,0.0,0.0,0.0,0.0,0.0,1.0
BQceHukC8qVGkRerxsoLVFVhK2M9wzuxeGm1j1HqxqWw,0.0,0.0,0.0,1.0,0.0,0.0,0.0,0.0,0.0
BQeR9owXVYCrzLxET1gyzs3CQmeDZ4S2sbJryW4YdbjF,0.0,0.0,1.0,0.0,0.0,0.0,0.0,0.0,0.0
BQkyLAJkXR9WCEEY9C5DzCUtSCxUugux9iT2nFXZgeNA,0.0,0.0,0.0,0.0,0.0,0.0,0.0,1.0,0.0
BQmgEpK1nhHSzN4qPEfJvkvd4pvLmujCTqu7CvsHKRW,0.0,0.0,0.0,0.0,1.0,0.0,0.0,0.0,0.0
BR38VaRXgCscrrt2DMETJzNotmfCFfRgDm8c14HiwRRP,0.0,0.0,1.0,0.0,0.0,0.0,0.0,0.0,0.0
BRAK52HZXLKD25aJ1USrEqLcyHRfoXB1PnuTdeoPRpgE,0.0,0.0,1.0,0.0,0.0,0.0,0.0,0.0,0.0
BRBfQkAGaXXRWhbYBHHLAafKjMNTu6AaNrZVYV836jkn,0.0,0.0,0.0,0.0,1.0,0.0,0.0,0.0,0.0
BRjhzBYhLFqPKi4BgPs8X1J5bGju7BXMCk26cgVWYXYx,0.0,0.0,0.0,0.0,0.0,0.0,0.0,1.0,0.0
BRnmP3ZAvWwK1aR8KdcosxQanChHX2bEkkoAi5ni6qD8,1.0,0.0,0.0,0.0,0.0,0.0,0.0,0.0,0.0
BRsai5bLv9JZmAZg7AMswkbUK8v1fCBtG9GgxtZNZSLp,0.0,0.0,0.0,1.0,0.0,0.0,0.0,0.0,0.0
BRtMjSqKXRrTdXLNkvVw16F9NEJYXnXFB4EqgDhKmS74,1.0,0.0,0.0,0.0,0.0,0.0,0.0,0.0,0.0
BSAuBcBQsbfyYwriXzH5eckaBHTmKFjACHLuWRRZcZHL,0.0,0.0,0.0,0.0,1.0,0.0,0.0,0.0,0.0
BSmPruaCau8reUD67UPkMABjJ5U2WAe1nfLacB6UZ5NZ,0.0,0.0,0.0,0.0,0.0,1.0,0.0,0.0,0.0
BSr7dMFYiCSr8fQqgxZM8PAmWwCkXMZHHrVdyY698BTU,0.0,0.0,1.0,0.0,0.0,0.0,0.0,0.0,0.0
BSyLRA2LkHy6DyZu7xMcFH9qQ9f7xAdTui4YuBsCz5bC,0.0,0.0,0.0,1.0,0.0,0.0,0.0,0.0,0.0
BTBz8Lq1CNXFm51DNhhW1dhNhYVJtEn7SDWGYFUMKTJt,0.0,0.0,0.0,0.0,1.0,0.0,0.0,0.0,0.0
BTKx5n3kf1DcvmSwjUxPuMt5z98ozpnUa1wp4V6ACoqh,0.0,0.0,1.0,0.0,0.0,0.0,0.0,0.0,0.0
BTfdr8htrqsVb3DbtjrRZnaZNebi4sbK3Cz6H5mKSj5K,0.0,1.0,0.0,0.0,0.0,0.0,0.0,0.0,0.0
BThJms9bonYRZVvXwCrXJxRdmyBdjaxSySZ1tftbKXHP,0.0,0.0,0.0,0.0,0.0,0.0,1.0,0.0,0.0
BTj3bdrFni3oXfmoXy5s5KWHb4kXJT2PVtieJCgQf1TE,0.0,1.0,0.0,0.0,0.0,0.0,0.0,0.0,0.0
BTrACugSiNZmrnHJuB76vaRpypnJ2caz6qVVnFdSUiEV,0.0,0.0,0.0,0.0,0.0,0.0,0.0,1.0,0.0
BUBBLEtr8BEJZ9PyC2DFYxG58r8tu5PiyAKMVm14hCg9,0.0,0.0,0.0,0.0,0.0,1.0,0.0,0.0,0.0
BUEcHW7EAmw4RZCoRy7xJX7Rp6HVsdHKjhRgjcDV1UwL,0.0,0.0,0.0,1.0,0.0,0.0,0.0,0.0,0.0
BUSXZtZpUBKU81A8ycJ2N3QQzGoWVUMn8CVrdHtc2XVt,0.0,1.0,0.0,0.0,0.0,0.0,0.0,0.0,0.0
BUpGz95UPMDK295yyzojKzhdiK3nN8oemHbNacivvGpB,0.0,0.0,0.0,0.0,0.0,0.0,0.0,1.0,0.0
BVEAy7LA81ANFK7zPhVf3iTDNNupNXYV6uDamN58fW9D,0.0,0.0,0.0,0.0,0.0,0.0,1.0,0.0,0.0
BVauZxLhuDjWor2kP3ahbctwBgRfLnRz9P8FQS5ZecPZ,0.0,0.0,1.0,0.0,0.0,0.0,0.0,0.0,0.0
BVyEmwFa2WUk7PnzMBbspu86PmgTr2j6NHct4K1ok6ki,0.0,0.0,0.0,0.0,0.0,1.0,0.0,0.0,0.0
BW448H36WUQpqQGxmk24LZKva3LGDhneKY5FHSg9LDZQ,0.0,0.0,0.0,0.0,0.0,0.0,0.0,1.0,0.0
BW5NiBkMWAFYbtgn16YswDkYK7vds8MB52emQPkkMps3,0.0,1.0,0.0,0.0,0.0,0.0,0.0,0.0,0.0
BW6Usd3mknNiG6VZeCrGyHkPjvdQBoG3uao1Uey6VxF2,0.0,0.0,0.0,0.0,0.0,0.0,1.0,0.0,0.0
BW6ZiPfqT7oxbFzMMeq6LfzAfEEGrKycgcuiov6oV1bb,0.0,0.0,0.0,1.0,0.0,0.0,0.0,0.0,0.0
BWNiZPYtsaYAM8p9X8mkkYJzfLCx3hag79uAHzFT6GSQ,0.0,0.0,0.0,0.0,0.0,0.0,1.0,0.0,0.0
BWYgjNCpLfsepajFNDqvwjQkEQ9QA7DinLYQ6mSWc2mk,0.0,1.0,0.0,0.0,0.0,0.0,0.0,0.0,0.0
BWoW3Afjt2EXrU9TGA39shhGxjfURfgqXdcqnLTEvZ6G,0.0,0.0,1.0,0.0,0.0,0.0,0.0,0.0,0.0
BWrCrE67ViZxoiDkLC9gT2GzwdRcjKPoJFomZhSHjPth,0.0,1.0,0.0,0.0,0.0,0.0,0.0,0.0,0.0
BWtuzsATjW288rFwsYfveGH2HhosVFcUTW4h59KnYUYh,0.0,0.0,0.0,0.0,1.0,0.0,0.0,0.0,0.0
BXDgW8uqvEbBtQBYKACmNjomrQKg7TV9aJ3g8yBRQLkQ,0.0,1.0,0.0,0.0,0.0,0.0,0.0,0.0,0.0
BXGupR9s4Q42SeNUQTwWKprLaoJM6pJ7TLHqaaduhrRc,0.0,0.0,0.0,0.0,0.0,0.0,0.0,1.0,0.0
BXQZ13LUUzdHzWeVjqAxy1WJGHU7FhWoomYgqjj4sdpQ,0.0,0.0,1.0,0.0,0.0,0.0,0.0,0.0,0.0
BXSqxNpXSUywNW5Z2kYceVVZ38GdM9TG7vGghHNx9ZFv,0.0,0.0,0.0,0.0,1.0,0.0,0.0,0.0,0.0
BXTFMdiU4edJD4C2451XSs8ykTRs7DC1NB7uxD1GuP3k,0.0,1.0,0.0,0.0,0.0,0.0,0.0,0.0,0.0
BXUcmX17h7gXTB8BUhyomPSfYvNrPHbZuysKi3HHzqLu,0.0,0.0,0.0,0.0,0.0,0.0,0.0,0.0,1.0
BXUjnuGkHNEZp7C68vV4hER3doRt9VzThpEzpbSNtmw7,0.0,0.0,1.0,0.0,0.0,0.0,0.0,0.0,0.0
BXcwWZcDUNsLgafFfVMKYxXGmGkVsHPugB1sBgWv38v8,0.0,0.0,0.0,0.0,0.0,0.0,0.0,1.0,0.0
BXiNc8nTauKLFytmUqEBawPqM12tscw734uJvKQ8ZG8K,0.0,0.0,0.0,0.0,0.0,0.0,0.0,0.0,1.0
BY493csb98T5kGYfPiDzL8ADb49TRkjcvAeVLHbG6Mht,0.0,0.0,0.0,0.0,0.0,0.0,1.0,0.0,0.0
BY9VCtwjQzsfLCZs31yBC3wsNZboARrgz4A66dssaLkP,0.0,1.0,0.0,0.0,0.0,0.0,0.0,0.0,0.0
BYEkjPAhnGvTYzEZEawTwvHmmaeZKmx9HUumhW9fVDPM,0.0,0.0,0.0,0.0,0.0,1.0,0.0,0.0,0.0
BYLUKS9crZsmpaASvy8FxL7wNYfKMUx33CJuNCYktRQ4,0.0,0.0,0.0,1.0,0.0,0.0,0.0,0.0,0.0
BYhC2cB74wciBogXrvuvfpZt97WWiPqz8SWdM2b3ow5Z,0.0,0.0,0.0,0.0,1.0,0.0,0.0,0.0,0.0
BZCR97PLZbFWrzgZVFvFE9NWcop3TSpCKatZPSNmsxHo,0.0,0.0,0.0,0.0,0.0,0.0,1.0,0.0,0.0
BZCzQcyeGaZCi7U5wEJnjRV2oMwZbFRV8jCAcJUwLBN4,0.0,0.0,0.0,0.0,1.0,0.0,0.0,0.0,0.0
BZTx18qmTDC4ivNaKwy3giSdqHUtDqsCAwSBtf1Gffym,0.0,0.0,0.0,0.0,0.0,0.0,1.0,0.0,0.0
BZXAHnn4G3r2CaZdsr1BuRSN3NrZNMeWLmXqE1TNHPvE,0.0,0.0,0.0,0.0,0.0,0.0,0.0,1.0,0.0
BZhoR4tn72hHfmxg49R9bxdLt6rDZgdixCz6nuJGP31C,0.0,0.0,0.0,0.0,1.0,0.0,0.0,0.0,0.0
BZszYm1G43uZXgoqC3fsZG277dHbWMevMg8D8WB8eeyL,0.0,0.0,0.0,0.0,0.0,0.0,0.0,0.0,1.0
BaK49JXLg6HwTCMrGm9aL78aqXLM95Cx62GQKaFTMjMN,0.0,0.0,0.0,0.0,0.0,0.0,1.0,0.0,0.0
BaRwefRVoXc9EKEewBJdmYiso14EF1iiwydL2F4pCdiv,1.0,0.0,0.0,0.0,0.0,0.0,0.0,0.0,0.0
BaaHxAQkxXAwhqPC16wKbycr9SrGqU1s4VTM4CxrTsib,0.0,0.0,0.0,0.0,0.0,0.0,0.0,1.0,0.0
Bakmh8XVYijGUGCEPHW5GKzEVZY5zBjCENtbQaX3fNZ2,0.0,0.0,0.0,0.0,0.0,0.0,0.0,1.0,0.0
Bakx7zgrykHPHP9fVMUJSEKA6tJumcz5FdSXR9jmqrSN,0.0,0.0,0.0,0.0,0.0,0.0,1.0,0.0,0.0
BayYXAZJPtH85hYk5rvHoeT26YFkyfKDaTHS9pzjs8Dz,0.0,0.0,0.0,0.0,0.0,0.0,0.0,1.0,0.0
Bb4jCG7DNySrLYsyMEwEaRbhirb2LnzzwyF1Vx2nrmxe,0.0,0.0,1.0,0.0,0.0,0.0,0.0,0.0,0.0
BbJFPTPE5GcVYNpyhwPGJYYXxE74KKjX3SorzHfcM74r,0.0,1.0,0.0,0.0,0.0,0.0,0.0,0.0,0.0
BbMJvhySinZ8vFcZnrjpzCDWTKpjFg6MuN35rWp9DMBR,0.0,0.0,1.0,0.0,0.0,0.0,0.0,0.0,0.0
Bbt9C66HEWtWjVz164E6sWo7w6QEWTHRncYxE1jBzshY,0.0,0.0,0.0,0.0,0.0,0.0,1.0,0.0,0.0
Bc8SDhTQQ8irFXR9BnaaexaxkVcTdGDDi99ZDqbYqNbu,0.0,0.0,0.0,0.0,0.0,0.0,0.0,1.0,0.0
Bc9LqVyvSChQEiJb3UpLV9wu9SYA2qXXrxdu65GcCCFC,0.0,0.0,0.0,1.0,0.0,0.0,0.0,0.0,0.0
BcHpuuH6fEeM3ZQNBKKkviXHqd22HkN77aXL8SbD6aiq,0.0,0.0,0.0,0.0,0.0,0.0,1.0,0.0,0.0
BcSkyqtbeVNQGmM61jpfTtsYb4mRVmfQ17D4ZiJmSupp,0.0,0.0,1.0,0.0,0.0,0.0,0.0,0.0,0.0
BcUAk2CMTQMadCNeA56ATPNMaEtgbkmN9xd2YRGbgJBm,0.0,1.0,0.0,0.0,0.0,0.0,0.0,0.0,0.0
BcVc2CAy4F1UErwRxQnUPzL6PdBZG9HcBMcTPoYiy7TF,0.0,0.0,0.0,0.0,0.0,0.0,0.0,1.0,0.0
BdGSpz4oCskG4XNJuvE1MLdMVBxBFnjXy2evzxxn2Kcb,0.0,0.0,0.0,1.0,0.0,0.0,0.0,0.0,0.0
Bdc5XeTJp1uzbqW1RLZuvjwxZqEpyc9MM9zs3e8kbVTi,0.0,0.0,0.0,0.0,0.0,0.0,0.0,1.0,0.0
BdmtNVdN7K1iMgYpAbNGwmjYpUFqL9eXJh7niKMWEAqS,0.0,0.0,0.0,0.0,0.0,0.0,0.0,1.0,0.0
BdtnzFDZqrfyBR49bfGv3yhReC3xmYVLj782reWVRbWK,0.0,0.0,0.0,1.0,0.0,0.0,0.0,0.0,0.0
BeKmS78491aqHxj5h44KCYKyDcT5xmNT2Tq4QL5avChV,0.0,0.0,0.0,0.0,0.0,0.0,0.0,0.0,1.0
BeM9TK928rpETXXnqTjVx49EidVYaixf3sqRANcaVe5K,0.0,0.0,0.0,0.0,0.0,0.0,0.0,1.0,0.0
BeQ3bph4WLsqbc64rcwJT1R639UiTi6XWbGCwt1XAxe6,0.0,0.0,0.0,0.0,1.0,0.0,0.0,0.0,0.0
Bei3tsPFXGnYvMnUVUv399X9Jmjgem656sUQuCVAa1yU,0.0,0.0,0.0,0.0,1.0,0.0,0.0,0.0,0.0
Bev7MdtU5fC55VA843qiaigHtZXjXmVgmhVPMVPiaeAm,0.0,1.0,0.0,0.0,0.0,0.0,0.0,0.0,0.0
BevfB2vygSGpCbZyo2s6QWbyBpgoQ2AF5zYAcw2zDcWq,0.0,0.0,0.0,0.0,0.0,0.0,0.0,0.0,1.0
Bewd9T3KBUfGmDnL4C5u4QJvwHde8YRHE121bR3v9TyW,0.0,0.0,0.0,0.0,0.0,0.0,0.0,1.0,0.0
Bf9ayjewFNSy6vcd69E3Ntv2sB1VTiqmCJPHsEwDhpV1,0.0,1.0,0.0,0.0,0.0,0.0,0.0,0.0,0.0
BfANUSYT6sLU31SgYnSPGCQa1Y4GURkdximP1biToHCe,0.0,1.0,0.0,0.0,0.0,0.0,0.0,0.0,0.0
BfFEPCURdPfYcPLxtufYsw6YkzdjxWZJNLtAq5HdFha6,0.0,1.0,0.0,0.0,0.0,0.0,0.0,0.0,0.0
BfP4bN9DzPGLhhamGsrsaPWLJ9ZCnq6TdjGTzfZmJrkM,0.0,0.0,0.0,0.0,0.0,0.0,0.0,1.0,0.0
BfRr3pySvjPFhBHxHBdBDzYURuYtoxGNzEsTNeCk5SNp,0.0,0.0,0.0,0.0,0.0,0.0,1.0,0.0,0.0
Bg93pexPms6M1jGAu4WhEy375XZF4Tvn2QAeE6QbbiP2,0.0,0.0,0.0,0.0,1.0,0.0,0.0,0.0,0.0
Bg98gR3ztuHwknwbozkUQkD8KcEjBYK1axDVvuTGrrrK,1.0,0.0,0.0,0.0,0.0,0.0,0.0,0.0,0.0
BgQwcJiFgzJMpb7h3QL7MwNSbVbkrpf47jjj4XW7q2oL,0.0,0.0,0.0,0.0,0.0,0.0,0.0,1.0,0.0
BgaSRFSJLc6BFATzWA5RAA8pK2zBPgX9yAeCBBitCVuX,0.0,0.0,0.0,0.0,0.0,0.0,0.0,1.0,0.0
BhAfgnyEZypKTAcu4vqvUfkZxFrf23xe1jvfKX5k8ct6,0.0,1.0,0.0,0.0,0.0,0.0,0.0,0.0,0.0
BhL255WWo1Zp5kpbGoKJVNQGZf9tJirc5cR8WR2WDrUt,0.0,0.0,0.0,1.0,0.0,0.0,0.0,0.0,0.0
BhSw133VFUWrNSiWxdR6ycxQkJHP1Ja13K5AHiNwQ1CJ,0.0,0.0,0.0,0.0,0.0,0.0,0.0,0.0,1.0
BhT8eej92kqaNFDyarcjyQUqB57om63Kyf7QfRuWwYFz,0.0,0.0,0.0,0.0,0.0,0.0,1.0,0.0,0.0
BhVSoZbNGy2JtjQ1squEPTU8snFDVJrhZEtWk1aD3z6C,0.0,0.0,0.0,0.0,0.0,0.0,1.0,0.0,0.0
BhaqET5qnUjLEfz7T7Ce7d5vn6sTNe8wByeYiFkMAZnG,1.0,0.0,0.0,0.0,0.0,0.0,0.0,0.0,0.0
BhfGjvubxG9gpjhznki7ZgCgfPp8rYyApitBBLNasNG3,0.0,0.0,0.0,0.0,0.0,0.0,1.0,0.0,0.0
BhjVPeQLe6R4pekMEJCaePLesxLRBacup5fiGgWCvDaK,0.0,1.0,0.0,0.0,0.0,0.0,0.0,0.0,0.0
BhqGTWT9NHP2obLeQ3Ygxy6TBdbZAt9kpet3A7TnxFFq,0.0,0.0,0.0,0.0,0.0,0.0,0.0,0.0,1.0
BhrudQ3xwnuUAFBLPP521dqnj456AF5yKKW3gxehBjmG,0.0,0.0,0.0,0.0,0.0,0.0,0.0,1.0,0.0
BhuHKtFYWE3Rf7PD2wzhBSMDqSBAphrarfY32Nh5F62S,0.0,0.0,0.0,1.0,0.0,0.0,0.0,0.0,0.0
BhwHPCGfyWrAYtAEjqVNVwiLuaocEiP5WFShofTCUdCo,0.0,0.0,0.0,1.0,0.0,0.0,0.0,0.0,0.0
BiH3RGrg7XjHuNbnQ48jo152Bu5FRmazhqQN9zzr5VHR,0.0,0.0,0.0,0.0,0.0,0.0,0.0,1.0,0.0
BiMjaj1WjbjjUyyU312tqbJ21kmy5EhBfbaAP9GPyUgi,0.0,0.0,0.0,0.0,0.0,0.0,1.0,0.0,0.0
BiajB6jEP7uYaQbktEseqkEpWJeHwFHbxZ39wTDbw3LG,0.0,0.0,1.0,0.0,0.0,0.0,0.0,0.0,0.0
Bj8fScJbWyRsmspouAkkwLyfeSAQ6pyNEPy6VEC9dgZP,0.0,0.0,0.0,0.0,0.0,0.0,1.0,0.0,0.0
BjFiZecC17mcGQw2ozG2Fc6srCz96kHwktyufZU9QHyx,0.0,0.0,0.0,0.0,0.0,0.0,0.0,1.0,0.0
BjSaYdgdWtBNXGJmy6cuTzxYzLcxvn4Anw6yrWsgKdNm,0.0,0.0,0.0,0.0,0.0,0.0,1.0,0.0,0.0
BjcTuNW4fvjfLw2v3chzqX2DcgpGyaytTPvYTUr9Lxzf,0.0,0.0,0.0,0.0,0.0,0.0,1.0,0.0,0.0
BjfTT3xEHsDRbgTCqN9fMNRvZsnk4vLSGT44rtZo8ZP4,0.0,0.0,0.0,0.0,0.0,0.0,0.0,0.0,1.0
BjhGR3KkBynfqq2gWUtaZTCmWHJp3uVDp9qEeXzieiui,0.0,0.0,0.0,0.0,0.0,0.0,0.0,1.0,0.0
Bjx9vj94dT3peMsG79yyDm2oKcKVugMGmbYR349gG2ep,0.0,0.0,0.0,0.0,0.0,0.0,1.0,0.0,0.0
Bjz6ieZL7o6M41UZL4d7EoUdTHrvonUdWYkDZohGLLAw,0.0,0.0,0.0,0.0,0.0,0.0,1.0,0.0,0.0
BkKUmm6D68gse38w2xQTjJCpCDW2oTBWZW7aB6BWjNXb,1.0,0.0,0.0,0.0,0.0,0.0,0.0,0.0,0.0
BkQdhFHuga5xsQawiVBCKR6DYc17azpWt2NVkdBmaEpt,0.0,0.0,0.0,0.0,0.0,0.0,1.0,0.0,0.0
BkkVCXDmhNawffJeND4CbCudeUxi9ssSDpB2XHYCe6mQ,0.0,0.0,0.0,0.0,1.0,0.0,0.0,0.0,0.0
Bkq3vfB2mUS2eKktU1yXb6WkFicMJV78hxAWbAicRToQ,0.0,0.0,0.0,1.0,0.0,0.0,0.0,0.0,0.0
BkzNyRMxhi5c5NH5f4Dudb81BSU8x4q9SeJMfKWcofEi,0.0,0.0,0.0,0.0,1.0,0.0,0.0,0.0,0.0
BmCDGL8qnn6uAbU92jHzSQacDpaDvvynwJWoFmcAQJ9H,0.0,0.0,0.0,0.0,1.0,0.0,0.0,0.0,0.0
BmDin74btKFS6yz6af1dWvtA1epfs3uoE5cqALAUfnmg,1.0,0.0,0.0,0.0,0.0,0.0,0.0,0.0,0.0
BmtwNcq2YsmaUuS7QyG1tF9egG3eahk1xAcUekiWMmPZ,0.0,0.0,0.0,0.0,0.0,0.0,0.0,1.0,0.0
BncixTBgrvyPy3TczoAdZa13Tes6cQG71yvxKbFycshC,0.0,0.0,0.0,0.0,0.0,0.0,1.0,0.0,0.0
Bnfe2sEJoCFHMWfaCvQT8XbBH6DjTWo66tASNnqCL1k5,0.0,0.0,0.0,1.0,0.0,0.0,0.0,0.0,0.0
BnnNJJgy9w2MLQ9XBKJKG9FQa2r9qdW7u5VpzEkwUcc3,1.0,0.0,0.0,0.0,0.0,0.0,0.0,0.0,0.0
BnofW8ncoLthFp4Xu3KFDoSRy5KNEcd8Ycvi9H97Vz6y,0.0,0.0,0.0,0.0,0.0,0.0,0.0,1.0,0.0
BoA611kbMUFEVpCaPHSr1Y9tmoMuvBnvHf6BTZaHpvPn,0.0,0.0,0.0,0.0,0.0,0.0,0.0,0.0,1.0
BoDA92FQKoCn9U68mEXsXR2LCwKQf4ynn5w2QijQ93Sj,0.0,0.0,0.0,0.0,1.0,0.0,0.0,0.0,0.0
BohHTVdwVDnSvhpg8GcLjZQ8ipNC6dEWydDWLh6JqVNN,1.0,0.0,0.0,1.0,0.0,0.0,0.0,0.0,0.0
BomMtfnv2wsrVGo5UxY2bK4B4EeFABRP7wdUPw39Xa8k,0.0,0.0,0.0,0.0,0.0,0.0,0.0,1.0,0.0
BpJn3ivA99zpZm7ENMQbov2K32is8pJNHZszSrjvocPJ,0.0,1.0,0.0,0.0,0.0,0.0,0.0,0.0,0.0
BpKfwhp122ANwzZ9NKUpeRjz7WnpnEJgTDx4JSiyQEYj,0.0,1.0,0.0,0.0,0.0,0.0,0.0,0.0,0.0
BpRhXrfyYaR5fqZCxnsrv6GEpSDSLKNQoSmFjMKVau4k,0.0,0.0,0.0,0.0,0.0,0.0,1.0,0.0,0.0
BpXSt1T4MH2KNtqPgWL6opCnzJeoAZxx3X81dVi47oSg,0.0,0.0,0.0,0.0,0.0,0.0,1.0,0.0,0.0
BpnBxp5KvnupqYVutjYwyhmQi7wQrU5xZXXGRgZcKDSj,0.0,0.0,0.0,0.0,0.0,0.0,1.0,0.0,0.0
BprMa5EYveFCTUtn8DVb98BauEKQaYiiRKEzP8UQp7G6,0.0,1.0,0.0,0.0,0.0,0.0,0.0,0.0,0.0
BqMq2ftcAnmE9YpyVMF1x1nuUhgesRGbMzruWAj9d61J,0.0,0.0,0.0,1.0,0.0,0.0,0.0,0.0,0.0
BqRYJ66uSt9Rat7r8pyxNonNysnZkNJxrNKnZagWHoVR,1.0,0.0,0.0,0.0,0.0,0.0,0.0,0.0,0.0
BqnpCdDLPV2pFdAaLnVidmn3G93RP2p5oRdGEY2sJGez,0.0,0.0,0.0,0.0,0.0,0.0,1.0,0.0,0.0
Bqofjuj5RUGzvFEKHzvaPUQVjFQEarcEFosE7R6hXgu,0.0,0.0,0.0,0.0,0.0,0.0,0.0,1.0,0.0
BqrFS21siADMXk27FTT7L5UvKAuKenRaEJYF2sz9W5Hw,0.0,0.0,0.0,0.0,0.0,0.0,1.0,0.0,0.0
Br9QvAVFru1EL8RzyRXxLjQcEvczg7BnvZfbAPPdfvPQ,0.0,0.0,0.0,1.0,0.0,0.0,0.0,0.0,0.0
BrCzip8b2W4AxptwmJKaQUb2moFo5Q8WKe8JsAWKAVq4,1.0,0.0,0.0,0.0,0.0,0.0,0.0,0.0,0.0
BresFsArDopydzTwabAz6gPrdvt88eDDDt4TaAc3qys8,0.0,0.0,1.0,0.0,0.0,0.0,0.0,0.0,0.0
Brp2miRRajRPdmBvU9bUYBdt8JDdeBGWx2b9ej3G9iH3,0.0,0.0,0.0,0.0,1.0,0.0,0.0,0.0,0.0
Bs8KYrE5S1bDaEx5AjoQ1vKi9R7AnWbWYbjHDLPvQzHM,0.0,1.0,0.0,0.0,0.0,0.0,0.0,0.0,0.0
BsD3gXhLVsM1K65TEWuuXGBHDNAuJwko2PnfXyqLLdXK,0.0,0.0,1.0,0.0,0.0,0.0,0.0,0.0,0.0
BsE9xGrwdF1AjwT68cHWRxhs7ejkzXLKDzUyFXGkafYB,0.0,0.0,0.0,0.0,0.0,0.0,0.0,1.0,0.0
BsVCjX9HSGaze5R3u7ncmJyReCzSRX2p9PvnxdSYFeMC,0.0,0.0,0.0,0.0,0.0,0.0,1.0,0.0,0.0
BsbaXq7wS39MGziG7o8XozXCAgRACzjGbp5QGHvLdC26,0.0,0.0,0.0,0.0,0.0,0.0,0.0,1.0,0.0
Bsk9sQALbNZiZ1JisW9pGSTsDUQag25Fsrb1ZHoJrSvT,0.0,0.0,0.0,0.0,1.0,0.0,0.0,0.0,0.0
Bt2MZcEADNYvdQZWLEbLH8cVeXKaya6xEqMBchartdmz,1.0,0.0,0.0,0.0,0.0,0.0,0.0,0.0,0.0
Bt4b4RBvnYjQcnm7uDYSv9p7pThGcyuAtFWaYL8LYjn1,0.0,0.0,0.0,1.0,0.0,0.0,0.0,0.0,0.0
BtCXSnEjbwso6fiiRAh3ee3CpzX9PLvv6TdRq2KXAShF,0.0,0.0,1.0,0.0,0.0,0.0,0.0,0.0,0.0
BteqeSKSZvFzkTSMWh3SMHo6EmnYRUQA8DxHfoSQ2g6G,1.0,0.0,0.0,1.0,0.0,0.0,0.0,0.0,0.0
BtfffYnzPs9TX6m87uuSVopnpdNDv2PD1EUK5DZu3fCn,0.0,0.0,0.0,0.0,1.0,0.0,0.0,0.0,0.0
BtrpaQJxDuqhPy38ag7L4zGb3axhyqwKXrAPNWz1rY4y,0.0,0.0,0.0,1.0,0.0,0.0,0.0,0.0,0.0
Bu5SREn3wiNjtUKJdVqCa5TVhYtMauXDAaQtiNprzYbT,0.0,0.0,0.0,0.0,0.0,0.0,0.0,1.0,0.0
BuDXaFtbMqz5m5CfEehBiYBgeZMtPGSruExa2DyHvQ8v,1.0,0.0,0.0,0.0,0.0,0.0,0.0,0.0,0.0
BuEqW7aUUfXBrFoALe4motYJAZwPLCBVp7Q1dcCcAjq2,0.0,0.0,1.0,0.0,0.0,0.0,0.0,0.0,0.0
Bue813F7cHctiTe6MHQDtoLwxskSdqa9qL6PNEy8zo4B,0.0,1.0,0.0,0.0,0.0,0.0,0.0,0.0,0.0
BuvoYPsCq3fRdMqtFQuP3Hhnb67kTz36u9g8KW1xFSKg,0.0,0.0,0.0,0.0,0.0,0.0,1.0,0.0,0.0
BuxS5stQRNocTM51FeKc8kPtM1rEVET3f75JSamFRejf,0.0,1.0,0.0,0.0,0.0,0.0,0.0,0.0,0.0
Bv32UijzLBdRxMTwfMEjofVXtbAHLGXvmVu3ui9MbDyf,0.0,0.0,0.0,0.0,0.0,0.0,0.0,1.0,0.0
Bv97z6Cr7RFouErfPqXguY3Q7JH8ekjs6quod9ycm8b9,0.0,0.0,0.0,0.0,0.0,0.0,0.0,1.0,0.0
BvGPr1NCEicqVjMoAjgkT1cFsewdHus4QTp99nbWNjEP,0.0,0.0,0.0,0.0,0.0,0.0,0.0,1.0,0.0
BvGoBABDUvxt8PWsRVgzcSudXKuPAxDMq1DzX8yTm2WE,0.0,0.0,0.0,0.0,0.0,0.0,0.0,1.0,0.0
BvKM52yUzcmDAfQai6bBYetJQB6hytqnimdEh1GcWzJ2,0.0,0.0,0.0,0.0,0.0,0.0,0.0,1.0,0.0
BvLnxFcaigQfCPWShiaH6ihH1T7sBo7zpf3RmqyiFZ9v,0.0,0.0,1.0,0.0,0.0,0.0,0.0,0.0,0.0
BvipXGJUJAfauji1HSs7T7QPJ5sTSd71Pt8L33PoxVFa,0.0,0.0,0.0,0.0,0.0,0.0,0.0,0.0,1.0
Bvp1bPX5htdPomoNFqNMSoRCEoNdJ3VV7KosreeLtqL9,0.0,0.0,0.0,0.0,0.0,0.0,0.0,0.0,1.0
BvzvaZLpK1xxqFGzPgpMrFSvHPNSPVfHCPZB9PyJMnnV,0.0,1.0,0.0,0.0,0.0,0.0,0.0,0.0,0.0
BwHTDyFCkWjBnstwPq9aaxdeZueuUZLk1quGuA1pN7ZB,0.0,0.0,1.0,0.0,0.0,0.0,0.0,0.0,0.0
BwNsLv69mh9Ectm6kPhTSpYfhdYV6o29VmS17mkCmVZk,0.0,0.0,0.0,0.0,0.0,0.0,0.0,0.0,1.0
BwpCQ8TpVGcTng21qogfUWg1cxAqqujmM4kyLZH6xrd4,1.0,0.0,0.0,0.0,0.0,0.0,0.0,0.0,0.0
BwqGfGuAtvTjjfFm2vKyKbLdgtpK32oX6B5yrj5EHKuk,0.0,0.0,0.0,0.0,0.0,0.0,0.0,1.0,0.0
Bwu2ySdgPbzzHxomFezJDen4LcRcGS9Pyfa38uTDfBH4,0.0,0.0,0.0,1.0,0.0,0.0,0.0,0.0,0.0
BxJftYkQYQsErVatxLeWkym1krBRHaXxpBUetVwHmPJo,0.0,0.0,0.0,0.0,1.0,0.0,0.0,0.0,0.0
BxLmrDJaNr9hA35FBGASAhUK74Gs98AyvQXx6HSR1Qft,1.0,0.0,0.0,0.0,0.0,0.0,0.0,0.0,0.0
BxMomgqqfBqtYLK3gd7jpPSCK9nRhWfAcLpLN4n2rjsd,0.0,0.0,0.0,1.0,0.0,0.0,0.0,0.0,0.0
BxThujSHHZaiJh3RTTtNhJN35wxyXTFFLMfvro2fEdX2,0.0,0.0,0.0,0.0,0.0,0.0,0.0,1.0,0.0
BxWdJHFZWbcByEfZoSGL9Cgeb63qPBk6vMNLp3VbqKH4,0.0,0.0,0.0,0.0,0.0,0.0,0.0,1.0,0.0
BxcyiGCWPXmwGrhNLusRJrTKpEqbbxiUTPriQ36QE9wq,0.0,0.0,1.0,0.0,0.0,0.0,0.0,0.0,0.0
BxogGJzqcDPoyTLh3YZfRQwJ7R2uMLy6m3KPuWgWxRFy,0.0,0.0,0.0,0.0,0.0,0.0,0.0,1.0,0.0
ByHnYLSbNCyjq3BCjogCwRiEaYduHQ6kDQMnKgwGAJw4,0.0,1.0,0.0,0.0,0.0,0.0,0.0,0.0,0.0
ByPuwSm7dkaYRaYz4YEADujkspGyZr6i9R4jUnc8dpih,0.0,0.0,0.0,1.0,0.0,0.0,0.0,0.0,0.0
ByjcyGru3RTeAheTjoFJi7mL8knNmzHz1twuoqjbjRtF,0.0,0.0,0.0,0.0,0.0,0.0,1.0,0.0,0.0
Byuxqo4io4YMFkEMLvfC9tGi3Zqsce8wLLWGPpsbwRiC,0.0,1.0,0.0,0.0,0.0,0.0,0.0,0.0,0.0
ByzJBuQgHnFiau8nV23odiqWanRNhj8q7B7gY3ZPdTPe,0.0,0.0,1.0,0.0,0.0,0.0,0.0,0.0,0.0
Bz81H75K12YAW7n7W3ESuCqvuHsr5hrfCdrmUKLh9VBm,0.0,0.0,0.0,1.0,0.0,0.0,0.0,0.0,0.0
BzD8kn74pbT4aoniyJZKmkXujT74nBASvZJodp9y4h4c,0.0,0.0,0.0,0.0,1.0,0.0,0.0,0.0,0.0
BzRutKgc9hpobQn4cikWP1SeWqtxowv4iE4sG7RHGdRf,0.0,0.0,0.0,1.0,0.0,0.0,0.0,0.0,0.0
BzVMozq6s3uHXfRrRcFYxbdFf65q1r9nUbK9B45RDVhc,0.0,0.0,1.0,0.0,0.0,0.0,0.0,1.0,0.0
BzbUW1LS78X8tn9kioG9arz4XFRhtNTVqnjF3P3Jqitx,0.0,1.0,0.0,0.0,0.0,0.0,0.0,0.0,0.0
BzicN3uANL3MEx1E6U74aeCyhkEoDPYiEsofdRxvtQgw,0.0,0.0,0.0,0.0,0.0,0.0,0.0,1.0,0.0
C15sjxRLgWxjSeH9QnhPciaPUXMT83XRLhimhCtcrKpS,0.0,0.0,0.0,0.0,0.0,1.0,0.0,0.0,0.0
C18NPU6X4FdkeDSPPmWZ1d3dR9PiGJW2cAVWDmrLPdAm,0.0,0.0,0.0,1.0,0.0,0.0,0.0,0.0,0.0
C19ySSeCnr9LJ1vvTgGLXeFR4in5jcJJ53HTAfNpYnU5,0.0,0.0,0.0,0.0,1.0,0.0,0.0,0.0,0.0
C1GG5GAqXrTy4QgNNWia775p2qFyZqqWjqDgymYBjNMk,1.0,0.0,0.0,0.0,0.0,0.0,0.0,0.0,0.0
C1GnTtBFewxTLf2Z737XHT46VSAExjQXSPq5LxcU2Hfk,1.0,0.0,0.0,0.0,0.0,0.0,0.0,0.0,0.0
C1LUg6yYisDniAEwziq3AVGocb2YCrT2t6wF2i9Dz3dE,0.0,1.0,0.0,0.0,0.0,0.0,0.0,0.0,0.0
C1Xmd5ac2B2SFycCfvrEo9GCJdwSGMBxGHiETBdbPEZt,0.0,0.0,1.0,0.0,0.0,0.0,0.0,0.0,0.0
C1Y95WKh2UGt3Q8162XiQ2ak2FdM31NWbLwpw3LHUEYQ,0.0,0.0,1.0,0.0,0.0,0.0,0.0,1.0,0.0
C1chh3MmGZtmBGrPKYinQsJstasfCd9R11zcSmHhAx5E,0.0,0.0,0.0,0.0,0.0,0.0,0.0,1.0,0.0
C1g84RuyoTiCgnDeXJbbJe2QUnELzwQEPiRtKJwqxkim,0.0,0.0,0.0,0.0,0.0,0.0,0.0,0.0,1.0
C1hPCnVH1xXBY8kzQmXT1oHAX1ggxaHCQJrTDrdDk1VQ,0.0,0.0,0.0,0.0,0.0,0.0,0.0,0.0,1.0
C1nGU6rmsZSzQGq1BXvFKP1txF8sWhCJA8sLgYbHrwfR,0.0,1.0,0.0,0.0,0.0,0.0,0.0,0.0,0.0
C2346kftbLJqAepu26VxgS5q3ByaxKEwwb8j9nWFSvCq,0.0,0.0,0.0,0.0,0.0,0.0,1.0,0.0,0.0
C2L1nzFKZPUhbNeMJSiTuGQcfGVgkTgxfJJnWzdpj6kC,0.0,0.0,0.0,0.0,0.0,0.0,0.0,0.0,1.0
C2MXUQ6UEUmvunLokiXJ23nDT1y6ALGsrqZ3DCoJZ112,0.0,0.0,0.0,1.0,0.0,0.0,0.0,0.0,0.0
C2jmyW6yqH7oYQjUbSytKcLDUNeXQ7dXzQiWUYx1kKfd,0.0,0.0,0.0,0.0,0.0,0.0,1.0,0.0,0.0
C2nu7PiQLke5p1XbVHfTsxqcDM7qkWQkC2cyiF1X8qcv,0.0,0.0,0.0,0.0,0.0,0.0,0.0,0.0,1.0
C36G5qyXg5FyVU8LaPjXgE9YDRMfn1NRLJDm88gRxUsZ,0.0,0.0,0.0,0.0,1.0,0.0,0.0,0.0,0.0
C36otRe6Kx85XiUYkpwoKAtzznoiYMgtd3SZe2eAJqoD,0.0,0.0,1.0,0.0,0.0,0.0,0.0,0.0,0.0
C3JRp1Ff1cLyQrjhEHzsAm3v4JJ77KUL2PznHZ4yLoSz,0.0,0.0,0.0,0.0,1.0,0.0,0.0,0.0,0.0
C3NhBpgxRjKp1P6kXgj1eaNsPgUF3AEwYtcWsFDCtuVc,0.0,0.0,0.0,0.0,0.0,0.0,0.0,1.0,0.0
C3Uyui9NkBG6mCJLh6juFpNJoWspZbc2AxSnPnw4dcJR,0.0,0.0,0.0,1.0,0.0,0.0,0.0,0.0,0.0
C3ty9MJuZDgW7GMvktwVHwEybDQ13XVjSDDaZh6JBmHA,0.0,1.0,0.0,0.0,0.0,0.0,0.0,0.0,0.0
C3z4fL77oJs7Xnk7yYNorts4yX4fCCvZpxE2FpFV5EdF,0.0,1.0,0.0,0.0,0.0,0.0,0.0,0.0,0.0
C4EivVH4kEhwT8uwRKUMmuM83uNNG1P5cK7BqD2Eux5y,0.0,1.0,0.0,0.0,0.0,0.0,0.0,0.0,0.0
C4QsxJnXoNkmajCiXT2brurQByKZJKRH7Ge87MfEZMjZ,0.0,0.0,0.0,0.0,0.0,0.0,1.0,0.0,0.0
C4RKyEcUS7t4vtZyx5ejEocPKuw3tj1Ngn98RmRjLt7X,0.0,0.0,0.0,0.0,0.0,0.0,1.0,0.0,0.0
C4ReY95myAgzYvsTG4Yetz6nVJpBKyx96aqY1vjgtbAF,0.0,0.0,0.0,0.0,1.0,0.0,0.0,0.0,0.0
C4VC2yeHWbSFwUNQ9DPMzxNCfvgptAb6k2vLjo1zJTgV,1.0,0.0,0.0,0.0,0.0,0.0,0.0,0.0,0.0
C4ehWBtenjAaLa8vQZxf2zjX3Q215wKsyMBrm7JY3Z9p,0.0,0.0,1.0,0.0,0.0,0.0,0.0,0.0,0.0
C4paByLL2d3yGf2LdYZMz3e39fQLw1MtsPj7WWGwdNiV,0.0,0.0,0.0,0.0,1.0,0.0,0.0,0.0,0.0
C4yt4sGmxBxX2td9fhW1kC3rZJF9ikCatZqY34zqGAsY,0.0,0.0,0.0,0.0,0.0,0.0,1.0,0.0,0.0
C528QLC281j3BY8ruqYGsjqJVdo72Hsu5EeHVRWUswnd,0.0,0.0,0.0,0.0,0.0,0.0,0.0,1.0,0.0
C52Z4CzZESA6WbU9jykUyY55riRsMFJQfLYBK9xrf6fe,0.0,0.0,0.0,0.0,1.0,0.0,0.0,0.0,0.0
C5E6NkL1LxMWYMUz7HC5PHgLLbJHuiH6RDUYawbP3k8j,0.0,0.0,1.0,0.0,0.0,0.0,0.0,0.0,0.0
C5UrpYZSBSuuK4jRTLefVjz6BiBmADhQY21BrjLQ5dHz,0.0,1.0,0.0,0.0,0.0,0.0,0.0,0.0,0.0
C5XYPgRfDoKPjGGBCS2EPm7y4pr3sBSSSYXinCTnxcd8,0.0,0.0,0.0,0.0,0.0,1.0,0.0,0.0,0.0
C5t5zxkCg8xQycqdeToi4yh5zU3KjQq7ARdyg5Vt5gQg,0.0,0.0,0.0,0.0,1.0,0.0,0.0,0.0,0.0
C6REvs4so7s3b7M4KYBnFn1LbbSGoeQ76HBnfqQ6HznA,0.0,0.0,0.0,1.0,0.0,0.0,0.0,0.0,0.0
C6S7pGiCX2spQCXFbqcxtQ4jAU4LJ9eFkB68jptC2MRB,0.0,0.0,0.0,0.0,0.0,0.0,1.0,0.0,0.0
C6mY23RJ4rCgrEnZ6LLtkRs9LXxRRPSez28zBruRjwvs,0.0,0.0,0.0,0.0,0.0,0.0,1.0,0.0,0.0
C6nUs6h1NxyD3LpQC4ryU837SwPNNYAHm8nGQvVbEzTw,0.0,1.0,0.0,0.0,0.0,0.0,0.0,0.0,0.0
C6s13kNZcf7Xrzet5e8BLHyQZvwaEuwAzzBENsp1mDiP,0.0,0.0,0.0,0.0,0.0,0.0,1.0,0.0,0.0
C75TWtLNF6WHX69g7FQGsYWy5BkXgpzm3yDDbkTqtXkV,0.0,0.0,0.0,0.0,0.0,0.0,0.0,0.0,1.0
C7EbRUFUP7JJ7cDWTqQrhziuZwSV3r94BqSh6q818PwY,0.0,0.0,0.0,0.0,0.0,0.0,1.0,0.0,0.0
C7KDDddCrN63AyZ8bBJQ8AWcts9xa2kV9PUJpTDYDxiz,0.0,0.0,0.0,0.0,0.0,0.0,0.0,1.0,0.0
C7WCKMHKXZRcpgoy8j37sk4Sa71tzygZgHjMSUCP9VWb,0.0,0.0,0.0,0.0,1.0,0.0,0.0,0.0,0.0
C7gS8oHYxpKbyn3ouWsX9a7CYvg6eEojnsrbQpuXLW2C,0.0,0.0,1.0,0.0,0.0,0.0,0.0,0.0,0.0
C82PfSTW3zuLrRuSPK8ypRHBJ5Ug677Z4DkEkL144EnV,0.0,0.0,0.0,1.0,0.0,0.0,0.0,0.0,0.0
C836mgErExCLda1Fv9NqfpuzMyRoh8tZ86rDPDYF2XGc,0.0,0.0,0.0,0.0,0.0,0.0,0.0,1.0,0.0
C8DA9ggd5bzFnf1N1NampDveaCgK33k6PyzDNhCAfqSo,0.0,0.0,0.0,0.0,1.0,0.0,0.0,0.0,0.0
C8EV9Ntm1XEcAm4YTFcUphDvTHGy4aCvFWZhyWdnfd7a,0.0,0.0,1.0,0.0,0.0,0.0,0.0,0.0,0.0
C8JVPF5CiCgbKcgGenb71t54gbkJQnXKiyCPnknuHwWd,0.0,0.0,0.0,0.0,0.0,0.0,0.0,1.0,0.0
C8aPw4t6KXpiUqiCCsPGH4qeQXLv89qPx2hVgQew3wnT,1.0,0.0,0.0,0.0,1.0,0.0,0.0,0.0,0.0
C8gxmyrZ9QxC8ZeEdihVP7m1DMJycUhZwrGeQdbR4B3e,0.0,0.0,1.0,0.0,0.0,0.0,0.0,0.0,0.0
C93rDeVZr8mQgNnvYSV1jejNoWopfcpo1Wd1Sx7uG2qR,0.0,0.0,0.0,0.0,0.0,0.0,0.0,0.0,1.0
C94L7nomkpmq7LdGGN1Hw43mEhhsZS87s3ossuJDQFyi,0.0,0.0,0.0,0.0,0.0,0.0,0.0,0.0,1.0
C9KCiGdyP1aoBFdpgFiDoyiiq6gFqbiBm12ZL3DnNwTs,0.0,0.0,0.0,0.0,0.0,0.0,1.0,0.0,0.0
C9U1zBRejjCMdTWoP8kwDTAsEs644ZFjsk7d9icgd4DU,0.0,0.0,0.0,0.0,0.0,0.0,0.0,0.0,1.0
C9mdtaACxw56e2V7CXN9voP4TF92BdVcJj8EierWSZJw,0.0,0.0,0.0,0.0,0.0,0.0,0.0,1.0,0.0
CACvVGduytEnNP9b5TFprzeEPMKZurwJ3coDJ1BJFJhM,0.0,0.0,0.0,0.0,0.0,0.0,0.0,1.0,0.0
CANNBqESgoqtP43ZECARVAX7r8EEjEeLNvbj1WgxRmbg,0.0,0.0,0.0,0.0,0.0,1.0,0.0,0.0,0.0
CAPTG6LahfPwnZ3zaJmbyNPeHrQCn6WhMVqxN3V2CKYk,0.0,0.0,0.0,0.0,0.0,0.0,0.0,1.0,0.0
CAQhJavvVqo4xNV6eWRSrj5LBq6Wo3uVBcqtp21HEcLS,0.0,0.0,0.0,0.0,1.0,0.0,0.0,0.0,0.0
CAihEiQJjGgJ5Dx8y41hyhvMoMWJpuxF8MRXdNzH9usC,0.0,0.0,0.0,0.0,0.0,0.0,0.0,0.0,1.0
CApiPpHwZBesaE5wBwCgPYSA5fNWcCdqpthuYjM7oMxE,0.0,0.0,0.0,0.0,0.0,0.0,1.0,0.0,0.0
CAvvAFNRfXDWTTDqwgxb9qSyYT8fTuTXWSFwL7Jsz8vT,0.0,0.0,0.0,0.0,0.0,1.0,0.0,0.0,0.0
CB3yY9eg3NXRpQgdFv64QfU8Aoaprug6u9w5b3ofoTP,0.0,0.0,0.0,0.0,0.0,0.0,0.0,1.0,0.0
CBADJmPHHUSbP2UP87P2T8NVBYUmDVoKxoeaZq7eYKBV,0.0,0.0,0.0,0.0,0.0,0.0,0.0,0.0,1.0
CBTiF7hiVQq9cpx8YF5N7J9LaczpoDQjS5wEMy5RqQtL,1.0,0.0,0.0,0.0,0.0,0.0,0.0,0.0,0.0
CBWxaEizVm9gRUbei6iymCWi5S4zekEyLuZTjPC5jUun,0.0,0.0,1.0,0.0,0.0,0.0,0.0,0.0,0.0
CBbuEZgi8HMUAUxGsuvUpeqgca1MDc7pdGuKqqcLioet,0.0,0.0,0.0,1.0,0.0,0.0,0.0,0.0,0.0
CBfD5maxj2QdwnHvbRd5wdU8oWb4NNYf9Agy6CGUFv3,0.0,0.0,0.0,0.0,0.0,0.0,1.0,0.0,0.0
CBqBvrESupz42729fLXEigRyGPujKdbGU1SjNLZDVVms,0.0,0.0,0.0,1.0,0.0,0.0,0.0,0.0,0.0
CCC4dJPkKKwJpt2g6RFT3VQ9ZhfpSFrpr9or8TxTEk4r,0.0,1.0,0.0,0.0,0.0,0.0,0.0,0.0,0.0
CCV7P3D88gLG9iASP3yS28mic752tB4bYuSdZUye6vgY,0.0,0.0,0.0,0.0,0.0,0.0,0.0,1.0,0.0
CCciXxpZNDgYepX9YfgViaMSnb9X3doc7yEstJpu7KGw,0.0,0.0,0.0,1.0,0.0,0.0,0.0,0.0,0.0
CCfc9FHmz6oJpTMCc8K6rmwuSqeKVsCLZKSBnWG9VLvU,0.0,1.0,0.0,0.0,0.0,0.0,0.0,0.0,0.0
CCiZf4Qvg3YjTwwZsaevYXy1NgA3WUuR1AYLzAdhHji1,0.0,0.0,0.0,1.0,0.0,0.0,0.0,0.0,0.0
CDAyxm3xNUTm95jLYzHwxGs2UpGMhT6JeyC8Wn4XnSmV,0.0,0.0,0.0,0.0,0.0,0.0,0.0,1.0,0.0
CDDcUg4TdPmKVWjNkJaXgHaxQzjbtZWr1YwjVis2XbHS,0.0,0.0,0.0,0.0,0.0,0.0,0.0,1.0,0.0
CDQ24Aztt7jEcQUjzFbu3omKDDY8duiRjWxmAzjcAHvy,0.0,0.0,1.0,0.0,0.0,0.0,0.0,0.0,0.0
CDyTtZSS2qTByPjudTCsybp3AXLWsJsqGDjJYX4Dh4WF,0.0,1.0,0.0,0.0,0.0,0.0,0.0,0.0,0.0
CE38hNsEhEDPLK7En8DF3Yzdgbpj68aQCffB1V6pgVW9,0.0,0.0,0.0,1.0,0.0,0.0,0.0,0.0,0.0
CEF2paFGN6Se4o6rwaSqjS1phqJbFhxRTuTfMvP2wKYW,0.0,0.0,0.0,0.0,0.0,0.0,1.0,0.0,0.0
CEKxwSGoEfYt7Zq3LibUMdXhqy4V58Hr798Cg4T3iTcR,0.0,0.0,1.0,0.0,0.0,0.0,0.0,0.0,0.0
CENWJFmaqsVcjXTYCrjWejmFNVRQRdWHDFzp4cCkrAAH,0.0,0.0,0.0,0.0,0.0,0.0,0.0,0.0,1.0
CEY7PjCRRCvTrCppyCzwu191PT5AsXehuhydNm6UeDXp,0.0,0.0,0.0,0.0,0.0,0.0,1.0,0.0,0.0
CEchKtqJXBmLf5nFmZr8c6CZid1UNKFmjPq5zKsSsw8m,0.0,0.0,0.0,0.0,1.0,0.0,0.0,0.0,0.0
CErNCfdz1odGkP5kj1uNMtzKQiDpaWcUtSS7yPz5JRhR,0.0,1.0,0.0,0.0,0.0,0.0,0.0,0.0,0.0
CF1u6EbP8jLzwHm6DC1pQ36rMdTajcLWSuZrG3vM3Qbi,0.0,0.0,1.0,0.0,0.0,0.0,0.0,0.0,0.0
CF9QcsgNov3UMaeuAFYsujuagMHPiG8jci8GjSr2hdvG,0.0,0.0,0.0,0.0,0.0,0.0,1.0,0.0,0.0
CFCYrZfDTLsZHN4wvSPLSCkWR4qx94CAB9NhBhGNTPQu,0.0,0.0,1.0,0.0,0.0,0.0,0.0,0.0,0.0
CFE7t5SbRp1KEMiAgQJHJmKE3XTR6bQ6ijpCoV9efhQc,0.0,0.0,0.0,0.0,0.0,0.0,0.0,0.0,1.0
CFW3YFB4uN1NWFDYmcKmT9qA3iyi3L5Bz9QJNjKQAWeS,0.0,0.0,0.0,0.0,0.0,0.0,1.0,0.0,0.0
CFXU92h9GtoJFTT47rHBhrX3SuMyGBUPvDzjjYhJ8CCJ,0.0,0.0,0.0,0.0,0.0,0.0,0.0,0.0,1.0
CFcUeEhjGsdvZeQYGFS17fSnLmrGijPvkaKctU4mBtmE,0.0,0.0,1.0,0.0,0.0,0.0,0.0,0.0,0.0
CFq7vjYCbLqMXqBKCdKUB7hVK5SFwB2gPSEjj8LHhpG3,0.0,1.0,0.0,0.0,0.0,0.0,0.0,0.0,0.0
CFw7b8hEk7N86bKFYhxLwP3LdmYnGXRH956DNu3saHcj,0.0,0.0,0.0,1.0,0.0,0.0,0.0,0.0,0.0
CFyZiEasjPCfR5iM9wZZmMHqUH6n4e8qW9i2BvkzCVGR,0.0,0.0,0.0,1.0,0.0,0.0,0.0,0.0,0.0
CG4TzbHd3koPmrEkcDz9kE88R3U9MDsZnoejv47tk7vj,0.0,0.0,0.0,0.0,0.0,0.0,1.0,0.0,0.0
CGKpHAihYTgkQ9qm1GrPtnMk8P5hTWZD6ybUC2jzgfYj,0.0,0.0,0.0,0.0,0.0,0.0,0.0,1.0,0.0
CGSkXGnAJMniR7eNrxrABfwMCC1RZm64u5F1BzKcF3S,0.0,0.0,0.0,1.0,0.0,0.0,0.0,0.0,0.0
CGvgDjohXpVMf6sPVGQuCWq236CAd4EEYYcxuFfe7yWo,0.0,0.0,0.0,0.0,0.0,0.0,0.0,1.0,0.0
CHQNpZXhgXj9ju9ko3abGhM5bbwM6oU74tW6xYce1dVm,0.0,1.0,0.0,0.0,0.0,0.0,0.0,0.0,0.0
CHucsL3fso5hc7Kbc5VDyvwpqtrNCA96M12L1kqYrpTt,0.0,0.0,0.0,0.0,0.0,0.0,1.0,0.0,0.0
CJFT2xKyzeThR9zdTHXjxwEUSBw1mthuhTwU929NLb52,0.0,0.0,0.0,0.0,1.0,0.0,0.0,0.0,0.0
CJNGq9Sa9CakUSvZDVVuYqD1A71y8Q5hcX1bavRZra2G,0.0,0.0,0.0,0.0,0.0,0.0,0.0,1.0,0.0
CJNjhFdzu7BkHfHUjJiLFY8pPSwR9hsXWiRJz5nkWiUM,0.0,0.0,0.0,0.0,0.0,0.0,1.0,0.0,0.0
CJi4A6w7wePqrt1EKUhJ38wnXtEDvbybLuVo7SiBvh8H,0.0,1.0,0.0,0.0,0.0,0.0,0.0,0.0,0.0
CKSh7QYWBsXVXPNLFrry2oZ5hxVAm2TmbR365rrgb896,0.0,1.0,0.0,0.0,0.0,0.0,0.0,0.0,0.0
CKSux53YRLDFEjbptSZLsPFiwAFs9FQ6KRqz79ado6RZ,0.0,0.0,0.0,0.0,0.0,0.0,1.0,0.0,0.0
CKcrDjvQzumt5XPfB7mrP8mSbxyUkq9TmCLwDuPZdfA5,0.0,0.0,0.0,0.0,0.0,0.0,0.0,1.0,0.0
CKtHhqPj1q8H3sF1u6QFwMTpuqyYNiV5ZNS4NkosechS,0.0,1.0,0.0,0.0,0.0,0.0,0.0,0.0,0.0
CKzD4Bi7JcHQbDfov49rVNsAaPAYGy6QSKSdUq8nhd6,0.0,1.0,0.0,0.0,0.0,0.0,0.0,0.0,0.0
CL3HUmLVMe7x4uctfNp2mQEE6WXymtpUPCYtg3z28wWL,1.0,0.0,0.0,0.0,0.0,0.0,0.0,0.0,0.0
CL5kjsY2UAqZuYmBN2APjLhaRJudSYDrsFdHX9abkAzD,0.0,1.0,0.0,0.0,0.0,0.0,0.0,0.0,0.0
CLApwzc5NHABuw3szY97PSAmJECjmoSzN1AmKw5Rsn8d,0.0,0.0,1.0,0.0,0.0,0.0,0.0,0.0,0.0
CLDwn3hYpSbb7L69kaByrCETPH6vVbUr4bdzKhKfW3cA,0.0,1.0,0.0,0.0,0.0,0.0,0.0,0.0,0.0
CLbK57QNWozhEsGJzzovojZ1bqExg7TX21vZoH1t2Tju,0.0,0.0,0.0,0.0,0.0,0.0,1.0,0.0,0.0
CLgETALJARn1W2zDrbj7SqWmLnbtqBqYZC4q7QJoMYCh,0.0,0.0,0.0,0.0,0.0,0.0,1.0,0.0,0.0
CLk4qbG38pTydhzgbyGVMVYtEDD2ZzebHjWakfAG1egN,0.0,0.0,1.0,0.0,0.0,0.0,0.0,0.0,0.0
CM4xpPPDEjShccP5USPUjKpShg581ycqtaerhQnLji1,0.0,0.0,0.0,0.0,0.0,0.0,1.0,0.0,0.0
CMPEmNbESZg7xmgk5scpWCUFjCTvaYaSdJyNSzdzCFSX,0.0,0.0,1.0,0.0,0.0,0.0,0.0,0.0,0.0
CMY2htD3jfNyhWfpD55qouNNdrQMrHKHhz2eBAUYpsva,0.0,1.0,0.0,0.0,0.0,0.0,0.0,0.0,0.0
CMhmpx6UiJNJY5yiUmKHmgVVLpKdsdvRS6KTpAcezXgD,0.0,0.0,0.0,0.0,0.0,0.0,1.0,0.0,0.0
CN263PCiwQYrCHJmJQERiNM9CvncXGXRPdQnGDZ7gGhv,0.0,0.0,0.0,0.0,1.0,0.0,0.0,0.0,0.0
CNKsqaY3NaXxHoLp2zR8RwT2YskmSXCdkKZNLqpvoprr,0.0,1.0,0.0,0.0,0.0,0.0,0.0,0.0,0.0
CNLyoVJBL1ZxutX4r4Bw1fD5Vw3AyMQ4TgCEnhgnLEsj,0.0,0.0,1.0,0.0,0.0,0.0,0.0,0.0,0.0
CNXrpynimoBDch163RK53aVZ19wZ5SBjwnuFBkpgHAUS,0.0,1.0,0.0,0.0,0.0,0.0,0.0,0.0,0.0
CNe3KyGyYFET74p1jCUFKCtM5fALWqoJoTgMDM5z8fGR,0.0,0.0,0.0,0.0,0.0,0.0,1.0,0.0,0.0
CPED41JMYms7KQVDjEwikof8Bm75y1y4v7GgYNfQBCKH,0.0,0.0,1.0,0.0,0.0,0.0,0.0,0.0,0.0
CPTjRRbF8zdvhsvxwEtrPUkY3yUuEG4ZsHAn9pEBGyb5,0.0,0.0,0.0,0.0,0.0,0.0,0.0,1.0,0.0
CPTkjLzAU6KdPDBBdk8PaiCXhXtqLwWen8J2mzY2NiMd,0.0,0.0,0.0,0.0,0.0,0.0,0.0,1.0,0.0
CPXR6hfrFTorx94AgAFbgy7zRwW4fhsaR9114X1CFKH6,0.0,0.0,0.0,0.0,0.0,0.0,0.0,1.0,0.0
CPicbdQJH4okFVPrsk3saMftmiUDd94qGa8ePYdjCk5E,0.0,0.0,0.0,0.0,1.0,0.0,0.0,0.0,0.0
CPw8rJSZxfreLj4LzM6RSSD52Mkvt69tbB2UMkEaiD1m,0.0,0.0,0.0,0.0,0.0,0.0,1.0,0.0,0.0
CQ8hAbwo25BDG1FmvtjxYfEmKTZ9MZCBZH2dJrneEs8k,0.0,0.0,0.0,1.0,0.0,0.0,0.0,0.0,0.0
CQc4QRCa34N9KgBGyGovdLmor7vczoEHQn2LG1H9X6Bs,0.0,0.0,0.0,0.0,1.0,0.0,0.0,0.0,0.0
CQj3mxMjSFfRGZ5Zip38gwhrwTw4XNBr3XWnsJwj5veH,0.0,1.0,0.0,0.0,0.0,0.0,0.0,0.0,0.0
CQpqEU1HEYxRbGcDWAvePKWAnuvF38frFNiCFoNRsn8n,0.0,1.0,0.0,0.0,0.0,0.0,0.0,0.0,0.0
CR2CgZYyi6diWMY5xeKLPev7ESBzohaCcwszWuos4R5h,0.0,1.0,0.0,0.0,0.0,0.0,0.0,0.0,0.0
CRBD8QxsJgoXZwU4khLW3Lqrv2fC4A1g3jznjwydVRcJ,0.0,0.0,0.0,0.0,0.0,0.0,1.0,0.0,0.0
CRFLd7FSyDnbadmr8Q8xYYv8DCD8U9atNGmV9CvviCE7,0.0,0.0,0.0,0.0,0.0,0.0,1.0,0.0,0.0
CRKVtYzZnLGNV3KUJTdQJBETsUZ6j4zgXHzLUXWNJPWY,0.0,0.0,0.0,0.0,1.0,0.0,0.0,0.0,0.0
CRLTFNaMn9Ec7Z5eTpwmktrKkVnmh7kHa8GzwXR6eDV3,0.0,0.0,0.0,1.0,0.0,0.0,0.0,0.0,0.0
CRST8DkUvENLHFsbS5yazTUpXrw9pWwNyMB4rrhRT52N,0.0,0.0,1.0,0.0,0.0,0.0,0.0,0.0,0.0
CRdyx7864mC9b5Gi8hRX8beoUaj9X72nMLrxTZRL3UYB,0.0,0.0,0.0,0.0,0.0,0.0,1.0,0.0,0.0
CRfuvUUfopRJwqqUrN75688rmsXJfhDE5QAb7xddtDzm,0.0,0.0,0.0,0.0,0.0,0.0,0.0,1.0,0.0
CRfxtHuxfrZjcEzgtaT7AibPNuBWx2Ro7ntHc6uFYPGY,0.0,0.0,0.0,0.0,0.0,0.0,0.0,1.0,0.0
CSAPb89JAc2LByiYSwdGny6B3NCFQ3ckPcznghZrv529,0.0,0.0,0.0,0.0,0.0,0.0,0.0,0.0,1.0
CSFmDQjFMN4KJx5WssACmnYsTE765XWfgpaCGEAaC6Eu,0.0,0.0,0.0,1.0,0.0,0.0,0.0,0.0,0.0
CSbpBrJJXxiNHxQbFcmQ4T8XeBJUxZ8Cn6ho5bhvX2ct,0.0,0.0,1.0,0.0,0.0,0.0,0.0,0.0,0.0
CSkeC43zdCrkZ1mwP17ynP946ACBYj7fh5jpFioyAaec,0.0,1.0,0.0,0.0,0.0,0.0,0.0,0.0,0.0
CT5DVMWgMaLyCawBArVHCuusmgjXyMao7vjAoNkPJZT1,0.0,0.0,0.0,0.0,1.0,0.0,0.0,0.0,0.0
CTQXj4HzAj9zc57nX4ERh5xLKAmGKo1ue57m1MhVXzkz,1.0,0.0,0.0,0.0,0.0,0.0,0.0,0.0,0.0
CTVXZJxHbqsfeVBvvbWsgSWRDtM9Kg5pSmiBuZjWkS6T,0.0,0.0,1.0,0.0,0.0,0.0,0.0,0.0,0.0
CU63jhVefFCWNZfGexsTdf4TWsEjF528bKhXaVFLVgAw,0.0,0.0,0.0,0.0,0.0,0.0,1.0,0.0,0.0
CUB1Y6n5sWeYMyUpWTnWztXyBHmTR5zKWrmAiUtTT7X9,0.0,0.0,0.0,0.0,1.0,0.0,0.0,0.0,0.0
CUKgpvDs4Myoo7tXqHQdge5MF8hX2nwC8ErbMw5VM3BX,0.0,0.0,0.0,0.0,0.0,0.0,0.0,1.0,0.0
CUWN1SR7QXpHrGonM4Zr5aHmwmBhYn4WajtKHEw7fFoA,1.0,0.0,0.0,0.0,0.0,0.0,0.0,0.0,0.0
CUwoVgKq9THkrnt9LhkKRSuFgPqx8Vz5RtBRXYvPAHBC,0.0,0.0,0.0,0.0,0.0,0.0,1.0,0.0,0.0
CUxvtXxzkBn3uGWZT4VZ2ejjii2iBBbFFcncz2fueEch,0.0,0.0,0.0,0.0,0.0,0.0,1.0,0.0,0.0
CUyHJh9gUzTgaXEvNvXXoE21WSJPky15pAdGFWNZWDDs,0.0,0.0,0.0,0.0,0.0,0.0,1.0,0.0,0.0
CVFwKBTypgmPMWmCy2fRcb5e4yyuCgvXgWKKri3gF8cY,0.0,0.0,0.0,0.0,0.0,0.0,0.0,0.0,1.0
CVKQkLe84cUdQDZoGHe2idQfznJq7qrdPn7G41Wj9QBk,0.0,0.0,0.0,0.0,0.0,0.0,1.0,0.0,0.0
CVUaDxcaRsEQb12T1qLYz473hjrtiRGAgF2o8LAGfdPj,0.0,1.0,0.0,0.0,0.0,0.0,0.0,0.0,0.0
CVk8kCopZzCg5zGRVhevqE3qG95EttbEYYEi61UmPDFZ,0.0,0.0,1.0,0.0,0.0,0.0,0.0,0.0,0.0
CVoj18ovPUwYE77AC8nBGEWQ4sdBzZEn7ub7cEYgjtMf,0.0,0.0,0.0,0.0,0.0,0.0,1.0,0.0,0.0
CW4qieKYvwgu8bdGn5Cpoe51BRvk6zV7EmanLBGTeg2r,0.0,0.0,0.0,0.0,0.0,0.0,1.0,0.0,0.0
CWL89XjWxxnQG4WcT1ghBYhewXYekhQ4aT6312EqT5JD,0.0,0.0,1.0,0.0,0.0,0.0,0.0,0.0,0.0
CWP1rCayQtJpg46odSk53TEp3cqnWGgM9nYdikp1E4rc,1.0,0.0,0.0,0.0,0.0,0.0,0.0,0.0,0.0
CWYdwNE7bYpiT8aWyrBHcMWcag9F4LAkPQ34JHtjvYpS,0.0,0.0,0.0,0.0,0.0,0.0,0.0,1.0,0.0
CWrjfccxBYeVfxuAn4U65XAzNVAqFXeQTNcFVYAHTGXk,0.0,0.0,0.0,0.0,0.0,0.0,1.0,0.0,0.0
CXBnFMzCKvSJMgXqYna9hVfFWp1iMe6FVxUXmAXkkcYX,0.0,0.0,0.0,0.0,0.0,0.0,0.0,1.0,0.0
CXCowYXuyZtMzv7gwsqtoVZLVGgSiu7V2W3XbEvxENvb,0.0,0.0,1.0,0.0,0.0,0.0,0.0,0.0,0.0
CXDDGiSeFRwYsSjC2xSoAS24fYQDspdSg6PLaKEc3xuH,0.0,0.0,0.0,0.0,0.0,0.0,0.0,0.0,1.0
CXDwMzncmrifGu9mLtYrL3cVkqLRyTfDKwYoVBzxuHRr,0.0,1.0,0.0,0.0,0.0,0.0,0.0,0.0,0.0
CXGQUsb77mMdzF8NUMzyKSe9PJbdmSkVDMCnnQV5hGwg,0.0,0.0,0.0,0.0,0.0,0.0,0.0,0.0,1.0
CXHPSKb1rUHVWkVaJY5CTrY62zcC46CsAdnURoURsL4o,0.0,0.0,1.0,0.0,0.0,0.0,0.0,0.0,0.0
CXWFSQPCvJzr3mjk2frqkZiHHu5LceRkKnS13ACqAw1K,0.0,0.0,1.0,0.0,0.0,0.0,0.0,0.0,0.0
CXpaRXMiZPCVZU4EtcZR2UN7o8zLx6wS1WBLQx7s6V5b,0.0,0.0,0.0,0.0,0.0,0.0,1.0,0.0,0.0
CXtkN6WEUHLiF1sGNk7VUcZhdit1BUuFUhP61tv6YmuS,1.0,0.0,0.0,0.0,0.0,0.0,0.0,0.0,0.0
CXvhsn2Qy65MctQ6jw75zbnwkijKmirccMgDMN8nd2xD,0.0,0.0,0.0,0.0,0.0,0.0,0.0,0.0,1.0
CYH2HavfLspiU3s3ENp5RbYBnHPhMokx8Gn7vD6J175c,0.0,0.0,0.0,0.0,1.0,0.0,0.0,0.0,0.0
CYLMmVp7GAtqhzY2zP5QcUpM9wzopgVeadDedH6vgdZp,0.0,1.0,0.0,0.0,0.0,0.0,0.0,0.0,0.0
CYN1vLuYSEqx4Ef6vdXDAYBcx7jY1Ng3o3D4xyiQVcXd,0.0,0.0,0.0,0.0,0.0,0.0,1.0,0.0,0.0
CYgPULcckDvuvyvcfFXZS8NT7iHD66REabWtpmjp5nRk,0.0,1.0,0.0,0.0,0.0,0.0,0.0,0.0,0.0
CYhbRntGCFXGfZice4aoPehMEj6VEMes2E4s51RfeA4r,0.0,0.0,0.0,0.0,0.0,0.0,1.0,0.0,0.0
CYiYup6ZbZhi3yQ1wwWAJppJ4m6uc1YpDrV5Mi8Gy8QC,0.0,0.0,1.0,0.0,0.0,0.0,0.0,0.0,0.0
CYtavQT5z31gwa8zjbYBSrAATBDqMceKdvpUMHADrzNe,0.0,0.0,0.0,0.0,0.0,0.0,1.0,0.0,0.0
CYtjLJp9SYwTsTHUjkvvo9rEqL97uhUb2FefUw84fvgk,0.0,1.0,0.0,0.0,0.0,0.0,0.0,0.0,0.0
CYvXC6qJ3pPSPHzEJ317wew4vJBy9MF4ofuqh4azBr6s,0.0,0.0,0.0,0.0,0.0,0.0,1.0,0.0,0.0
CZLoTgyLmcuqzFNPDWpWoZfXshLMq5LLR2bCPCr1tTrb,0.0,0.0,1.0,0.0,0.0,0.0,0.0,0.0,0.0
CZdsUNBNtHevwGyyeX1nuQ8Sj26qm1iWLYy1VxTcyE3H,0.0,0.0,0.0,0.0,0.0,0.0,0.0,0.0,1.0
CZgcc83sXjAy6ax59y9XgEKhYkGgKhH9RrbnMdU8GcpA,0.0,0.0,0.0,1.0,0.0,0.0,0.0,0.0,0.0
Ca9iseAtqi6s7otJcTqLupUfLzL2T6gN8jjNkJ7U2obz,0.0,0.0,0.0,1.0,0.0,0.0,0.0,0.0,0.0
CaShxDq2Vbdp2XryjDdUZthbTzwYsvKuH6Knn9pPi4xU,0.0,0.0,0.0,0.0,0.0,0.0,0.0,0.0,1.0
CajwqwxW8WxnuYzwSBvGMAgvvXPeeq1HpxUJVpCxnmmc,0.0,0.0,1.0,0.0,0.0,0.0,0.0,0.0,0.0
Cb4WoFfT5FjSRZPGurbiKCw7xzRhtsJHptAFun7SpDuJ,1.0,0.0,0.0,0.0,0.0,0.0,0.0,0.0,0.0
Cb5zC56DVH6JYAP9n99dkSmERVZmXXt285Lk4Jg3wo6,0.0,0.0,0.0,0.0,0.0,0.0,0.0,1.0,0.0
CbMoGhx4fVU83S8zJGcHj1XxTk7jt4xoDEH9fEbG2mAR,0.0,0.0,0.0,0.0,1.0,0.0,0.0,0.0,0.0
CbgtD3u7qnWbvSjWSg4jbJhaLYfWuKXqQRnyLLAgfVoa,0.0,0.0,0.0,0.0,0.0,0.0,1.0,0.0,0.0
CbqDUtjfT53vVq9rXbcV4QWqcVkdwyMq7xbgpaYdhFHh,0.0,0.0,0.0,0.0,0.0,0.0,1.0,0.0,0.0
Cc1ThUAzcSppdNrveio9YB4k523XwqLpBknHjKZtmPvD,0.0,0.0,0.0,0.0,0.0,0.0,0.0,1.0,0.0
Cc1Yjo8Bi5T9h2HePssBzBAcJmuDaH5NGds7gtJE71fT,0.0,0.0,0.0,0.0,1.0,0.0,0.0,0.0,0.0
CcEZgXToTBtv1G3TQyBTSrrV1gdyFLHWTbGZK6TUAfgJ,0.0,0.0,0.0,0.0,0.0,0.0,1.0,0.0,0.0
CcSNKExVG98Vtua2RFpd5vCKoWFdCMSJZaVhjWoM2LVc,0.0,0.0,0.0,0.0,1.0,0.0,0.0,0.0,0.0
CcXLnHDCgnbczn73BD1mjt97VpM1ZNQz1Pg5LMav8S2p,0.0,0.0,0.0,0.0,0.0,0.0,0.0,0.0,1.0
CcZkkStnXd448w93pH9iiTf38UFF8gWJnwYBDyNxrfkq,0.0,0.0,0.0,0.0,0.0,0.0,1.0,0.0,0.0
CcdtsBBonhjibuzf9vviT29sm2Lnc8PL72ZMFJSpN1mB,0.0,0.0,0.0,0.0,0.0,1.0,0.0,0.0,0.0
CcdwZDmLyf66oLFLhSmUWGoYTxFEkpgsys2J27RjaPq7,0.0,0.0,1.0,0.0,0.0,0.0,0.0,0.0,0.0
CcpgzSBQoby2WYrrgZQmpRa7W6saKqj5w77WohemoS6P,0.0,0.0,0.0,1.0,0.0,0.0,0.0,0.0,0.0
Cd4DxhGUfa7S6iZyD2VYDgjqLHHxjWSys1SP4zhfz2ZB,0.0,0.0,1.0,0.0,0.0,0.0,0.0,0.0,0.0
CdHmXC4UTYP1rQ6L4kLHL5NibipF9z9nJ8ydxbqZuFUV,0.0,0.0,0.0,1.0,0.0,0.0,0.0,0.0,0.0
CdWcXN5LrDXcsjYGn5Qx6Yvdoz3fV2bS5mjLXcMsVyEm,0.0,1.0,0.0,0.0,0.0,0.0,0.0,0.0,0.0
CdbpYt4tiUWXncQS5dVBgta1az5qsQdguSMHr9rG4N8Y,0.0,0.0,0.0,0.0,0.0,0.0,0.0,1.0,0.0
Cdm9bhAHq3EaE8x8Ai2zZnozxHwcuUGrteRJCY8c5ipc,0.0,1.0,0.0,0.0,0.0,0.0,0.0,0.0,0.0
CeA5LGTGwAzbejApo1TmgpGnc4tGWEib2hmr13h27m8E,0.0,1.0,0.0,0.0,0.0,0.0,0.0,0.0,0.0
CeAZpXrJzQZwSEuw5PYxP5J9VqSCQjkahraP9GNCfhA3,0.0,0.0,0.0,0.0,0.0,0.0,0.0,0.0,1.0
CeaYzJBdAL7yesVeGT8mPrAHvuinomeMKzdno4MNiFbo,0.0,0.0,0.0,0.0,0.0,0.0,1.0,0.0,0.0
CefAkbEehDoqU1FfLF5Ju81QpSrpJ5bYemjxqggy1ctE,0.0,0.0,0.0,0.0,0.0,0.0,0.0,1.0,0.0
CeuGDxzJhR2hBrRtxtzZe4o3VtFfMvYv4bfypAoJ415c,0.0,0.0,0.0,0.0,1.0,0.0,0.0,0.0,0.0
CeuwJ66q3m9MNePFnQU2Av2YCSkTJYwSnw1rZJYapnKT,0.0,0.0,0.0,0.0,0.0,0.0,1.0,0.0,0.0
CeyPD4pTQfaAuZqeYYH134xYWEd2Wx41Ut1ioPhVF8q8,0.0,0.0,0.0,0.0,1.0,0.0,0.0,0.0,0.0
Cf85fBov3ehZAFbmYtTXJ9eCozKHbdZStQsPbL4JVcwR,0.0,0.0,0.0,0.0,1.0,0.0,0.0,0.0,0.0
CfHwy3Pmt7Yz9pxypaWvqvHLV3x8sGNffEPd49R1MzfL,0.0,0.0,0.0,0.0,0.0,0.0,0.0,1.0,0.0
CfM4z2nbv1fdg71C68KtmNqcai9jtxK6cNzK5N54GpV3,0.0,0.0,0.0,0.0,0.0,0.0,0.0,1.0,0.0
Cfkh6So7JQQESXvVCVVDS5k4BFoQk4KCXNoXFYJMLRUC,0.0,1.0,0.0,0.0,0.0,0.0,0.0,0.0,0.0
Cfsp5JHex74wUotJrSe6Zfc11AJGay8MX7Q9181kfhQf,1.0,0.0,0.0,0.0,0.0,0.0,0.0,0.0,0.0
CfwymaT6xvTFw9TX3QXA5w99WSgdQ61duWPTAzYyuxAz,0.0,0.0,0.0,0.0,0.0,0.0,1.0,0.0,0.0
CfxDEV2qY5pwSeCswyynGvZFrgKALmR5s77SBqTXHCB6,0.0,1.0,0.0,0.0,0.0,0.0,0.0,0.0,0.0
CfzwJyxGHH3989FmvnFkYpFf29G53Jz9AbJvVA1FRWMn,0.0,1.0,0.0,0.0,0.0,0.0,0.0,0.0,0.0
Cg4VyYd5HTbNgZjTrsySpgSMqgQdw19GeYSkYaQUN1SL,0.0,0.0,0.0,0.0,0.0,0.0,1.0,0.0,0.0
CgTytugWJewXd7F78abyyV6UA6aapk6Femz87dxNYXP9,0.0,0.0,0.0,0.0,1.0,0.0,0.0,0.0,0.0
Cgj1fCntUQKHiehSJN62poCmb9nkm4jQSh1pYGnFUCXz,1.0,0.0,0.0,0.0,0.0,0.0,0.0,0.0,0.0
Cgu5KEGKjAoXvL6bhHcwCZsLhoi5RraUsirFLCSnW77J,0.0,0.0,0.0,0.0,0.0,0.0,0.0,1.0,0.0
Ch4UpM8g9oed1MEwEiuApyAfXYo21bQwagJskCqXb9Sa,1.0,0.0,0.0,0.0,0.0,0.0,0.0,0.0,0.0
ChLfr3hir1ZsJ5Pp2x6J7yUHqjvMssLP7Z1Q44aonN8q,0.0,0.0,0.0,0.0,0.0,0.0,1.0,0.0,0.0
ChNf5wRWcGkm1NPWBXgr6iewCy82fPL1Z7jyxkJmhGQt,0.0,0.0,0.0,0.0,0.0,0.0,0.0,1.0,0.0
ChhXbAEUjETpG62TJfv7YudhRYPdLytL9NZQrtmux6K8,0.0,0.0,1.0,0.0,0.0,0.0,0.0,0.0,0.0
CiD8PsihxinFWDY9wprwT1jt6QNQ2tUP4ryciPwkqmgB,0.0,0.0,0.0,0.0,0.0,0.0,0.0,0.0,1.0
CiDSAEx1hqVY3NMGog3AzJHCtrz1D3HMuVRGQK9sDSwz,0.0,0.0,0.0,1.0,0.0,0.0,0.0,0.0,0.0
CiosukedCg2md4vnS1QbadYApfm51eRrynW4i2yonEdQ,0.0,0.0,0.0,0.0,0.0,0.0,0.0,0.0,1.0
CjDcGS22hE2jXrwYAjXkmZTSsvu1oBYNr1YipynCpfRY,0.0,0.0,0.0,1.0,0.0,0.0,0.0,0.0,0.0
CjmRRhT8MAyzBbRZnBon1Jtu2aCsWGVsVd5KnpWWLhmv,0.0,0.0,0.0,0.0,0.0,0.0,1.0,0.0,0.0
CjuxXBdiJY9sXxTrKmYGsfvbSygbrysy3V8MJiFW5Avu,0.0,0.0,0.0,0.0,1.0,0.0,0.0,0.0,0.0
CmAAYPzng1jDgVFktq8oea1nEh9u9jJX9xfWDsNVyDEr,0.0,0.0,1.0,0.0,0.0,0.0,0.0,0.0,0.0
CmAHMiE6dKFkxvtsRF4dAWQyKQr6efeoXG9k2SLYg9oL,0.0,0.0,0.0,0.0,0.0,0.0,1.0,0.0,0.0
CmCh2KkxQKM1rjfwn4tRAA4fb48oFfkdshvnczNFHeqP,0.0,0.0,0.0,0.0,1.0,0.0,0.0,0.0,0.0
CmDk6fmd7yBpkj6Xat6iy4Lj7DoznAoyak6nV9rZjRUm,0.0,0.0,0.0,0.0,0.0,0.0,1.0,0.0,0.0
CmX4A5XguVn6uTsrv5sgBwBAvN7kV3aiksJFEYjEeFzc,0.0,0.0,0.0,0.0,0.0,0.0,0.0,0.0,1.0
CmfWCkoH1TDrUnVQpeCNc2t1wMCiWyArdpTKcppQvaUr,0.0,0.0,0.0,0.0,0.0,0.0,0.0,0.0,1.0
CmhXXrBhQckHDK7xqY5PKPL1qtYKzS1Xspd1qRsdvpHq,0.0,0.0,0.0,0.0,0.0,0.0,1.0,0.0,0.0
Cn7DWgra5LmVfM8Se3yG5HNsZtE4SEtxY4ztF2MkDFgY,0.0,0.0,0.0,1.0,0.0,0.0,0.0,0.0,0.0
CnGe4fxNFrLgYjo8QrSHz48G8Fsgc9XgeM9FeoqWFUgR,1.0,0.0,0.0,0.0,0.0,0.0,0.0,0.0,0.0
CnSY9To58VkEVnVrFN3EeNjZkR4EJSTFuzNb3gptLskb,0.0,0.0,0.0,1.0,0.0,0.0,0.0,0.0,0.0
CnXbNJNT2UtqhRJ1M896KiwkwCRaGAskgEudjukws2ks,0.0,0.0,0.0,0.0,0.0,0.0,0.0,1.0,0.0
Cng8uoUkGzWA3KePFBuyxM1g4dxa4PagyzKhMc8HvPX3,0.0,0.0,1.0,0.0,0.0,0.0,0.0,0.0,0.0
CngA3ekDphA64a6M4MMYoucX7JrNWSWtztHQuxveZeX2,0.0,0.0,0.0,0.0,0.0,0.0,0.0,1.0,0.0
CnuiHgCcKArB8iLeWoPWwGXauRaxx9JkkaDzcPu4DZw2,0.0,0.0,0.0,0.0,0.0,0.0,0.0,1.0,0.0
CoM4etVaAuqMmBphANp8tZUrWsUydpRXwMEzeUUiqgas,0.0,0.0,1.0,0.0,0.0,0.0,0.0,0.0,0.0
CoNP5mtPPPgiwhFYZnxQhGEZjKbKmWuinEAns22n323F,0.0,0.0,0.0,0.0,1.0,0.0,0.0,0.0,0.0
CoXccZ3RqJGHQspgei4NdMCW2No1EtTCgevy9CYwaNey,0.0,0.0,0.0,0.0,0.0,0.0,0.0,0.0,1.0
CohaLKcNdGezTjekMaxsYUNieG3Cr8s8WQSjc4NkqbFo,0.0,0.0,0.0,0.0,0.0,0.0,0.0,1.0,0.0
Cp8Rjur9uytyYZqbSGMMoBmEL3T7GvhPswnZdQETui7f,0.0,0.0,0.0,0.0,1.0,0.0,0.0,0.0,0.0
Cp8WeS9AVeh8X8kYHuYoFE5XYGojwDrBMv15vmeikzHy,0.0,0.0,1.0,0.0,0.0,0.0,0.0,0.0,0.0
CpkQyZuD38eETrdaVR1NtKRqtwea2QCCgY4sruQ6CRwe,0.0,1.0,0.0,0.0,0.0,0.0,0.0,0.0,0.0
CpufLxai4MtodUX7HDuSuNZrgMhMttXNzX5v2eVyjpH3,0.0,0.0,0.0,1.0,0.0,0.0,0.0,0.0,0.0
Cq9vrYbJTPk1RAJAZSWEKT11y4fBM2ohB41VRab5wxcq,1.0,0.0,0.0,0.0,0.0,0.0,0.0,0.0,0.0
CqJoC4QGXZMYkFyuyR4hThDL3Ad97EGk3xZhytAvBQph,0.0,0.0,0.0,0.0,1.0,0.0,0.0,0.0,0.0
CqMg1dx5njoydnMyG8V8u6PMB1YJqbKXagT8XZ5HQyuG,0.0,0.0,0.0,0.0,1.0,0.0,0.0,0.0,0.0
CqcSbCtJCjpecugFSA9ZwvTQF41aU7TBFJDsAPFzauP2,0.0,0.0,0.0,0.0,0.0,0.0,1.0,0.0,0.0
CqmaARX6wQbsoDMTSPUrvZwW7Cue9sUJj5jjirozd4fE,0.0,0.0,0.0,0.0,1.0,0.0,0.0,0.0,0.0
CquLHeiyukMehc7n1ZqCyemwuv7sBuqgwwKxRMQegpYQ,0.0,0.0,1.0,0.0,0.0,0.0,0.0,0.0,0.0
Cr587Khn7LtRvLHhZ6dewhUt4MatCvJ8jCVmvi2yni9d,0.0,1.0,0.0,0.0,0.0,0.0,0.0,0.0,0.0
Cr8H96uP6NfJQQKBjt8cS7fLVxhLLCeF1eKuvRVJ3kvC,0.0,0.0,0.0,0.0,0.0,0.0,0.0,0.0,1.0
CrEMCf1Wpk2wjZHbYhEC6nur15h44NQ3tBPkKRHiEqPd,0.0,0.0,1.0,0.0,0.0,0.0,0.0,0.0,0.0
CrXbP6ZanprQw6ai4viMsTf7kWpUzpsfMgZ7CqCJBs3Y,0.0,0.0,0.0,0.0,1.0,0.0,0.0,0.0,0.0
Crgks9TbpPVfQJqeebmhsy6xSF9t9a8zmR69aF8AEqHC,0.0,0.0,0.0,0.0,0.0,0.0,0.0,0.0,1.0
CrphzKG6PyhajfvhDuY8fnt3QkbeP8Ns1xJLFZmp4qzg,0.0,0.0,0.0,0.0,0.0,0.0,1.0,0.0,0.0
Cs1scXYuwEHEqNkne7KMjmsyFuuy57DgoizKYcp44BHe,0.0,0.0,0.0,0.0,0.0,0.0,1.0,0.0,0.0
Cs7c5Tf9FybAJez3mntpwaEesNvHVjamgMX2WyRXBmhR,0.0,0.0,1.0,0.0,0.0,0.0,0.0,0.0,0.0
CsFvyJ47Ni8gxMgfHgxkkszfxr5QysYb2NBZCvSfRjTT,0.0,0.0,0.0,0.0,0.0,0.0,0.0,0.0,1.0
CsHMKTWQ1e4dG5bXzqfVeVcK4FDS5DeWc7dM9Hh4BJuW,0.0,1.0,0.0,0.0,0.0,0.0,0.0,0.0,0.0
CsQPnACDUsQBTVmcTtUZExn23Cz8vhrKGMN89TiwGTjy,0.0,1.0,0.0,0.0,0.0,0.0,0.0,0.0,0.0
CscyyLNVN9pqveETKrQUKBFhp6dy7s4WTQP1cqfgKqCr,0.0,0.0,0.0,0.0,0.0,0.0,0.0,1.0,0.0
CsfCAsrfBFBSwrcasM7QyHGucQ2qEVdpxdt4RsSPyW9r,0.0,0.0,0.0,0.0,0.0,0.0,0.0,1.0,0.0
Csg3fe7CRD65XNknyQN22gpc1gQeukGgckARf3LoSviu,0.0,0.0,1.0,0.0,0.0,0.0,0.0,0.0,0.0
Cswwnzi6Pk5qfajxjsQCdgM7dgfvNTjesPhsGX6LmYsZ,0.0,0.0,0.0,0.0,0.0,0.0,1.0,0.0,0.0
Csx7F2NqsCiEvJ7p12T2cR74qXArNHgsLCvYgbKBTMiv,0.0,0.0,1.0,0.0,0.0,0.0,0.0,0.0,0.0
CsziAArqY7boKF5CSciM2v55dK89ybr4yCWSqVEofRFM,0.0,1.0,0.0,0.0,0.0,0.0,0.0,0.0,0.0
CtLeL3nEHZYBbt9gCXWdk6L8U63YWSmdM9zmbwfT1vdU,0.0,0.0,0.0,0.0,1.0,0.0,0.0,0.0,0.0
CtYHB84SAsgatWT6HUpvepMrsss1TSHRahMBgyeis3kg,0.0,1.0,0.0,0.0,0.0,0.0,0.0,0.0,0.0
CtiSYVn5ptVbNP1LeU5U8t96B3zxNn3ogq3GrphKZV2a,0.0,0.0,0.0,0.0,0.0,0.0,0.0,1.0,0.0
CuPVBYGA5mzZRZopdqE1B6TWgPKWgcWNRwa1hCsnYPq9,0.0,0.0,0.0,0.0,0.0,0.0,0.0,0.0,1.0
CuiW4X7QsniHfBRLA2dHJFuYsXkFxz4aQrKhQGtVs9VB,0.0,1.0,0.0,0.0,0.0,0.0,0.0,0.0,0.0
CuiraWud3eiUVc2mNCHsgE5PNQaWHQYCR95rULAHEXGK,0.0,0.0,0.0,0.0,0.0,0.0,0.0,1.0,0.0
Cv8zRXi8tKWH3yYUgxJTbhciYv6BiqTaAHENiUaErb7x,0.0,0.0,0.0,0.0,0.0,0.0,0.0,1.0,0.0
Cv99EDoFNJgDUeihJkhYyBAFaWDTwu7nmafJ49jHzsX8,0.0,0.0,0.0,0.0,0.0,0.0,1.0,0.0,0.0
CvYZzxrAY4Jaqo2QWsVB8QYryTV8pm8xtuSYoxH52LzR,0.0,1.0,0.0,0.0,0.0,0.0,0.0,0.0,0.0
Cvb1qjbCSzug6nSbJGonj2gUxtQkKNa5FLTF2XneyzzP,0.0,0.0,0.0,0.0,0.0,0.0,0.0,1.0,0.0
CvtvBDniLyVsPvK6swzVgniNgrmQotK7fY99okxSYvyA,0.0,0.0,0.0,1.0,0.0,0.0,0.0,0.0,0.0
CwSsdYmT3raSKnCQJPGnkNurB4AVPkmKutvTgB4KUR8A,0.0,1.0,0.0,0.0,0.0,0.0,0.0,0.0,0.0
CwUhhSTztbKCNhsqYK3m7ZzJYZbA897BSueNnUuHafjN,0.0,0.0,1.0,0.0,0.0,0.0,0.0,0.0,0.0
CxNXXxL9kCVSFHt2qya9h16PFqSuuHHif3z2TEoi9U9Z,1.0,0.0,0.0,0.0,0.0,0.0,0.0,0.0,0.0
CxSaRAjcTk74VFoPX4vP6kMucHhpzRPj2pkWyVUY155h,0.0,0.0,0.0,0.0,0.0,0.0,0.0,1.0,0.0
Cxs3DXaRAwJCGXyZjpcdfo8jg6pVLs4dkZJJf18i88Po,0.0,0.0,1.0,0.0,0.0,0.0,0.0,0.0,0.0
Cy7kFVzPqfTjXR513aQgE9bfq738hXEQaT6pnwiutnKT,0.0,0.0,0.0,0.0,0.0,0.0,1.0,0.0,0.0
Cy9tcbucWdG4JDPQpWSWkhfV9xuu9F5GN7YEZ8x9RuGE,0.0,0.0,0.0,0.0,0.0,0.0,1.0,0.0,0.0
CyDx36r3gsaEjbBGcDzec3WDR7n326npcG5jm1T7HKJD,0.0,0.0,0.0,0.0,0.0,0.0,0.0,1.0,0.0
CyGLr9gXEtg2TmzPzRZG72rqyxDr7aCgHuZkyjtU1x81,0.0,0.0,0.0,0.0,0.0,0.0,1.0,0.0,0.0
CySMnNMXmVQRT1o79bmHd4U8xp5vKi4wVFAzAc2TaA2T,0.0,0.0,0.0,0.0,0.0,0.0,1.0,0.0,0.0
CyfkyqcsbKRwsbaAS9rpvbtTqvY8L7MUneCcTBtPKKjy,0.0,0.0,0.0,0.0,0.0,0.0,0.0,0.0,1.0
Cz8Cq1TqUDQiLdXHXSruV4983PU7sN6CiLqRxYc4Fh1e,0.0,1.0,0.0,0.0,0.0,0.0,0.0,0.0,0.0
CzEb18auLYGY5F3UaeFCS7n41VoBZYkC1w41TkxorA4F,0.0,0.0,0.0,0.0,0.0,0.0,1.0,0.0,0.0
CzGidpkQvB6qiJD6ZNmygGnWRNLWsRkpvLiCC5MN23oh,0.0,1.0,0.0,0.0,0.0,0.0,0.0,0.0,0.0
CzLjx8aa4b6nbMBFpxXVhPVMxzHte4AmHJpdMx9qkcMN,0.0,0.0,0.0,0.0,0.0,0.0,1.0,0.0,0.0
CzQapqmuw1KtD3GK2hGn4AUwqh3d1dagAseqhQMK4tdU,0.0,0.0,0.0,0.0,0.0,0.0,0.0,1.0,0.0
CzTeu1upEN9sgjR6JsijvngGv6SdaMZunTeQFDCFHsHW,0.0,1.0,0.0,0.0,1.0,0.0,0.0,0.0,0.0
CzcaNGpZ3VEMLJtJYuf1ooCjtMEX3Yp2UmWrLzBCPRhT,0.0,0.0,0.0,0.0,1.0,0.0,0.0,0.0,0.0
CziqMGotgrYLMweNd5RJKLAJEsuG1ZFaCBYNtMH7jgfG,0.0,1.0,0.0,0.0,0.0,0.0,0.0,0.0,0.0
CzrbmsNmERnifrS6WtKjrR8dNqVqX9Fry6Syg7Nb22BE,0.0,0.0,0.0,0.0,0.0,0.0,0.0,1.0,0.0
CzvhhTUHZVNpW9c14RisMut6EAsQPFQDcPBNyyMSktGj,1.0,0.0,0.0,0.0,0.0,0.0,0.0,0.0,0.0
D11zXVjdHMYk1sQhzZKvtbakhg7gWbXt4hsomKMaQChn,0.0,0.0,0.0,0.0,0.0,0.0,0.0,1.0,0.0
D16VCErG9f1rngFzf7h5AY28AaLQCw4jMfA9qRDcU2FF,0.0,0.0,0.0,0.0,0.0,0.0,0.0,1.0,0.0
D1DMhFgDbdm1BndvNXNfTpgCash6nq1jEBV4S8FJfFKh,0.0,0.0,0.0,0.0,0.0,0.0,1.0,0.0,0.0
D1DswWTs9spKnM5X37ZLFoi4adZKrtfxcsvBFDqHi72J,0.0,0.0,0.0,1.0,0.0,0.0,0.0,0.0,0.0
D1KBfZWPFvVAD1qxj4FdbzTXmiY8PGFumKTqMx5jAx5Q,0.0,0.0,0.0,0.0,0.0,0.0,0.0,0.0,1.0
D1P9C9JkhwiHrhwXdAMUzaQvkbkmt83KV5crSVyDz7Eb,0.0,0.0,0.0,0.0,0.0,0.0,0.0,0.0,1.0
D1UFPwwrWWpa5j3KBf8BgSBrh3bLSRb8dYgKr5zEsZ1J,0.0,0.0,1.0,0.0,0.0,0.0,0.0,0.0,0.0
D1aDZDVXJ1sakUevj1ckN96VK69WUWvhXPbpJwVN9F25,0.0,0.0,0.0,1.0,0.0,0.0,0.0,0.0,0.0
D1bqoVArFXEn5q2xiqLTKH2LXePdFEiyrfzpfQ62w18S,0.0,0.0,1.0,0.0,0.0,0.0,0.0,0.0,0.0
D1o9nEUJbEnSQ6tjqZy3NBRkGTgc7CNJ7woBzwxjh3tU,0.0,0.0,0.0,0.0,0.0,0.0,0.0,1.0,0.0
D1vmkSToMvCrqwivMxqe3aeXdoHmcRkQkyozmWnefdfd,0.0,1.0,0.0,0.0,0.0,0.0,0.0,0.0,0.0
D2WVY8CGH2HUA3ykYDP495zjf8xv9FntDC83x46fqax9,0.0,0.0,0.0,0.0,1.0,0.0,0.0,0.0,0.0
D2qu5tjBFE3DLxAwd3xRJoYrxDzuTwiehApXbcxNMKWe,0.0,0.0,0.0,0.0,0.0,0.0,0.0,1.0,0.0
D3LWiGTQGHtm6udyY3jb4ZoammpsaHbBuQVuVB2T2qBy,0.0,0.0,0.0,0.0,0.0,0.0,0.0,0.0,1.0
D3jL7m4oywoUfJ5dKZCyRm5dbcbUFGFGPWM2pEJRJion,0.0,0.0,0.0,0.0,0.0,0.0,0.0,0.0,1.0
D3mm7A2xodn8eQspT7U45qUkDRByuuZbUBSR11tNRLdb,0.0,0.0,0.0,1.0,0.0,0.0,0.0,0.0,0.0
D43CQtrqsUhsrWqx5SePzpyJMBknY51zjkTrrVW8wRzs,0.0,0.0,0.0,0.0,0.0,0.0,1.0,0.0,0.0
D44UXemDc7d3yRXnmFAjvzykFrbSmxqvSvbTDG1fDkeh,1.0,0.0,0.0,0.0,0.0,0.0,0.0,0.0,0.0
D457urNivtztkAtRRFaGLkTETEMgEqT3ZHs5nx9LpRez,0.0,0.0,0.0,0.0,0.0,0.0,0.0,0.0,1.0
D46KJAatX2czHht2VGHq6iA4gwACrCkU4xqrB2gCfAN1,0.0,1.0,0.0,0.0,0.0,0.0,0.0,0.0,0.0
D4hSsj7S5WEesNb5aX8ukodjgMBpg7yx4VTa8nrZEsDi,0.0,0.0,0.0,0.0,0.0,0.0,1.0,0.0,0.0
D4s91vVVJMNvfZrTpzhp8jB6xxoyxhn8xVtZ454D1fMo,0.0,0.0,0.0,0.0,0.0,0.0,1.0,0.0,0.0
D4vf6FoXzyfSdGFcpeoV3EHc4qyFje5LS1WbzNz9gnHg,0.0,1.0,0.0,0.0,0.0,0.0,0.0,0.0,0.0
D4wSibodEH6ZLu6ASGSpSdRT7bnBWTBZUKBHNXGJet5x,0.0,0.0,0.0,0.0,0.0,0.0,1.0,0.0,0.0
D5AWkRYJycjpV9YqG69bw8b5wngHfGJH3XwDijLkgEMw,0.0,0.0,0.0,0.0,0.0,0.0,1.0,0.0,0.0
D5DdbZ7XjiyrzuPkhCDF4kzXSmdcj2zbUaQrah78Px6Q,0.0,0.0,0.0,0.0,1.0,0.0,0.0,0.0,0.0
D5VLdrADP3j7De3dpitZZmos8inRSMLdeX8xJtB5sZvE,0.0,0.0,1.0,0.0,0.0,0.0,0.0,0.0,0.0
D5oz9WsbC4PYspcTpj55kQzmMccZYyT2zi5R1WDGgCPs,0.0,0.0,0.0,0.0,0.0,0.0,1.0,0.0,0.0
D5to5PX4MYbXi6pmoyJbHcBDNX92c3Nn2UgkCPJPe3VN,0.0,0.0,0.0,0.0,1.0,0.0,0.0,0.0,0.0
D65pm5GndqJZBG8jt1QYWY1oaqjSkcSa2m4hpAYWy3vT,0.0,0.0,0.0,0.0,1.0,0.0,0.0,0.0,0.0
D6Su6LyJTyaKmzYorFkDmGJLRjbQVf9KRvRkJe7E8LH3,0.0,0.0,0.0,0.0,0.0,0.0,0.0,1.0,0.0
D6bRDHx2P8hVscRvBwpwvzvqPTEe8Ys1f7wBPiE2emmu,0.0,0.0,0.0,0.0,0.0,0.0,0.0,1.0,0.0
D6iCGTLioa1mKdN1mPp2DGh4eGw6vaTUCJbfjm8zFGPN,0.0,0.0,0.0,0.0,0.0,0.0,0.0,1.0,0.0
D6iz8i2efAAUgat3ZCYH9sub4kAAd5i4aA1ib3vp6MTA,0.0,0.0,0.0,0.0,0.0,0.0,1.0,0.0,0.0
D6kC5shyAzwSnySTHnyPU4Ta4wLuTEunatvn1NRVjVYK,0.0,0.0,0.0,0.0,0.0,0.0,1.0,0.0,0.0
D6p4Fu2tAZkaoZf8MgpedJXnHbTKaRARr6PZNnZUZR75,0.0,0.0,0.0,0.0,0.0,0.0,1.0,0.0,0.0
D77ugqwPpH8VJt3XavMx7pSKaixtPvaLZvxzN6ZmJFE8,0.0,0.0,0.0,0.0,0.0,0.0,1.0,0.0,0.0
D7Da2krnb1XjaEoSCzZwA4TLnj9jQxApenD8iuWiwMqb,0.0,0.0,0.0,0.0,0.0,0.0,0.0,0.0,1.0
D7PvjAyDqJg818DA7ZbkMmMn4VVzLnpGC1pD1RYF18oA,0.0,0.0,0.0,0.0,0.0,0.0,0.0,1.0,0.0
D7g1T9bDfyVVCB8ZPAQFef8VPgdVreZkUU6pShL65KUb,0.0,0.0,0.0,1.0,0.0,0.0,0.0,0.0,0.0
D7nb68bD9teVMto2h47MXD9XSkkzqF67GTCdSQgxar39,0.0,0.0,1.0,0.0,0.0,0.0,0.0,0.0,0.0
D7rj6TNYaWn3tbnodm8bw7SSAMNHyMUcrVGRd9cENA6H,0.0,0.0,1.0,0.0,0.0,0.0,0.0,0.0,0.0
D7vkhe4ucB7daGQxWjZsDcxuBcXzdYQ2XY72jZU2aG2t,1.0,0.0,0.0,0.0,0.0,0.0,0.0,0.0,0.0
D85t31JuAe8tgjQVQRPQCSRCVHmfUkBAXvao2EL6gZL4,0.0,0.0,0.0,0.0,0.0,0.0,0.0,1.0,0.0
D8Qh4RQYu69yxtDhU9poUQSUF6v3Kj98tp9UxaVvpsoc,0.0,0.0,0.0,0.0,0.0,0.0,1.0,0.0,0.0
D8RwWNvcZDGYzkNBvwjMvVvYBrUigWsgUL9spZ8NqmXH,0.0,0.0,0.0,0.0,1.0,0.0,0.0,0.0,0.0
D8UbLupyAcYbL9sHyP3MjD7Ta4QEieFAmDtnBtBPybmt,0.0,0.0,0.0,0.0,0.0,0.0,0.0,1.0,0.0
D8c6FXCpiSAGh5ZYYpA3qrKJ2M9u6Crp9NPseRQaMqe2,0.0,0.0,0.0,1.0,0.0,0.0,0.0,0.0,0.0
D8dj4rKnut7P9c8TUC1jT1pVk8KoLM22vmY1WysU1S5,0.0,0.0,0.0,0.0,0.0,0.0,1.0,0.0,0.0
D8g9HzhFPyEkzEyk79AW9ysygieTtxukotpZQsxTkG9F,0.0,0.0,0.0,0.0,1.0,0.0,0.0,0.0,0.0
D8iPzc8bXAEas7Z9ax7xWGTLaTh9H83XE2HyuPY5g71Q,0.0,0.0,0.0,0.0,1.0,0.0,0.0,0.0,0.0
D8p7XDV3kPfEHh6mfc3FrcwNQeQYmkwRHj3nwy2nvabh,0.0,0.0,0.0,0.0,1.0,0.0,0.0,0.0,0.0
D8sHc35vXfU2xWrcHKoNHMnJg64E8PBHo9GrMCpi7FZE,0.0,0.0,0.0,0.0,1.0,0.0,0.0,0.0,0.0
D9CokzAACFEQ1Ppr6E7vaxmR62HaHP1iTpdvAqfN39BE,0.0,0.0,1.0,0.0,0.0,0.0,0.0,0.0,0.0
D9Mex326keknP2ntYRS33S5c3x2soNyuL9XfiooGaiiW,0.0,0.0,0.0,0.0,0.0,0.0,0.0,0.0,1.0
D9daWky6NnH1dgaSDu4Uk6nKn4mbn3f8ZHUJtgfqGLxo,0.0,0.0,0.0,0.0,0.0,0.0,1.0,0.0,0.0
D9qAsYSGrEyT5dwG4RFPVGZLrXLjrdX1aAnNfHSBsrTi,0.0,0.0,0.0,0.0,0.0,0.0,0.0,0.0,1.0
D9qPYEdmS34LtVSNVRHxQ36t5Md5GNPVkbATNUCP8mQU,0.0,0.0,0.0,1.0,0.0,0.0,0.0,0.0,0.0
DA555prWFcRajczPe2qi3KZUpqgTY51TQqcVAkdkBn8q,0.0,0.0,0.0,0.0,0.0,0.0,0.0,1.0,0.0
DASTCHwNnkvL7sg85XwqL1qberjXowDxytu6xvKy1RXR,0.0,0.0,0.0,0.0,0.0,0.0,0.0,1.0,0.0
DAZvfLTaV5ycq7cpQV7LPGQVRGSqg8PifvsnFLdyoR8F,0.0,1.0,0.0,0.0,0.0,0.0,0.0,0.0,0.0
DAiczfuh5GJHFup3F7zTUtfa3ko5Epw3x8rHLL9EANhD,0.0,0.0,0.0,0.0,0.0,0.0,0.0,0.0,1.0
DBQZzhV4nzk68nxAMUs1PkdwMQJ59XTSySosPhqpcPzJ,0.0,0.0,0.0,0.0,0.0,0.0,0.0,1.0,0.0
DC8MXhVEen63TQdJc5MtkhH85r1A4Srb9HMSMDXD94jL,0.0,0.0,0.0,0.0,0.0,0.0,1.0,0.0,0.0
DCD3t95Xo9RPPBZBySABKeqt84weEG7k1367nEnb4Mo9,0.0,1.0,0.0,0.0,0.0,0.0,0.0,0.0,0.0
DCKcwzKSYPb4sDzK5v3kqbxivqbrrBkPzaa3AWUP3SgA,0.0,0.0,0.0,0.0,0.0,0.0,1.0,0.0,0.0
DCPUWZRH3vCe18RmJY3GYTxKdNMajDUQMwSdMABDr5PH,0.0,0.0,0.0,0.0,0.0,0.0,1.0,0.0,0.0
DCSpdmiQECBPcmCw8R8UN9RnCK4yQ3JZ18Zza3ghbaEV,0.0,0.0,0.0,0.0,0.0,0.0,0.0,0.0,1.0
DCoKKbSvZ28uPqREtn1neevBeJx5yqbDypEixXsovn8F,0.0,0.0,0.0,0.0,1.0,0.0,0.0,0.0,0.0
DCpNZ7fZjKqcK6izVmJUEVpHLobQziWWvyzzkFHj4bZm,0.0,0.0,1.0,0.0,0.0,0.0,0.0,0.0,0.0
DD4Fqfz6gkAwkdZ4wpCNWfrhXcpLXeE9LaPK3qBj2DSE,1.0,0.0,0.0,0.0,0.0,0.0,0.0,0.0,0.0
DD9kSaHmvRH6XkNDEhK6osLT5kejjQuEki15S6XawqGY,0.0,0.0,0.0,0.0,0.0,0.0,0.0,0.0,1.0
DDE5NibKgXMfQpNP6d62YFrFdCuE5rTsmYYA5JCdVTWS,0.0,0.0,0.0,0.0,1.0,0.0,0.0,0.0,0.0
DDQUEHKzDzQ7t9vfU6d5RKM8BS6eraBRqLZrmvBWStCu,0.0,0.0,0.0,0.0,0.0,0.0,1.0,0.0,0.0
DDUeDBXMeWPf5H92LXepN3fvS5yKeFzvnrNt52Ax1Hn,0.0,0.0,0.0,1.0,0.0,0.0,0.0,0.0,0.0
DDZAiSaSb8vepSjNhGGsrRurMGN1zUt8hYKEMrP8BU41,0.0,0.0,0.0,0.0,1.0,0.0,0.0,0.0,0.0
DDkoJM5iDyTkwDqaWB73tJSmFakDESigeyRFV67DUQqQ,0.0,0.0,0.0,0.0,0.0,0.0,1.0,0.0,0.0
DDzPg6n3K8HMux7HeiHMcregCchzhatAexvZpHy6fiLj,1.0,0.0,0.0,0.0,0.0,0.0,0.0,0.0,0.0
DEBmMeW6UunF9k4R4tMsmZB2C9CHNncj5SNY1GkMDv74,0.0,0.0,0.0,0.0,0.0,0.0,0.0,1.0,0.0
DEHQebTE4TffEdXe36dWQTYXd6kVAi4yfLxm5ongVYKw,0.0,1.0,0.0,0.0,0.0,0.0,0.0,0.0,0.0
DEPxcTuBRjiNJtKN7xku69mN1pQpkAmfyWFue46YENmz,0.0,0.0,1.0,0.0,0.0,0.0,0.0,0.0,0.0
DEQprqXR9TSTbsqE1s1ksUhT1UBzPF88qwmQfnLVazoU,0.0,0.0,0.0,0.0,0.0,0.0,1.0,0.0,0.0
DEez3GowwcddYLWAgLWTD4yUAM4EenPMYK6jm9EcdEEz,0.0,0.0,1.0,0.0,0.0,0.0,0.0,0.0,0.0
DEgC8C1Tq3QbaD6gy64NYrj9atMdYZphujGCVstdtWir,0.0,0.0,0.0,0.0,1.0,0.0,0.0,0.0,0.0
DEuYoYtNy9XMFH19sufp1ZnfKtpZ7nT9smPrpWg26wAC,0.0,0.0,0.0,0.0,0.0,0.0,0.0,1.0,0.0
DEypy2UST6NehfDwzxTiR8WuKzJFjn2KgCXmnvesXUJD,0.0,0.0,1.0,0.0,0.0,0.0,0.0,0.0,0.0
DF3ZrLUnP1nybp6Zg5ucQ92qm4f4GAHiovdC4ZDkEm8G,0.0,1.0,0.0,0.0,0.0,0.0,0.0,0.0,0.0
DF7i1riWADpdBBwfnRNG48ikTk5rNXZ79ERqG99nqhmY,0.0,0.0,0.0,0.0,0.0,0.0,1.0,0.0,0.0
DFREjUPpNFBCxUaxzUKEwSp5aZdpLGVMBh2HVNXNzCCR,0.0,0.0,1.0,0.0,0.0,0.0,0.0,0.0,0.0
DFRpqbEZ6rtLZ2zxZZD2xMk1mnUgNEUZmd13zEK8d5V7,0.0,0.0,0.0,0.0,0.0,0.0,1.0,0.0,0.0
DFSQM3HCqJKnKXBXRVEBeHJiVxhVnaJofd6SuyK2iwS,0.0,0.0,0.0,0.0,0.0,0.0,0.0,1.0,0.0
DGT9gVWDJyv8C4qRD6ffqyRyWNeje4Pa5mbgRbfkbjLM,0.0,0.0,0.0,0.0,0.0,0.0,0.0,1.0,0.0
DGidLoNkmkHHSSNi8nS4fF6FvUrhRaNkpGyNQ5qcvE83,1.0,0.0,0.0,0.0,0.0,0.0,0.0,0.0,0.0
DGit5xzvCT5fjHtai2uhdEQwEsJm6bkTEgkPqLNkHMiw,0.0,0.0,0.0,0.0,0.0,0.0,0.0,1.0,0.0
DGxJAwxFmaPD2s4fZ1ri3QVPJFx7KKhouMPaGrmYxaGZ,0.0,0.0,0.0,0.0,1.0,0.0,0.0,0.0,0.0
DH1uJQWXtaEfaTBudwiJtYjHkgJ7P36575KyFGtuJtWE,0.0,0.0,1.0,0.0,0.0,0.0,0.0,0.0,0.0
DH4ZXcHkJyvTn4ysevXqiyFUBvgi8gDG3Dxq7w4n7tpY,0.0,0.0,0.0,0.0,0.0,0.0,1.0,0.0,0.0
DH5admAH6STzXechPyB7xsC3ivtENR3bW4BioLmBhFYK,0.0,0.0,0.0,0.0,0.0,0.0,0.0,1.0,0.0
DH5r6Mi7588xdzz7CgbzTkG1trr4SyCUdrQfDBERQVQN,0.0,0.0,0.0,0.0,1.0,0.0,0.0,0.0,0.0
DHMYuuBqK756ZMHybcs2xMjK3PWcanzZvNZj5vxt4TGD,0.0,0.0,0.0,0.0,0.0,0.0,0.0,1.0,0.0
DHPv75RyPDLJAJ5CSiMy6bxRRtHqyjaySXvVXhoDp9Tv,0.0,0.0,0.0,1.0,0.0,0.0,0.0,0.0,0.0
DHf41u2ZQCBWpYtiWoHGcSQnzji9obkKCGiRB86uzbHW,0.0,0.0,0.0,1.0,0.0,0.0,0.0,0.0,0.0
DHkGZXessArPy87a3ghx38Db2DyUFYavDf5z3fM2gPBx,0.0,1.0,0.0,0.0,0.0,0.0,0.0,0.0,0.0
DHwRMhCszAhyYG8kwx5x29zkoKxwwN9w5Z7VfTZ8LB8k,0.0,0.0,0.0,0.0,0.0,0.0,1.0,0.0,0.0
DJqcSTNkbEwngH7rKo3Xdim1U9ho498mqKfpes2fTygU,0.0,0.0,0.0,1.0,0.0,0.0,0.0,0.0,0.0
DJrnTgJJBvpnE6V58MeCKH4Cuj9WRHcn5W6iycV2wH3B,0.0,0.0,0.0,0.0,1.0,0.0,0.0,0.0,0.0
DJsE8tiSjzvp1HcdWn4rRrqvTt2tivGGt6J3H3kdnZf4,0.0,0.0,0.0,0.0,0.0,0.0,0.0,1.0,0.0
DK12tg8C1VHwS6u3U7NkMnhp5fYHznY2fWnEMoN1TzZV,0.0,0.0,1.0,0.0,0.0,0.0,0.0,0.0,0.0
DKAQr1NJgwV24f8Vu67GCzthTv2KZk8kvbyk6C74ieRQ,0.0,0.0,0.0,0.0,0.0,0.0,0.0,1.0,0.0
DKFzRRdv5yBvCHf2t4GLVqLp8B4dHBmTK7CXUgzxc2xT,0.0,0.0,0.0,1.0,0.0,0.0,0.0,0.0,0.0
DKPEwbWaLyuAmx6y2hGVxQ3zFccxB7WKWkvBAEcSDP5S,1.0,0.0,0.0,0.0,1.0,0.0,0.0,0.0,0.0
DL4p41mLXgCta4pGkwF9it9bYNL7BfrB2TU4RsAdoU58,0.0,0.0,0.0,0.0,0.0,0.0,1.0,0.0,0.0
DLei5REjqR5rjD43NKRT9dgJMoeJbh3UFpock6cXkAHt,0.0,0.0,0.0,0.0,0.0,0.0,0.0,1.0,0.0
DLgUZZawAN6pMubNR67pDN62LKeoaFFwnFdaQJbbhPY9,0.0,0.0,0.0,0.0,0.0,0.0,1.0,0.0,0.0
DLiydUJbqubZ7maPWUxA9bjtZ6rWccMazbzRuGMGqyiT,0.0,0.0,0.0,0.0,0.0,0.0,0.0,1.0,0.0
DM6n697itkKwHxL5DvDgLJSJPdqNeqNtCjaAkHSKqK5f,0.0,0.0,0.0,0.0,0.0,0.0,0.0,1.0,0.0
DMMuujNm4NgvbVdywJaSY1VmeowvbAeZt2YyQBUZQBuk,0.0,0.0,1.0,0.0,0.0,0.0,0.0,1.0,0.0
DMNKeqWrPBix4i3ZYgndaBeD8vRemWsnhPinGiDrv4RX,0.0,0.0,0.0,0.0,0.0,0.0,0.0,1.0,0.0
DMPiM9v7dfJeEKVqUHSZNZLcHqZsHTNP16YiXUneGCb2,0.0,0.0,1.0,0.0,0.0,0.0,0.0,0.0,0.0
DMSrbnkqwjSv6AKpFfPbaEi8DsHNeq1kpNC1pt9PLsgm,0.0,0.0,1.0,0.0,0.0,0.0,0.0,0.0,0.0
DMW8M1U7zy6BjkMeSDR4ffiU9DM9nhfut89j8gC64sU7,0.0,0.0,0.0,0.0,1.0,0.0,0.0,0.0,0.0
DNzFYKqLXgCvBYPYfkEuXGqEdu6GXmJLv877JTC3VjqX,0.0,0.0,0.0,1.0,0.0,0.0,0.0,0.0,0.0
DPBguVqq8M2QcBxSDe5puYTaSoXT9cau6dt2haP477gu,0.0,0.0,0.0,1.0,0.0,0.0,0.0,0.0,0.0
DPEu7pEvXVzi4hvQgm3jmaQJ48o1Vt4K1ptk7WYVqPiL,0.0,0.0,1.0,0.0,0.0,0.0,0.0,0.0,0.0
DPRDNUjeS9NrteMerwx8BbGreSxkWGPjE4788jqB2BSt,0.0,0.0,0.0,0.0,0.0,0.0,0.0,1.0,0.0
DPa2diCiCJQhcTmaYHUCd3A6kv7XhMK5GGqZMzTmqatn,0.0,0.0,1.0,0.0,0.0,0.0,0.0,0.0,0.0
DPbtHY1YVxTz74pAeqzzQXdbawnNhMveM3uKq6ipj1hb,0.0,0.0,0.0,0.0,1.0,0.0,0.0,0.0,0.0
DPcP9LgMjtYchGtGZWGXxUBtSp5vStfXjLuMSKXPQrUz,0.0,0.0,1.0,0.0,0.0,0.0,0.0,0.0,0.0
DPfaQB5qXFEMuC4YU9fzb1eM4XDW78cKqzy6Q42ep3cP,0.0,1.0,0.0,0.0,0.0,0.0,0.0,0.0,0.0
DPuxrZykmjZjv3obASvfmoVJ6YiZA6zsa1vQvDziqsD,0.0,1.0,0.0,0.0,0.0,0.0,0.0,0.0,0.0
DQApNebkK5wCmy92T5c4Z9NePWjP7dC4avpLMzuxadxR,0.0,0.0,0.0,0.0,0.0,1.0,0.0,0.0,0.0
DQMCuKG576rZy5vtfvqxcqozAJrLRdCMzJRb9QRhirHe,0.0,0.0,0.0,0.0,0.0,0.0,1.0,0.0,0.0
DQU4wLJYNKigKTXuYHxqCndYQrWbFNDR12PTiLJSMjqZ,0.0,0.0,0.0,0.0,0.0,0.0,0.0,1.0,0.0
DQZNiqEYcyTMUWkRxm2oF8wwHGvRJPcvpduWZnjjwppJ,1.0,0.0,0.0,0.0,0.0,0.0,0.0,0.0,0.0
DQeJQ91Uzcuyk4iAtpQ9FwD8Ddwr62NeWd8hoE1kgLLs,0.0,0.0,0.0,0.0,0.0,0.0,0.0,0.0,1.0
DQiMiH3vYBFskz7SaFXVBTWhGuWbj3D7QxK9yUFToayG,0.0,0.0,0.0,0.0,0.0,0.0,1.0,0.0,0.0
DQjNrKrwyXLJk2EhaPWPCPLQedsTQUyMFziHZydjqYxA,0.0,0.0,0.0,1.0,0.0,0.0,0.0,0.0,0.0
DQvoy7tG1XNdzg8z5LoTuLfV7DMCuuhzdWBNHRC4Cda2,0.0,0.0,0.0,0.0,1.0,0.0,0.0,0.0,0.0
DR61KEQeHsByJSueDw5wUv6XDFU9Ps3mVERdzqZCjjjt,0.0,1.0,0.0,0.0,0.0,0.0,0.0,0.0,0.0
DRVpHoBCWMEC5Nmw2xtxWRBXpy2upqysm12KtXHtMWM4,0.0,0.0,0.0,0.0,0.0,0.0,0.0,1.0,0.0
DRqUUwhZgwcJdkZCehaiK5irk2QaUUigJ5KFdeoxAqEJ,0.0,0.0,0.0,0.0,0.0,0.0,0.0,0.0,1.0
DRt43hu6YtMGtf4WgZZeptPSmZxHgTJSCQQTpa1YY9Bt,0.0,0.0,0.0,0.0,0.0,0.0,0.0,1.0,0.0
DS4jnL4zbCyAJgmpPXUga8VvjfX3bqvS7kTxkU4Sw32M,0.0,0.0,1.0,0.0,0.0,0.0,0.0,0.0,0.0
DSUbKUmKgRhTbiRNx5dyUtdKzYCyTPfvsfFAjuU1wV5p,0.0,0.0,0.0,0.0,0.0,0.0,0.0,1.0,0.0
DSVh1oczq42ftzH5McQsz2TUWygb3XrQ8qgYMFnhiiW4,0.0,0.0,0.0,0.0,1.0,0.0,0.0,0.0,0.0
DSVhQNT7KZPxhs7JLTn6rA827FmKz8BrSQYnPiHpzgoY,0.0,0.0,0.0,0.0,0.0,0.0,1.0,0.0,0.0
DSY4hvJZJNtr7osDW9fQUTcfNZwESiEvd21uZTJreoSX,0.0,0.0,0.0,0.0,0.0,0.0,0.0,0.0,1.0
DSZmWJ1253vTrBan531e9kW5Q4wXc3ud8EBLzvRU1WzS,0.0,0.0,0.0,0.0,1.0,0.0,0.0,0.0,0.0
DSvSv1BLBzHsxnwzLfh3pphySK5jvy92Etxr4kVMg5Wc,0.0,0.0,0.0,1.0,0.0,0.0,0.0,0.0,0.0
DT2GVGcbqWWF5WEyvDdcoAePVBSACZ3RQnfyDM8vi9Tj,0.0,0.0,0.0,1.0,0.0,0.0,0.0,0.0,0.0
DTXmDJixQg9UJFw7kAv67YAxxmg2NizNVfViWqL9Ph4n,0.0,1.0,0.0,0.0,0.0,0.0,0.0,0.0,0.0
DTYXsiWXGtjeB2SyoCF2ZDUo8cmM1QyCiffZHQ3Ue2Eo,0.0,0.0,1.0,0.0,0.0,0.0,0.0,0.0,0.0
DTrWcsFP8rurn37m4EbqmdwrnbUUjqYojMjXo8wuVKEV,0.0,0.0,0.0,0.0,0.0,0.0,0.0,0.0,1.0
DTvTMRhJ33z1nYtFGFiXti4XWpzVW5fzBnWRfDvZDZft,0.0,0.0,0.0,0.0,0.0,0.0,0.0,1.0,0.0
DUDJeaXJg5L2j9WZvgCJcQH8oZaEyVBWsmLUDhZ2VunP,0.0,0.0,0.0,0.0,1.0,0.0,0.0,0.0,0.0
DUDi6C9jMmNF6ZXVwPnEsbG31RgC7QZ6McKLqKTbEvX4,0.0,0.0,0.0,1.0,0.0,0.0,0.0,0.0,0.0
DUM56cAnxvMboa4UpravW27d1cJfFKPJHdvGpw2iJMf1,0.0,0.0,0.0,0.0,0.0,0.0,0.0,0.0,1.0
DUgAjf32Y8yPbWzNyLptrq81T5yqAb1ivENKvbbUsoPi,0.0,0.0,0.0,0.0,0.0,0.0,0.0,0.0,1.0
DUsBtvohZj9XkCowH3u4QSSBvE9G1FuKmDeF5NkrffQL,0.0,1.0,0.0,0.0,0.0,0.0,0.0,0.0,0.0
DVYm9VaWbiCUUqCN8EdgKofZ2siARunsBt81iAoaWdsi,0.0,0.0,0.0,0.0,0.0,0.0,0.0,0.0,1.0
DVdnSQz9hUaDjKXUpww27ENGsSjJZHh9LF1WSxgrRjJa,0.0,0.0,0.0,0.0,0.0,0.0,0.0,1.0,0.0
DW5d9d1uVQawFFbQKsykZGsx7LFnCJ3PBjqme8Ho59ek,0.0,0.0,0.0,0.0,0.0,0.0,0.0,1.0,0.0
DWC9Csh9oxv7MYHnrj82wjv7FjiYnyHKJHLtVkAePJmZ,0.0,0.0,1.0,0.0,0.0,0.0,0.0,0.0,0.0
DWkH8bwXRqJ925hGJj9aARrJQbk7Tq51m5HnZaji8mrg,0.0,1.0,0.0,0.0,0.0,0.0,0.0,0.0,0.0
DWuzgag8FhUFnqNpZwyTTwJ4Uz6CScxGSdCPH9VoHqLt,0.0,1.0,0.0,0.0,0.0,0.0,0.0,0.0,0.0
DXY5cbnwwxS2LMps613RmreTAp5hSVovqk9CshNcUoc6,0.0,0.0,0.0,0.0,0.0,0.0,0.0,1.0,0.0
DXdn1XL725hLPvrPishCXyFQe383hVBo7a7ME75Wckzo,0.0,0.0,0.0,0.0,0.0,0.0,1.0,0.0,0.0
DXemgU9nj4ZYc44rru4KgfsxY3NzA23FYUHZVTpsrMfH,0.0,0.0,0.0,1.0,0.0,0.0,0.0,0.0,0.0
DXgneSZ6WFcuhPY5sRVaQYVYaDuU9BeGJt75tfRnB57o,0.0,1.0,0.0,0.0,0.0,0.0,0.0,0.0,0.0
DXhr9sS8cVzxPPjxvNke2abgWxVP2LAtWFebUtwpqwJr,0.0,0.0,0.0,0.0,1.0,0.0,0.0,0.0,0.0
DXkt78W7LGQCkr3c5kVdWQDkPB75UQKQVtGAf9x6BPJJ,0.0,0.0,0.0,1.0,0.0,0.0,0.0,0.0,0.0
DYSCEQ7S5zz4U1eXAdBhTm4yhr9Zz7crg6xUu4U4xGo6,0.0,0.0,1.0,0.0,0.0,0.0,0.0,0.0,0.0
DYarCTVBHyZ5gUFgMivAHkGQJYBv72dpZJmRx9dPPRA,0.0,0.0,0.0,0.0,0.0,0.0,0.0,1.0,0.0
DZ1NP49QgKskRZ4infBboCEyBg17a71kVA7tcdYgK4Fj,0.0,0.0,0.0,0.0,0.0,0.0,1.0,0.0,0.0
DZ2q93QCBBWZFrKngJvo9dpynH1DCLArvDmtAVuX3QuM,0.0,0.0,0.0,0.0,0.0,0.0,1.0,0.0,0.0
DZmquteQTTkH7R4YLA8WpSP8DKFxd2iJTjypFdmmCVW6,0.0,0.0,0.0,0.0,1.0,0.0,0.0,0.0,0.0
DZzsKdkVtpH88C1WRKcha2h6F4jw8SfjuMdvRAsPK2y8,0.0,0.0,0.0,0.0,0.0,0.0,0.0,1.0,0.0
Da6HzqdHksppUcyq1cfC2DZZLGm4vyECboZPKwoAnvdw,0.0,0.0,0.0,0.0,1.0,0.0,0.0,0.0,0.0
DaKSn9Vy7pbnwuTkW1LNsd5hXskjWbjNVuXjGpNsQCLb,1.0,0.0,0.0,0.0,0.0,0.0,0.0,0.0,0.0
DaPXg1QKMb2HnAHMJMsHs2pFSKWLVs5qVrmbFAYp2Pih,0.0,0.0,0.0,0.0,1.0,0.0,0.0,0.0,0.0
DaVSsZ1xrqpHzeK1Uc1mM4sLZrxeG1CR6LzgDiNsscwL,1.0,0.0,0.0,0.0,0.0,0.0,0.0,0.0,0.0
DaX3qz2HMvroAg6V72UhRnoyzK1PbXz2u2f6jCmBmbdJ,0.0,0.0,0.0,0.0,1.0,0.0,0.0,0.0,0.0
DabuiHKtnSGnNZZatNJucEgUXeo4EjKcjwvxkS4D11KL,0.0,0.0,0.0,0.0,0.0,0.0,1.0,0.0,0.0
DanKSUbF9mkNja3pc2vfzDRPj8K153a8zYK7xkdudDan,0.0,0.0,0.0,0.0,0.0,1.0,0.0,0.0,0.0
DaoB4YESsDW5qWJZufa2q749f6JKa2asFpXmh1QHCasL,0.0,0.0,0.0,0.0,0.0,0.0,0.0,0.0,1.0
DatnsKFSwaRPe8vycGMpuKmcf6y3Mr9RScoP8buj6tFv,0.0,1.0,0.0,0.0,0.0,0.0,0.0,0.0,0.0
Db1Rb2jv7HqRFEHGx9gqNRA46KnCyUwopfG1rz8a6B47,0.0,0.0,0.0,1.0,0.0,0.0,0.0,0.0,0.0
Db3nATEUnHTYnDKgiMZZ37PZ57hnaJEuXod21QYCGf31,0.0,1.0,0.0,0.0,0.0,0.0,0.0,0.0,0.0
Db3wwPnqatNEsMMxPUfqVM1CV9jDZAasu5oSSanB3QAQ,0.0,0.0,0.0,0.0,0.0,0.0,0.0,1.0,0.0
DbFmgt5BxynoS87ed3hpwj529MwBBNEh4mMz9wMkHgdu,0.0,1.0,0.0,0.0,0.0,0.0,0.0,0.0,0.0
DbMcDwkZQph8bUe6abcxKAg8oksa8igq96Jgeg9bsrrE,0.0,0.0,0.0,0.0,0.0,0.0,1.0,0.0,0.0
DbNXKPducuFQf3CX9vb6bEa3JsmEo8RK7CwA7TwKPdTE,0.0,0.0,0.0,0.0,1.0,0.0,0.0,0.0,0.0
Dc1GfGF96y3Qa5paDW2opnkH9A97T4ZaHx2578DNsgft,0.0,1.0,0.0,0.0,0.0,0.0,0.0,0.0,0.0
Dc6Fy8YHHHEQgSqRFXwGqShvhHUzBtxL45tfQ2Cz4cQu,0.0,0.0,0.0,0.0,0.0,0.0,0.0,1.0,0.0
Dc92LRYPttd4g8poBnZTquj6zHqgnJMmRGjomcXb9Cgk,1.0,0.0,0.0,1.0,1.0,0.0,0.0,0.0,0.0
DcHxwYzK3jPDwx7n7Kakp5y7MMmXFGUDX9q22KPQQnSD,0.0,0.0,0.0,0.0,0.0,0.0,0.0,1.0,0.0
DcXaW8mQsxHMXAJNC6KdhaXqHfk5Qr65GbBZQbJSXCY6,0.0,0.0,0.0,1.0,0.0,0.0,0.0,0.0,0.0
DcZWamQ4V565TtdWijrYvWgRx4P77rAa3puQANtWfLCk,0.0,0.0,1.0,0.0,0.0,0.0,0.0,0.0,0.0
DcessCjqGHuvzsZrRweQ9HDCQPtFgYxisQJV8N5WRnLG,0.0,0.0,0.0,0.0,0.0,0.0,0.0,1.0,0.0
DczPbtfj4Uj6r7amZkcypRwPcPcwmVCJL6A64DJSRVUB,0.0,0.0,0.0,0.0,1.0,0.0,0.0,0.0,0.0
Dd72u6jd9XcMPK91KpHfCyArqhw3BDdemLMFPUVcscY,0.0,0.0,0.0,0.0,1.0,0.0,0.0,0.0,0.0
DdNtMfyMUmi2naX4GZTPZzuLAnd6JwtA69i2FLmudd7U,0.0,0.0,0.0,1.0,0.0,0.0,0.0,0.0,0.0
DdPbciuJLpJdSvA7DUbtGK99g64SHCiHGbLBqraXMiCH,0.0,0.0,0.0,0.0,0.0,0.0,1.0,0.0,0.0
DdSrhp4MMufptdzgKTZPAaXCGu1PqXacPvxvq2ZviDNY,0.0,0.0,0.0,0.0,0.0,0.0,0.0,0.0,1.0
DdfWjEY1y45JNbvYPQywCR5nwk8HuRp9KzfUv5oxBmU3,0.0,0.0,0.0,1.0,0.0,0.0,0.0,0.0,0.0
DdvFSBzYHL2Ymw9ytDEaPoLwf4Ky8PBZtw7kzUfhCJYn,0.0,0.0,0.0,1.0,0.0,0.0,0.0,0.0,0.0
DeC5GHX9Hc6EvbWP95jbefEjg4MhETkaFmdKSstoD58E,0.0,0.0,0.0,0.0,1.0,0.0,0.0,0.0,0.0
DeNCJL2BJwhv6Xe5MvqAenFN7XrwpRosHknYmsHMgB8K,0.0,0.0,0.0,0.0,1.0,0.0,0.0,0.0,0.0
DeVbWagNpS7r6nT1FxApQJvnwXCLBdVst16A3PVhHDR2,0.0,0.0,0.0,0.0,1.0,0.0,0.0,0.0,0.0
DefexgzpqjRuJwi5KEpp6F7hrPB1stw16VhR6PFaM6aK,0.0,0.0,0.0,0.0,0.0,0.0,0.0,1.0,0.0
DegenWd41QUpN4fDL8pqUz855hqVqJZLGsji5hNZurhW,0.0,0.0,0.0,0.0,0.0,0.0,0.0,1.0,0.0
Dena4brWKkhHxuJQvZYyFNrU6SVSmnZ8Y39HbGgsKkRo,0.0,0.0,0.0,0.0,1.0,0.0,0.0,0.0,0.0
DexKk3eXqZQBjuqTaf8GLj9qNuqTa3bh7X3by9hTpjt1,0.0,1.0,0.0,0.0,0.0,0.0,0.0,0.0,0.0
DfDG3Av2pjAbbLErqFHckbnthg4AR4SZ4cJDEAuvmh3R,0.0,0.0,0.0,0.0,1.0,0.0,0.0,0.0,0.0
DfFbkCGTbtAYJatK6AsDC63rvPM5Y54xEEJ1uMKmWTew,0.0,0.0,0.0,0.0,1.0,0.0,0.0,0.0,0.0
DfMnwKMM4k3RRrESvKMPW3vjU1NzLEZkCi3YsKCxsrZQ,0.0,0.0,0.0,0.0,1.0,0.0,0.0,0.0,0.0
DfTbPjvAMqvHTaWYAL5HYVktqJAEfZLsPvPTyrzAPXcq,0.0,0.0,0.0,0.0,0.0,0.0,1.0,0.0,0.0
DfXvrN32RUgqGgmM5ZYU8LTZsxwXcjQbMLrUn6zRgaMM,0.0,0.0,0.0,1.0,0.0,0.0,0.0,0.0,0.0
Dfc8UPuSpYtPaMLc7UjcUdMXkfW3X1yojDLzp26WVzWH,0.0,0.0,0.0,0.0,0.0,0.0,1.0,0.0,0.0
Dg5wpYGP8FNjjzzRJpkZhjTgDLjAaRWP56yxrDTMNg9k,1.0,0.0,0.0,0.0,0.0,0.0,0.0,0.0,0.0
DgHKFWujF2HDdWkd8UEPhdGHHRSz1VADHu5uteV7TEjq,0.0,0.0,0.0,0.0,0.0,0.0,0.0,1.0,0.0
DgSfY9kop1GLN8UBGCUGABS8NhV9mcPoYYkZUooJrk85,0.0,0.0,0.0,0.0,0.0,0.0,0.0,0.0,1.0
DgZM1kqxFM8F1Do6He83aQ22ehE54Taky3ZDumuvEYEm,0.0,0.0,1.0,0.0,0.0,0.0,0.0,0.0,0.0
DgctXaVNDhMXbY55fJ2rxao7Jvg7yTNRNwKwZQWfr9ug,0.0,0.0,0.0,0.0,0.0,0.0,1.0,0.0,0.0
DgnZJ5z6ccstizukRGbq3AUArRjXCb5BEUWXFFBvgr8y,0.0,0.0,0.0,0.0,0.0,0.0,0.0,0.0,1.0
Dgtg4RfeJWDgh8iygQJtzgqz23ikWbPGpoUqhi2LsKT1,0.0,1.0,0.0,0.0,0.0,0.0,0.0,0.0,0.0
DgzWqku67fPeuWgmyZbNa7U7yicKRhbjM7nB86Yx2ojQ,0.0,0.0,0.0,0.0,0.0,0.0,1.0,0.0,0.0
DhQzYh3E6YNs2g7vGy5P4t4WEKPGg1rKSgrr5D6XCJBf,0.0,0.0,0.0,0.0,1.0,0.0,0.0,0.0,0.0
DhU52Ab4iHgd6fPjXXYb9UBW28dLk5SQa4DYNoQbdaa3,0.0,0.0,0.0,0.0,0.0,0.0,1.0,0.0,0.0
DhVNFC4NB8GnNpEKd9M7gYCAv2KGKsCnjCG24iQbnzom,0.0,0.0,0.0,0.0,0.0,0.0,0.0,1.0,0.0
DhxAmdd6S2DCtxv3nudSRE3EPQS2soN195QUdoQELYzZ,0.0,0.0,0.0,0.0,1.0,0.0,0.0,0.0,0.0
DhyWVo6aSwSiKh5iu3yLjQfE2iYodXBEYNamT5mxq6q8,0.0,0.0,0.0,0.0,0.0,0.0,1.0,0.0,0.0
Di37NiHHbYiDwr6AKDgcWGTWJD66VGbkJDduGY3tjkS4,0.0,0.0,0.0,0.0,0.0,0.0,0.0,1.0,0.0
DiBhmFfmNNrwr7DAn1N6BJUgqsnKayHiWWCpchSZz7bT,1.0,0.0,0.0,0.0,0.0,0.0,0.0,0.0,0.0
DiLnXEhd6kQ1cr9NTmKS9YTHNUUQV2zFcrvSpW9scdb7,0.0,0.0,0.0,0.0,0.0,0.0,0.0,1.0,0.0
Dj9j3ff6Jx5khVuxHp7yQMAsHZXQyz1rsHmPAAZZbYyK,0.0,0.0,0.0,0.0,0.0,0.0,1.0,0.0,0.0
Dj9two1HaPCj4sp5z2aRaQirK3yF14FaYb8VNYXo94bw,1.0,0.0,0.0,0.0,0.0,0.0,0.0,0.0,0.0
DjWcaXSZF4BMqk5N7yodobpj3NBRt5JdvrRxxbjg4EAH,0.0,0.0,1.0,0.0,0.0,0.0,0.0,0.0,0.0
DjeCiLGuVS3PRhL6mpfHYFqVRBBJFXn1cb17MNVkBVyB,0.0,0.0,0.0,0.0,0.0,0.0,0.0,1.0,0.0
Dk6dtCGQmuSu8dbhLjrbzCphunXUi2oXZGh3teS7vgLn,0.0,0.0,0.0,0.0,0.0,0.0,0.0,0.0,1.0
DktncAoeVtxvk63Hwd5boRCwYMRtCAzHJLMPfvk2Fk49,0.0,0.0,0.0,0.0,0.0,0.0,0.0,1.0,0.0
DmG6MFP7m5Vu83mWVWnpoAmwBB88J6A6vvUJC3oDkDto,0.0,0.0,0.0,0.0,0.0,0.0,1.0,0.0,0.0
DmKusaB89EYZeqUG591WEA1iKiSnvjoDWebJTqy2jkER,0.0,0.0,0.0,1.0,0.0,0.0,0.0,0.0,0.0
Dmbt6DS2KGPo9hiJYFnNG1w6yUvu7REExzST7rGqRoUg,0.0,0.0,0.0,0.0,0.0,0.0,0.0,1.0,0.0
DmtBRcxFtcjo61zghKxdhVYA4hteZtNqS78R8fGLtxX6,0.0,0.0,0.0,1.0,0.0,0.0,0.0,0.0,0.0
Dmv8iWkSozgM61UBpVEkkdwfgwEeKdubVHuEAGdBKBFm,0.0,0.0,0.0,0.0,0.0,0.0,0.0,1.0,0.0
Dn2yZy5Q753rooW93yvwW3yqtoxUDkv3Dbq5FZ9VobFi,0.0,0.0,0.0,1.0,0.0,0.0,0.0,0.0,0.0
Dn7i24bheN6mbtcEVjGBCZ3Rcddc2fmDxcBZWcAFUy4m,0.0,0.0,0.0,0.0,0.0,0.0,0.0,0.0,1.0
Dn9AiXijfuPtN1PWtzaHGiLfDzrr6yvjpEcUWfM6e6WX,0.0,0.0,0.0,0.0,0.0,1.0,0.0,0.0,0.0
DnJKSBXvCHHhh4uoTQgKoqNFwLmQAub3S9QWgKJVoCJG,0.0,0.0,0.0,0.0,0.0,0.0,1.0,0.0,0.0
DnKfwAW4XvbvdTnf24GxhULRBi3Ta4sixM4a3g6Cmfd9,0.0,0.0,0.0,0.0,1.0,0.0,0.0,0.0,0.0
DnMLdSvTKMGrjX72PVQW6gsouvYjsGtvTwbRL5HumhSr,0.0,1.0,0.0,0.0,0.0,0.0,0.0,0.0,0.0
DndE1hVTExXmznAuRiUuoWMmWu815Xko3aCT49xnnKAC,0.0,0.0,0.0,0.0,0.0,0.0,1.0,0.0,0.0
DnorUw9ErXQQiGrke9sd3Lc6DMNQnSg4V9Fbmc6kjLfq,1.0,0.0,0.0,0.0,0.0,0.0,0.0,0.0,0.0
DnougTja8dnoCFmYCN58KnfwW8XabkG2qy3gVQcv8mgE,0.0,1.0,0.0,0.0,0.0,0.0,0.0,0.0,0.0
Dnw3SArWjG4CFBa8nJS75qhi7uSVepxyBzUxqv32rChw,0.0,0.0,0.0,0.0,1.0,0.0,0.0,0.0,0.0
Do78MfuRVpatXSwU8pcbDV8MgRTzt44DuEqRkajWVRwF,0.0,1.0,0.0,0.0,0.0,0.0,0.0,0.0,0.0
DoBvQJCPT2W3gmcAUudBNp6g6douY1abqvVrCtYaoJvq,0.0,0.0,0.0,0.0,0.0,0.0,0.0,1.0,0.0
DoHQzuHLKvPj7mZHvYmVMWa158coCbH1yqiXwnc5ZGmD,0.0,0.0,0.0,0.0,0.0,0.0,1.0,0.0,0.0
DoKHtufwbi5jGQwby7DPeD73j2suxyg8qGr5G9PjLCMT,0.0,0.0,0.0,0.0,0.0,0.0,1.0,0.0,0.0
DogNxrtyStYmBvj1PgxNPTzkfQXr88wfm7RyTmUijrG8,0.0,0.0,0.0,0.0,0.0,0.0,0.0,1.0,0.0
DotFUZUBNaoMakcFtuddKBDe51zNp1Mv484BuA9Bozb8,0.0,0.0,1.0,0.0,0.0,0.0,0.0,0.0,0.0
DpHvxxRgj2zqpocbs8oLtMtDsFzx9Kh4CTsVGmC6o4A,1.0,0.0,0.0,0.0,0.0,0.0,0.0,0.0,0.0
DpKELko2Rvokpz1JZotTn7BUfVGbEmz7kQTdqTZgGF1x,0.0,0.0,0.0,0.0,0.0,0.0,1.0,0.0,0.0
DpWn9KWaEy843dnd7J6thGmVADAjQZogtG4tyk7uoBvR,0.0,0.0,0.0,0.0,0.0,0.0,1.0,0.0,0.0
DpgXVbrg4C7EnqEwcRuTSbw52E9ShLyc6fSoXV4ZbG8h,0.0,0.0,0.0,0.0,0.0,0.0,1.0,0.0,0.0
DpmcF6fjLRGUKoBMwoLCoGGgU21LGFU47433m27AanyQ,0.0,0.0,0.0,1.0,0.0,0.0,0.0,0.0,0.0
DpmrDyc2t1EhwJBfXmdwDEtCN9spMhDCCQRDCT8uqzHs,0.0,1.0,0.0,0.0,0.0,0.0,0.0,0.0,0.0
DpsjLVd3rk6wPtBujQEwLLwwk5vBQ1JwtqRzhkirh78f,0.0,0.0,0.0,0.0,1.0,0.0,0.0,0.0,0.0
Dq3jd3ZpPHzspQWhnoi6hFELVyTcpRDHTMduaPvXpjZ8,0.0,0.0,0.0,0.0,0.0,1.0,0.0,0.0,0.0
Dq6Dbo1dNdrCdoZR5gtD1MurFNwhjj1XAUTycBVkWrc3,0.0,0.0,1.0,0.0,0.0,0.0,0.0,0.0,0.0
DqJ7GN56ENdrdvMnZyhWfW3w2DXLSh2db1Ct1b9qg8gh,0.0,0.0,0.0,0.0,1.0,0.0,0.0,0.0,0.0
DqTG8k1SSuXUnbLLr17pvPK8iKwjaARqqeRSsPmeNgeU,1.0,0.0,0.0,0.0,0.0,0.0,0.0,0.0,0.0
DqmFYyvQkZuez2bLPtCN6edXdU7NHKPzhkcsPZvncXhj,0.0,1.0,0.0,0.0,0.0,0.0,0.0,0.0,0.0
DqqC5BiCEvgYbzv1XQmWEpsVXAawVLi14z1cwP5hd9PZ,0.0,0.0,0.0,0.0,0.0,0.0,0.0,1.0,0.0
DrE8Rma32tA5jD6dzG9yu8PYMFcX75a82WKwHXMCsTy4,0.0,0.0,1.0,0.0,0.0,0.0,0.0,0.0,0.0
DrFgdLDmHiFtFSKPywfDfGCk7xCtwJka73C9hHT3VVev,0.0,0.0,1.0,0.0,0.0,0.0,0.0,0.0,0.0
DrMQGKc6QMN49YNjv2k9REmNEqadwkjr1nuUBBJXQjXD,0.0,0.0,0.0,0.0,1.0,0.0,0.0,0.0,0.0
DrSJngtonWDm62inRSWX5mDKqb7KzahEmPHp7tomcEwv,0.0,0.0,0.0,0.0,1.0,0.0,0.0,0.0,0.0
DrWEm4M2yWFa2wwYsW27UuSmgUqN6BM7qt6MHMv2P1Nn,0.0,0.0,0.0,0.0,1.0,0.0,0.0,0.0,0.0
Dra5hkDHamXnY8hc5GLFK5cCKK2WPFSWFVwh5thoRD3H,1.0,0.0,0.0,1.0,0.0,0.0,0.0,0.0,0.0
Drxim3AawvexV8qqw8SjCWgMHcx7hpa22foqvJkPZEH6,0.0,0.0,0.0,0.0,0.0,0.0,0.0,1.0,0.0
DryPgC6mxQ2MNNJT9b5wxdNfvMNB8F6iSmaqsLzVbyKy,0.0,1.0,0.0,0.0,0.0,0.0,0.0,0.0,0.0
Ds1LMyJYwwGnFCJ4mB4vo3VbNJ86SUa7H7Ef5eUJCr41,0.0,0.0,0.0,0.0,0.0,0.0,0.0,1.0,0.0
Ds4oqRME59fMgGKtbPmBjSXP8pjsPp2xLH5vj2M6CrtD,0.0,1.0,0.0,0.0,0.0,0.0,0.0,0.0,0.0
Ds5VTrCwKZKytATSt48BsVMS9dpTN5t9Zf1Gsc1goLLG,0.0,0.0,0.0,0.0,0.0,0.0,1.0,0.0,0.0
DsSXvyzF4jZCDdJg5MW7nP4s2FSyfhwWSCLVSje7kDYY,0.0,0.0,0.0,0.0,1.0,0.0,0.0,0.0,0.0
DserPanr9aQHdshCCizCD55JBmEnY6VU8rWEMoWdRd9J,0.0,0.0,0.0,0.0,1.0,0.0,0.0,0.0,0.0
DsfyvtxoamKsbD8nkN2JijYQMQAedq76MHoUghbcNnW1,0.0,0.0,0.0,1.0,0.0,0.0,0.0,0.0,0.0
Dsj9aEF9pNB4Ba1U5M3UdXi77iQwFdmAsMbTPot5cKeF,0.0,1.0,0.0,0.0,0.0,0.0,0.0,0.0,0.0
DsxShBLLXcDCiP99oKm8cRHyKMpuVxTmwChmoxfzaApB,0.0,0.0,0.0,0.0,1.0,0.0,0.0,0.0,0.0
Dtw5LZ8RUYPpxrUSAbyyp3K37qbM8VX1STRy7Zech7Lo,0.0,0.0,0.0,0.0,0.0,0.0,1.0,0.0,0.0
DuK9Yz6vEBiRvsZH2eokF43Ty5f2iuqdmX71zHyEbp3f,0.0,0.0,0.0,0.0,0.0,0.0,0.0,0.0,1.0
DuWxFPCo9YMT7Sq1BdH5EdH9tWJp48ykF7MKPhJRYcjo,0.0,1.0,0.0,0.0,0.0,0.0,0.0,0.0,0.0
DubLGumsptRwmAhBWtyhwi9JRw54JLwcoa2ZXv1wt8Fb,0.0,1.0,0.0,0.0,0.0,0.0,0.0,0.0,0.0
Duc8Hxd2uxuj2GaorhV7UsCJJ1xvqv3eJHuEMae3xTVd,0.0,0.0,0.0,1.0,0.0,0.0,0.0,0.0,0.0
Dum4XjG1dJMDa92oNWqQgPEihDjNpWREsemPypKCLTx7,0.0,1.0,0.0,0.0,0.0,0.0,0.0,0.0,0.0
DuyymaY7W7geiD4h7EKV8r4MPMKC9RefcuKcT8CKYPMk,0.0,0.0,0.0,0.0,1.0,0.0,0.0,0.0,0.0
Dv34wnrt6tgwJyCN59UDm2MDibh4mgyBzm46UMFLD1MM,0.0,0.0,0.0,0.0,0.0,0.0,0.0,0.0,1.0
Dv94LQQ3EeQFFubd9xmygP6v4g2ncRkyAhrJ5b1EZdEk,0.0,0.0,0.0,0.0,0.0,0.0,0.0,0.0,1.0
DvBJ2Ej8QqMeN2gtwx2zym3NUsKwUHGLGbfyEw6kHK6R,0.0,0.0,0.0,0.0,0.0,0.0,0.0,1.0,0.0
DvEx6r9bsYeBdDxNWxBtFd9L8QtWuFafsHm82kuWi5FY,0.0,0.0,0.0,0.0,0.0,0.0,0.0,0.0,1.0
DveFiXEWqUKvRY8w77AMZifE77YP1Mdm1HzBdEstqji2,0.0,1.0,0.0,0.0,0.0,0.0,0.0,0.0,0.0
DvewB6CGrkHHGqyGrXBT3kfy1mwa1rcZkuuQJFWxogyf,0.0,1.0,0.0,0.0,0.0,0.0,0.0,0.0,0.0
DvkShN33ynLonBj1f5G2DfeSr1JGJZXDR5wrZhWtggNb,0.0,1.0,0.0,0.0,0.0,0.0,0.0,0.0,0.0
Dvp5jJvNMFYBixFDCTCeJuw9Z9NR9kwS4f8dQTpXV4wY,0.0,0.0,0.0,0.0,0.0,0.0,0.0,1.0,0.0
DvtdsMv6DWTokd6ejAkMAZcNQ5t6JxX95JrxqVJxedBY,0.0,0.0,1.0,0.0,0.0,0.0,0.0,0.0,0.0
Dw1ztTrgbzQmM16Vokm3j9wq1M99PqEY49CCZMN2gPjC,0.0,0.0,0.0,0.0,0.0,0.0,0.0,1.0,0.0
Dw7XQKxSYHDb6UFDnZPbD2NKE9w9gfVno744Mev517M2,0.0,0.0,0.0,0.0,0.0,0.0,1.0,0.0,0.0
DwF66UZMqtff4XSj5YoeHmV1eoWJct39HADgPAwCokT2,1.0,0.0,0.0,0.0,0.0,0.0,0.0,0.0,0.0
DwQUnZR7jVWwPSj8Za3gRBnETXFoRF9e59HSCFTzueis,0.0,0.0,0.0,0.0,0.0,0.0,0.0,1.0,0.0
DwhSPxVJqRzZp2Z1H4zSKjAxH8Btcy3Z7cj13GfyQ4eS,0.0,0.0,0.0,0.0,0.0,0.0,1.0,0.0,0.0
Dwk5jAVm4ps1k1a974Nt4e8gWqS6gWxKH4eMmCWSCpT6,0.0,0.0,0.0,0.0,0.0,0.0,1.0,0.0,0.0
DwnVBkzD8tSe6jcS71FwLaopB9MJfcxBWPSvbSGSTMXR,0.0,0.0,0.0,0.0,0.0,0.0,1.0,0.0,0.0
DwuKDPu6wpVhq1SsZuD2CSqhVrmziZzXkGmwRDB59vDo,0.0,0.0,0.0,0.0,0.0,1.0,0.0,0.0,0.0
DwxzzaSis1AFw4X8JruYBLZrpxegVaKPnFZSVKgAQBN1,0.0,0.0,0.0,0.0,0.0,0.0,0.0,1.0,0.0
DxTUoDnWFmhmJ3zrByQLh7td2Qx8QkTJn2RinebRhiL8,0.0,0.0,0.0,0.0,0.0,0.0,0.0,1.0,0.0
DxcZiryGdmrqpxXMhrBJNc4EYh1gJpueDafgEmuFaQJT,0.0,0.0,0.0,1.0,0.0,0.0,0.0,0.0,0.0
Dxdp9DCYcykmnQL6vtB59WXiWed7Q676B3rCiVLeAAgW,0.0,0.0,0.0,0.0,0.0,0.0,1.0,0.0,0.0
Dxi6hUtC8yQcbxoujRb8ScUA9MduxssGnKem34rXzg8X,0.0,1.0,0.0,0.0,0.0,0.0,0.0,0.0,0.0
Dxs84z2eSUsREvTsTfeVA7rNHqFHBzvyNkXMpi4wRSGW,0.0,0.0,0.0,0.0,0.0,0.0,0.0,0.0,1.0
DyM2oVapTFtaLhwSjPKV8jgnDLH3v2GixQSgwQvxnSiR,0.0,0.0,0.0,1.0,0.0,0.0,0.0,0.0,0.0
DyNiyDgYg3A4sHKXFLccUEVHX3zBDGxx1m7xtqxnKjKP,1.0,0.0,0.0,0.0,0.0,0.0,0.0,0.0,0.0
DyR5Za8fvqk86jkJ9Guar7fEvRT3SFMzJyfQAVHt3eL8,0.0,1.0,0.0,0.0,0.0,0.0,0.0,0.0,0.0
DyThTGQEDGFwQtUrPCkMv6wdYZn9oPX8MeBfPQNBi1DQ,0.0,1.0,0.0,0.0,0.0,0.0,0.0,0.0,0.0
DyZ9TqfjNSxEBMkz9JqtiAz9r6hRG1yEv8CEQXVWd7DH,0.0,0.0,0.0,1.0,0.0,0.0,0.0,0.0,0.0
Dz29VDpkzTVv9oL4py3yjEGwb5qahxUDkBP5EcVuD35d,0.0,0.0,0.0,0.0,1.0,0.0,0.0,0.0,0.0
Dz3BJenPAMziCBhJFGwUxvu3qhMUuLch8NjoZdfP9xsa,0.0,0.0,0.0,0.0,0.0,0.0,1.0,0.0,0.0
Dzma9FM16mhvHXyhc5XNuKGq7UdgoNN3KHVcRVUDFW7D,0.0,0.0,0.0,0.0,0.0,0.0,1.0,0.0,0.0
DzqQw85BVNetcLRVhcCvZLYM9bUAmUJ8U1k7eJobJgsT,0.0,1.0,0.0,0.0,0.0,0.0,0.0,0.0,0.0
DzrTNN7L2iMQYAZRMB2nUFZ7QCDA7LeJGfbSZDrxVCz8,0.0,0.0,0.0,0.0,0.0,0.0,0.0,0.0,1.0
DzssMBG83ySNoizUpGVLvKmvTtzGRf9KFwBQbE15nYcL,0.0,0.0,0.0,0.0,0.0,0.0,0.0,0.0,1.0
DzzUcWvekw47bUhvd1ZzYrGhtbZTzyCnHj1d8yN4LMAL,0.0,0.0,0.0,0.0,0.0,0.0,0.0,0.0,1.0
E1M61YNdtj1ysU8G7QWuPBcjdmPhhcQZBSNhAXXtu22o,0.0,0.0,0.0,0.0,0.0,0.0,0.0,1.0,0.0
E1ySQLhZSbR47yRyKJQEYXR5TbULLdNaQLwucSsAaCC4,0.0,0.0,1.0,0.0,0.0,0.0,0.0,0.0,0.0
E28aJHyQUssP4DEQ2YsuKN5EQCsTJXiWCN6onqL32Pqk,0.0,1.0,0.0,0.0,0.0,0.0,0.0,0.0,0.0
E2KmTLWYabwqajqo9qhQqYhVqb5Ki871BaDpCTXTGzmj,0.0,0.0,0.0,0.0,1.0,0.0,0.0,0.0,0.0
E2N6FkVSsGjwBywEFsRs8M1BqEW3L5V3YQQ2eD3P68b,0.0,0.0,0.0,0.0,0.0,0.0,0.0,0.0,1.0
E2QeCEHniFxxKuVZuYAVNXxPeeUCfTJgQWDjqcQ9RYKf,1.0,0.0,0.0,0.0,0.0,0.0,0.0,0.0,0.0
E2eiiwAhagkaG9TxBibE9VXGMrh7XDBJCqRBPwiZvSEy,0.0,0.0,0.0,0.0,0.0,0.0,0.0,1.0,0.0
E2u7EqgifNdxNTHZTvyxSqsT1LYwDzW8oNCCXKbY54RV,0.0,0.0,0.0,0.0,0.0,0.0,1.0,0.0,0.0
E349Cs2QVqXbPNSDMwednfK1cARUgdanzXvKA4JAvfCQ,0.0,0.0,0.0,1.0,0.0,0.0,0.0,0.0,0.0
E36ybFXjvfVikuLePWDpZPbkfTa8PJJcTQJanKXTcMm7,0.0,0.0,0.0,0.0,0.0,0.0,0.0,1.0,0.0
E37whN24UWBwzowzbVYPpVSWPZqXUWTQysccK3JhzD3u,0.0,0.0,0.0,0.0,0.0,0.0,0.0,1.0,0.0
E3HEEXckcxoWffdh4B4uRxCT2c4ym5wEq3H2KgnsJS28,0.0,0.0,0.0,0.0,0.0,0.0,1.0,0.0,0.0
E3MsBU4GsVb8ArDfMzS8gqtML7vTXBNJ6aMdJ9tzx86a,0.0,0.0,0.0,0.0,0.0,0.0,0.0,0.0,1.0
E3oaN6Uc23zpwvpphQikHRKTfZKyBVsGqRPS7rxExHVV,0.0,0.0,0.0,0.0,0.0,0.0,0.0,1.0,0.0
E415SPmUB7F6V4DTCPYGASUeWYCJcTykWgsxjtGC1XBe,0.0,0.0,0.0,0.0,0.0,0.0,0.0,0.0,1.0
E42zJGGrZrwVGCk2Aqtnkuwpt7j5EedSFmFdGGvt3Bf6,0.0,1.0,0.0,0.0,0.0,0.0,0.0,0.0,0.0
E4DVYLEM3mSNoziNS9rkDZc1KAcPvPehHXhr1sC6c3az,0.0,0.0,0.0,0.0,1.0,0.0,0.0,0.0,0.0
E4WDtxAhTM2TKdjqMFmKCLsBXxE81zRU6z45E52KZxPb,0.0,0.0,0.0,0.0,0.0,0.0,0.0,1.0,0.0
E4YW9rg8oLSBMj4pmPziZvX4gWhVNd1UBtsC4ppTJQ4a,0.0,0.0,0.0,0.0,1.0,0.0,0.0,0.0,0.0
E4cs1vichVQYw5YTBLXMwBNM7QzY4w8AVeW6UTeBx3EF,0.0,0.0,0.0,0.0,0.0,0.0,0.0,1.0,0.0
E4n68cjSav6qxNcux52f1z7dfkhZYRnNhNntZtv3e9nE,0.0,0.0,0.0,0.0,1.0,0.0,0.0,0.0,0.0
E4y1mpxQvTTuNeEyexK2mWsArgEr9KZDj9ziUGuBFqp6,0.0,0.0,0.0,0.0,0.0,0.0,1.0,0.0,0.0
E4zr2zJYMqD41sdiXZjGjDVaQH1FCuA97Zty629YK4kk,0.0,0.0,0.0,1.0,0.0,0.0,0.0,0.0,0.0
E57CfCEiPP8A8yT11kueTqDi42LfHBpyDw2pa5odmRYS,0.0,0.0,0.0,0.0,0.0,0.0,0.0,0.0,1.0
E583VWpDmdCrumsTUG4rZctoj5d5VPhgUAYwPxhmivV2,0.0,0.0,0.0,0.0,0.0,0.0,1.0,0.0,0.0
E5LgS8HFmdjpXizPei98FxKhXQuEbmvYAhgnaEmZCq5o,0.0,0.0,1.0,0.0,0.0,0.0,0.0,0.0,0.0
E6DCzHsiHjifRv7pgYqDEfKX7HWt12Lnk1VXTHnGtfJ3,0.0,1.0,0.0,0.0,0.0,0.0,0.0,0.0,0.0
E6LXCHvfzmHuU52rSrvLC7uXmRqgYUYHtJ4x5T2T99v8,0.0,1.0,0.0,0.0,0.0,0.0,0.0,0.0,0.0
E6SPU3e9DucZFFfNnJLvptxpZWyPZMKJaM4yAZwQgJtc,0.0,0.0,0.0,0.0,1.0,0.0,0.0,0.0,0.0
E6vYRECPqJqBxRrf8CeArvQii7NT6yUYb7fbUPNX9gLs,0.0,1.0,0.0,0.0,0.0,0.0,0.0,0.0,0.0
E75Vu9PU1ksPV9gD7nL7DwVQKDtVqu7LYt5UppLrkhZA,1.0,0.0,0.0,0.0,0.0,0.0,0.0,0.0,0.0
E7HmvaLgmbWEsuySXXEJRg82qe1MJZMprVhn39Gwjcvz,0.0,0.0,0.0,0.0,0.0,0.0,0.0,0.0,1.0
E7T1Vs7aCLkN7TyFg382rhG7yVM5cWvjuwhfQkWPiSEH,1.0,0.0,0.0,0.0,0.0,0.0,0.0,0.0,0.0
E7WocyPVdGCKTGKGa9Z2tzgXcebxdVt6v599dTEvA2if,0.0,1.0,0.0,0.0,0.0,0.0,0.0,0.0,0.0
E7oKkS6fV372HPMBVdsgKzVwiqHESikvFFL2y2Eik284,0.0,0.0,0.0,0.0,0.0,0.0,1.0,0.0,0.0
E7wqnjddSgoxuowuAXqc6Lii5i2zyTqBAuAFZe2VtoJn,0.0,0.0,0.0,1.0,0.0,0.0,0.0,0.0,0.0
E83AvoFVWPbVx6m5TvCQytifvBts7p1YF6f4bbNVoydU,1.0,0.0,0.0,0.0,1.0,0.0,0.0,0.0,0.0
E87e4pnrzHsW4qxRY98rLyTMzAJw2oitTUp4XKkf3vc5,0.0,0.0,0.0,0.0,0.0,0.0,0.0,1.0,0.0
E8T4qB9iPqUiCT6xee1F4nEbWKw8iME3B3QZ3zmxXcr1,0.0,0.0,1.0,0.0,0.0,0.0,0.0,0.0,0.0
E8dpZRu9rev2DRPc3j1YXMRpna77A4hLuSDhYEdy8YvL,0.0,1.0,0.0,0.0,0.0,0.0,0.0,0.0,0.0
E8fBiiq3WnHwDiiDP9FgYqUsJ2dYa9cqj2sbiatQf7Qw,0.0,0.0,0.0,0.0,0.0,0.0,1.0,0.0,0.0
E8fTDCQzuUMXDCujvAWSG8CpAjNSnWqYXhnvWNYHZYaF,0.0,0.0,0.0,0.0,0.0,0.0,0.0,1.0,0.0
E96JCgsj2aoT2eVL1EQaJiVSzowAjui9i8cBD3mGRSB8,0.0,1.0,0.0,0.0,0.0,0.0,0.0,0.0,0.0
E97JW7BKv7VwdZfCdqwhboAmCCSJbFJSx6HhAmNDNJsc,0.0,0.0,0.0,0.0,0.0,0.0,0.0,1.0,0.0
E9CDkp7okUt4pPDq2f49ddcdEHY1DtLJ7UuoPMkhPvWs,0.0,0.0,0.0,0.0,0.0,0.0,0.0,1.0,0.0
E9Hcc4CAzEpQ4wviS23wnorPwr7Z7pw11YSNkxzsV6Sb,1.0,0.0,0.0,0.0,0.0,0.0,0.0,0.0,0.0
E9LVNfKNDU6U1TfC67176xHJoTsR5vYEnLfjxaksvWiH,0.0,0.0,0.0,1.0,0.0,0.0,0.0,0.0,0.0
E9Q7XRpkrb5QjEUSHhDoFqczdFuotpUm42oQnw2wTFRA,0.0,0.0,0.0,1.0,0.0,0.0,0.0,0.0,0.0
E9SjVR5HRa8L5JUUZTfHfn89Emz5qayWuPnyP8WYQp4i,0.0,0.0,0.0,0.0,0.0,0.0,0.0,0.0,1.0
E9rHFCDucq9ArFRd9ZvUJSiZ7oZ9uJUTMyyJSR3yZPCd,0.0,0.0,1.0,0.0,0.0,0.0,0.0,0.0,0.0
EAYtzATHJi5jnFk7EyGDxZFBe4Do5YD5WRFSJFigBSQn,0.0,0.0,1.0,0.0,0.0,0.0,0.0,0.0,0.0
EAqhJYTdBuDxEEVyiFS4AUgiT5E7k5BJxwNmAsBM8q45,0.0,0.0,0.0,0.0,0.0,0.0,0.0,0.0,1.0
EBC2iJu2p7kD6XR6MKeyDp4FRq64rEaCk8oSAJ1irnKU,0.0,0.0,0.0,0.0,0.0,0.0,0.0,0.0,1.0
EBFutTi4PLbTiRgWEvt9JpAwtumoYRtrzKYfqR49marE,0.0,0.0,0.0,0.0,0.0,0.0,1.0,0.0,0.0
EBJA8i6VkzfG7SDB8Sm7EeCakfrE2hHcaYYjgJBmRts3,0.0,0.0,0.0,0.0,0.0,0.0,1.0,0.0,0.0
EBWwTRaSGErjWYfJK7VdBqs9Z6s4DDskQ1KN1ZiRbQgH,0.0,0.0,0.0,0.0,1.0,0.0,0.0,0.0,0.0
EBdvnUDhQSoi59yvKRdZmsssRCiFrhmT7RVdHeLKnbFA,0.0,0.0,0.0,0.0,0.0,0.0,0.0,0.0,1.0
EBfwKmEiWqng5jB9NP33N8ihy42Np7q554pJ2UrNq15a,0.0,0.0,0.0,0.0,0.0,1.0,0.0,0.0,0.0
ECB9V6Y3rpEAiUrNuLZ3fpw4BHMLZWRvHM8cohfeHKJe,0.0,0.0,0.0,0.0,0.0,0.0,1.0,0.0,0.0
ECbyAejxPmq9jyCvut983et88s8d4cVPyJCbqtWynRPF,0.0,0.0,0.0,0.0,0.0,0.0,0.0,1.0,0.0
ECxUhUYoYTjoC6T8HP9PG2SxaJbQvWSR8s4yeZFJsW18,0.0,0.0,0.0,0.0,1.0,0.0,0.0,0.0,0.0
ED4VBSx9vsAZX6sY9ggt1MF9WEYJs4pwF1Lh461dvt8E,0.0,1.0,0.0,0.0,0.0,0.0,0.0,0.0,0.0
ED6tZV7gCSjryLGBnX9qvSK2peUWdtKbEdmtSSuLKXGd,0.0,0.0,0.0,0.0,0.0,0.0,1.0,0.0,0.0
EDMjYyptzeaWNvxDNBd3fEeytR2ReQTQyWMaKVQhvLe8,0.0,0.0,1.0,0.0,0.0,0.0,0.0,0.0,0.0
EDv1tmoXGZoCd53YxnmbHfiGsZ9tV6pTQempoR3zfcHS,0.0,0.0,0.0,0.0,0.0,0.0,1.0,0.0,0.0
EE62HDdfgW4uNwVBz9XnSRJQVud1a2K1MA923y54rV45,0.0,0.0,1.0,0.0,0.0,0.0,0.0,0.0,0.0
EETEWSZcy3VeqcjCKpWNjz68qLjvRUNrmXrZtNqeezyP,0.0,0.0,0.0,0.0,0.0,0.0,1.0,0.0,0.0
EEcCztYL2icV5vk7azcupCB1q5pZCqjyDBoZX6pgHFB4,1.0,0.0,0.0,0.0,0.0,0.0,0.0,0.0,0.0
EEqE9Ty2LgS3nmMn7YmCHZxP9sXj9pJbNc61kRCF6NEV,0.0,0.0,0.0,0.0,1.0,0.0,0.0,0.0,0.0
EEwqMoGNZWRknUNKZe2e4zqexHE48XeZn7TqxQ3qCHzg,0.0,0.0,0.0,0.0,0.0,0.0,0.0,1.0,0.0
EEzmdzb68Bisc1Rh8eQ2NEWcNq4LS9UXTmq7tRsKC7Mf,0.0,0.0,0.0,0.0,0.0,0.0,0.0,1.0,0.0
EFBkcoLtQkyJMTrPVfbNkHcAiWo47eZi9M3AhNBm79d,0.0,0.0,0.0,0.0,1.0,0.0,0.0,0.0,0.0
EFCGz2reGd1EC84C1XHVUSQsgo2ZQZYs7zinx59BDNYS,0.0,0.0,0.0,0.0,0.0,0.0,0.0,1.0,0.0
EFCLf22H2cs93XuGs8EfdMUHEfy7cWBLA5BFzEBuua5h,0.0,0.0,0.0,0.0,1.0,0.0,0.0,0.0,0.0
EFH8BwEbw4vXEvgx6HGp2Mv9yY5xvBYc2gwYNvJjNUam,0.0,0.0,0.0,0.0,0.0,0.0,1.0,0.0,0.0
EFJnhJ7Sb22KUAb5dZVcvWT9sog6mtEmYwg4k1GoQLtj,0.0,0.0,0.0,0.0,0.0,0.0,0.0,1.0,0.0
EFSfwNY1xrHit7mXYHjbmFuDeKm1U64EcbUxj5pLLd5b,0.0,0.0,0.0,0.0,0.0,0.0,0.0,1.0,0.0
EFbHWvPSRJTX3k6LPqULmgyt8P6bEHumLgzbV7zYu7RF,0.0,0.0,0.0,0.0,1.0,0.0,0.0,0.0,0.0
EFofni85R5HiTZkgtZQxJxNZ3WH8Jq6mD8wzLF39DaFP,0.0,0.0,0.0,0.0,1.0,0.0,0.0,0.0,0.0
EFzTfF392cSWK1idDTVGYRWPe9eKZDvULWkaaP5FkKak,0.0,0.0,1.0,0.0,0.0,0.0,0.0,0.0,0.0
EGFSw8EHSkRSHWYHynTSMmYYjHMN5AStbnc65XSJE8t4,0.0,0.0,1.0,0.0,0.0,0.0,0.0,0.0,0.0
EGPCsLEdN1xLDA8kgnsXzoWkMFkinnCEkZuUmangXVQu,0.0,0.0,0.0,0.0,0.0,0.0,1.0,0.0,0.0
EGU4cCZSi4sx4R2QHkrYRJsqm45Bfzt1u2UUw9Q3z4v,0.0,0.0,0.0,0.0,0.0,0.0,1.0,0.0,0.0
EGaVCHptMa9drdN1Nv9t9zNVWJgtbBfiUsRNkFz7TtLC,0.0,1.0,0.0,0.0,0.0,0.0,0.0,0.0,0.0
EGgLui2nATNoBiAGuBe7jrHfn3wKrrZj2gpSf1EAjqmD,0.0,0.0,0.0,0.0,1.0,0.0,0.0,0.0,0.0
EGiVCUvKYS7WS7QxXiPjqhxTVgzLi8ShmDge2Dgop9c4,0.0,1.0,0.0,0.0,0.0,0.0,0.0,0.0,0.0
EGuaJ1FmNbE3XgjEzwTGsPCkVpW5yg1oQRtBfKPpXAwv,1.0,0.0,0.0,0.0,0.0,0.0,0.0,0.0,0.0
EH1RFzxD7EvsuADcsvLzcmXCtT3MHg39JyjKmeVEhLWu,0.0,0.0,0.0,0.0,0.0,0.0,0.0,0.0,1.0
EHKygYJuZA4H1zcU3hQxdn12fReMh2txqgG67sU8BcMV,0.0,0.0,0.0,0.0,0.0,0.0,1.0,0.0,0.0
EHQccAr5dFHi34Uj9PxJQyrmSHHELtY47k6HpaV2JXoe,0.0,0.0,0.0,0.0,0.0,0.0,0.0,1.0,0.0
EHSgp2wVM6YCEeRWys9xxRpxr9TN8AeMPG2RBH6Sbxfr,0.0,0.0,0.0,0.0,0.0,0.0,0.0,0.0,1.0
EHeihexnjVrB49NQJqncaCe4SxqHm7RwqvAEoKGQ3s7V,0.0,1.0,0.0,0.0,0.0,0.0,0.0,0.0,0.0
EHh2iMYpw8tmVDe3t5HGQVUbPzEHW9mGAQC9biuQjBzA,0.0,0.0,0.0,0.0,0.0,0.0,0.0,1.0,0.0
EHhj64r1uVDYDV9yFMxS7PmdUdWcDhMet2h8Bk6mps7y,0.0,0.0,0.0,0.0,0.0,0.0,0.0,0.0,1.0
EHqNihR5ogThFgmkWtmZvqzoNdtwzZSH7YhwnXe2mngc,0.0,0.0,0.0,0.0,0.0,0.0,1.0,0.0,0.0
EJAkCr6UAvg4Fkyf7qt7x3zQWQDqDgN5Q1AokQYXDRBT,0.0,1.0,0.0,0.0,0.0,0.0,0.0,0.0,0.0
EJJYfT7sW8nCXYDw5YCqBJ9toaFHaasYdHSVdiQEcLv1,0.0,0.0,0.0,0.0,0.0,0.0,1.0,0.0,0.0
EJdZrXN6mF6nw2RurU3FYhTPF8SLZjHSSgeb1VneAGvh,0.0,1.0,0.0,0.0,0.0,0.0,0.0,0.0,0.0
EJvjei7AVJwV94ssSEn62MVoM7WNneUGuvmZzZuNAKom,0.0,0.0,0.0,0.0,0.0,0.0,0.0,1.0,0.0
EK3qKqJkCwYLuarZ9daVEVGYPmodtdcsXGoyufSoyt7S,0.0,0.0,1.0,0.0,0.0,0.0,0.0,0.0,0.0
EKKWSfTUqz3uE7AE7z7n2g4Ytxw6iGs1cFNKZuPoYo9U,0.0,1.0,0.0,0.0,0.0,0.0,0.0,0.0,0.0
EKMrr2Tus8c4xxa6RmcrXZ7AKGiTpWTCV8qdArMtFdrJ,0.0,0.0,0.0,0.0,0.0,0.0,1.0,0.0,0.0
EKegKJuXPicUXREDwgMAbU9NwwRs8SiwYDYmCw8krtgz,0.0,0.0,0.0,1.0,0.0,0.0,0.0,0.0,0.0
EKjCJNVkct1Tb2xzcq5AqwLVKQFhSoDuZSACJyGk9nhi,0.0,1.0,0.0,0.0,0.0,0.0,0.0,0.0,0.0
EKrBUuNjztXJngCa5g2mnG6xrXLm3hZyE7bs8TsnoM91,0.0,0.0,0.0,0.0,0.0,0.0,1.0,0.0,0.0
ELEGLHe3M3QHjrmD5BRUFvfdVRYbxfownwkEtFbCcgSK,0.0,0.0,0.0,0.0,0.0,0.0,1.0,0.0,0.0
ELG6C2cL5GqE19rxsAiMXwUyE2nFhQHn5aBKmJRzAgZp,0.0,0.0,0.0,0.0,1.0,0.0,0.0,0.0,0.0
ELL9y5gHTuw87LgDA8cgnUC65sKEK2YodQBNm5DHQB5g,0.0,0.0,0.0,0.0,1.0,0.0,0.0,0.0,0.0
ELeLdYk6L7DDZuKxVpi8i7Vrdu4gQu4qDoPbrbGkoUSE,0.0,0.0,0.0,0.0,0.0,0.0,1.0,0.0,0.0
ELjGFSoRbDVjN6N4dLMZAb54JsAWpmXE1sDY4eiTorVF,0.0,0.0,0.0,0.0,0.0,0.0,0.0,1.0,0.0
ELkttxydaMiptsXH5F5UGBVCxPJaZG7qT1yCDBwsnEUa,0.0,1.0,0.0,0.0,0.0,0.0,0.0,0.0,0.0
ELqHZXQCKFySrbvaGeoNBLaiQSm6W3pi1FnyXBmDfEGi,1.0,0.0,0.0,0.0,0.0,0.0,0.0,0.0,0.0
ELrCHTBcMaLhFr5N72UzKgYftPRkztRnFUcUByxemjkx,0.0,0.0,0.0,0.0,0.0,0.0,1.0,0.0,0.0
EM1K8QuPHnJNGLvoiFB5PpBePj2j6pUY64LFv3uEgFGJ,0.0,0.0,0.0,0.0,0.0,0.0,0.0,1.0,0.0
EMCUUzyMbCo4KY7XBnMw1XgmmmBBkGfLcGPyCsWCwkvk,0.0,0.0,0.0,0.0,0.0,0.0,1.0,0.0,0.0
EMMG2GJk1JfHEWA83HyGMRhy4EsXquvdUHJqr3UnDuy6,0.0,0.0,0.0,0.0,1.0,0.0,0.0,0.0,0.0
EMQfVW52Fd19xd95WqJa9pT3Vvh62RzV2Zmoog5i3dwc,0.0,1.0,0.0,0.0,0.0,0.0,0.0,0.0,0.0
EMiQMuKnPqpSEBAtBX93WG4KQjK2GkPTxmvAeJjS7TU7,0.0,0.0,0.0,0.0,0.0,0.0,0.0,0.0,1.0
EMoKqWx4QWNCHrAWu5RBQvP82NNHAxpt9RcrHppRY3pe,0.0,0.0,1.0,0.0,0.0,0.0,0.0,0.0,0.0
EMoNPyHJTp74M13f9PKAaGJniZhnWkof2yjJXDYwGsQi,0.0,0.0,0.0,0.0,0.0,0.0,0.0,0.0,1.0
EMvqQxyUZstypbWGfNA9DzKaZU67XbrQcz4gBchinr9n,0.0,0.0,0.0,0.0,1.0,0.0,0.0,0.0,0.0
ENJeyDN7PCGepqxbr8Kx7qPajip4CiwEGdQebYcmTiVR,0.0,0.0,1.0,0.0,0.0,0.0,0.0,0.0,0.0
ENRm3h7HRLu9LQ9zPyyYFdBBx3rGYth8BBDe1yLVaYPX,0.0,0.0,0.0,0.0,1.0,0.0,0.0,0.0,0.0
ENzdjwLNPYTcTnY8SF16FQP1cSozMH5hPWnS1g4ewdzk,0.0,0.0,1.0,0.0,0.0,0.0,0.0,0.0,0.0
EPPN37YmxDwjss5qWRnTYNkMnj6di6YbKU8zKNU8VGsm,0.0,0.0,0.0,1.0,0.0,0.0,0.0,0.0,0.0
EPgroXapVxGtwVbVdPZo8CL5n4b28KTuK9LDXx5Yfo5B,0.0,0.0,0.0,0.0,0.0,0.0,0.0,1.0,0.0
EPohD78GmL7K8GdLeowm3zNWjZwGvXZ34DyA1fwhjnBe,0.0,1.0,0.0,0.0,0.0,0.0,0.0,0.0,0.0
EPqAL1t9Daipxh9eFiRHSEQQ91Rap4REXTvQB4ad3iHx,0.0,0.0,0.0,0.0,0.0,0.0,0.0,1.0,0.0
EPrGB2AnWgYkMGyHewrSf3hiQfTxZrY2sdsRt98XQ2Gz,0.0,0.0,0.0,0.0,0.0,0.0,0.0,1.0,0.0
EPvbWZDpbWXcZAHPnTDjwNaqnM7tVcHwCig11WcBc3w7,0.0,0.0,0.0,0.0,0.0,0.0,0.0,0.0,1.0
EQTXRtypiD1YiH24ScmvezdV5NQ9M8xJ7Gfm99NyJQxM,0.0,1.0,0.0,0.0,0.0,0.0,0.0,0.0,0.0
EQUCMXH7Pmxi46PAGErvLtRDA6oXh2TRX7Femh1oXqX6,0.0,1.0,0.0,0.0,0.0,0.0,0.0,0.0,0.0
EQXPyMXFaYECGfadyKZ6YBpzGTWdkswJaovGy1UAJVY7,0.0,0.0,0.0,1.0,0.0,0.0,0.0,0.0,0.0
EQkhwKKZ57rQy8npFLqqH6t4dMsriu6ia8CNpR8qWuuS,0.0,0.0,0.0,1.0,0.0,0.0,0.0,0.0,0.0
EQomrkbmk32Q6LwSjcy39rsVsNhcmC4cS287eUvNXKPY,0.0,0.0,0.0,1.0,0.0,0.0,0.0,0.0,0.0
EQpbEsNHyyo7sdoqfDaUpPDtFyNq33C7QxeJNZsp5GXW,0.0,0.0,1.0,0.0,0.0,0.0,0.0,0.0,0.0
ER5n9z9A9cRvBqSCYT9tzVc7udChQZf8roV8j8ZbuHcu,0.0,0.0,0.0,0.0,0.0,0.0,0.0,1.0,0.0
ERCQEh5FB9VLL1VStq5TeE97uLD6TFkVtGFwSKmKU8HN,0.0,0.0,1.0,0.0,0.0,0.0,0.0,0.0,0.0
ERCqkou2e4UWjkXC2NP8HKDeepdBAAW8q38WD9CTotZp,0.0,0.0,0.0,0.0,0.0,0.0,0.0,1.0,0.0
ERWARoruPMBYsqDNe6JPHQKAAXYNmGU9UtJ7skdUc2xo,0.0,0.0,0.0,0.0,1.0,0.0,0.0,0.0,0.0
ERWrNgD8nJdtFahEFy5xcnMkarQeG6GJhykFX9gn2wzg,0.0,0.0,1.0,0.0,0.0,0.0,0.0,0.0,0.0
EReZemPJGQRbDizuSTx72SSb3BoRjmzhc7c4K4AAJ499,0.0,1.0,0.0,0.0,0.0,0.0,0.0,0.0,0.0
ERoUQuco9BAhfR98ZY5t4xBrgu3kgzDsN2jpWumJQ9wq,0.0,1.0,0.0,0.0,0.0,0.0,0.0,0.0,0.0
ES9xCh3pLpwTKH5Bjzp6Siyy9BCGxodST5JtrA6WpWEC,0.0,0.0,0.0,1.0,0.0,0.0,0.0,0.0,0.0
ESKwiuUJmQMVDzzpFTeduQbLr2v8MvJoq4VGWmCTWhY7,0.0,0.0,0.0,1.0,0.0,0.0,0.0,0.0,0.0
ESSy8ZnQteU5RMKWyNfExjXjvcqtEkYuXQ9SJyL2fj3J,0.0,0.0,1.0,0.0,0.0,0.0,0.0,0.0,0.0
ESmEJ6MBsEqAyKS9MGq5EyZxnMi5jtcUCMXpzqKCq81J,0.0,1.0,0.0,0.0,0.0,0.0,0.0,0.0,0.0
ESp5vEftzzRqE4QToq1968mSQic1MBqVfxQNyVV7k4og,0.0,0.0,0.0,0.0,0.0,0.0,1.0,0.0,0.0
ETDFQkTrmxintjWXzrgsMTpzK2gs9v7LffojRZn1ocx1,0.0,0.0,1.0,0.0,0.0,0.0,0.0,0.0,0.0
ETGsTKWyXwF41fw7ewGjjf6to1ck5gdkxTUMdh6H1ac4,1.0,0.0,0.0,0.0,0.0,0.0,0.0,0.0,0.0
ETVUEZrULn5RxjfbX2o6RecNHCNmM6KNuLveAXshPXDo,0.0,0.0,0.0,0.0,0.0,0.0,0.0,1.0,0.0
ETbnbeShLXfnEtomCHQB99nRWuozTn4t5FSCXRoRUjX,0.0,0.0,1.0,0.0,0.0,0.0,0.0,0.0,0.0
ETjK6DwgCpztRsXHCGfEBE1YqdWaxkHoiyNCD4ydvkhb,0.0,0.0,0.0,0.0,0.0,0.0,0.0,1.0,0.0
ETz6D1cxC7zFP5LVKCzBFhzrdbkicEGSg6hQJn7VoyEs,0.0,0.0,0.0,1.0,0.0,0.0,0.0,0.0,0.0
EU3RqmpfJ7d7Ng1MCUkxbBJCgKpxpU2UAmvcA9CVeGks,0.0,1.0,0.0,0.0,0.0,0.0,0.0,0.0,0.0
EU3hjkZzYsZqksivDoTPrPAhA4P4KmqfpsB9rqXRDoQU,0.0,0.0,0.0,0.0,0.0,0.0,0.0,1.0,0.0
EU6S6RLAjsdzYSLgrhCtqpPSZsnWdPpF4UzcQaJyKU48,0.0,0.0,0.0,0.0,1.0,0.0,0.0,0.0,0.0
EUEdiH9i7y3Vz7DKVxrp97eyXXG3JTmvcNkvLeBTuX9R,0.0,0.0,0.0,0.0,0.0,0.0,0.0,1.0,0.0
EUXqZdzmba5eaNtbroKSDR3eWNv7ZCt4szoTFjRiEBSR,0.0,0.0,0.0,0.0,0.0,0.0,0.0,0.0,1.0
EUbvsNgFaKj1d1crp4L4Lt8PqWUMZSbwL6tDaRUTD16p,0.0,0.0,0.0,0.0,0.0,0.0,1.0,0.0,0.0
EUiiCayptkyEG1XUgkf2SE2i49W2h2fBrmWtDZWcUjJm,0.0,0.0,0.0,0.0,0.0,0.0,1.0,0.0,0.0
EV4bDyGa8yhE2CDRh7RghyThtRAP6F1KsWYVgZtXStRn,0.0,0.0,0.0,0.0,0.0,0.0,1.0,0.0,0.0
EVGCCfgL4huSg3hpzJWCiDAV5YGyWMo2AvUafPyXYpK2,0.0,0.0,0.0,1.0,0.0,0.0,0.0,0.0,0.0
EVHtdWJ99Dvp47kCzPSwyxXfwCzNwTV7iM8T1WFcfyt1,0.0,1.0,0.0,0.0,0.0,0.0,0.0,0.0,0.0
EWNmAREXR4B47jtT56RDNkjSD8cmMzR9XF3tCZz5A5FN,0.0,0.0,0.0,0.0,0.0,0.0,0.0,0.0,1.0
EWVg2ERiUAtUSDfhJpCBCggGC9KNiCxQsyWrXiiJKnZ4,0.0,0.0,0.0,0.0,0.0,0.0,0.0,0.0,1.0
EWfmAPxxUFBoAPZdK1kZmBYdEkU3o3djwefmmwEc2rBw,0.0,0.0,0.0,0.0,0.0,0.0,1.0,0.0,0.0
EWpbwVNwhMFCqmsLpzzUcc1B5vTfUt1F7hatwBX5vzKa,0.0,0.0,0.0,0.0,0.0,0.0,0.0,1.0,0.0
EXEZuvEBmtjuc71tcEvY6F2iJJsqLdmfSMnoo7BP1E8J,0.0,0.0,0.0,0.0,0.0,0.0,0.0,1.0,0.0
EXFHo3GRHnMQ5P9zi8n31MFLxBRXoc88CgYZUzjcPWvQ,0.0,1.0,0.0,0.0,0.0,0.0,0.0,0.0,0.0
EXjDR3yKQrv9HiNuc9P8B2tW6r8BLEJvzGzVPjfHSVUW,0.0,1.0,0.0,0.0,0.0,0.0,0.0,0.0,0.0
EXtYvA52nmq9fB9vktMrNQcaezU66zn54RrGCLkZXN4V,0.0,0.0,0.0,0.0,0.0,0.0,1.0,0.0,0.0
EXvw1T43DNuZYi3FypRyG4CqhFhoB7eBMuY5p5Sae8kH,0.0,0.0,0.0,0.0,0.0,0.0,0.0,1.0,0.0
EXyNF1iX7mVDMChgzPhRaSu4SLjgKpadXoXLZNtMuvxC,0.0,0.0,0.0,0.0,0.0,1.0,0.0,0.0,0.0
EYeKL1RgUDbYXzvVUckCZ6VAPMfiZevR6pp44zcfSCmN,0.0,0.0,0.0,0.0,1.0,0.0,0.0,0.0,0.0
EYrVwbBAEzY7ZQwRWHqNgJfzqzqZ1upnCiXzNqrEBQUa,0.0,1.0,0.0,0.0,0.0,0.0,0.0,0.0,0.0
EZ1djh64dQdwzS8At6s15DgKxmPDairyVNFn5Gxgkftf,0.0,0.0,1.0,0.0,0.0,0.0,0.0,0.0,0.0
EZ4VJRxqAe4JKQEZTZUn7q4RLQ12DNZmABvTiz7wroUJ,1.0,0.0,0.0,0.0,0.0,0.0,0.0,0.0,0.0
EZ6WNizgcMYskBRYVRbxcZijtnBYAprBJ5VFyj4dWLS3,0.0,0.0,0.0,0.0,0.0,0.0,1.0,0.0,0.0
EZ754MJneb5AcXDHrMQZvV7KUDKHkKi2CGpbZmgtpZQB,0.0,0.0,0.0,0.0,0.0,0.0,0.0,0.0,1.0
EZ7riymzFAKGaBc1WzmjHCQvGMtxr3ARfB8G9C2ZQt2n,0.0,0.0,0.0,0.0,1.0,0.0,0.0,0.0,0.0
EZD7yQTCTbLDDKuMRhv7N2XaQHzztGk4ECterAq1o92f,0.0,1.0,0.0,0.0,0.0,0.0,0.0,0.0,0.0
EZQyQXmLTGF4bTfwzG9f11Ae1h6uEnQuXFAhWKcccCXs,0.0,0.0,0.0,0.0,1.0,0.0,0.0,0.0,0.0
EZRAY8Lv6gofTNzUrQaVqJig6yANbiw4RXELAuum3vYu,0.0,1.0,0.0,0.0,0.0,0.0,0.0,0.0,0.0
EZfA328nzvyP2nxWX836sxdAgPNLLcitFEx1HKEXNBcZ,0.0,0.0,0.0,0.0,0.0,0.0,0.0,0.0,1.0
EZsoftWzfFYQdfkrSDjt1sFgEFP69BoohUrYMguhDwSZ,0.0,0.0,0.0,0.0,0.0,0.0,1.0,0.0,0.0
EaEf6TH8Nd2SThZrPKLkR11U6NojWZEExVL4HiQ1XXuw,0.0,0.0,0.0,0.0,0.0,1.0,0.0,0.0,0.0
EaL1cxPxRGnfcxzYPz85vizq519U8D4HM1KT45nsBjyE,0.0,1.0,0.0,0.0,0.0,0.0,0.0,0.0,0.0
EaSaS4qbBkpPLW9ViuceYf1NDYUDYpLKvcr8b4HE7ePU,0.0,0.0,1.0,0.0,0.0,0.0,0.0,0.0,0.0
Eag4AcMAE6UUvG4SPBWNva8oVcjUpoy1dS1irdiJR3Pv,0.0,0.0,0.0,0.0,0.0,0.0,1.0,0.0,0.0
Eb7oKeEY3VBzA5t76meySSzVk7FvfnBykaiEzYrRJxD1,0.0,0.0,0.0,0.0,1.0,0.0,0.0,0.0,0.0
EbSVeWCUE3HWjr8njAq3nTHu3CCWT1CquYjudfiWDu8C,0.0,0.0,1.0,0.0,0.0,0.0,0.0,0.0,0.0
EbVfPLk63ByjpYtDi1ADfDCrLBRoACneG6EuDgjZSH8m,0.0,0.0,0.0,0.0,0.0,0.0,0.0,0.0,1.0
EbZN5K6BwGeMEXm7QN4NRM77zycaxiT9XLi3rK72hKqC,0.0,0.0,0.0,0.0,0.0,0.0,0.0,0.0,1.0
EbmrfHU8pFfBvbLjdrm9kx8zr4zWQJ6jGpRUFSrPJLuK,0.0,0.0,0.0,0.0,0.0,0.0,1.0,0.0,0.0
Ebp2HhvUrTvUnmTTdP1Fos5taiZeL3Yu6mNEW4AqZgQ4,1.0,0.0,0.0,0.0,0.0,0.0,0.0,0.0,0.0
Ebz6Cv1RzxD9XxRLrELAz6UpHhykLFQUGBFZL4Cq8245,0.0,1.0,0.0,0.0,0.0,0.0,0.0,0.0,0.0
EbzQGaziL1LKeMtMdxMm1SmMZ9HxZDdnXEGDTRi2fT3H,0.0,0.0,0.0,0.0,0.0,0.0,0.0,1.0,0.0
Ec4TytxdFVCWNauL4Hi9hXb6bG9WvvcRz5nDvyFgeBpn,0.0,1.0,0.0,0.0,0.0,0.0,0.0,0.0,0.0
EcHXL86ibnBnf54hLAVDFw4G2uUwUG5uL8z7y9X5R5mN,0.0,1.0,0.0,0.0,0.0,0.0,0.0,0.0,0.0
EcMv9RHNPazUKPAz8kcMxyXqhz33vKA2xXWGBU6FrpZd,1.0,0.0,0.0,0.0,0.0,0.0,0.0,0.0,0.0
EcTsBKRoHqVBMJZDjzac55DkjV9KCyqUdEqVZtCqj2XX,0.0,0.0,0.0,1.0,0.0,0.0,0.0,0.0,0.0
EcWDbD9tSXWZ9Pdmcs33cqj7LaaEvQWDRuQCRXm593hX,1.0,0.0,0.0,0.0,0.0,0.0,0.0,0.0,0.0
EckLsguuHRGcwbbxwzjf97VEiWousakMvUH3cYmdc2XK,0.0,0.0,0.0,0.0,0.0,0.0,0.0,1.0,1.0
EcnJ7Rgj7uNhzVHuUibdruy2oi9PADSkHoTywgEwo3xr,0.0,0.0,0.0,0.0,0.0,0.0,1.0,0.0,0.0
Eco1oK3BRkyL9tttn14PQWfjRuMvzh87gaKCZh4qFRzU,0.0,0.0,0.0,0.0,0.0,0.0,0.0,0.0,1.0
EcuN6J42FZqXH5m1uW88CEBdq9oq55jxcib2a1ntoWLg,0.0,0.0,0.0,1.0,0.0,0.0,0.0,0.0,0.0
EdAFyo6v5uGxinTrzN1BBFUxMfnVDME883VnwmwquJS,0.0,0.0,1.0,0.0,0.0,0.0,0.0,1.0,0.0
EdDnstqRHny7L1HZWVMRdMrcJ2NyevMNTJB2feWn9CQA,1.0,0.0,0.0,0.0,0.0,0.0,0.0,0.0,0.0
EdFhbb6RcfaDbQygC5KVeK54MEvgpFSvZ2eTov81hwvp,0.0,0.0,0.0,0.0,0.0,0.0,0.0,1.0,0.0
EdPQXGZKGeTX5Pp9fEAYSQsnahBwykaLfKfauD2oY5Hg,0.0,0.0,1.0,0.0,0.0,0.0,0.0,0.0,0.0
EdPSA7mfbigZdgMLP322KMamwAhVchLAg3JCyVwoHQaV,0.0,0.0,0.0,0.0,0.0,0.0,0.0,1.0,0.0
EdSdTHSAtdZcDGbz2McEfsijobiGmsfr8dzkQ1pASJPd,1.0,0.0,0.0,0.0,0.0,0.0,0.0,0.0,0.0
EdTRLjZDrHnYhM8NZCpvcTP5u74htsB3qw2NDZRbDDyr,0.0,0.0,0.0,0.0,1.0,0.0,0.0,0.0,0.0
Edb2nEHgCMN9m4BJQi321LhGDzoV11pbiSTVCxtFCw1M,0.0,0.0,0.0,0.0,0.0,0.0,0.0,1.0,0.0
Edsz6vcSHDiW5L9TNu8LsF1kLEctv2VhgBV5vDm6SKfW,0.0,0.0,0.0,0.0,0.0,0.0,1.0,0.0,0.0
EdzjGgetgetXba4z2d3tZYnynZ1kxLw5Wdm88Y8Z3rvv,0.0,1.0,0.0,0.0,0.0,0.0,0.0,0.0,0.0
Ee94RBKmEdM4Po8jK5Nu1Er8EM4Rgjqnyg3bgrUMe5QD,0.0,0.0,0.0,0.0,0.0,0.0,0.0,1.0,0.0
EeE1NkXG9sMuG4cGwNpPP2WDKQMmJCL1fGAvatoH7oPs,0.0,0.0,0.0,0.0,0.0,0.0,0.0,0.0,1.0
EeKoPBsBsykUwssX7vjSKuHj8rUifaTCiuncTM1pWeZq,0.0,0.0,0.0,0.0,0.0,0.0,0.0,1.0,0.0
EeQy29ZxMPfiPKLaieRDGSyFTUv1ndKLuYMeo3oCRM9j,0.0,0.0,0.0,0.0,0.0,0.0,1.0,0.0,0.0
EeYZho1rb4n59aSEnvvReYZ9pQ2pM5h2FdkRxm1G4fqV,0.0,0.0,0.0,0.0,0.0,0.0,1.0,0.0,0.0
EeconxoA44xDFJPrsdfhFPLt7xkrLNQMish1tZ8CqHqW,0.0,0.0,0.0,0.0,0.0,0.0,0.0,1.0,0.0
EefrVBYtCijRo2mbzuzGwQBEBaH8Ea3dWDARWusGgwUY,0.0,0.0,0.0,0.0,0.0,0.0,1.0,0.0,0.0
EeykSzihS76WUfF2HB6e38oSCcTuidYjH6vtT7n1GUX9,0.0,1.0,0.0,0.0,0.0,0.0,0.0,0.0,0.0
Ef9Sioi4msqLyf6sykA5a7cc6DGzJx7tgWFoN3QrsZqz,0.0,0.0,0.0,0.0,0.0,0.0,0.0,1.0,0.0
EfRAT2vEs6SqY5kytubD5k61br3WRzGmVv8ouBiSjc9c,0.0,0.0,0.0,0.0,0.0,0.0,0.0,0.0,1.0
EfqHtdivtUWDWJXrQcwat5RsFeLCtmWdnw1VjiMHyb5k,0.0,0.0,1.0,0.0,0.0,0.0,0.0,0.0,0.0
Eg1euHnW89qmswwnR2jUh6cZNFVjHC2idPTZWnLsp2dk,0.0,0.0,0.0,0.0,0.0,0.0,1.0,0.0,0.0
EgJW7dkcJTuCPMHp8YjZwkUpL2bXFQ7WzPRMV88o4Gti,0.0,0.0,0.0,0.0,1.0,0.0,0.0,0.0,0.0
EgLzvkbDJ7CSBRGcSAWgMyxvj188raB422d7o18ppr4A,0.0,0.0,0.0,1.0,0.0,0.0,0.0,0.0,0.0
EgXjQZEuevb9sd4BGK2MhHDL3vuR86oEV5RhLG8TWXaq,0.0,0.0,0.0,0.0,1.0,0.0,0.0,0.0,0.0
Ego5E7ym1AvYMNjWcARQ9fLbrdU76fC3YJE2VCfp8sgU,0.0,0.0,0.0,0.0,0.0,0.0,0.0,1.0,0.0
Eho5Etoc4q3EY7Rmx2CM5SPqFmcfrdjQGyxoWpPuVW6B,0.0,0.0,0.0,0.0,0.0,0.0,0.0,0.0,1.0
EhrjhZxktU45gFsN1Y3M7UUx3qRp1hXFkNTDVHejiPzJ,0.0,0.0,1.0,0.0,0.0,0.0,0.0,0.0,0.0
EhuhNBWkAi4ebot1ZyWQKcjicLAMG9Y6mZ9yXK7LK1Ff,0.0,0.0,1.0,0.0,0.0,0.0,0.0,0.0,0.0
EiM18zfhhPjfJ51wfnEC7HoLS9GhafHny5dPvJ6aDwxV,0.0,0.0,0.0,0.0,1.0,0.0,0.0,0.0,0.0
EisWrLQY6y5G166Ve2j6wFNGpTwtEa1vAfydHczTdpW1,0.0,0.0,0.0,0.0,1.0,0.0,0.0,0.0,0.0
Ej6k8mi9qWi845fuubk799WsPLtwL4sZF5wr2xcMung7,0.0,0.0,0.0,0.0,0.0,0.0,1.0,0.0,0.0
EjDn5d2uhvYeKXpXDBxgtv8VMRZ29mormKjsEfWhCYij,0.0,0.0,0.0,0.0,0.0,0.0,0.0,0.0,1.0
EjSUh8D9zAB9zXCLR4wtrxkWpzHFhJULsSLoi8pAE9kJ,0.0,0.0,0.0,0.0,0.0,0.0,1.0,0.0,0.0
EjZhH48Lc9qAGYeNg56rJf2uCWmCUVqTBUiY2MG8kfJW,0.0,0.0,1.0,0.0,0.0,0.0,0.0,0.0,0.0
EjgbTXu2LikNkLuSbxVF6G2map4bFzLa93a2JgawVZsQ,0.0,0.0,0.0,0.0,0.0,0.0,1.0,0.0,0.0
EjhZG6b3Z5atKKykpMWB1mEyyAni7nJ7noNeX5HVgSDN,0.0,0.0,0.0,0.0,0.0,0.0,1.0,0.0,0.0
Ejp6tGuozZcbzbG8FXAcPHGuLjV6mtNGzsmu7WBZpDKH,0.0,0.0,0.0,0.0,0.0,0.0,0.0,1.0,0.0
EjsktsYk56A4rp6ePpnWT2jvBJZnd7kjQzpZPsbcXKnm,0.0,0.0,0.0,0.0,0.0,0.0,0.0,1.0,0.0
Ek8yVvuq4tXkpA2wtjpqXTmtu7pCc7b5Lk8HWPdHjcku,1.0,0.0,0.0,0.0,0.0,0.0,0.0,0.0,0.0
EkNiZJv1F7PgmL9i8txC365VMqrnpSBwQZaupgKj8rr2,0.0,0.0,0.0,0.0,1.0,0.0,0.0,0.0,0.0
EkYyVgk8zrGH1DJqX4BGadTpFzrTdm5iVvfwMKRM5UGi,0.0,0.0,0.0,0.0,0.0,0.0,1.0,0.0,0.0
EmLRzbfUwMxtLLmnsHE6ci2SDmvsWNVLLxRVhXTXkPUU,0.0,0.0,0.0,0.0,0.0,0.0,1.0,0.0,0.0
EmNXfjT9PPpEBinaxuxRnamN1MggvVs5okzS5ehWiUgS,0.0,0.0,0.0,1.0,0.0,0.0,0.0,0.0,0.0
EmRcq1JRejrFKtHNLmR6He28AzafzWJEvxQr437zCEdD,0.0,0.0,0.0,0.0,1.0,0.0,0.0,0.0,0.0
EmfzvjYatDEJc1vHqLDqkJ6suFtY1aFPYa25uDUbb9xy,1.0,0.0,0.0,1.0,0.0,0.0,0.0,0.0,0.0
Emq78yAK7MhqZnGsM5vCC5m82mQnWSExEumG15dDdx9J,0.0,0.0,0.0,0.0,1.0,0.0,0.0,0.0,0.0
Emr4nF2VK2ymR2BRkeDnpacLvpiwnqsg1cUM8VhnN441,0.0,0.0,0.0,1.0,0.0,0.0,0.0,0.0,0.0
EnFk3kcjGdvTWL2HEAb9as2BMzbB8ymm3h6eZJwuwcuz,0.0,0.0,0.0,0.0,0.0,0.0,0.0,0.0,1.0
EnGDhuMVTW5PcfXY8Lwvm8kwTtf8UDZPY8dYZP2CYJy5,0.0,0.0,0.0,0.0,1.0,0.0,0.0,0.0,0.0
EnrEEoFKnPDTyEjvbtvzqLwv7Mj2bRhKpohWk9jEzGm6,0.0,0.0,0.0,0.0,0.0,0.0,1.0,0.0,0.0
Enu7WEfRs5Sj632eoZfdE59E3j6AGC99BaSLHz1vv5k2,0.0,0.0,0.0,0.0,0.0,1.0,0.0,0.0,0.0
Enw2X4BeUTuHGe5MjmoFPkmxPWWhRJySbWv9NapVebgE,0.0,0.0,0.0,0.0,0.0,0.0,1.0,0.0,0.0
EoE2Hs9dMKsK7nbKHusJoqLkrbNv4HRrStivz6r27L32,0.0,0.0,1.0,0.0,0.0,0.0,0.0,0.0,0.0
EoWK2rGbLypiMGQrJhUfTVa5peeC2FtUCe3MZNCQ1Yb7,0.0,0.0,0.0,0.0,0.0,0.0,1.0,0.0,0.0
Eob3XPgcjBaekt4QxSr5A3DGsLR9VaCUQiRDYRzDfeiT,0.0,0.0,0.0,0.0,0.0,0.0,0.0,1.0,0.0
Eoc6XjNPCPNu64WPiAxHyr8PeBW6vsYtnh6t1vjKjRcF,0.0,0.0,0.0,0.0,0.0,0.0,0.0,1.0,0.0
EogrLcXMegnWVewx6HPPTU6o3yqTTvN96Zanodhn7Cum,0.0,0.0,1.0,0.0,0.0,0.0,0.0,0.0,0.0
EorVdPWrg4anqChqdbzk5NgHwSxNNRRwynZvvDm5cM6G,1.0,0.0,0.0,0.0,0.0,0.0,0.0,0.0,0.0
Ep4yBraVVnS2U4p3c1yJBNMfHsf8UC9yubUW3rzM8X2e,1.0,0.0,0.0,0.0,0.0,0.0,0.0,0.0,0.0
EpFbZxEXTcsxSFsrk3SJmYmEid47urqH2vNZrTzU4q5q,0.0,0.0,0.0,0.0,0.0,0.0,1.0,0.0,0.0
EpHJdfXzP6NdQhow9WSkQkLPvRJqsVLodVJX9366NErv,0.0,0.0,0.0,0.0,0.0,0.0,0.0,1.0,0.0
EpHUrBQfTi13WL8N1fXzcwy6YvaRUWFs1bcPUtvBURmk,0.0,0.0,0.0,0.0,0.0,0.0,0.0,1.0,0.0
EpUBwySe8qacCgKocdsvKL7FWKybqfHEs9mxT17Bv3zy,0.0,0.0,0.0,0.0,0.0,0.0,0.0,1.0,0.0
EpbukYL22dqg5FAnBju4EM8cG9qTqo7uQ4Rgnvnf2dEN,0.0,0.0,0.0,0.0,1.0,0.0,0.0,0.0,0.0
EpcNdZ7umQCBea6rHcHnR8isKw4jgDCRUbYeGycg3y1i,1.0,0.0,0.0,0.0,0.0,0.0,0.0,0.0,0.0
Epd1g5SY8v4KudQPNts4fj2FNck8M7FrgWeZfvaLiFpr,0.0,0.0,0.0,0.0,1.0,0.0,0.0,0.0,0.0
Epep8b1QjE8QSuuDgZuktWSn1b6vyLXLDf7K6KW99WaV,0.0,0.0,0.0,0.0,1.0,0.0,0.0,0.0,0.0
EpfKWG8ES6ZUVEVCszS8RhDFpkpzgWMNW6YwVa76m76x,0.0,1.0,0.0,0.0,0.0,0.0,0.0,0.0,0.0
EpnBJyjib9LneUq5j7HT1QVss5LwW8BMwJ1q7vTAD1SW,0.0,0.0,0.0,0.0,0.0,0.0,1.0,0.0,0.0
EpnEGvwBi2mkygHWGKVkixQQpdQXMJZTqpLPBh4N1ydA,0.0,0.0,0.0,0.0,0.0,0.0,1.0,0.0,0.0
EppS5uPJ2Mck377PauN8Yb9jZ4ZYYZj6xiPXLFEYGpwj,0.0,0.0,1.0,0.0,0.0,0.0,0.0,0.0,0.0
EpzWKNCMxW3dFtrHg8519gq4sYWk4ofy5Cd9RBbohjqZ,0.0,0.0,0.0,0.0,1.0,0.0,0.0,0.0,0.0
EqK6F6SCLFqwLRBLcSZqnKabn5KXFXkfSuw2MrN4cJWP,0.0,0.0,0.0,1.0,0.0,0.0,0.0,0.0,0.0
EqVeY5yM2aLuM9Tsbni1redW84QfZ17KNXBd79S1WbUB,0.0,0.0,0.0,0.0,0.0,0.0,0.0,1.0,0.0
EqY79m8W7HouAvrTmjJJdsF6f1CbNRhEJa5f3AdrpP2Z,0.0,0.0,1.0,0.0,0.0,0.0,0.0,1.0,0.0
Eqt7EjmPtyH7Xyan9sfasNqjz44zKXNYLy8i7R4M2SD4,1.0,0.0,0.0,0.0,0.0,0.0,0.0,0.0,0.0
ErNMP3aJZWdb7YKGXZfdeVAAm9QH1XqNb4w6DceWmshf,0.0,0.0,0.0,0.0,0.0,0.0,1.0,0.0,0.0
ErvEmQWHfnvJX6D5VkPQorEWKYf2kKbVBemXLq8WzbKK,0.0,0.0,1.0,0.0,0.0,0.0,0.0,0.0,0.0
Es1D6MPqLA9rJezchEvXSv9qjbzjwc8CbPZduyyikqRm,0.0,0.0,1.0,0.0,0.0,0.0,0.0,0.0,0.0
Es1DUjFU6a42e5EcuixNobJXk3VZWNeEPdz4xuvmVNtB,0.0,0.0,1.0,0.0,0.0,0.0,0.0,0.0,0.0
EsE8Phy1MKzBWRBRnX4VnoeawLAA6NdArZ33htRh6PSn,0.0,1.0,0.0,0.0,0.0,0.0,0.0,0.0,0.0
EsxGpkLADnjLKVM1A3m8GtFFc1GUYjc76X2Tu9zHhrKF,1.0,0.0,0.0,0.0,1.0,0.0,0.0,0.0,0.0
Esyu7ReuHuWeQKgBnBDF8ziPgx1kpGE1XDSWJpKntQkU,0.0,0.0,0.0,1.0,0.0,0.0,0.0,0.0,0.0
EtGf4CHrhLzioDSMvKQqDaW81euS19EVoSNZ9YK3KE8a,0.0,0.0,0.0,0.0,1.0,0.0,0.0,0.0,0.0
EtiHLeXxfRAidgvCgjM4ho2QKLBDbPx5yxLoGkP8p6t5,0.0,0.0,0.0,0.0,0.0,0.0,1.0,0.0,0.0
EuCSyqjR5AQ5MD3755gJVnkVAJC95vf6D2K5Ao3fpN7i,0.0,1.0,0.0,0.0,0.0,0.0,0.0,0.0,0.0
EuHtYdrroU8Vs6ZKm294FSZQRcjrxAtir7m7pgokwfL3,1.0,0.0,0.0,0.0,0.0,0.0,0.0,0.0,0.0
EuK4MHBkGd6AHoyxWjtdEVwuLo9P1XP4FPqeaJHWvAQj,0.0,0.0,0.0,1.0,0.0,0.0,0.0,0.0,0.0
EuVthJ3apJPi2YTA4gTYr3Msmik6ay5AmY8gMV9XbjJ4,0.0,1.0,0.0,0.0,0.0,0.0,0.0,0.0,0.0
EvSHz72JbNnF6rRD8pjmxXXqpjJLAYtdH9YKWoxRXqY2,0.0,0.0,0.0,0.0,0.0,0.0,0.0,1.0,0.0
EvUK4rai4hxC3r1YmpgQcWnyUAnXumJjJU59pWobeUC5,0.0,0.0,0.0,0.0,1.0,0.0,0.0,0.0,0.0
EvYkfAmUdHJ7MDYyGXqKBz7UUdJZfX14ZeGD8QBD3bnz,0.0,0.0,0.0,0.0,0.0,0.0,0.0,1.0,0.0
EvmJaaq2Yzm6ajafMCbgznxsRQY6SQphTbSiiRengHsb,0.0,0.0,0.0,0.0,0.0,0.0,1.0,0.0,0.0
Ew3sVeHg3KntAvyE7smwEwuTjAwQTF3zsUk6Y7hSqjVn,0.0,0.0,0.0,0.0,0.0,0.0,0.0,1.0,0.0
Ew598tWAanTQBfS9CzXktuLQRrBNkPgregoosTLZYkb1,0.0,0.0,0.0,0.0,0.0,0.0,0.0,1.0,0.0
EwEpsF8crPsrg1yp9GfrtWpXDkhDyNYXJDgDQbmjGZJC,0.0,0.0,0.0,0.0,1.0,0.0,0.0,0.0,0.0
EwcK6WYyS6ivffNV6c3ts5oqPhnEmAqP4D9coBAEB1MA,0.0,1.0,0.0,0.0,0.0,0.0,0.0,0.0,0.0
EwhnBf7Ktz3WdfzWvh5MqPbuy9z2H31DjF8JMcDZEC34,0.0,0.0,0.0,0.0,0.0,0.0,0.0,1.0,0.0
EwmYquEjtyPJZqWMhu3BKKwvo5LF6us3sZPzkuoMFxE6,0.0,0.0,0.0,0.0,1.0,0.0,0.0,0.0,0.0
Ex2oTgdReD6WFGgs85twLDzeiQWfXbvefFYZrnwGY9ah,0.0,0.0,0.0,0.0,0.0,0.0,1.0,0.0,0.0
Ex6yer4ohFKeRrdXpBe14eeyqmwJz58UMMRUckDZd5yN,0.0,0.0,0.0,0.0,0.0,0.0,1.0,0.0,0.0
Ex8uGUWGU67L4KqyN7HxNccDbQq2r37uFenFGeRnjpmD,0.0,0.0,0.0,0.0,0.0,0.0,0.0,1.0,0.0
ExceEoLqozJZm9h5f5fAVX8e3GMFkww4e8utjZWA7ox8,1.0,0.0,0.0,0.0,0.0,0.0,0.0,0.0,0.0
ExwQ1fepbAqTSuBKbee7JKqCssRsshpHa9GsXRk9eoEC,0.0,0.0,0.0,0.0,0.0,0.0,1.0,0.0,0.0
Ey6yFgV7eH2ccHibtt5LPW1GFfaLJkNQxTjzHd5hKu6q,0.0,0.0,0.0,0.0,1.0,0.0,0.0,0.0,0.0
EyJzqvvLeMgD7vxXYtUybfHat5TbU6xCXbBmmv4MSaXv,0.0,0.0,0.0,0.0,0.0,0.0,0.0,1.0,0.0
EyiuYFDypj19UadBb9K9ar1cA5qXrJQkXmZtwS1kugz3,0.0,0.0,0.0,1.0,0.0,0.0,0.0,0.0,0.0
EykTYbEcSzqoidshLbsMSZwDFgcqysHpFNfijtEGpwMr,0.0,0.0,0.0,0.0,0.0,0.0,1.0,0.0,0.0
EyoQypc5vTv66Yjtye5EFpf8hhKQvsrtefRHvXqGarvG,0.0,0.0,0.0,0.0,1.0,0.0,0.0,0.0,0.0
Ez3KRZYNgjZx3JBPGSVJoB4vbuSiARUZBUEdefqe5RAb,1.0,0.0,0.0,0.0,0.0,0.0,0.0,0.0,0.0
EzNezzt5WG2XR1PXAnYUkJpZvdneFB4FzvC55dPiqF75,0.0,0.0,1.0,0.0,0.0,0.0,0.0,0.0,0.0
EzSwAqUMYEqLYHWRW9S3K9ByZR5iLNVZME1GPYdJ3NFF,0.0,0.0,1.0,0.0,0.0,0.0,0.0,0.0,0.0
EzedVD4xgDepZKZZQfWWxd13WG5qNb55fD19TW4oGNZ5,0.0,1.0,0.0,0.0,0.0,0.0,0.0,0.0,0.0
EzgtyFLJ1T9aGMaWb7KT4HNXa1nAePvuDobAPQpd5hB2,0.0,0.0,0.0,0.0,0.0,0.0,1.0,0.0,0.0
EznKytrA4GooPm5oLcNAAfskY8wBMzbcnJ7nh8ySmMVH,0.0,1.0,0.0,0.0,0.0,0.0,0.0,0.0,0.0
EzoUM1yNfL2YUwMWAU8JNBhdzCpxxvYj47Ycks56uZrC,0.0,0.0,1.0,0.0,0.0,0.0,0.0,0.0,0.0
F1PWgmjvnfDwZEmnAiN9uH9714bE6MHBwTiAQ2w6pzVE,0.0,0.0,0.0,0.0,0.0,0.0,1.0,0.0,0.0
F1X2cuivco9tq2oLqWVPkVDM1QaouUcoP4pkTNYR5WC6,0.0,0.0,0.0,0.0,0.0,0.0,0.0,1.0,0.0
F1qXjxccE8CfLMVt1jmEdLWBLGXZrqgoLuTgEzVUsQNd,0.0,0.0,1.0,0.0,0.0,0.0,0.0,0.0,0.0
F26CCRR2LZCqFtNmp6nHLcGfVXhnUZcKHsJdPEmar29h,0.0,0.0,0.0,0.0,0.0,0.0,0.0,0.0,1.0
F2ZjoqyEDpGPY1UG3rvSuDDsEG9F3dsaDgygPBBTkgr1,0.0,0.0,0.0,0.0,1.0,0.0,0.0,0.0,0.0
F2aJCH2sWx6THDtxZWidN3TPN3SVnD2h2yy6EDpK3nTE,0.0,0.0,0.0,0.0,1.0,0.0,0.0,0.0,0.0
F3M568xzzhLvsayAuoDqZVJ6ukT3BrQiQA3Bb1TcJAYf,0.0,0.0,0.0,0.0,0.0,0.0,0.0,1.0,0.0
F3TtLLU7HTeHtsrHDu1EpKpBYytYZ33YTmY9ybqgZp7Q,0.0,0.0,0.0,0.0,1.0,0.0,0.0,0.0,0.0
F3cAm5iEy2xGpvXTy3YqxhFTsS7JXpQTyJf8eYRZij2U,0.0,0.0,0.0,0.0,0.0,0.0,0.0,0.0,1.0
F3d8ZhqSfwDwfBC3P7CFBcn8QwoBBocDBZDoJjs8pcz3,0.0,0.0,1.0,0.0,0.0,0.0,0.0,1.0,0.0
F3rZA4EaiEUKeu4ioCDdjb3HWPTWovxpRjoErbNXwxqb,0.0,0.0,0.0,0.0,0.0,0.0,1.0,0.0,0.0
F43GGGAhdGkvkhzx58UoK2FZqXDrFthKb9uVHg3PT2eo,0.0,0.0,0.0,0.0,0.0,1.0,0.0,0.0,0.0
F4VsPFEvPjTpenqajXakEJD9zdrHGZrSisoThwmMdRZs,0.0,0.0,0.0,0.0,0.0,0.0,0.0,1.0,0.0
F4dxYZvszeGv7o2cohRo6sdsqAf9LY23XbFvdWcWr2yj,0.0,0.0,0.0,0.0,1.0,0.0,0.0,0.0,0.0
F4tt8ZsSPX1gEqkyXxfRuUoRkaSnnJinvm2EHU9LWZND,0.0,1.0,0.0,0.0,0.0,0.0,0.0,0.0,0.0
F53p2eLHVcaiGx1e4ZjieUmSQNjCsrpj3Lg4LuH4Fcse,0.0,0.0,0.0,0.0,1.0,0.0,0.0,0.0,0.0
F55bNspQQDyBdCQBQjYUqTuTXSrEKiwkT7ptAr7s19YQ,0.0,0.0,1.0,0.0,0.0,0.0,0.0,0.0,0.0
F56BXJ8HhsBJQibir83PEimiTTnFztbXJWiHCgeJoNCJ,0.0,0.0,0.0,0.0,0.0,0.0,0.0,1.0,0.0
F5GKFSpG23MKmuJdKdgjgWefmxTScZvPbAL9v1yf4PFV,0.0,0.0,0.0,0.0,1.0,0.0,0.0,0.0,0.0
F5JJHNcsua4FovHKA4LSbGF41MkQ5UatwcG6fNS191wB,0.0,0.0,0.0,0.0,0.0,0.0,0.0,0.0,1.0
F5TVXpWyUXds3CRBBds852CcyCL2nBgoPVESocizL7zK,0.0,0.0,1.0,0.0,0.0,0.0,0.0,0.0,0.0
F5aMUPx4VbBuWBr9icbuQLmLp2k9i42Q7uRsYgmVYWSk,0.0,1.0,0.0,0.0,0.0,0.0,0.0,0.0,0.0
F5oyT9U8DaecxK32dZ4ck5CoEX61u8yoEfcp6VV85Yxn,0.0,0.0,0.0,0.0,0.0,0.0,1.0,0.0,0.0
F6782nmrVAkPzq7DQ3CtjQxaNhLHFoBtmBHLQMaD8V4L,0.0,0.0,0.0,0.0,0.0,0.0,1.0,0.0,0.0
F6TYu62WTG8GH8XCjAQ41ZNu6pPLBJyjbD1WWWxoRc4j,0.0,0.0,0.0,0.0,0.0,0.0,1.0,0.0,0.0
F6Wn4N8c6WRDnwRRdWaUQtEAh3e3j4qASyVx9xt7cKEz,0.0,0.0,0.0,0.0,0.0,0.0,0.0,0.0,1.0
F6XqUJEqQ6yzoasvj1puAuQbo56p9YoVaf82kp9Gbhxd,0.0,1.0,0.0,0.0,0.0,0.0,0.0,0.0,0.0
F6bJ4nSNfAEYzmu9WSS2Na8o83AD8MvJcCp5Gc21jpSW,0.0,0.0,0.0,1.0,0.0,0.0,0.0,0.0,0.0
F6gN8BV9g5ck2GHEE3Ao6XzYfXUaCvL9fb7dTxms4iau,0.0,0.0,0.0,0.0,0.0,0.0,0.0,0.0,1.0
F6sMAAmgUWqqjRnWDaZbUAPYMq7ezXPXrHdEA6gATRGx,0.0,0.0,1.0,0.0,0.0,0.0,0.0,0.0,0.0
F6xpM3H7kjm43AXDNyKYWpmXjeMrAFWp3sEn9HMYB9v6,0.0,0.0,0.0,0.0,0.0,0.0,1.0,0.0,0.0
F7XvkK4FLE1EmDZfCvVxndBPsyw1qdHmJFDQJxHAHByR,0.0,0.0,0.0,0.0,0.0,0.0,0.0,0.0,1.0
F7r2ArrymkVMznEVahLaeR3xYorNKpqXBv1AkeUcu4k1,0.0,0.0,0.0,0.0,0.0,0.0,0.0,1.0,0.0
F7vZFur9guGFf1D4kYvojyZJn5GurmZDG3zEJwuqaB5R,0.0,0.0,0.0,0.0,0.0,0.0,0.0,1.0,0.0
F86EjknppMtXi4JVNBcyKE2yogPmRXKwX47JQjvgN5Lo,0.0,0.0,1.0,0.0,0.0,0.0,0.0,0.0,0.0
F8VWj5MRSj6LZNhNZMxLcaCcn16RtFPWRJEaPjt5d85m,0.0,0.0,0.0,0.0,0.0,0.0,1.0,0.0,0.0
F8YqJwDwuqnHX5AaZtu6dXFfABFq7s9K2pKoJ4cpVa2n,1.0,0.0,0.0,0.0,0.0,0.0,0.0,0.0,0.0
F8b2SvpaQEes8QbWZXxYgzYbk23Ed8pg1siiYb7HN3vq,0.0,0.0,0.0,0.0,0.0,0.0,0.0,1.0,0.0
F8hgFAB51eCfrx9WgGMbiMmkmWfdWPwrJnoTX5QYqFrq,0.0,0.0,0.0,0.0,0.0,0.0,0.0,1.0,0.0
F8v6TeLxM7WiBhgo7wbV1gbKexHAW4iPq8rAC8Wj7h2x,0.0,0.0,0.0,0.0,1.0,0.0,0.0,0.0,0.0
F91b9s3JHGwmuFDQvV4GdvaAB4YizzpAELRhcucBCmm6,0.0,0.0,0.0,0.0,0.0,0.0,1.0,0.0,0.0
F9SCdEo6bo1mCLJ2RBZJobMM3TrXn4f8KzDbieny9E27,0.0,0.0,0.0,1.0,0.0,0.0,0.0,0.0,0.0
F9U7tBx2pJhJr6JgAcUa1LAo3yfTc8QNoiMxD7u5VvJp,0.0,0.0,0.0,0.0,0.0,0.0,1.0,0.0,0.0
F9UGwbv6p2CXSdWBa2ov37WoU868iwr4rEzLWSbpHkF7,0.0,0.0,1.0,0.0,0.0,0.0,0.0,0.0,0.0
F9g4Vj67V2DUrDH1ApgpN7cEvwMhMskMzhgfodxiAk9a,0.0,0.0,0.0,0.0,0.0,0.0,0.0,1.0,0.0
F9h3GZKiPwrxCCGHGPjyur6mN5SCiRzb6oqcDm3K3RAR,0.0,0.0,0.0,0.0,0.0,0.0,1.0,0.0,0.0
F9sidzpv1o2kAf56tCopWhJupUXCZXN7rUt8MmvtEEB8,0.0,0.0,0.0,0.0,1.0,0.0,0.0,0.0,0.0
F9v1KMX7J7nRPiubrCM6Jb5UhQzt65H8u8HfKdeAKZpV,0.0,0.0,0.0,0.0,0.0,0.0,0.0,1.0,0.0
F9zBzytuqdra4ajHZeZY3sJoVTSoApPeyA5LyYiwLN3P,0.0,0.0,0.0,0.0,0.0,0.0,0.0,1.0,0.0
FALMyY4KdHXYdi6A78z7ysFJfP2MXXcFMB2At2fPywES,1.0,0.0,0.0,1.0,0.0,0.0,0.0,0.0,0.0
FASYDPhLNqHJthr8LworSFkUp6mtVZfGxjGwdunUqoki,0.0,0.0,0.0,0.0,0.0,0.0,1.0,0.0,0.0
FATnNx1cL28zLhBTgeUHsfLdwRzQd1zXKc6283GjYEeP,0.0,0.0,0.0,0.0,0.0,0.0,1.0,0.0,0.0
FAbxBLLgnwTUBp7rQUneQJmtXTTAN12GFGx589nFCnFn,0.0,0.0,0.0,0.0,0.0,0.0,0.0,0.0,1.0
FAdyyRvXuHeBTVLNMrSShD5TS6mvdd4S9gUXmzTFYfPs,0.0,0.0,1.0,0.0,0.0,0.0,0.0,0.0,0.0
FAgSGZSH4Kdr5b45VQcwgsKhKp5xmv3YKd9Gz8BnHEEL,0.0,0.0,0.0,0.0,0.0,0.0,0.0,1.0,0.0
FAiPkxiuFoEYCk1BuU6a5eyoTXZ33T2zVPQKkYqJ2EUB,0.0,0.0,0.0,0.0,0.0,0.0,1.0,0.0,0.0
FAkdzEnnD8SMzFyDe2gXVwwjusaxdGdSQgpE3JjDAG7J,0.0,0.0,0.0,0.0,0.0,0.0,1.0,0.0,0.0
FB7xZtQyL7R28mrpEBFRiXH6mh77cvzFC4eeECV2ERnH,0.0,0.0,0.0,0.0,0.0,0.0,1.0,0.0,0.0
FBJFvivjuYQhJkJAaZyL75zoy3L1spJWBr1vDt1Dek7V,0.0,0.0,0.0,0.0,1.0,0.0,0.0,0.0,0.0
FBSohXDTTpFs7cjTKfuaypVfBzY8FVemfEML8okUFV5Z,0.0,0.0,0.0,0.0,0.0,0.0,0.0,1.0,0.0
FBe8DnHp7d1DJVyuVfkRdp5NYaqBG85jCub2XjB2rpkW,0.0,0.0,0.0,0.0,0.0,0.0,1.0,0.0,0.0
FBiuigk2Re87PtLsRz9qEpBg9aWsS6TKAQKt8XEUk1Se,0.0,0.0,0.0,1.0,0.0,0.0,0.0,0.0,0.0
FBsmoFvKeRfZTmN4sZVSgqdHWV19zbeQttkFgbg67cyu,0.0,1.0,0.0,0.0,0.0,0.0,0.0,0.0,0.0
FButVviWu6P7t8fgJmt8B1BRvfdZ3UyihhfaY29EAdrE,0.0,0.0,0.0,1.0,0.0,0.0,0.0,0.0,0.0
FBvAbzdKuGvhMVRrbAL7RLPTnBvzV6dqMtPkvUWJVsB1,0.0,1.0,0.0,0.0,0.0,0.0,0.0,0.0,0.0
FByeq2AAy18jccKjgB2bsV7kdtrsBRGubxH6AyAUoJkU,0.0,0.0,0.0,0.0,0.0,0.0,0.0,1.0,0.0
FC4BzxP4163VSpJwrq1YtvYwJXMZrg38fYSCqMGzbHCs,0.0,0.0,0.0,0.0,0.0,0.0,1.0,0.0,0.0
FCMEhXhqcKPGSwhdpaRs8woJHzt36aRMmJFBoPNmHqiT,0.0,0.0,0.0,0.0,0.0,0.0,1.0,0.0,0.0
FCNunf47EzN8JpgE4YHyR9E4ds1DJXQDj5ztnEovEhrG,0.0,0.0,0.0,0.0,0.0,0.0,0.0,1.0,0.0
FD9gUC1BAisTjv45oVAAd8nEi2yoUroeHEY1HLfvLHVC,0.0,1.0,0.0,0.0,0.0,0.0,0.0,0.0,0.0
FDANd7jX1yrsxxeG4fJKnfRnnGee9ncL9svqkehpVmQF,0.0,1.0,0.0,0.0,0.0,0.0,0.0,0.0,0.0
FDKtxXTkzMmUFexu6gkipkXKy7gzBQHdk5e221YJG9oV,0.0,0.0,0.0,0.0,0.0,0.0,1.0,0.0,0.0
FDRMrTLLKEK4EBWvHR86o7Z9oJXUiJhTj8gpfH73ZCq3,0.0,0.0,1.0,0.0,0.0,0.0,0.0,0.0,0.0
FDWJ7wQWKHWRCBv4172uihXiYte5McEE4izGoEcwSocT,1.0,0.0,0.0,0.0,0.0,0.0,0.0,0.0,0.0
FDa1cv1BL5Mc4eN2bQdfnNbSSsJ72WEDski89JwQW8dT,1.0,0.0,0.0,0.0,0.0,0.0,0.0,0.0,0.0
FDbF2b5f49Sgi137Hg8h8DHetzhGMyZ1KRHaabxwymSf,0.0,1.0,0.0,0.0,0.0,0.0,0.0,0.0,0.0
FDwZGSGqyPTjCR5LPqBZ4iBq4y8LLQxdN8UtZwoA2Kuu,0.0,0.0,1.0,0.0,0.0,0.0,0.0,0.0,0.0
FE5vesXymbYK28CgwVzKhajak3gDp71RkiyVkuVFPTWk,0.0,0.0,0.0,0.0,1.0,0.0,0.0,0.0,0.0
FEwnD26d71DNEULTwGxv6HXC8TGEhapegyb6fhipjEgJ,0.0,0.0,0.0,0.0,0.0,0.0,0.0,1.0,0.0
FF1dwiPvHeq6rgr8zquodxysnGTdXfZ8VVKCXdcv1TUo,0.0,0.0,1.0,0.0,0.0,0.0,0.0,0.0,0.0
FF8avP9HKHYP6mdnJt8wBF5AuosPFdA4d1EK1cHosXqP,0.0,0.0,0.0,0.0,1.0,0.0,0.0,0.0,0.0
FFDR6LbN2Q248NmVBaR3PwKfeupo76x5h8Lwhkux5huW,1.0,0.0,0.0,0.0,0.0,0.0,0.0,0.0,0.0
FFhvrqELx2pTZ2oDvaBr1uTm5ssVEkLijqru7US8WEFD,0.0,0.0,0.0,1.0,0.0,0.0,0.0,0.0,0.0
FFidPdmHnSVWEHoX6PfTG1DTUjzw4jexpCComf2QBrrh,0.0,0.0,0.0,0.0,0.0,0.0,0.0,1.0,0.0
FFphVPn4VkJnVcPA5wBcUaSN5Sb7YdnoS17AUCjMhVWj,0.0,0.0,0.0,0.0,0.0,0.0,1.0,0.0,0.0
FFraijNevq8DMmuYDUdWwcJDCG5oCg2xsugBcQcGESYg,0.0,0.0,0.0,1.0,0.0,0.0,0.0,0.0,0.0
FG8Wo2BJwTaVyW8tXxhRKGqibH5NqpewG3nm3Db4238g,0.0,0.0,0.0,0.0,0.0,0.0,0.0,0.0,1.0
FG9JuxaybWXjbyxqBfggDmp77SHSEFbobiZLrwr3hcFU,0.0,0.0,0.0,0.0,0.0,0.0,0.0,1.0,0.0
FGVvU698D1DKfWFNjzXpNRqz3PFNg8Ai6d4RCL4uaNhF,0.0,0.0,0.0,0.0,0.0,0.0,1.0,0.0,0.0
FGjYFFURD3j8kt96rTTy9bsmGeGurTGj6Q8NjtnsV2xo,0.0,1.0,0.0,0.0,0.0,0.0,0.0,0.0,0.0
FGxXsbhNB5qciyxY6uq2bKaJd6jQoLZ9ApGHwnsPR7B1,0.0,0.0,0.0,0.0,0.0,0.0,0.0,0.0,1.0
FGyT7fu7nML4HrcQf8oL3NRBrfVeH1Z5hRwfacHCcQB,0.0,0.0,0.0,0.0,0.0,1.0,0.0,0.0,0.0
FH5rvdrsuFmS3hRJotNcSPxNtHtqwa5KUEj1g9owaScc,0.0,0.0,0.0,0.0,0.0,0.0,0.0,1.0,0.0
FHF9ze4UVB5muLWfkYHqnWJMnRAGLEXgvbDdHyMXzuug,0.0,0.0,0.0,0.0,0.0,0.0,0.0,0.0,1.0
FHHXuY9HjjQgL6E8vFSSQxYG2Kb7tyJht9NH58KfvwVf,0.0,0.0,0.0,0.0,0.0,0.0,0.0,1.0,0.0
FHS3R8DvRwNwoxaqUWVFjMhRKj2q3ZixLn3GCKviJTJ2,1.0,0.0,0.0,0.0,0.0,0.0,0.0,0.0,0.0
FHUfFLZCkKvM31Si2u8p7M4N9YLUa9MhMVJKd7z7vdDN,0.0,0.0,0.0,1.0,0.0,0.0,0.0,0.0,0.0
FHbwwgmHseJtxmaqdJ8UE35tGLrMEp9MUzU4N26TJ9uG,0.0,0.0,0.0,0.0,1.0,0.0,0.0,0.0,0.0
FHdEcRSnXGvdVsws5FxmvGSgJAUpXcCr4RhsGjuDHxCU,0.0,0.0,0.0,0.0,0.0,0.0,0.0,0.0,1.0
FHkVRoYRCzqEcqCBcnC3tP2EzU2WY6gAbiPuyUH4D7J2,1.0,0.0,0.0,0.0,0.0,0.0,0.0,0.0,0.0
FHnJ6DdZjBG3rtJ2Z6gwVQ2nYC4Hih3VAn45URgXfbSC,0.0,1.0,0.0,0.0,0.0,0.0,0.0,0.0,0.0
FHvsLLNNYnMvJS572nxYohTFNr67LRHQXWGkFEQYd9ka,0.0,0.0,0.0,0.0,0.0,0.0,0.0,0.0,1.0
FJ3CQyRytVvoHkNLEh3LQVjBcxdidCZGoT5GNTgvcxF8,0.0,0.0,0.0,0.0,1.0,0.0,0.0,0.0,0.0
FJiTuQuPTE9DZYvmKWjaRuzaWCmm8KJrGTH1xJBiBCW3,0.0,0.0,0.0,0.0,0.0,0.0,1.0,0.0,0.0
FJkQvHBL4cRgB8KeCSznDsHD4qZ1wdgzwJKF1oRndrzM,0.0,0.0,0.0,0.0,0.0,0.0,1.0,0.0,0.0
FK2wHMGiJNFTFB7LtM4YNGfMyrJhQYB43XpdzbrZ89h,0.0,1.0,0.0,0.0,0.0,0.0,0.0,0.0,0.0
FK7nXxdwmnSuG8eMeeoXuheT5TPUBzWHDwEUdjRg1j2H,0.0,0.0,0.0,0.0,0.0,0.0,0.0,1.0,0.0
FKUk6GKW7GWDRkgv6bBvzw32J2M9XSaeCCDZHTbP2PwX,0.0,0.0,0.0,0.0,0.0,0.0,1.0,0.0,0.0
FKatx4McpTCuBiLFpGucmVDfDjVrUxDpsh4xed3HjAT,0.0,0.0,0.0,0.0,0.0,0.0,0.0,0.0,1.0
FLJKvaZFtui731hMJvGmwn16PoLW4WMNPzD94cz2mM1R,0.0,0.0,0.0,0.0,0.0,1.0,0.0,0.0,0.0
FLUXR4McuD2iXyP3wpP4XTjSWmB86ppMiyoA52UA9bKb,0.0,0.0,1.0,0.0,0.0,0.0,0.0,0.0,0.0
FLb7zkLpF6H7sLCJvizEX8PqkRruyLQsJ9RBBVm2T4WB,0.0,0.0,0.0,1.0,0.0,0.0,0.0,0.0,0.0
FLo2fhpYeqNMGc4uGyKucQr1Za49szGk8BEUibfG78XR,0.0,0.0,1.0,0.0,0.0,0.0,0.0,0.0,0.0
FLoF6S2s1NHk13yhNzzS1mcAoLA4Sbxmphi3NwMLwMzT,0.0,0.0,0.0,0.0,0.0,0.0,0.0,0.0,1.0
FLrG5G3rKdf6CbUKb85JX86U9XCVFYihxuiU6vMwY3cb,1.0,0.0,0.0,0.0,0.0,0.0,0.0,0.0,0.0
FM6S6mJnY2tR1Z3zYQp2hLhPcN6dpnEENS4zcpQHoLtr,0.0,1.0,0.0,0.0,0.0,0.0,0.0,0.0,0.0
FMP3R2xGASBWy9Mxufzh1bPgTRFLk8s7FYe5eS7rxKM1,0.0,0.0,1.0,0.0,0.0,0.0,0.0,0.0,0.0
FMTewQXSMtUbg1CmURD6HHAe7uJaTxWsS9i65FCsGXqN,0.0,1.0,0.0,0.0,0.0,0.0,0.0,0.0,0.0
FMZ6YRVtoQxb5xQtf7DZASZaP9fkcFo4UFjBzwmR9Bvb,0.0,0.0,0.0,0.0,1.0,0.0,0.0,0.0,0.0
FMapHYjH6NDvv5eLr4J4msv1pZh4sRUH4V1dSwT9o4aC,0.0,0.0,0.0,0.0,1.0,0.0,0.0,0.0,0.0
FMbmnVgbMqLutcq9FoS8LzSzebk244qFpzyFdj2TVdGd,1.0,0.0,0.0,0.0,0.0,0.0,0.0,0.0,0.0
FMbuLo1HuD6ePTtWBPmdfBwNGAkGasLPKF9LybPfk9Jv,0.0,0.0,0.0,0.0,1.0,0.0,0.0,0.0,0.0
FMcA1GL1FFAc1eZDAWcQuXbdyyeQEtqVSveiuC34wgzg,0.0,0.0,0.0,0.0,0.0,0.0,1.0,0.0,0.0
FMiper3Upxo2PpddSmgQtDjBwUs9uZQfhWESE6LMHWpr,0.0,0.0,0.0,0.0,0.0,0.0,0.0,1.0,0.0
FMr6ASpe6bzpiWdr2QVqgf31izNE4vxQ6swbQ9xcrNUE,0.0,0.0,0.0,0.0,0.0,0.0,1.0,0.0,0.0
FMwGaCsrHvB3v9HyLTcUjKiK2yZCKjguR1wHAydid9dL,0.0,0.0,0.0,1.0,0.0,0.0,0.0,0.0,0.0
FNR8RP25deL1yf6Ut1ntHBzdhu4uhiBdSkPosEZBZUqp,0.0,0.0,0.0,0.0,0.0,0.0,1.0,0.0,0.0
FNVF7KC4Ajoy37TZevmee8kTjtUtiLqj4epT8L5BnWQV,0.0,0.0,0.0,0.0,0.0,0.0,0.0,1.0,0.0
FNkbQS8kTZfS7eWpur1bnMchon9UXSsKZo5YDLSzNyrV,1.0,0.0,0.0,0.0,0.0,0.0,0.0,0.0,0.0
FNpsy7uDXG6dHU5CkvsYkigAKPrKXfUwikGbUQvJq39S,0.0,0.0,0.0,0.0,0.0,0.0,1.0,0.0,0.0
FNwLhFeeqBrYbtfyexN55LmZBmRYrWkPjHi8Vk4w8bh,0.0,1.0,0.0,0.0,0.0,0.0,0.0,0.0,0.0
FPdLQtY4SomivwRWdKV7jV9Y1nD6UwViBvGDguBr2tSv,0.0,0.0,1.0,0.0,0.0,0.0,0.0,0.0,0.0
FPuTURmbgwBxUJHiJaGavHUwGxuWBRzfwh5UpvAHc98U,0.0,0.0,1.0,0.0,0.0,0.0,0.0,0.0,0.0
FQWrNnfnJwJhvXpwZkZDKCCZProbbRao7ZV39vEc9sZ8,0.0,0.0,0.0,0.0,0.0,0.0,1.0,0.0,0.0
FQcEiHfbnThePjx75ybA26yjaZXnKDTs3WhkHntkyPjY,0.0,0.0,1.0,0.0,0.0,0.0,0.0,0.0,0.0
FRCiLET8FfD2czh9Ldz7maBESdDcUpoWn37ePP5JQLEG,0.0,0.0,0.0,0.0,0.0,0.0,0.0,1.0,0.0
FRadt3kq3E2HJMFqfH4hytEAjZfLx8BkZjmvJ15W4WbK,0.0,0.0,0.0,0.0,1.0,0.0,0.0,0.0,0.0
FRs2MTUYLqWx1txVBbGiPfkbcxZtPLBLjGgF4uemsc1q,0.0,1.0,0.0,0.0,0.0,0.0,0.0,0.0,0.0
FSCxqxG18a85CZBLNBpSgprN63CFksf9iVJX98cXSQnj,1.0,0.0,0.0,0.0,0.0,0.0,0.0,0.0,0.0
FSFg9aQMS1Ed1TM1dg3Z4pR4AfWBEDsqnLW8kTtFvWxD,0.0,0.0,0.0,0.0,0.0,0.0,1.0,0.0,0.0
FSHZdx73rEGcS5JXUXvW6h8i4AtsrfPTHcgcbXLVUD3A,0.0,0.0,1.0,0.0,0.0,0.0,1.0,0.0,0.0
FSKhxBGsAAtv5Daggutyaox3GZ4CzzCF8vbR1oYJ459Y,0.0,0.0,1.0,0.0,0.0,0.0,0.0,0.0,0.0
FSMuWAsAEz8hPjLicibkAuThF2HNJZxKn8RTCJXgm3DY,0.0,0.0,1.0,0.0,0.0,0.0,0.0,0.0,0.0
FSYEc7aqbX81g54JtNKGkPxgVFyKTPZdoiCSD2TxnPsf,0.0,0.0,0.0,0.0,1.0,0.0,0.0,0.0,0.0
FSbiqUm3XCqQYqZ1mGugJcPArd18WvCbupVMpj3obXsJ,0.0,0.0,0.0,0.0,0.0,0.0,0.0,1.0,0.0
FSgfYmVkzETybw68VuiPk8bvMtqSa8zkxSzge1bcoyuQ,0.0,0.0,0.0,0.0,0.0,0.0,1.0,0.0,0.0
FSxxZFsJcTtqUv4YjpBdGU9L9JtSkNVj9ndtQ6YpDJPn,0.0,0.0,1.0,0.0,0.0,0.0,0.0,0.0,0.0
FTZGYndWM9Gmjt1mCQah1cahUMpwMv55cDcETxcRCpoE,0.0,0.0,0.0,0.0,0.0,1.0,0.0,0.0,0.0
FTjgBesxnZT31azn1JjLNSorfxdcQZYViBxLAtbbWd4W,0.0,0.0,1.0,0.0,0.0,0.0,0.0,0.0,0.0
FTmZCZgz5DKNJ8doy7RnxBgnwqJNGCCVmNwT4KwEqniS,0.0,1.0,0.0,0.0,0.0,0.0,0.0,0.0,0.0
FTtzzRN59Zxab1vLNKTm97VrK2a2KCMWgCX7eyH1ngxK,0.0,0.0,0.0,0.0,1.0,0.0,0.0,0.0,0.0
FTxJdukSSzyJNqZKYVQvbVECvFnnckr1UPXC8jQaqiC1,0.0,0.0,0.0,0.0,0.0,0.0,1.0,0.0,0.0
FUVuvv52UWzc55z7gf69KwHbo2rTFuGYvnW2zMMMvEgB,0.0,0.0,0.0,0.0,0.0,0.0,1.0,0.0,0.0
FUVx6g6wtCdDhegCVPqteVaKnYACdnLjuYq6jA8VPno8,0.0,0.0,0.0,0.0,0.0,0.0,0.0,0.0,1.0
FUYv1R7AD9GihhN95zztttu3ATEwLsJgzdHy8UfVb1yG,0.0,0.0,0.0,0.0,0.0,0.0,0.0,1.0,0.0
FUcKstD9SE2UKYAJX2n8Db9Gr6g5sjXzJhPMQPEQE7iG,0.0,0.0,0.0,0.0,0.0,0.0,0.0,1.0,0.0
FUdUUsv6sJH6YMt8A2ogTgw16espv4iFzY6ZyVDU7mtQ,0.0,0.0,0.0,0.0,1.0,0.0,0.0,0.0,0.0
FUkRxZt8Q9fFFuJnDpLPW2Bei2hkNqg5Kns6SXztcC8F,0.0,1.0,0.0,0.0,0.0,0.0,0.0,0.0,0.0
FVK6Jyc2xjAw3GEqu5GhRnwWVKAxGkERShDKpUsy7CPn,0.0,0.0,0.0,0.0,0.0,1.0,0.0,0.0,0.0
FVS7yzVc6iK1sfvuKoydpWDmYWLCZi5P2zuFMmjxEmYY,0.0,0.0,0.0,0.0,0.0,0.0,1.0,0.0,0.0
FVTgHRXNKZz4JXg6bQ6nQ5VqiJ7QNYByKR2a5b4roybB,0.0,0.0,1.0,0.0,0.0,0.0,0.0,0.0,0.0
FVZiAQMSfP24JDfuA6AHL5dyWPyPFGs9DC7TbYSUqHBd,0.0,0.0,0.0,0.0,0.0,0.0,1.0,0.0,0.0
FWPi8QL4eWhn7DKy73VcgJUXkzYDp769eqxruyLz2qct,0.0,0.0,0.0,0.0,0.0,0.0,1.0,0.0,0.0
FWaLUeQB4c1yoHuGpzVioVhZ4FtcHZtpRPgfbW6L7JK3,0.0,0.0,0.0,0.0,1.0,0.0,0.0,0.0,0.0
FWxVv6No3VBkG7caHqrkRNCf3Hywaqi2d1uWePLzVHZ4,0.0,1.0,0.0,0.0,0.0,0.0,0.0,0.0,0.0
FX5z1myknxXXKjezZT2EsburSSohjpMsGuHmC6snWKhb,0.0,0.0,0.0,0.0,0.0,1.0,0.0,0.0,0.0
FX6JwbZVhp5mQPA3jwwq6ypTJG7Sauj4mc1LnyBH277v,0.0,0.0,0.0,0.0,0.0,0.0,1.0,0.0,0.0
FXBSd53K1WeQhdcD5xkvJ3PBMJ6MXBFCnc1Qs2rq6mrW,0.0,0.0,0.0,0.0,0.0,0.0,0.0,0.0,1.0
FXKTMRiKkDji5x3pMamWUHiYz9ULppTaAMUpWeTQ4YwR,0.0,0.0,0.0,0.0,0.0,0.0,1.0,0.0,0.0
FXRRr7Ls73gGpyZCmmpWXfxPmS6u19QxUn4npZhS5pi5,0.0,0.0,0.0,0.0,0.0,0.0,0.0,0.0,1.0
FXxUgRrqrU8cDNiiGvLPRcyPCqXFQenZmS2uUwo4HAz3,0.0,0.0,1.0,0.0,0.0,0.0,0.0,0.0,0.0
FYBbQxDdqXVLAmNb8YWAn3ctA1L283ey7G7236hU94zg,0.0,0.0,0.0,0.0,0.0,0.0,0.0,0.0,1.0
FYTbGYnj4xkyAVKKdueddPE1XTrHQM1A5cqjBnPrL3TS,0.0,0.0,0.0,0.0,0.0,0.0,1.0,0.0,0.0
FYa2TeQbRYa4oQ4M92hNL8HgWb1XSd88MV37sMvDQwzx,0.0,0.0,0.0,0.0,0.0,0.0,0.0,1.0,0.0
FYc1cNv9rdhUZnN7SpTvqD9CbD9f35a8SrpnZjofm5Ai,0.0,1.0,0.0,0.0,0.0,0.0,0.0,0.0,0.0
FYt6zMq1Wk5VZFNZxvLGZW1mGrVfJ2yZf3ygGTAw6sX6,0.0,0.0,0.0,1.0,0.0,0.0,0.0,0.0,0.0
FZ1LDExHeAxqDJLF3kWqGSDL6jmBNvRvwyWpDkhrRjtA,0.0,0.0,0.0,0.0,0.0,0.0,0.0,1.0,0.0
FZ5twx5oG3f4nKgddV8ygt2TyvjPfCt4EGQ8FmPoHbDa,0.0,0.0,0.0,0.0,0.0,0.0,1.0,0.0,0.0
FZMRmnKbd1ipJTKkAwk7izNg8MjadCYZdtH4s3tv98vQ,0.0,1.0,0.0,0.0,0.0,0.0,0.0,0.0,0.0
FZY3QGEnnCATQU1oQ3AcKVuW7tKLJALE7aCbb1JQjvfP,0.0,0.0,0.0,1.0,0.0,0.0,0.0,0.0,0.0
FZa9TsciQ86HnCdMC6RXexgkV1NzNtrP1ugdnVcoPtbP,0.0,0.0,0.0,0.0,0.0,0.0,1.0,0.0,0.0
Fa7spHQvNanTSyv39G9vJKJ4pfd82vWWDNnZQHNQoDio,0.0,0.0,1.0,0.0,0.0,0.0,0.0,0.0,0.0
FaNnTUP54DfNTm96C8nWj4NA6NoBNMx6FsrkMHCwr4gX,0.0,0.0,0.0,0.0,0.0,0.0,0.0,0.0,1.0
FabedwXgMn3kRE1VNA8NgXYFLSAcwhbUFmiC3hGB9v8c,0.0,0.0,0.0,0.0,1.0,0.0,0.0,0.0,0.0
FawnB1TQBfzZVNpG18KMKFuKVmJyn9stKvKL2DNWL4E5,0.0,0.0,0.0,0.0,0.0,0.0,1.0,0.0,0.0
FazjrXKDGg717bYAVWWZkbps7p12mviabvdNYb5oK8G,0.0,0.0,1.0,0.0,0.0,0.0,0.0,0.0,0.0
FbDTssHEHFR4shpPLdRZBUMD9GGG3UoawF89NMitYCB8,0.0,0.0,0.0,0.0,1.0,0.0,0.0,0.0,0.0
FbfHhdedE8fKtShsrGNRzFz9NW79nEXdHvDqM148Djjn,0.0,0.0,0.0,0.0,0.0,0.0,0.0,0.0,1.0
Fbhm3uyHibVkjfpNQ4RCRWSyxMueLSuMDx7hb48vfhmn,0.0,0.0,0.0,0.0,0.0,0.0,0.0,1.0,0.0
FbidZsQ8cAiXFsWuiiuNJQzAP2nvAMzjnRWcNPk79qqj,0.0,0.0,0.0,1.0,0.0,0.0,0.0,0.0,0.0
Fbks1QjPYwa1K9Y4Dfy5QS6kPECYSkMyNXL7CqUBPf56,0.0,0.0,0.0,0.0,1.0,0.0,0.0,0.0,0.0
Fc9aaa5MRwbUYKTt8PaeL2vHukUCbSK96R64RjdQTXWB,0.0,0.0,0.0,1.0,0.0,0.0,0.0,0.0,0.0
FcRumWqithRvYnLX4zZt6feoywK2K2MTevVFTeDsDh3G,0.0,0.0,0.0,1.0,0.0,0.0,0.0,0.0,0.0
Fcdcj4jrvw4PrgmUNyErR7sk3HGJqEcZQjZnsTGJWG4,0.0,0.0,0.0,1.0,0.0,0.0,0.0,0.0,0.0
Fcoi7XdjgVRaHLBmEYJmi1FS8woCY4hgLtK26ahAfRoC,0.0,0.0,0.0,0.0,1.0,0.0,0.0,0.0,0.0
FcvvJvHU1jk5Y5JqjsuoSwzqgiqTAdxmzbggYmVQWJMD,1.0,0.0,0.0,1.0,0.0,0.0,0.0,0.0,0.0
FczdyuBWFwDmqyts7aPYhgmyLsPTCtSNvHy1komTGEYw,0.0,0.0,0.0,1.0,0.0,0.0,0.0,0.0,0.0
FdPbz7qBnGynVwibjPZDy6VRXU56kFNics8QGitW32TY,0.0,0.0,0.0,0.0,1.0,0.0,0.0,0.0,0.0
FdZP8uApvctsdQJNZQzt8y2i9Mcpsu1icWm1tvK4zcrz,0.0,0.0,1.0,0.0,0.0,0.0,0.0,0.0,0.0
FdiKvfBe95fW1jg9V1MJSY1D9dnJhqa3v6fwXRZDFdYj,1.0,0.0,0.0,0.0,0.0,0.0,0.0,0.0,0.0
Fe2yfZuhtZHsDe3b6oH83Xu2WJ6pkrxhdATj93Adg7Gf,0.0,0.0,0.0,0.0,0.0,0.0,1.0,0.0,0.0
Fe6CdD28iR7wH3XGt6ukfBfNcZRisEUfKjBvHC4Ym5Ma,0.0,0.0,0.0,0.0,0.0,0.0,0.0,0.0,1.0
Fe8FvVgT6T9bGrrrg2mfszJyPzqgWiGk6U727aiN7TGE,0.0,0.0,0.0,0.0,0.0,0.0,1.0,0.0,0.0
FeADZUsc1d2pAkYvsBgoJwFaWAABG8aWJenCMKYSWyjs,0.0,0.0,1.0,0.0,0.0,0.0,0.0,0.0,0.0
FeDh9B3LamKiBEBFTggV2Yhtt2bycDjRmRxQyhVFpNc2,0.0,1.0,0.0,0.0,0.0,0.0,0.0,0.0,0.0
FeEGzrR8dvfeVAi77omQJ2fUGPeMDCKSw2uScDRAH4Wy,0.0,1.0,0.0,0.0,0.0,0.0,0.0,0.0,0.0
FeXvE9rgsXcj7B5thPdCxLL2C3dxBNw761zmoMxT2gjn,0.0,0.0,0.0,0.0,0.0,0.0,0.0,1.0,0.0
FeXxvLUypzWcZomJUKS4miASSWtN8YydZT521pRPaJow,0.0,0.0,0.0,0.0,0.0,0.0,1.0,0.0,0.0
FemjyGT8dbSV57oFiC7x6imZWWJhiwUZ79THXPt7L8GC,0.0,0.0,1.0,0.0,0.0,0.0,0.0,0.0,0.0
Fep5Zig6zrRPgjcF89yNTb2YWjc422fMxfD7TCWmrKcR,0.0,0.0,0.0,0.0,0.0,0.0,1.0,0.0,0.0
Ff8QSzrsZXoY8syPjGF53vvpsN3dFNQwE5R26PztZWuX,1.0,0.0,0.0,0.0,0.0,0.0,0.0,0.0,0.0
Ff9drxnUKAfwvjFf7WkXKia3stiCs1CcsEopZn8vndA9,0.0,1.0,0.0,0.0,0.0,0.0,0.0,0.0,0.0
FfPyiAGZzXhdfhmBvAYfznw6jn8NXXH7c36iPjn2hxs1,0.0,0.0,0.0,1.0,0.0,0.0,0.0,0.0,0.0
FfTW1ehef2vvc7Da9LiTav3t65GUxhWkHUGwPBYbdsMz,0.0,0.0,0.0,1.0,0.0,0.0,0.0,0.0,0.0
FfmcJ5Nio48mtYvtNomUa6bh7uFS21EnMACw1qUgQ3Ro,0.0,0.0,0.0,1.0,0.0,0.0,0.0,0.0,0.0
Fg2mw6NWi8uaNfAZTyT3g4ttreosXDBVkgqXjH7KAwMz,0.0,0.0,0.0,0.0,0.0,0.0,1.0,0.0,0.0
Fg35GX54fwsWQy5KEYVaij2x8NCKbFHL4Qzpk35GN79k,1.0,0.0,0.0,0.0,0.0,0.0,0.0,0.0,0.0
Fg3k5BQNNaMDHxoaXmwRYE6ZvYfgBEGVauGxNs4Wi5WW,0.0,1.0,0.0,0.0,0.0,0.0,0.0,0.0,0.0
Fg4otaB2v89CJvfd3c5kJE7JBokfaXsGufBP1kE5QH9n,0.0,0.0,0.0,0.0,0.0,0.0,0.0,1.0,0.0
FgEAnXY5LFLFh5xQJEMCAT2mBJ4sWAovW32e8TRb2HEG,0.0,0.0,0.0,0.0,0.0,0.0,0.0,0.0,1.0
FgHkrucezEszspqddqrRHqbDYsbexYi7Dj2Euwzq6RDE,0.0,1.0,0.0,0.0,0.0,0.0,0.0,0.0,0.0
FgPNn8qUdqpg7Eyze2FrJFT1rwzarEZspxbjqA2nXV6n,0.0,1.0,0.0,0.0,0.0,0.0,0.0,0.0,0.0
FgYjU3oBY3u6RUuvRPY3B6J2DQ7VptHrXQYbhT9afpTc,0.0,0.0,0.0,0.0,0.0,0.0,1.0,0.0,0.0
Fgd6pajF6G2BamBhHXtjmzRRb8Fmeskg6vZWLdcMMhtY,1.0,0.0,0.0,0.0,0.0,0.0,0.0,0.0,0.0
Fgh4Up9H9PrE6zffiaYVFFdPf5wysGRucntgsm8J7YzN,0.0,0.0,0.0,0.0,0.0,0.0,1.0,0.0,0.0
Fh8br52TCgWU7p513FbULdjGJ9MWpS87NQoV1aCpGN2J,0.0,0.0,0.0,0.0,0.0,0.0,0.0,1.0,0.0
FhCHX7pfybLGBty2mpKKoapP9XYbNDhkwDLVGCBJjahj,0.0,1.0,0.0,0.0,0.0,0.0,0.0,0.0,0.0
FhWtbwpNGMW2ZfWbjXEgZzLwgjH9fW1XnEfSrMVmj4tL,0.0,0.0,0.0,1.0,0.0,0.0,0.0,0.0,0.0
FhZF8VpEMT4T13Lrx8o2AWF5cEfMtAkRNnFbMTuD1zVT,0.0,0.0,0.0,1.0,0.0,0.0,0.0,0.0,0.0
FhZxib6SrgySw1g2iwAWHRDu2aHi4bZFz1dateEW4fo7,0.0,1.0,0.0,0.0,0.0,0.0,0.0,0.0,0.0
FhaR2YxtJqrt5ZnmYibo9fGxjczzRXavYSKFtSjv7CjN,0.0,0.0,0.0,0.0,1.0,0.0,0.0,0.0,0.0
FhhAQYKGQr5gQPdd5v68rT1tR5dmH2nafm4b77YB96KM,0.0,1.0,0.0,0.0,0.0,0.0,0.0,0.0,0.0
Fhqu7gVkbESattF5knk9uJt3FijCJKTLaN18Bj5ziRAu,0.0,0.0,1.0,0.0,0.0,0.0,0.0,0.0,0.0
FhwvVduxyYihBnpXSGSuq8AQP7RZA6GrYLTuMuhQNYiF,0.0,0.0,0.0,0.0,0.0,0.0,0.0,0.0,1.0
FiNmvDb7yJb5VgejuFmR8DUYBhz7EcQvMubj3zojn7mv,0.0,0.0,0.0,1.0,0.0,0.0,0.0,0.0,0.0
FiTcMYy4xTPny9EqEXyT9pBvURcCwKsaNohCxgUdvdRB,0.0,0.0,0.0,1.0,0.0,0.0,0.0,0.0,0.0
FiTnJ8TVzjTbPnXDNh4yyCyUPW2wmyXkzhVe7tMJFitd,0.0,1.0,0.0,0.0,0.0,0.0,0.0,0.0,0.0
FiVNi3L8SYnZS6hEzkcHHGymg9bQkvrzehP6PQK9vSsb,0.0,0.0,0.0,1.0,0.0,0.0,0.0,0.0,0.0
FidKGMM3dKavzYExCuxJ2daV4PTFZPRAkM84gnieU4vE,0.0,0.0,0.0,0.0,0.0,0.0,0.0,0.0,1.0
FijG9KQBfMNretDwszEYMgkT2JBEoVCKjnwxbyifC5YN,0.0,1.0,0.0,0.0,0.0,0.0,0.0,0.0,0.0
Fiwf18Z1121bYKqYNw5WjHGK2AxmTSXGiuJoijX4ojdv,1.0,0.0,0.0,0.0,0.0,0.0,0.0,0.0,0.0
FjZEteKLRQywjpnubReuqcm8sF1Z2RQvsFicm41nMkCr,0.0,0.0,0.0,0.0,1.0,0.0,0.0,0.0,0.0
Fjswd2XtU3vV11Ncr3PAFAB7ocfDKJgcbn3tATynMcw9,0.0,0.0,0.0,0.0,0.0,0.0,1.0,0.0,0.0
FjtW7bwDEY5P7dGwKWYMdYRRojMeQxgN6yQUUH2kd2UZ,0.0,0.0,0.0,0.0,0.0,0.0,0.0,0.0,1.0
Fk8cTDUFNsiqsz9aZ49Hf3m33SoGHTj8VtdL6r915vKG,0.0,0.0,1.0,0.0,0.0,0.0,0.0,0.0,0.0
Fm6suyPaWD8si33rbXur6PdVHXbSbBiLjhrgHFZSNgB3,0.0,0.0,1.0,0.0,0.0,0.0,0.0,0.0,0.0
Fm7azZVLLLHmq2uGrPRdkZTbitBFYr8T5zGzkJGhYHW,0.0,0.0,0.0,0.0,0.0,0.0,0.0,1.0,0.0
FmTyddttcS94jmRr3fEpsV93tnjiYJMn1b1cdMuWLu6F,0.0,0.0,0.0,0.0,0.0,0.0,1.0,0.0,0.0
FmrYTPPoudmEhTpwxPiHYxek3XtKiE8bzReX2DhJq63q,0.0,0.0,1.0,0.0,0.0,0.0,0.0,0.0,0.0
FmyeTuJgW6Z2TvSqsVGXKRmGVPzo3b8R35dFbtYwRkm,1.0,0.0,0.0,0.0,0.0,0.0,0.0,0.0,0.0
Fn4TFxhtwjXNZwkzLsfcTiD9fLU75xT6W5iMc6XTEUE9,0.0,0.0,0.0,1.0,0.0,0.0,0.0,0.0,0.0
Fn4wMQh9Up7EUoSdeqcNdtrtqhq9Ta44jVSc9ehzKaC4,0.0,0.0,0.0,0.0,0.0,0.0,0.0,1.0,0.0
Fn7zxPSiZZPENRKUjiWW2REtrJE5wipfAbV3WnjdwYPM,0.0,0.0,0.0,0.0,0.0,0.0,1.0,0.0,0.0
Fn8WJ5afkGJp424indxe9jqNZDjbUDPsMcCm3tP8HEeP,0.0,0.0,0.0,0.0,0.0,1.0,0.0,0.0,0.0
FnJoqrDHDX8TVH1EJ3hXETaiHGpyy541rrdKpBuCqgFz,0.0,1.0,0.0,0.0,0.0,0.0,0.0,0.0,0.0
FnRzx25cybByznHoi8QVc78QZzpoqhiePVhMcDHR1DUT,0.0,1.0,0.0,0.0,0.0,0.0,0.0,0.0,0.0
FnYfaWvpEhN8JZJydKieXy6F6wmzsRkMpAZHQEPwYKTE,0.0,0.0,0.0,0.0,0.0,0.0,1.0,0.0,0.0
FnbT6KnPeEkBRUqB47JPti45kEu3uJKFV6e1EbHt6WcQ,0.0,0.0,0.0,0.0,0.0,0.0,0.0,0.0,1.0
FnimiiLAyzbsmWWYB2TtctbqXrsmG1aMYym9u8pgy9Ny,0.0,1.0,0.0,0.0,0.0,0.0,0.0,0.0,0.0
FodhoucARJhEy8qAFBwkfzFB8WoWyoHeTjuwwESfzcuy,0.0,0.0,1.0,0.0,0.0,0.0,0.0,0.0,0.0
Foi4mFhpmYu8a9fpiUSEMV3podihce9Wq3cmYERoprBn,0.0,1.0,0.0,0.0,0.0,0.0,0.0,0.0,0.0
FoqZqEwGDdT2bkfmX2hMrjZphizPkVxtincg2iGQV6yv,0.0,1.0,0.0,0.0,0.0,0.0,0.0,0.0,0.0
FpDhGGPCJSHvvABoEZjZUPurBstXta32DtZvhggBUnRh,0.0,0.0,0.0,1.0,0.0,0.0,0.0,0.0,0.0
FpW2T419AbrU6BphES2xNZciDciGzHMDsBoYdZ1WVRuq,0.0,0.0,0.0,0.0,0.0,0.0,1.0,0.0,0.0
FqCsEJ9SaxmX6XQwdQVdSgAMa9NcBNDX27sgqmeps5x4,0.0,1.0,0.0,0.0,0.0,0.0,0.0,0.0,0.0
FqDJQP6MbkCcz8Rq6P63nC2Za7RVAupJDJFdcPy95XzJ,0.0,0.0,1.0,0.0,0.0,0.0,0.0,0.0,0.0
FqFwNEEnL92kZZgC1wgXwWN24PGXiFiVzbjG5bnQBMZy,0.0,0.0,0.0,0.0,0.0,0.0,0.0,1.0,0.0
FqHtDVaYbJWGymmnd6EPHzrVeZtjWmeG1Xi6NcXK7HCi,0.0,0.0,0.0,0.0,0.0,0.0,0.0,1.0,0.0
FqgdPU44xKhzNHewfsiZL4MWNzfJbp2yEehAuT9MVv9w,0.0,0.0,0.0,0.0,0.0,0.0,0.0,0.0,1.0
FqrQUZBBrPLSZPGXJHFevbhb9CkYLeNW1tYmx9N9EGHA,0.0,0.0,0.0,0.0,0.0,0.0,0.0,0.0,1.0
FqvTknHmu2rXrhGePesPLR2DFhe5sHBtgULMJ2aMqVVv,0.0,0.0,0.0,0.0,1.0,0.0,0.0,0.0,0.0
Fr1sfsH1zxGAXv3iUWyHbw9t4wqQKTea4f7tp5jsjDSj,0.0,0.0,0.0,0.0,0.0,0.0,0.0,0.0,1.0
FrDPUrtydh3dhDRLbXVDtyYngiGEECYWNqjgyUca15uz,0.0,0.0,0.0,0.0,1.0,0.0,0.0,0.0,0.0
FrT1LMX6ZmWJ5Q3SWTBuMM6xeQVvYcty4XhP54UR9Cmu,0.0,0.0,0.0,0.0,1.0,0.0,0.0,0.0,0.0
FrVYvp9UWX6B2QJZnkhymQ3vLQvqARuzgNvQx8ht7RKo,0.0,0.0,0.0,1.0,0.0,0.0,0.0,0.0,0.0
Frdn9sLW2TKLA4aeJy5jTYXwNWoqRrneGZtUonEDYv8X,0.0,1.0,0.0,0.0,0.0,0.0,0.0,0.0,0.0
Fs6NLcnNP6JZyqSNGgBcgYQF89hytWKqrzrgBfMuvShR,0.0,0.0,0.0,1.0,0.0,0.0,0.0,0.0,0.0
Fs713wRgRJCvs6cnQCLH91U4weocxmQx1G7LLTZcqSd1,0.0,0.0,1.0,0.0,0.0,0.0,0.0,0.0,0.0
Fs9RN3wAsuJKPbTmtX5eek1bhW5krNH8RkQxkFAtgNfR,0.0,1.0,0.0,1.0,1.0,0.0,0.0,0.0,0.0
FsFkrcryV4i3KeSW45F8Qbw3XaLfh8MExkXYhD4d5Gxt,0.0,0.0,0.0,0.0,0.0,0.0,1.0,0.0,0.0
FsME7ErindvuJy7jYTkwYt5zAuQfaA9a5KaCEVXoSLLR,1.0,0.0,0.0,0.0,0.0,0.0,0.0,0.0,0.0
FsheaVb9WDLxkUUmRrqfqzjfbNs3EwYo2k5EwNxCdwio,0.0,0.0,0.0,0.0,0.0,0.0,0.0,0.0,1.0
Fst6YcrCDFNuUogTNAncK5M9W5iaCFddzqFU5gi9juin,0.0,0.0,0.0,0.0,0.0,0.0,0.0,0.0,1.0
Ft8MuNrMhFCvh9K6oMvZgVWxxrEh5PaB6gZXNFU621qN,0.0,0.0,0.0,0.0,0.0,0.0,1.0,0.0,0.0
Ft91AJS6AKzgR5gXeXshQEvmaKmspjESqZtE2ejcspmi,0.0,1.0,0.0,0.0,0.0,0.0,0.0,0.0,0.0
FtAziDo9JWxEPsku4zJvKp6TKtp5svDB9WNMsxtdoFpm,0.0,0.0,0.0,0.0,0.0,0.0,1.0,0.0,0.0
FtKjCXzY7rHUtTPmFjoBXD4zGoY8vh77vBLAxqDtWt8r,0.0,1.0,0.0,0.0,0.0,0.0,0.0,0.0,0.0
FtdbqQfPeC76bbmmttADZfPbLk7GsVcC7Pk7vhRmMEhc,0.0,0.0,1.0,0.0,0.0,0.0,0.0,0.0,0.0
FtfYLpGa6ZMAQ9rFJ7fzGGLo2KWhGSFvU19mhBrQw8yn,0.0,1.0,0.0,0.0,0.0,0.0,0.0,0.0,0.0
Fu6BcjLj776WDp2Ca5MnqUJByTqmWWi3kxA6uJdiLLhq,0.0,0.0,0.0,0.0,0.0,0.0,0.0,1.0,0.0
Fu9d9qkYe6fahhwLwZGSTGHwxy3dxvnEZKEksyBWyHKT,0.0,0.0,0.0,0.0,0.0,0.0,1.0,0.0,0.0
FuNzwYsXyY3EaT6iPg4PNT6NwnWEtBHtBgv4U1TzybLd,0.0,0.0,0.0,0.0,0.0,0.0,1.0,0.0,0.0
FuPWmHsGhkoF7PQNdkWkReKVtMDnmxYfZ1EN9D7qmJn6,0.0,0.0,0.0,0.0,0.0,0.0,1.0,0.0,0.0
FuUHVVtf3U3SLeEeZ4T3JLngig7fygkCBbcZrC4eeUYA,1.0,0.0,0.0,0.0,0.0,0.0,0.0,0.0,0.0
FuXQz2fTMyyL5cyczZdd1pA61D22uWTWunhxXRmk3vy1,0.0,0.0,0.0,0.0,0.0,0.0,0.0,0.0,1.0
FudGorjpeModvkBka6XCV4zdEThXSDGu7ZWuV3R8iCgT,0.0,0.0,0.0,1.0,0.0,0.0,0.0,0.0,0.0
FuddQsuJ3J9nXdrDXKf31v8uPkEUJCvrTNFUSprxbx7J,0.0,0.0,1.0,0.0,0.0,0.0,0.0,0.0,0.0
FuksXcZdAAdM8DsF1CLbd39BYriYeqxSDfGyH9hkXg6Y,1.0,0.0,0.0,0.0,0.0,0.0,0.0,0.0,0.0
Fv18e7h5UJVzjzSyWKDku8nvaQ1rEnNzFhHrKY4oJFBT,0.0,0.0,0.0,1.0,0.0,0.0,0.0,0.0,0.0
Fv1TeK6Ah3uYoFeJNS9qcqJZZA7iyHfhzPrqVfYZ3pXd,0.0,0.0,0.0,0.0,0.0,0.0,1.0,0.0,0.0
FvGxiUbBLQYjaHwWe49Qi8ozzoJJqEB1erw7GbYZoqd6,0.0,0.0,0.0,0.0,0.0,0.0,0.0,0.0,1.0
Fw4ukB5hj1vHsMRjK5jrBGXmjgNWUKg6mqah2PjZcfQY,0.0,0.0,0.0,0.0,0.0,0.0,0.0,0.0,1.0
Fw7UpHcUn3VfCwsfVsU3pMhmtru2eTo459VyakeSst5D,0.0,0.0,0.0,0.0,0.0,0.0,1.0,0.0,0.0
FwEmHEzX1HE8SyWyDvpvNwimREwhg9p9pUQAhThAAkjb,0.0,0.0,0.0,0.0,0.0,0.0,1.0,0.0,0.0
FwKZAL832abzBZwvTPrVYAGrZPp5H5snVmLqBfyksgoo,0.0,0.0,1.0,0.0,0.0,0.0,0.0,0.0,0.0
FwkCqgdSBYuNgkPPv6ysnf4dE6BBpGXsXK3affm5XLm6,0.0,0.0,0.0,0.0,1.0,0.0,0.0,0.0,0.0
FwtboYJaDM1XDQUV6v9i69txez9XKXNokwYJ4Xp5f23Y,0.0,0.0,0.0,0.0,1.0,0.0,0.0,0.0,0.0
Fx1E2hLd2FQ2B5uyKK56cZNPabM43c6rFjfi5zVe2hiF,0.0,0.0,0.0,0.0,0.0,0.0,0.0,0.0,1.0
Fx3Bo8qGqqe6HNkth4CQ3G8rEMFv3oKp6BvahPST7ZBk,0.0,0.0,0.0,1.0,0.0,0.0,0.0,0.0,0.0
FxGj2J6rXVkurxRxGK3fAoMR58CJ8yUvhTEmFBjJcKog,0.0,0.0,0.0,0.0,1.0,0.0,0.0,0.0,0.0
FxuynweVKdbAFzV8DhAQBBt3y5t8GLBDXz8Px1uXE6ys,0.0,0.0,0.0,0.0,0.0,0.0,1.0,0.0,0.0
Fy6kprCVD8PL6a7ub1hDLxJpaHfvyRP1WGYKraq9fifC,0.0,0.0,0.0,0.0,1.0,0.0,0.0,0.0,0.0
FyEtwR562j8qw6nqaruFyfeRKHMZ1jxwy4zhWQzCqpWP,0.0,0.0,0.0,0.0,0.0,0.0,0.0,1.0,0.0
FyPfyDqfRse7dbaps7hmKwHZZg2Cpmj7Y8p9fmDpXYJ5,0.0,0.0,0.0,0.0,0.0,1.0,0.0,0.0,0.0
FyVb9zFzBDm1a7P1k3shGVXwNAevEx3hQU4Lw39MQjwn,0.0,1.0,0.0,0.0,0.0,0.0,0.0,0.0,0.0
FyZwyzpzp5JZUtUJf6rxar8Pgubp9zrnqQ5zqzAH7CaW,0.0,0.0,0.0,0.0,0.0,0.0,0.0,0.0,1.0
FybqzsyWueBW4rvj7S6wx3F8taEdNz6sfFp5j8ghZ5KG,0.0,1.0,0.0,0.0,0.0,0.0,0.0,0.0,0.0
Fyi1MM3KDqCBfCsyjwqPXTJzzXiFHiYQxkfy2QmC1jWj,0.0,0.0,0.0,1.0,0.0,0.0,0.0,0.0,0.0
Fyv1nnQQJyzoQEwwKQgcnTcw2RxpRTEW7f4wtyYZdHv2,0.0,1.0,0.0,0.0,0.0,0.0,0.0,0.0,0.0
FyyrdXhwNBd5Jjngrr4hD3LH5xzNbdyVSkZ42YmVFYuH,0.0,0.0,0.0,0.0,0.0,0.0,1.0,0.0,0.0
Fz7H72qmp3Tzyb3zVEbjEZh4pCK4Vmo3g4M6nA1pracz,1.0,0.0,0.0,0.0,0.0,0.0,0.0,0.0,0.0
FzBPuRhCW4xuKuCLxkBCrWxKWvCBpK92FtwnZAV12Li5,0.0,1.0,0.0,0.0,0.0,0.0,0.0,0.0,0.0
FzGz62LfSmgpzfZcbKiu8LFk9gjjs31Tfb3BfWQzQBDz,0.0,0.0,0.0,0.0,1.0,0.0,0.0,0.0,0.0
FzLFHbgLbyN74skmCm1DQGTLC1J7RrUEXrLdjJb9X3BY,0.0,0.0,1.0,0.0,0.0,0.0,0.0,0.0,0.0
Fzf87cs3V2oBDMrNwuRtj1CWsmDqi6F5FcbMkino7DGN,0.0,1.0,0.0,0.0,0.0,0.0,0.0,0.0,0.0
Fzk3SJ8DU8tawBC2RKSaX8nNig7CByiLj54xwsLiu5zc,0.0,0.0,0.0,0.0,0.0,0.0,0.0,0.0,1.0
FzmdD1vgK4ZDBM2gHBKg5gGDTY6UVKCHaNZdAghTedWK,0.0,0.0,0.0,0.0,0.0,0.0,0.0,1.0,0.0
G16fByC6mRRKxH4XDwW3621EWpRw4oaN1an1VL3346cW,0.0,0.0,0.0,0.0,1.0,0.0,0.0,0.0,0.0
G1CWfqYoU4CtC28uQ4RtANXWYnLobq2u78ndRasZYzDb,0.0,0.0,0.0,0.0,0.0,0.0,0.0,1.0,0.0
G1Y1FcDyAqyyWKeeeGq7o61gXMcLWffjpeSdu3NaywQD,0.0,0.0,0.0,0.0,0.0,0.0,0.0,1.0,0.0
G1eeAenqiW2PMEFGfZLpUhsUSjp9hzBm8oq8RAADKkmc,0.0,0.0,0.0,1.0,0.0,0.0,0.0,0.0,0.0
G1scq4txvrsk6a1Mh35c377B3TWj85QLfgJG2UeY57td,0.0,0.0,0.0,0.0,0.0,0.0,0.0,1.0,0.0
G1vFaKY5YxZoFxpHTaF528iLtLToDJcgqUQUZMpoTSFk,0.0,0.0,0.0,0.0,0.0,0.0,1.0,0.0,0.0
G2Z9ZmyrWAiq5s89Pr7gAVqSXZZUaEatB4rYqzr6aeUo,0.0,0.0,1.0,0.0,0.0,0.0,0.0,0.0,0.0
G2ZJt9Ry2qvkUkUSZ5Q7GFAdwd3cw8NrSNZu9DQrwpA6,0.0,0.0,0.0,0.0,0.0,0.0,0.0,1.0,0.0
G2ZzN8acLaon93tso3T9oeEjNMmfaasRNGzf7Myjpa4Y,0.0,0.0,0.0,0.0,1.0,0.0,0.0,0.0,0.0
G2scoC5Ey3UyGdrfmtRsdvLHTacfH4yaSwGKs1tSEFxw,0.0,0.0,0.0,0.0,0.0,0.0,0.0,1.0,1.0
G3CYgcdtQt5vyxgroTEwk7cGC8ECh7EdkVLph2HfvtUj,0.0,0.0,0.0,0.0,0.0,0.0,0.0,1.0,0.0
G3TYR9LntkiW5JsdY7Ey5241Quhz6FbU8MhVNksRvQPZ,0.0,1.0,0.0,0.0,0.0,0.0,0.0,0.0,0.0
G3Yi9eCq6DeevC4bnMuPQzefz1dXaqwiDdiFmia4tby6,0.0,1.0,0.0,0.0,0.0,0.0,0.0,0.0,0.0
G3ZgdUZuMuE8Mu1LpZ7f3WGDxzmee8G9SH2cSt3DBqNF,0.0,0.0,0.0,0.0,1.0,0.0,0.0,0.0,0.0
G3dn81ysntFC4cXKuyGGh9dTPakAZyMGBopD3f5UboAv,0.0,0.0,0.0,0.0,1.0,0.0,0.0,0.0,0.0
G3hHcgzEPaP4jFBkFnYwtE593Xn2ApSiGdKU44F9saEt,0.0,0.0,0.0,0.0,0.0,0.0,0.0,0.0,1.0
G46ZXBVEg3kfNt9dnwPHmXK3LXWc6nJa3pZEzgMRvCjc,0.0,0.0,0.0,0.0,0.0,0.0,0.0,1.0,0.0
G4e6nzXE77xRREriV3Aktw7mAyfAaScSvY3zAWxB2j62,0.0,0.0,0.0,0.0,1.0,0.0,0.0,0.0,0.0
G4fPv5CC2jn7mTdpqJuf9L6g2cZWT6Yzxqsp727erwkR,0.0,0.0,0.0,0.0,0.0,0.0,1.0,0.0,0.0
G4fkjooAKWXENcyjoHnCLYt8pxnJDPSf6wr5WXV5RdY5,0.0,0.0,0.0,0.0,0.0,0.0,1.0,0.0,0.0
G4zBTknFCm6v31L3RxU5AFEAGxdu8hy9VgV1DcEDsJaf,0.0,1.0,0.0,0.0,0.0,0.0,0.0,0.0,0.0
G56DdhTBPFmwjFCqfFuTUHn335etic2wEf6n4v5dWaTt,0.0,0.0,0.0,0.0,0.0,0.0,0.0,0.0,1.0
G5CapxxwJjWHPkiUNLCEQTiDsPu6gmjgQVUJykoA8dMG,0.0,0.0,1.0,0.0,0.0,0.0,0.0,0.0,0.0
G5MHFGb2MzfCV6mh4QRkisRJB87ru6nDME78CHJKZfxL,0.0,0.0,0.0,1.0,0.0,0.0,0.0,0.0,0.0
G5rZbWo8VJBWbfRa8dbD5KAso8dPYyfwqNAKG19euk6R,0.0,1.0,0.0,0.0,0.0,0.0,0.0,0.0,0.0
G5xF2FKYGdQKeNma6YGns4tshCzosNt7kWuQRMu6aCie,0.0,0.0,0.0,0.0,1.0,0.0,0.0,0.0,0.0
G5yko5MHmneRNFXvkBg5idqX83SqaA7okUXYwhTo36QL,0.0,0.0,0.0,0.0,0.0,0.0,0.0,0.0,1.0
G62uhVAe2brNrUaJ47pcnYRyCbDyp2nDEVtgDccxZ8y,0.0,1.0,0.0,0.0,0.0,0.0,0.0,0.0,0.0
G66hiiPbGwM3SKhe6KHgpUFHD3i5RtUDAYAsRd4F1ya4,0.0,0.0,0.0,0.0,0.0,0.0,1.0,0.0,0.0
G6JQvv4UfPV9qenifWm7XfdCrvDcVUd93vtUUU7z3ynD,0.0,1.0,0.0,0.0,0.0,0.0,0.0,0.0,0.0
G6LH7XBqug4erfrJdckKBjgv6qPBcHtUgR5WUBJeJyS4,0.0,1.0,0.0,0.0,0.0,0.0,0.0,0.0,0.0
G6TTHkteAwC3kLhBCfRemRtod9iwko5GX6qECssC9H6h,0.0,0.0,0.0,1.0,0.0,0.0,0.0,0.0,0.0
G6cg5kj3P8pTxPy2VGVuqfcJjBjt8qSsEuGhvQsWnzKy,0.0,1.0,0.0,0.0,0.0,0.0,0.0,0.0,0.0
G6cog7h7bcZBgHEA93CsUz5AGcnerMKuhiQwWQCB3Tyf,0.0,0.0,0.0,1.0,0.0,0.0,0.0,0.0,0.0
G6p5PS3goSXK5p5HjRw3EdwYbSzCzs5JMBV4s826jgGX,0.0,0.0,1.0,0.0,0.0,0.0,0.0,0.0,0.0
G77Y7Sis2ZTXdznpzWMmfdiHZu125rqFHntKSVF3SV9o,0.0,0.0,0.0,0.0,1.0,0.0,0.0,0.0,0.0
G7LdywoU4F1qrPgkymK7LjHuuiPNqQ7jvCLi7Xwc6rSr,0.0,0.0,1.0,0.0,0.0,0.0,0.0,0.0,0.0
G7XYHwr7Qtd5XXdkZuBFuY9uH2EMQKt1jAehrCVwzte9,0.0,1.0,0.0,0.0,0.0,0.0,0.0,0.0,0.0
G7s25G2hy78ibUEfrB1A2HNP6Lar3turGAjFPfBCiL3D,0.0,1.0,0.0,0.0,0.0,0.0,0.0,0.0,0.0
G87fPGCgR3RygcmdUm3ez4LnEP6GBPT6DLQqsCRgYCfM,0.0,0.0,0.0,0.0,0.0,0.0,0.0,0.0,1.0
G8PonVqr2cFuUc4gbdBUk8oZTkB5sCSzxk55PSjzf1DX,0.0,0.0,0.0,0.0,0.0,0.0,0.0,1.0,0.0
G8U7XsXoXTYsybJNFRJH72ChZVZExTdTmgMC6hN2x9ZW,0.0,1.0,0.0,0.0,0.0,0.0,0.0,0.0,0.0
G9Ecru3jDNHsFXz1x5E6RMJxKpuLv6GxGNebySso6Dk1,0.0,0.0,0.0,0.0,0.0,0.0,0.0,1.0,0.0
G9KGvCFGSTHSB1pzdc38S6FCZmjQ3Y6gK1GLWjdUHX35,0.0,0.0,0.0,0.0,0.0,0.0,0.0,1.0,0.0
G9L28EBGWxxJg98hEXVYyC5X4GFerau73BktZHCNCjUm,1.0,0.0,0.0,0.0,0.0,0.0,0.0,0.0,0.0
G9TXucczj3XB6iQGmxUH7PF7UmDJQiX2e7eDtkTG8Pd7,0.0,0.0,1.0,0.0,0.0,0.0,0.0,0.0,0.0
G9eZASG5tP5Zr33Rar81vu6AU7UuPMnvV9FqPanGAdHU,0.0,0.0,0.0,0.0,0.0,0.0,0.0,0.0,1.0
G9tBh7m1rnT95unrThTYvzVkud3Y9ZYctMjbx7AZH8Gh,1.0,0.0,0.0,0.0,0.0,0.0,0.0,0.0,0.0
GAGGC7zbyMCM1khWLZLpzwC1vkboP3ZBz2mYGPQdUyWq,0.0,0.0,0.0,0.0,0.0,0.0,0.0,0.0,1.0
GAJqQyeki6btj8TQyXh27jm1CKb56bfvqarYQDtg78Lh,0.0,0.0,0.0,0.0,0.0,0.0,0.0,0.0,1.0
GAZa9ViwNX8veH4qrb9KpqptapLoa4WDP8uDGV3Nvn2F,0.0,0.0,0.0,0.0,0.0,0.0,1.0,0.0,0.0
GAeuDpJ1HyMVDwLzQ9DULLtW7MoahHay1WncAUszkR5n,0.0,1.0,0.0,0.0,0.0,0.0,0.0,0.0,0.0
GAnitLus8nEho49muijxxS8Yb2Mq3Pzxc6ktSDcRuwJm,0.0,0.0,0.0,0.0,0.0,0.0,0.0,1.0,0.0
GBQVMRPFG5sVyGKT3ManP5XY7omFQ6fDSMh8UJj59GuC,0.0,0.0,0.0,1.0,0.0,0.0,0.0,0.0,0.0
GCKpvH6w2ecGNT41YMiUKSGWF9cbbofS9Xi8dvbd6UWS,0.0,1.0,0.0,0.0,0.0,0.0,0.0,0.0,0.0
GCWEf4xsvjqfv76U4hn8yykRZ6QRevV2m8sDdq1M8mDv,0.0,0.0,0.0,1.0,0.0,0.0,0.0,0.0,0.0
GCtPLsykLp2bCsD8BzpLfFRNhfcHVReFdtfLJDYJtvU4,0.0,0.0,0.0,1.0,0.0,0.0,0.0,0.0,0.0
GD6enmiDdBAPbD8N1ovpNHth8CAGUEoiZjoXrMUGsLce,0.0,0.0,0.0,0.0,0.0,0.0,0.0,0.0,1.0
GDYqJwtJeXPqu74JpEqVjAfK4LXLvoX5QKHovLuX2NvM,0.0,0.0,0.0,1.0,0.0,0.0,0.0,0.0,0.0
GDgRPszN9yumB9JLNBC8brq7CTQX5UHKNK1sgovgN2xC,0.0,0.0,0.0,0.0,1.0,0.0,0.0,0.0,0.0
GDvqw5M8CBifMqzMLRSMcmHeFYFaLDHwxqUPbPRbQAwR,0.0,1.0,0.0,0.0,0.0,0.0,0.0,0.0,0.0
GE1AgNSCTTkwg85zHqYNVCixHNmHkYwP8DF9dypeG9b1,0.0,0.0,0.0,0.0,0.0,0.0,1.0,0.0,0.0
GE8AAU6dvG73Dij3tL81SJ1MbVxtUJU6QRwwC5cd3KeZ,0.0,0.0,0.0,0.0,0.0,0.0,0.0,0.0,1.0
GEDUv2KaB2xDeA4drGZC7D7dG4dNWjQvfFFqtRQy5KQh,0.0,0.0,0.0,0.0,0.0,0.0,0.0,1.0,0.0
GEQCtagiqV5toxWWjR9FAFgiaF234Dry1gjwJD62oxX3,0.0,0.0,0.0,0.0,0.0,0.0,0.0,1.0,0.0
GEViypYqmn8142iGAf4aPd1SZzjQCxMPAwCgeg8CfVC1,0.0,0.0,1.0,0.0,0.0,0.0,0.0,0.0,0.0
GFDUaX95gYz6MS93FQcvuC15cXscNCzXdDUFPqgXZAno,0.0,0.0,0.0,0.0,0.0,0.0,0.0,1.0,0.0
GFNNxdVcDnvB5RXhT7BXtfyG1B2Ei192NaKaA7z4FoYW,0.0,1.0,0.0,0.0,0.0,0.0,0.0,0.0,0.0
GFRZepjv3jDsPAB9GJ6cv2MJMuvxaF9xUi8JddueGpf8,1.0,0.0,0.0,0.0,0.0,0.0,0.0,0.0,0.0
GFTsrSngFkM8KLXbXHNtxJ2msoBqdWekJ8YHKj412JGz,0.0,0.0,0.0,0.0,0.0,0.0,1.0,0.0,0.0
GFdseQaMZvkAcNkbnP8Af4YiSbabLSeyG8pW1kkmrqYL,0.0,0.0,0.0,0.0,0.0,0.0,1.0,0.0,0.0
GFiUuNDfCYDfh1LkMZHNbZ3iCfSt5fcfW3SR8wU6o1L5,0.0,0.0,0.0,1.0,0.0,0.0,0.0,0.0,0.0
GFpQ7YF34jth8V5zKBmAYvBZuF1c1QAv21bs1twutoku,0.0,0.0,1.0,0.0,0.0,0.0,0.0,0.0,0.0
GFt7qpCS8AVUB9Fptus8pCVfT9Uj6r9fVw18JsMjZX9o,1.0,0.0,0.0,0.0,0.0,0.0,0.0,0.0,0.0
GFv4YPoKJKSvFLcrGsReQozGmxs92PPAAZEvriXkNkYe,0.0,1.0,0.0,0.0,0.0,0.0,0.0,0.0,0.0
GG2UCjpamdgT43UiWRTYLtvZbFsWz8AAgFYh8REHsPoF,0.0,0.0,0.0,1.0,0.0,0.0,0.0,0.0,0.0
GG3eRUvfP7oRzWAeU6AYcjPgm8ryEGvfJfGidHKXaXSv,0.0,1.0,0.0,0.0,0.0,0.0,0.0,0.0,0.0
GGasLpjxCWC43QNGRGH2XHUEN8Qz9ob1yQgxYsJNCB8c,0.0,0.0,0.0,0.0,0.0,0.0,0.0,1.0,0.0
GGd2DGEupHLaPbkH14k2m3DoYqWMXx9dGfkFouSBA5Fd,0.0,0.0,1.0,0.0,0.0,0.0,0.0,0.0,0.0
GGeupegTnCQw1fQ7EHAka3XrtKjSpm6ycDtEgTo9RTRB,0.0,0.0,1.0,0.0,0.0,0.0,0.0,0.0,0.0
GGkaqyZhjQMKgKc8NHh4hTM12wY5zcRfoJoBT4PFPYU2,0.0,0.0,0.0,0.0,0.0,0.0,0.0,0.0,1.0
GGoF7RTyXzPCA8u9SidQuv6QierjznWWzJxkEnPHCWk9,0.0,0.0,0.0,0.0,1.0,0.0,0.0,0.0,0.0
GH49zREGwrMHi9PL2CbAZoudwTU6KDW5rXFa7MjQ3X4d,1.0,0.0,0.0,1.0,0.0,0.0,0.0,0.0,0.0
GH4cNTKfA9KbjMubyB1LMvpSFFhybg58HtAyjZnEzvNg,0.0,1.0,0.0,0.0,0.0,0.0,0.0,0.0,0.0
GH9tEfvCBTB7tBXpQUEbc1DhefaXmwqACo7yXRLza3yT,0.0,0.0,0.0,0.0,0.0,0.0,0.0,0.0,1.0
GHKzc5XZrE4USCZ31Qx3dN3kbW8fZbtPCSiEB82onm6B,1.0,0.0,0.0,0.0,0.0,0.0,0.0,0.0,0.0
GHh4Yy19bbw7wWVvVtdW2BVqdzZyj42qNbaPNtKxYrWW,0.0,0.0,0.0,0.0,0.0,0.0,0.0,0.0,1.0
GHpn5USgxzoMMKYwqm4f6EZMd5cDuVgnpeB4gpCC2BNx,0.0,0.0,1.0,0.0,0.0,0.0,0.0,0.0,0.0
GHxTAgTNHZeuTsA4oJj5LU8QMyCtst47wYooG2KJAEA1,0.0,0.0,0.0,0.0,0.0,0.0,1.0,0.0,0.0
GJ5D3ksfnfDuQXSjGtmQkDTXUpgCP7xMGh7jdgRh1fWe,0.0,0.0,1.0,0.0,0.0,0.0,0.0,0.0,0.0
GJLXNErMprktRTEgH8VhguZVFqP7U8qgneGR1boPFpKB,0.0,1.0,0.0,0.0,0.0,0.0,0.0,0.0,0.0
GJQGFNPXTX67KcaTBRK46yzUkqkm5Cm4d6kDDYUSrKFx,0.0,0.0,0.0,0.0,0.0,0.0,0.0,1.0,0.0
GJbUPSRG46jYWdXUmRXW9G2P8J6qAZ815AHUp4xQPRt6,0.0,0.0,0.0,0.0,0.0,1.0,0.0,0.0,0.0
GJdqJi1C7hq6dwnpXmngXcYEzRkw3rFrBwskaVHoHNXa,0.0,0.0,0.0,0.0,0.0,0.0,0.0,1.0,0.0
GK9rMfPwY76nAuqkxMJaKbuF9W1XHooQp5JisVyopGeB,0.0,0.0,0.0,1.0,0.0,0.0,0.0,0.0,0.0
GKSJFuQ4hzg3TwvfpZB3d8ZqJZtHic9yMmPre694KYnJ,1.0,0.0,0.0,0.0,0.0,0.0,0.0,0.0,0.0
GKVvVwp7J7RCBD3ExXHPTGjnjjEBf4PGzSG6cHPuv7Z6,1.0,0.0,0.0,0.0,0.0,0.0,0.0,0.0,0.0
GKt6bF91jDCgVi4tdkzVAP5KFB6EVA7SbBP5YR9u3xfy,0.0,0.0,0.0,0.0,0.0,0.0,0.0,0.0,1.0
GKxXrhfytczdawPrLXUGdPsGAAagnzJwx1rcVvekY9Ss,0.0,0.0,1.0,0.0,0.0,0.0,0.0,0.0,0.0
GL2qH5m56YaqtXbog8eHgJPSgA9LG2Rb6jV5GnmiwL2m,0.0,0.0,1.0,0.0,0.0,0.0,0.0,0.0,0.0
GL9DfLtpvWLfsPMwUub21GrohDGmtntTwNogTGYByRTL,0.0,0.0,0.0,0.0,0.0,0.0,1.0,0.0,0.0
GL9DgtMiErUwtkQjhGBFns27yNxrozRa1mxZVR8EqnGi,0.0,0.0,1.0,0.0,0.0,0.0,0.0,0.0,0.0
GLRWhjd6K2bfnE7FjyfPPVGRpBmdzKwCGMquDaKdcVrN,0.0,0.0,0.0,0.0,0.0,0.0,0.0,1.0,0.0
GLf82418u3jtRDrbZeCm2p2xNrq1M38NgejuCe8XhXdh,0.0,0.0,0.0,0.0,0.0,0.0,0.0,1.0,0.0
GLpz9c82o5tx2pau6qCGw1tQ51xzqxoLTaDWCTYgLYKh,0.0,0.0,0.0,0.0,0.0,0.0,0.0,1.0,0.0
GMLarp2tAw5vSCMFyw3U2Lhx8vuEEN8R9BR8kdYmq9wk,0.0,0.0,0.0,0.0,1.0,0.0,0.0,0.0,0.0
GMaz6GUYwE8nr245Nf2kspEmYLxZfPPPiZnzuStdeTup,0.0,1.0,0.0,0.0,0.0,0.0,0.0,0.0,0.0
GMcSst4PbpjNErn3oqAYGcfQenpHCrfqqFTtSjekTBjK,0.0,0.0,0.0,0.0,0.0,0.0,0.0,0.0,1.0
GMsHiyEcuBq7kNvrSEB6W5whqsk8y9N444NTVRKAeqsU,0.0,0.0,1.0,0.0,0.0,0.0,0.0,0.0,0.0
GMuYwpiiJwbKbNiYcRpaDPbnarYagCkbXEQAB8dvycPu,0.0,0.0,1.0,0.0,0.0,0.0,0.0,0.0,0.0
GMxDhy8ETUPk3Hk3tRpnEAt2A9gYJCBRDu3pQqLDfG3T,0.0,0.0,0.0,0.0,0.0,0.0,0.0,0.0,1.0
GNLSRy8VNQBynUQ133pfCpEEhRbMpMP4KkbtDRb4GQeM,0.0,1.0,0.0,0.0,0.0,0.0,0.0,0.0,0.0
GNQSKPQzUkV5S9LvqvmzJ5DB8pQX3XUTKcFLkekvm24L,0.0,1.0,0.0,0.0,0.0,0.0,0.0,0.0,0.0
GNipKr6nuVruYCBXDGUdjrzHgunt1Dp6J4DAkwRWrVAM,0.0,0.0,1.0,0.0,0.0,0.0,0.0,0.0,0.0
GP9b5SRFZFF21Ww3dnquAGJi5Cf9huapkJwtzVHGdSVm,0.0,1.0,0.0,0.0,0.0,0.0,0.0,0.0,0.0
GPB8PuhdwfRZJEJBvkMfCUYmhSi7AcybMnc7EpCKPU4k,0.0,1.0,0.0,0.0,0.0,0.0,0.0,0.0,0.0
GPcx2uPzgPEhdjw1PSqEqmD9mJwqHgEY5rDhPb8S6zhu,0.0,0.0,0.0,0.0,0.0,0.0,0.0,0.0,1.0
GPfS1bNEk3UePT381hkz7BVrbMFsKFMWe1EQYgWozJRt,0.0,0.0,0.0,0.0,0.0,0.0,1.0,0.0,0.0
GPrkb6oiPcUB9eGZDZuRahYJMW7UMHjwy1d199x376me,0.0,0.0,0.0,0.0,1.0,0.0,0.0,0.0,0.0
GQ1PqL4kouBtfWLyQW9NZRRHs86x7hJeDRwQSXUxXWv6,0.0,1.0,0.0,0.0,0.0,0.0,0.0,0.0,0.0
GQ4vh4ZWVYmskxt9i4k2EcDF6k61AJWxk9wPcqjNY1kg,1.0,0.0,0.0,0.0,0.0,0.0,0.0,0.0,0.0
GQ59SUrxxyRAkZ2MhACFSZ9mdHaEuVorRjn2Xnz6DnBn,0.0,1.0,0.0,0.0,0.0,0.0,0.0,0.0,0.0
GQFHG3Gxb8Z2WrfS8FVykzXKemmJEmrufBAmFdtGcxsH,0.0,0.0,0.0,0.0,0.0,0.0,0.0,0.0,1.0
GQMZWbvKrjJKWe38qsPd92PaJfxHkbS5Dwze8qT2A865,0.0,0.0,0.0,1.0,0.0,0.0,0.0,0.0,0.0
GQMivHLB6UfR3rr271JytzFfzRCfAnkeLxfKMmSJ7zr7,0.0,0.0,0.0,0.0,0.0,0.0,1.0,0.0,0.0
GQY6KoWpBzwnQvRKv1qqFy2sjjy9gusLqARxy3ovYdi3,0.0,0.0,0.0,0.0,0.0,0.0,0.0,0.0,1.0
GQdnYz7yfNkdLpxDwwAHWwoNL8YgK72LicwcpFPQXzfC,0.0,0.0,0.0,0.0,0.0,0.0,0.0,1.0,0.0
GQeyAdwFmy7nAwmGTZBAB6o3okszXTFpoV4jzZ9QyaTY,0.0,1.0,0.0,0.0,0.0,0.0,0.0,0.0,0.0
GQkZfFAidLAgdqvWqhYFSoRHM9u94Wbn8UxCGJmiaXdi,0.0,1.0,0.0,0.0,0.0,0.0,0.0,0.0,0.0
GQzugiBcJV8U71yqpKcXW2LjUrXAiJcPzbHcu3QJSet8,1.0,0.0,0.0,0.0,0.0,0.0,0.0,0.0,0.0
GR6F1u9WtPaWhiamCLFr4iDXJqwRTcYBnLzNHodgj2oM,0.0,0.0,0.0,0.0,0.0,0.0,1.0,0.0,0.0
GR6VWneeRj28PcWtVsYwyWLwLHK1J9BwZvS5yR5gLu77,0.0,0.0,1.0,0.0,0.0,0.0,0.0,0.0,0.0
GRC6LSXAJJrhRzq16cUWPXukHo9AZD3zAWMQ8MQq9KaK,0.0,0.0,0.0,0.0,0.0,0.0,0.0,0.0,1.0
GRRHPp4NtPxLq5pW2muyzJ11ZySwD97VmiQvHf4rHYYH,0.0,0.0,0.0,0.0,0.0,0.0,0.0,0.0,1.0
GRSAHyodF3fT7F9ctqZy6TjBg1ouEhUV5kWEcrY6EPxP,0.0,0.0,0.0,0.0,1.0,0.0,0.0,0.0,0.0
GRUdJG7UzRvUpymPSugqtYGQw8qFaGewvQZ9wRf5PX5C,0.0,0.0,0.0,0.0,1.0,0.0,0.0,0.0,0.0
GRXbWfaNaD5rPGoxf32NfbR7ypvzfXHjvYQX8NDSSNmb,0.0,0.0,0.0,0.0,1.0,0.0,0.0,0.0,0.0
GRZVb9X4deEMh3FuY9tSYT7cmNFgPY7xyARUtaUNJ4r5,0.0,0.0,0.0,0.0,0.0,0.0,1.0,0.0,0.0
GRZyaDgMzD6uVMNrc2wFwNTQgnimrdaDCZDPnNxv2bwo,0.0,0.0,1.0,0.0,0.0,0.0,0.0,0.0,0.0
GRa7dzCm4Vh3GQuuUTyKeLf5G8bYDQAnHVoNFR1pXqQi,0.0,0.0,0.0,0.0,0.0,0.0,1.0,0.0,0.0
GRbMiJC5RF4LeNHC9rNAPD9Qnb3vsmfMukxNUdaHVedB,0.0,0.0,1.0,0.0,0.0,0.0,0.0,0.0,0.0
GRkz113eKDNwKQ7sHgbrDn5kFttjgjWuFtfL3WLgdu1t,0.0,1.0,0.0,0.0,0.0,0.0,0.0,0.0,0.0
GRp3fdv8EBzSMeYajshEPrcAnX2CtJx9gmyNi1FphF4h,0.0,0.0,0.0,0.0,0.0,0.0,0.0,1.0,0.0
GS3ETH1hGSQzyEbWW2a3gmRS9TLFuv8G4wKcckYd6K97,0.0,0.0,1.0,0.0,0.0,0.0,0.0,0.0,0.0
GSAcBMb5XBKo8KTEitPqMLiSJNMQetdUzACf1xu3Bfto,0.0,0.0,0.0,0.0,1.0,0.0,0.0,0.0,0.0
GSGvGt352dEZMXqjsdBwfVkSXZgnEij6oeqjqJyhXqkY,0.0,0.0,0.0,0.0,0.0,0.0,0.0,0.0,1.0
GSbgJn7NKHqK5m6LCCctFaB7KkyqfDbQomppv8KEbzib,1.0,0.0,0.0,0.0,0.0,0.0,0.0,0.0,0.0
GSbyDNEjkeXJonnVEU9egTB97QHgC1vbBZRW4XPe4Fra,0.0,0.0,1.0,0.0,0.0,0.0,0.0,0.0,0.0
GSbyhy7KExj3t43Spcy1cq36vXqkaFD41L4vXbKYqrhJ,0.0,0.0,0.0,0.0,0.0,0.0,0.0,0.0,1.0
GSh3PUPVfHnChPcpy1c3zNRYkPsyzcbBtxqkeKM6uBz2,0.0,0.0,0.0,1.0,0.0,0.0,0.0,0.0,0.0
GT4CbvNp8NnkGjCNCuwBm6GegQUUpdC2BgpmpMx8RgCJ,0.0,1.0,0.0,0.0,0.0,0.0,0.0,0.0,0.0
GT5CEHPv12bHA5L2KHBfd5a8MwPrkFV1LtaPsMQ2Lj2o,0.0,0.0,0.0,0.0,0.0,0.0,0.0,1.0,0.0
GTALSpEFDi47RyUZjsTnzMtrNCjFff4xaskBeSRQjyQ5,0.0,1.0,0.0,0.0,0.0,0.0,0.0,0.0,0.0
GTBiCWcp4AJUAzFFv9m1dW1WYtdCwFsDYw9XcHkEU19g,0.0,0.0,0.0,0.0,0.0,0.0,1.0,0.0,0.0
GTRqzvGdgTvf4KUQcZTjnaJryceRkkwShWF96A1JGNmU,0.0,0.0,0.0,0.0,0.0,0.0,1.0,0.0,0.0
GTT41r4kQopBeUsn7aRfXqTSPnTAokR1ZEFsm4Rivvvh,0.0,0.0,0.0,0.0,0.0,0.0,0.0,0.0,1.0
GTifGktc2SUCH7mrMHnBUnxhSrBmcprRFdp7yCtG6Jfr,0.0,0.0,0.0,0.0,0.0,0.0,1.0,0.0,0.0
GTkYPTdKF2DScQxyNebxrm79XpVFP99KeE2TE87bYzRe,0.0,0.0,1.0,0.0,0.0,0.0,0.0,0.0,0.0
GTnguz8LQ36GcDXVCrm9ddRbrGTKH7cNmoGZhYUNRqJo,0.0,0.0,1.0,0.0,0.0,0.0,0.0,0.0,0.0
GUFUdZJQLm1NaNQgXr1cTUr9TxqfBPi7i8572rMtSzCK,0.0,0.0,0.0,0.0,0.0,0.0,0.0,1.0,0.0
GUJhPqVgEZzCtRgR7itrDhB2mFdJozpTSdNN1MMkyHy1,0.0,0.0,0.0,0.0,0.0,0.0,0.0,1.0,0.0
GUKrM7WnSCuqoyhxBaUajifdXuP3VnnQBnA8Wn8DuyZN,0.0,0.0,0.0,0.0,0.0,0.0,0.0,0.0,1.0
GUPhRETysAsRMXKxaoL4BMjWzGYdAVzqtkkVoWiduBAS,0.0,0.0,0.0,0.0,1.0,0.0,0.0,0.0,0.0
GUY5ZqjedhJZxeUyxsLDjwT9qfBJEyivnZHyztLrKnk8,0.0,0.0,1.0,0.0,0.0,0.0,0.0,0.0,0.0
GV5tv4bRucmzm39UdsGXEuf6nDQSyr51btJqDwnTbQvi,1.0,0.0,0.0,0.0,0.0,0.0,0.0,0.0,0.0
GV8n7t7hwFHTnhQLG6VGWpMTZr4et76vG9KLib26j2C1,0.0,0.0,0.0,0.0,0.0,0.0,0.0,1.0,0.0
GVH2BdAsvwQPR42dWCjwaj5SJLKRWNbXLaSKo2PAoSmE,0.0,0.0,0.0,0.0,0.0,0.0,1.0,0.0,0.0
GVJjVa8qNypr7L6zNDmaC44vdm9dFm6Yye1SYhFsZuNt,0.0,0.0,0.0,0.0,0.0,0.0,1.0,0.0,0.0
GVNZX2vzPP4CrZjUKuL9QgzY85g6tBTmcmseNWjz6a53,0.0,1.0,0.0,0.0,0.0,0.0,0.0,0.0,0.0
GVSC4cZw9d28W6qVmuL67aDoXTdA7Yy7Dvkz4mYVSJ4E,0.0,0.0,0.0,0.0,0.0,0.0,0.0,0.0,1.0
GVpS6gqmpzFCftCkz7rGTdxdSHhaE3aKwKe5jqxpQWFE,0.0,0.0,0.0,0.0,0.0,0.0,0.0,1.0,0.0
GW9uWjhxJxdwcR499w9bS9DdYV8oyKxd46rSASBGrTXy,0.0,0.0,0.0,0.0,0.0,0.0,0.0,1.0,0.0
GWGosHpznmcFHvJ538SG99KboZdF6HWp1EDyFaTna2y3,0.0,0.0,1.0,0.0,0.0,0.0,0.0,0.0,0.0
GWLbnjx1ZsMr3bA8VE2GCi8D54LzcZjwLzuFd7RnSrig,0.0,0.0,0.0,0.0,0.0,0.0,1.0,0.0,0.0
GWQtnEvE5F3NCm1Be9R7iddR76CMMFrw5iLzpUsLDnmd,0.0,0.0,1.0,0.0,0.0,0.0,0.0,0.0,0.0
GWo81V5XYoi9eLnfuJ17tKFUG3xKm6vZXb6MwSPLzYXw,0.0,0.0,0.0,0.0,0.0,0.0,0.0,1.0,0.0
GWqPW9FeZxHKMwg9gEYa2fehfzAsyHxUDkSECoU3oyLm,0.0,0.0,0.0,0.0,0.0,0.0,0.0,1.0,0.0
GWssc8nQuKvipCwa67DBdkPykHu3yBsFQpzvSWhyDGgH,0.0,0.0,0.0,0.0,0.0,0.0,0.0,1.0,0.0
GWvGEFA8aBgPUSkRbQfp3UawnYGVnbanfnmSaZZ8nyqA,1.0,0.0,0.0,0.0,0.0,0.0,0.0,0.0,0.0
GWvJEGkxA73NwWGgsKr8i7hB1mJiAfipH3RZJQctNjdU,0.0,0.0,0.0,1.0,0.0,0.0,0.0,0.0,0.0
GX5w7b9gYgjZSzuSYDqRmT6quL9BZsN3fRpLJMmALnb7,0.0,0.0,0.0,0.0,0.0,1.0,0.0,0.0,0.0
GXCCkQNvaU6sQgfJAe9gVVrwm1t82j79VFeAMyHSCUAU,0.0,0.0,1.0,0.0,0.0,0.0,0.0,0.0,0.0
GXHjeezQCS5YW5WmiMJS6id7WM4vYjw8PX4Q5XkUxyrk,0.0,0.0,0.0,0.0,0.0,0.0,0.0,1.0,0.0
GXXjMHe8EsbhJmQ9h1bNEQsLuiwh4ZUaTRpBoBHgzCED,0.0,1.0,0.0,0.0,0.0,0.0,0.0,0.0,0.0
GXhmyRpvPTqgGh532LN6nXHg7YiAQTfpvo3a4xNXKyuz,0.0,0.0,0.0,0.0,1.0,0.0,0.0,0.0,0.0
GXvYUZuhnazsxRUJTkTrLSacZAaMkJHB4iVmtRmvLv5y,0.0,0.0,0.0,1.0,0.0,0.0,0.0,0.0,0.0
GY94wHtV3UWFu4dvKDV2XV7Lf9rLNP6meFYcAgmE4s1i,0.0,0.0,0.0,0.0,0.0,0.0,1.0,0.0,0.0
GYJpnnvooc9pMBfaL1zzQPdTDXrxiW5sY7hyuiTaPJSj,0.0,0.0,0.0,0.0,1.0,0.0,0.0,0.0,0.0
GYLkraPfvT3UtUbdxcHiVWV2EShBoZtqW1Bcq4VazUCt,0.0,0.0,0.0,0.0,0.0,0.0,1.0,0.0,0.0
GYTrAggNmEo66ktjPYWhiRehDzGL9kr9oNfBMf7TLKbu,0.0,0.0,0.0,0.0,0.0,0.0,0.0,0.0,1.0
GYpwzJpc7LHAj5avvCxjTK98cKAdtoGZdo5L1iXb7nsd,0.0,1.0,0.0,0.0,0.0,0.0,0.0,0.0,0.0
GZ3j6KkRdbDm48NzftjHCsc2kknyaNAYj5jyQhWgDaSE,0.0,0.0,0.0,1.0,0.0,0.0,0.0,0.0,0.0
GZAcjAn1h5XUQhNpf8fkzaBNdqcGzSEnnwDXjctbo1Bg,0.0,0.0,0.0,0.0,0.0,0.0,1.0,0.0,0.0
GZGLQnfpktkVr9uELySrW8jVrxnUed3CkQwRGUXpe7o4,0.0,0.0,0.0,0.0,1.0,0.0,0.0,0.0,0.0
GZHWnTMgYzF9MruiAauxJA9t4vrm13Zk2n1jvu9hFmG6,0.0,0.0,0.0,0.0,1.0,0.0,0.0,0.0,0.0
GZmUDsn8W1rtopeTgwVgab9rsRGMLVVMfsXwWKD1VS9p,0.0,0.0,0.0,0.0,0.0,1.0,0.0,0.0,0.0
GZmhnomR3QbYzqibYxSQ5rYRpKKMuhZzamV1asAwj3UN,0.0,1.0,0.0,0.0,0.0,0.0,0.0,0.0,0.0
Ga2ofCvAYhc3jhF8Pwv79ujyjiZawvPuckKfjmsGaAdV,0.0,0.0,0.0,0.0,0.0,0.0,0.0,1.0,0.0
GaAbCsm4wN3zbMVYNXHoUgy26ZVZGxzT7NbuPQx3n3bP,0.0,0.0,1.0,0.0,0.0,0.0,0.0,0.0,0.0
GaJmrR5peiWVQatPhDM1ku1kFaWqrkohjJX1ejYfDtE,0.0,0.0,0.0,0.0,0.0,0.0,0.0,1.0,0.0
GadDaEgdjpwJRrgANTqbMTyUP24D3vvkKRtYCb29kTDK,0.0,1.0,0.0,0.0,0.0,0.0,0.0,0.0,0.0
Gaw1uHnPVy2CUrA5DoABJ564KQH4M4uKnirVruJtCDmp,0.0,0.0,0.0,0.0,0.0,0.0,0.0,0.0,1.0
Gb3GBYzLHs4ieojFb61QqNxyrGhUf7d59tTKm4LKaHBk,0.0,0.0,0.0,0.0,1.0,0.0,0.0,0.0,0.0
Gb3qQcvib7FFoqCq31aGG544gSAzzBJEnXVNUUJpoGQY,0.0,1.0,0.0,0.0,0.0,0.0,0.0,0.0,0.0
Gb5Yo5RobW4XGjcpXyKVdFxuWyAdsZUzwjsC1dC3CgXH,0.0,0.0,0.0,0.0,0.0,0.0,0.0,1.0,0.0
Gb5fXQrudQ85fHJvjsA4iQDM5wiFnf5pm6TZeywy2hzQ,0.0,0.0,0.0,1.0,0.0,0.0,0.0,0.0,0.0
GbDBjo2D81gPKcHrNiDwBgNoyiu8HNesiLfAanraLLWa,0.0,0.0,0.0,0.0,0.0,0.0,1.0,0.0,0.0
GbSPvBSSMPnWQ7JyruWVXfD3jWASFR8fiGpmhXXzewcJ,0.0,0.0,0.0,0.0,0.0,0.0,0.0,1.0,0.0
GbogZFabBaqpP4CRqzJ652oMqH3KYCdvsECHjwu5XqCt,0.0,0.0,0.0,0.0,0.0,0.0,0.0,1.0,0.0
GbsBMi4oMu7cnTuRJQ2B8tKdDYFR3mJFpmn6iBz9baWP,0.0,0.0,0.0,0.0,0.0,0.0,1.0,0.0,0.0
GcKfNuVbVgiyT8i7TRudGjJYCinpRmwon514rs1WqQaa,0.0,0.0,0.0,0.0,0.0,0.0,1.0,0.0,0.0
GcdhZRZkun8YgpyTtVF9sdUTzFu6MAe2Bpf8YEw4sR8M,0.0,0.0,1.0,0.0,0.0,0.0,0.0,0.0,0.0
GcsqFZtxeZBcvGxY6pALHYM3DjrCG4r7oYMN7Y9TnNrk,0.0,0.0,0.0,0.0,1.0,0.0,0.0,0.0,0.0
Gd3K53hNyfXsocktJAgQTHBYwdEMPwqzULyQtLWA582U,1.0,0.0,0.0,0.0,0.0,0.0,0.0,0.0,0.0
Gd9cdj5hdpKYSFtVLDv2wC8TYjqJ8HQTeAsjMj6GgCjR,0.0,0.0,0.0,0.0,0.0,0.0,1.0,0.0,0.0
Gda3vwfRN62ambyyvRN7uSwpUVPzsAVJy7Zk5ue3BuuD,0.0,0.0,1.0,0.0,0.0,0.0,0.0,0.0,0.0
GdhcyrbXmcsb1A9gJ6bwv3jiHDhVeoT2jbGDn18acJSV,0.0,0.0,0.0,0.0,0.0,0.0,0.0,1.0,0.0
GdiUe9fUYisbfRmcjCiry6sPgy3Pg5jx6EsvncH1Ji5d,0.0,0.0,0.0,0.0,0.0,0.0,0.0,0.0,1.0
Gdr6DmEFpn8eE3YyW6nSZkXTeQBTyuyRDCaYoqZYkbin,0.0,0.0,0.0,0.0,1.0,0.0,0.0,0.0,0.0
GdupnmMVA9cD8zp96KNqKMASmHGuNEyaF65inTieUwdQ,0.0,0.0,0.0,0.0,0.0,0.0,1.0,0.0,0.0
GdwqXSDqSQ2LCgoRcrix3eJaGq9SqhRUJFoXj2V1bczz,0.0,0.0,1.0,0.0,0.0,0.0,0.0,0.0,0.0
Ge1VpRx4qgoEGCMrpnG816BVqNQmZhKH5TwZ5wxAB6bW,0.0,0.0,0.0,0.0,0.0,0.0,1.0,0.0,0.0
Ge27mJnsLcyTRT8e6e8p1K1jFUFW9mzoQiApUXBMdn95,0.0,0.0,0.0,0.0,0.0,0.0,1.0,0.0,0.0
Ge8dbjmfVuHhiRwZk4XMokr6Kpo8oo3QyV7vZjDLbU4u,0.0,1.0,0.0,0.0,0.0,0.0,0.0,0.0,0.0
Ge9tYewg5hZHCfvCWG2P1xpeZHUTtFGv7pY2YMXV9QxZ,0.0,0.0,0.0,0.0,0.0,0.0,1.0,0.0,0.0
GeBrGADRAznWQxtfhjh1uTMvBcKQZTfLZ1jBejxPyMcu,0.0,0.0,0.0,0.0,0.0,0.0,0.0,1.0,0.0
GeDA21mGgG3x3nqnvdgD2UVrUwRsojDUm1kjX11pqmTU,0.0,0.0,0.0,0.0,0.0,0.0,0.0,0.0,1.0
GeKe6gSYoKriCSMEdBM1x2X6c6uk28zsYz7QX7a7qxQU,0.0,0.0,1.0,0.0,0.0,0.0,0.0,0.0,0.0
GeajPKkQVeLrzwyJkq5CZtFYr5kRoFCnQ6RVx75LBSxA,0.0,0.0,0.0,0.0,1.0,0.0,0.0,0.0,0.0
GfKvTQUScewFXQc8Jpe42aR6b46WVgHRudTt1L5ZsSXD,0.0,0.0,1.0,0.0,0.0,0.0,0.0,0.0,0.0
GfddizeHM1ibmwwWrbNw8NErTNvBvXkwByxzCbV3boED,0.0,1.0,0.0,0.0,0.0,0.0,0.0,0.0,0.0
GgRYwV1PQ83GpemPcbN4E94k4QN7NX652UAji6BdsrTi,0.0,0.0,0.0,1.0,0.0,0.0,0.0,0.0,0.0
GgkTuq7Uu4hKAKsCBoewxXkgBKNnXQFrRCDJyaXzMycr,0.0,0.0,0.0,0.0,0.0,0.0,0.0,1.0,0.0
GgkeGRwXhsNop9ex9EyeDEJatF944PG66FLtwVN776si,0.0,0.0,0.0,0.0,1.0,0.0,0.0,0.0,0.0
GgsuPTYK8KPRpVN6uZUPz57H9H3oZzNYUmogA8EXv9WF,0.0,0.0,0.0,1.0,0.0,0.0,0.0,0.0,0.0
GgwckHdopbSMgWbQP8x3BThEmfc1wNwznuXZ3rgyM4KV,0.0,0.0,0.0,0.0,0.0,0.0,0.0,1.0,0.0
GgwmR8tQ8pwDPo8s1oErkyoP3rBkR6i5RSiDLVLG8q7M,0.0,0.0,0.0,0.0,1.0,0.0,0.0,0.0,0.0
Gh8SfAicnQBxhMCTkZke2ZfrigCzCo8912cKdUvCqDjL,1.0,0.0,0.0,0.0,0.0,0.0,0.0,0.0,0.0
GhQixn2hcUrm2zwHyLCa9GjmnUUNtBHNWRCKyV6thugM,0.0,0.0,0.0,0.0,0.0,0.0,1.0,0.0,0.0
GhQq4teshSsDNmJQqr53gu5BDrnR7VJcVsNphvfdaqhC,1.0,0.0,0.0,0.0,0.0,0.0,0.0,0.0,0.0
GhR7xu5eEJyXz1rGEckrUHnBCURaW2Y1Ka7iwb9Z1DyH,1.0,0.0,0.0,0.0,0.0,0.0,0.0,0.0,0.0
GhS1Tq1sR8ZmsH6HUfLB8HFLCHbCrcFRK5a58GSvuem1,0.0,0.0,1.0,0.0,0.0,0.0,0.0,0.0,0.0
GhfBrunNrrZWLjZryRfjcbPajsvnUNpB7tp7fFDJEpn9,1.0,0.0,0.0,0.0,0.0,0.0,0.0,0.0,0.0
GhgrWH1XTntXfYT3ZcMeTg6WESfY4wvKgJaGZJRdDrAT,0.0,0.0,0.0,0.0,0.0,0.0,0.0,1.0,0.0
Ghi7ELKJaUmXRi81EmqNr8k582tbijnMUnfsWfd4k2Cw,0.0,0.0,0.0,0.0,0.0,0.0,1.0,0.0,0.0
GhiqTdjuN59YzdSZuXqBWeJJxeLFQMde82f7tY6nn6Ku,0.0,0.0,0.0,0.0,1.0,0.0,0.0,0.0,0.0
Gi4uU3S3QPgqLDP7QyhhSkpFCivWWQYRCZD48ivt5MXh,1.0,0.0,0.0,0.0,0.0,0.0,0.0,0.0,0.0
GiHPpw7hs1Gvs8H44rpf9yPHWshUDnwCGsFSkGx2YT54,0.0,0.0,0.0,0.0,0.0,0.0,0.0,1.0,0.0
GiJaLuhWtWcHFsAEBiGhRpAsxeRh9H5VGaNDb7WJyzpd,0.0,0.0,0.0,0.0,0.0,0.0,0.0,0.0,1.0
GiZY7te1x1G3BBoYYd1TF383ivd6st9TJ4B4dH8HvbJm,0.0,1.0,0.0,0.0,0.0,0.0,0.0,0.0,0.0
GihsTvtbCjx9DYYmXjYmULPbzth7Z6weZFhEWB5FKCf4,0.0,0.0,0.0,0.0,0.0,0.0,1.0,0.0,0.0
Gip1Pe3NGATobn7CN95V3atBLARRebJdLGCh4mGHnSuk,0.0,0.0,0.0,0.0,1.0,0.0,0.0,0.0,0.0
GjBUckthm45yAna2DjHB1uABfZVmbWQVE3bDDB35xzw,0.0,0.0,0.0,0.0,0.0,0.0,1.0,0.0,0.0
GjKjTmzuoAMdxmKHJpQp9PTJLNuvN1SBXAEARr4GEB1c,0.0,0.0,0.0,0.0,0.0,1.0,0.0,0.0,0.0
GjM7PhaJMG6ZmdrqGews6Qm618SZv3AkFWmAWtK3hx6q,0.0,0.0,0.0,0.0,0.0,0.0,1.0,0.0,0.0
GjTreYZEENjpF2vJkogjGpGMwqRE393gPzDtJvesvphU,0.0,1.0,0.0,0.0,0.0,0.0,0.0,0.0,0.0
Gjs5aH8tPwNhefD9UFcu4T23mmbYaebB3gSMYEdFftFA,0.0,1.0,0.0,0.0,0.0,0.0,0.0,0.0,0.0
Gk5ZC7mAQHmQ9VLSR5oehDTgqyxJccQc6z7fSLhzg7i4,0.0,0.0,0.0,0.0,0.0,0.0,0.0,1.0,0.0
GkaN9ZY72QNYSNUJRLEP5kVgrQrqek3jNNVmyox83X8f,0.0,0.0,1.0,0.0,0.0,0.0,0.0,0.0,0.0
Gm6bFLdQ7SY7h8CfLXwtjChxGKj3oFfWiuvGwZ93j8nE,0.0,0.0,0.0,0.0,0.0,0.0,1.0,0.0,0.0
GmF7bDwzuXebSqmDQguF72qTAXcuF766Gdsu5T419jTp,0.0,0.0,1.0,0.0,0.0,0.0,0.0,0.0,0.0
Gmjo6sxk2KG95FyWhNNrW5NaZyt2snQ1omGQcxc353rv,0.0,0.0,0.0,0.0,0.0,0.0,1.0,0.0,0.0
GmkPgKEk9bWcXNeC1SSk3EVWqM9DWAD2s3tsmjyfEfYC,0.0,0.0,0.0,0.0,0.0,0.0,0.0,1.0,0.0
GmkoF3zc6gSLfRBT2CMv1u7gjFC9FbguxF4TVhZfPNkb,0.0,0.0,0.0,0.0,0.0,0.0,1.0,0.0,0.0
Gn1c3kLFX5Q7YK1Yx4hNj5eXh16e5U6944HrSMDqGmFw,0.0,0.0,0.0,0.0,0.0,0.0,1.0,0.0,0.0
GnBBf2NsTnTLVgYCGCQrDe71rF7snFdfv65npvwQk3j4,0.0,0.0,0.0,0.0,0.0,0.0,0.0,0.0,1.0
GnJ9WdwdNcgmWWfpYXDJLpJpThFQCR7eFh6gHcEMj95,0.0,0.0,0.0,0.0,0.0,0.0,1.0,0.0,0.0
GnPHMdPV77HAijC6AYc82aqkbU563bauRdAYbVKgjacf,0.0,0.0,0.0,1.0,0.0,0.0,0.0,0.0,0.0
GnTLrMKyDLkZoyMEUec3AJZDfM5QnThfNTyMsYf2NFx4,0.0,1.0,0.0,0.0,0.0,0.0,0.0,0.0,0.0
GnZfegAFEPbgrhX1Z7uK4cQbwps7Rn5xMaecTToLn1WW,0.0,0.0,1.0,0.0,0.0,0.0,0.0,1.0,0.0
GnadP56hPGfUMU4KEWtysdfDUjLGfVgecEhA74iiARYs,0.0,1.0,0.0,0.0,0.0,0.0,0.0,0.0,0.0
GnfqgSmifBrXwx156VhvTMVmHKhz2L8hXiBv4Nm8vVSB,0.0,0.0,0.0,0.0,1.0,0.0,0.0,0.0,0.0
GnmjyfiULNNW1XVMidFC75StKvjxG5pwftGf93XZScyQ,0.0,0.0,0.0,0.0,0.0,0.0,0.0,1.0,0.0
GnpbdgqtzJQ6v5D2j7RNWZvB9MvwVBkzD1KpJEsKa4WK,0.0,0.0,0.0,0.0,0.0,0.0,0.0,1.0,0.0
GoU9mTtFwQyCSqUyqv7mtA7FSQoqftdavhztXExtvQgb,1.0,0.0,0.0,1.0,0.0,0.0,0.0,0.0,0.0
Gof8KdR82ENqL9RgzM4wiaZzZmBqVGCUe3PnKvyuM46A,0.0,0.0,0.0,1.0,0.0,0.0,0.0,0.0,0.0
Gov5CaZPHJTQDjfUxSoEzepE1655HFNA4W544rjZaTLN,0.0,0.0,0.0,0.0,0.0,0.0,1.0,0.0,0.0
GozUHDsgVWwyuGotcBm8E7oeqaqLe2UmKXRHcVBxKzPA,0.0,0.0,0.0,0.0,1.0,0.0,0.0,0.0,0.0
Gp9XQAnBuUUz78N2D7f669osBATzoLPJjLyuhzSskzDd,0.0,0.0,0.0,0.0,1.0,0.0,0.0,0.0,0.0
GpQoEz2cTcEA9dDCq4ik6R7MV5z8N4qS5sheaX3NnFxC,0.0,0.0,0.0,1.0,0.0,0.0,0.0,0.0,0.0
Gpag52MYv6W3PeBnur5P2WC7gumQqivbsivY2crTcGua,0.0,0.0,0.0,0.0,1.0,0.0,0.0,0.0,0.0
GqHFrR4CJw3dxeCM5yx6Fzfqf3zNmDZXdSX1ZTib12TG,0.0,0.0,0.0,0.0,0.0,0.0,1.0,0.0,0.0
GqYAdJgCPPSA4MpYM3AUUA2JUjKaYcu6NMRD3JaddPHq,0.0,1.0,0.0,0.0,0.0,0.0,0.0,0.0,0.0
Gqat3QvF9AUZZzF4uRJX33HqCGMwAdRVK6dBbu2Wz36y,0.0,0.0,0.0,0.0,1.0,0.0,0.0,0.0,0.0
Gqs2qNoRzGwwtNzyqpvDeYgP4g4MyLzw4eTACg6Pehgm,0.0,0.0,0.0,0.0,0.0,0.0,0.0,0.0,1.0
GqtTfbFq34LVNB6WjH9s4JqYuG2QtLHvC4LYvB9L1PKq,0.0,1.0,0.0,0.0,0.0,0.0,0.0,0.0,0.0
GqxhoHLzNeRK4w1eeGmgAwZJcCprXrTXp8bmPwsBgyyU,0.0,0.0,0.0,0.0,0.0,0.0,0.0,0.0,1.0
Gr3ofg7Ma7CRcRvCdUF5rofvcFWXwxgtNzHoAQ8qhqqu,1.0,0.0,0.0,0.0,0.0,0.0,0.0,0.0,0.0
Grb2wP1LLS8tLsdfvJ2cbrPSMCcCbpZTXgCfNStnhhXZ,0.0,0.0,0.0,0.0,0.0,0.0,0.0,0.0,1.0
GrdTThKATs3PHyGtQn6MiBnRA9JGpHJLtz7D3vB6ZMvL,0.0,0.0,0.0,0.0,0.0,1.0,0.0,0.0,0.0
Gs6xyhPBb2368tumB1d3oXuWN5nYdYJc6KHggf5o91Sq,0.0,0.0,0.0,0.0,0.0,0.0,0.0,1.0,0.0
Gs7HwDgQ8QeN557CMjvKB5br7xpc9rq7rrpcX5k96eSx,0.0,0.0,1.0,0.0,0.0,0.0,0.0,0.0,0.0
GsApFBmrymWFu35rqDUmd18VwgUwYjMtDxSk1EEkvCF,0.0,0.0,0.0,0.0,0.0,0.0,0.0,1.0,0.0
GsH7ab4we7e6wS2nMVMn2Lf58oi4SgfF9hAm8Nz7SaUh,0.0,0.0,0.0,1.0,0.0,0.0,0.0,0.0,0.0
GsTQNkToJZvKmQwSGHWNnU46kDsd8FVyeEWTQYdG91M4,0.0,0.0,0.0,0.0,0.0,0.0,0.0,0.0,1.0
Gshe1y9Rs1mr6bZTkMMxNfMrgACuMpE5urfT3MiC2TrC,1.0,0.0,0.0,0.0,0.0,0.0,0.0,0.0,0.0
GsiK6eFaM13NukE3KRHs1zaFYXeVEkbGbV8vDkTPseUP,0.0,0.0,0.0,0.0,1.0,0.0,0.0,0.0,0.0
Gsj7VaPZDTPRuNiYBMiEUQ2W9q8iVFUxPvhkTLBkJar,1.0,0.0,0.0,0.0,0.0,0.0,0.0,0.0,0.0
GsvCxhw1X5zDQtUv32ZCoFYppMkJmD55h6jB2PhmDehx,0.0,0.0,0.0,0.0,0.0,0.0,0.0,0.0,1.0
GtAkb6VtafY5a6evLndNMmqmrG5gfATP3Ee9WEt2LPmw,0.0,0.0,0.0,0.0,1.0,0.0,0.0,0.0,0.0
GtDreTvdRookuNQrCC7h87afz8An5fptBYrN1kK1dDn3,0.0,0.0,0.0,0.0,1.0,0.0,0.0,0.0,0.0
GtDvWTadxtRfuqciR2qrjdQGeGjucpPMTatu1wdEpC3A,0.0,0.0,0.0,0.0,1.0,0.0,0.0,0.0,0.0
GtFviPDbJk3W7ECRAFJx7DVcJRg94QWV9yQ9Pxz9ew5s,1.0,0.0,0.0,0.0,0.0,0.0,0.0,0.0,0.0
GtKdwTjudm2yYoyVv88j76ThV4q3bMUtifw5h8tMByvX,0.0,0.0,0.0,0.0,1.0,0.0,0.0,0.0,0.0
GtPxDRmChRAbK5anWMCYEiciB2Us9bT8dGgeUzwiN8G3,0.0,0.0,0.0,0.0,0.0,0.0,0.0,0.0,1.0
GtgApba7DFS2zEZHd91uVVQZ4UTekPicr88pFTs4rcg9,0.0,0.0,0.0,0.0,1.0,0.0,0.0,0.0,0.0
Gtiq4c1GeFAE9kSabmgWkd7o1BHHWKVY65zZQ178fYGP,0.0,0.0,0.0,0.0,1.0,0.0,0.0,0.0,0.0
GuFW78sSUiVzww3eCffPMqEU2Wh5pK7nactB7eJNLqRJ,0.0,0.0,1.0,0.0,0.0,0.0,0.0,0.0,0.0
GuJ2oKhfmmj7tujbazeeQD3NNWq2PmurXWSFFwqGNy8r,0.0,1.0,0.0,0.0,0.0,0.0,0.0,0.0,0.0
GuV2R4nAkdhjjLT93Rhb3wwDmBDPU4frDnST7FE6d1xg,0.0,0.0,0.0,0.0,0.0,0.0,0.0,1.0,0.0
GuVYvHswdNheYWrVVG7SUyKJeE864tvDEwMGxV7FhXkH,0.0,0.0,1.0,0.0,0.0,0.0,0.0,0.0,0.0
Gunp2m7iFYAeJMxMaKCCbvE9MaTzCysY7vNvwwZHKzPs,0.0,0.0,0.0,0.0,0.0,0.0,0.0,0.0,1.0
GuoBsCdiCKdbUgGY7hcaKUA9u5SPxSVrrxPxHXpHbRZD,0.0,0.0,0.0,1.0,0.0,0.0,0.0,0.0,0.0
Guvph28hkyTbRTJ3NeD3324u3go8igLTsoLMGZjLPbuH,0.0,0.0,0.0,0.0,0.0,0.0,0.0,0.0,1.0
GuwJPQvvjY7uYQjg4iPQnACav29Ehy9zXW9hdyMiuYMm,1.0,0.0,0.0,0.0,0.0,0.0,0.0,0.0,0.0
Gv4TKEaTe8mXZh1dkQH7B47oBQ5EBgCd6QC2e6hY4gMo,0.0,0.0,0.0,0.0,0.0,0.0,1.0,0.0,0.0
Gv4rGoyhbZa5MdZ1fHZZUvJ754LUxBMabbKdkEnUfGij,0.0,0.0,0.0,1.0,0.0,0.0,0.0,0.0,0.0
Gv7Ps6GwQhvG3XFfR5jWAL9u9VYNKVfhb6KQnPZca6Rq,0.0,0.0,0.0,0.0,0.0,0.0,1.0,0.0,0.0
GvAYXjFRzMKEYqK6dptfbpUJWqjJddrMux8xNePsMFYu,1.0,0.0,0.0,0.0,0.0,0.0,0.0,0.0,0.0
GvNexR5j3HioNHvH3k5P9cpR5B24iAbnK71EGF4H5oxB,0.0,0.0,0.0,1.0,0.0,0.0,0.0,0.0,0.0
GvbttFjLD6yprE6n94PnKWycg2mGvkoQybvhsAu7Gm6B,1.0,0.0,0.0,0.0,0.0,0.0,0.0,0.0,0.0
Gvrnekx3JfgE2kC5yaRzZwsasnFjakYnzBM3a6HsmSeu,0.0,0.0,0.0,0.0,0.0,0.0,0.0,0.0,1.0
GwLDcAjz1qmaNLhE5aASHb8Bvoh59Bu9huxvLfSoAMEy,0.0,1.0,0.0,0.0,0.0,0.0,0.0,0.0,0.0
GwQWbDo4WtJeaZiSFXvsdZQu8K8r4HywDKHDveDJciiK,0.0,0.0,0.0,0.0,1.0,0.0,0.0,0.0,0.0
GwpicnKqyrowBjoqa2W7WoFai33fFgsDPeT8YqMLaa2E,0.0,0.0,1.0,0.0,0.0,0.0,0.0,0.0,0.0
GxSFEEv1s9EZ7BHQU5rjrP2FTvUNZJhjvWccp9Thv3V9,0.0,0.0,0.0,0.0,0.0,0.0,0.0,0.0,1.0
GxaxDNKZnavC1dY61GnWz5beRBViBN67H27jiN5gfxwn,0.0,1.0,0.0,0.0,0.0,0.0,0.0,0.0,0.0
GxffPAkzREW3kFzkXt7xYpfTNqC69ny4MoypYThZtqB9,0.0,0.0,0.0,0.0,0.0,0.0,0.0,1.0,0.0
Gy2Wm4qqoypHbxDtYuEUEgBJJRfMyxBQ29f7LAQ3RN3h,0.0,0.0,0.0,1.0,0.0,0.0,0.0,0.0,0.0
GyBR9nosTrcfyKhhwBByqYrH3jC6RWEBKb3JENrRPfTr,0.0,0.0,0.0,0.0,1.0,0.0,0.0,0.0,0.0
GyJ8GmXRp5tkdrSHxmpU3ektBUGWw6HNBfRnHC24cTVU,0.0,0.0,0.0,0.0,1.0,0.0,0.0,0.0,0.0
GyP7PgdXbnMvPQ9ovCpdTXEmTrp6C9uqRLc8MBfaC1dx,0.0,0.0,0.0,0.0,1.0,0.0,0.0,0.0,0.0
GyRsT2tJUwf1KP2rfxqSMkVbDJ8LV41YizSMNdGSpcZc,0.0,1.0,0.0,0.0,0.0,0.0,0.0,0.0,0.0
GyWDFgRbYeefQr8k7EPn9mzcMNFvKWdQLkokVqujGQeW,0.0,0.0,1.0,0.0,0.0,0.0,0.0,1.0,0.0
Gyb81MHV9EZxnWCoNQJS285qEU9ewM9bnaLFW4PqVBGg,0.0,0.0,0.0,0.0,0.0,0.0,1.0,0.0,0.0
GypvBkzxMhDRhowxhgfmSz4Um9jzR6JM4VG5Wf3SsqN6,0.0,1.0,0.0,0.0,0.0,0.0,0.0,0.0,0.0
GyvtwCiFV7RUy7N2uNsJfwPeqZEedbF6Xr8vVJU5DiRY,0.0,1.0,0.0,0.0,0.0,0.0,0.0,0.0,0.0
GzMvugbFRuW2TpGniuqqje3HyqiUq7maXJZZ987MZ3LT,0.0,0.0,0.0,0.0,1.0,0.0,0.0,0.0,0.0
GzRp5pjCJbLNCDsH8oqxD29xuuZK7qwN3vs26rCK3ViA,0.0,1.0,0.0,0.0,0.0,0.0,0.0,0.0,0.0
Gzfsjdaq47DnmfZsV3xzsbarrtuAEyhy6d4j7v1ZJGy,0.0,0.0,0.0,0.0,0.0,0.0,0.0,0.0,1.0
GziB47HXzjrxb4JgJKT5zZfrnSkc7jUpgt2Z8ssmdNP,0.0,1.0,0.0,0.0,0.0,0.0,0.0,0.0,0.0
GzpyoRdXapBHxKa2nPY34vGC8qovS9TViNRfsceWhuwq,0.0,0.0,0.0,0.0,0.0,0.0,1.0,0.0,0.0
GzzECVsTG5uhByRsmdSYK1yZA9skdpZmVtkC7QraaDpa,0.0,1.0,0.0,0.0,0.0,0.0,0.0,0.0,0.0
H16iDbwNbGZ1zAvXMqqVN8D7hfvqjPEmV9HN8z4foUaH,0.0,0.0,0.0,1.0,0.0,0.0,0.0,0.0,0.0
H1EsL1631LTuMGerhHDggVKQbmaWLgaNH9cezzVqYhHU,0.0,1.0,0.0,0.0,0.0,0.0,0.0,0.0,0.0
H1Uqg746R82QSjyyaztbAdDLZdB9LJYsaC9yujzzXSvS,0.0,0.0,0.0,1.0,0.0,0.0,0.0,0.0,0.0
H1d45f6jYB2W21kovL9G4FKSnVzTtiRFJhsET5RuETNW,1.0,0.0,0.0,0.0,0.0,0.0,0.0,0.0,0.0
H1rmgekGbT2JXHFiVxRkKzb8KqAezFL5GJHacsy7dQuK,1.0,0.0,0.0,0.0,0.0,0.0,0.0,0.0,0.0
H1uHfw2i5t6oBgms7jpr6VdHNWMfHv7hTWC7KQ2jZfpp,0.0,0.0,0.0,1.0,0.0,0.0,0.0,0.0,0.0
H1ximHUNnhKtdBJxx4bygSetjFsZuMaumr6cVmXdkcV8,0.0,0.0,1.0,0.0,0.0,0.0,0.0,0.0,0.0
H215uwNJXPCBXSuW6Ycyq5RQXPcYBQ2BXdkxGopePJyu,0.0,0.0,0.0,0.0,1.0,0.0,0.0,0.0,0.0
H26hgyKkDcJJzf9Sx8d1QKBVZY65m9CgVkWnD39HGUk2,0.0,0.0,0.0,0.0,0.0,0.0,1.0,0.0,0.0
H2JB1HAegBu8GWU6Yunox4r4byARdXF4Z4AKBPZ4GoMy,0.0,0.0,0.0,0.0,1.0,0.0,0.0,0.0,0.0
H2Uaw8wautRnyiyNmEzGthXoRnpr8bJv8cmKvCT1mw7K,0.0,0.0,0.0,0.0,0.0,0.0,0.0,0.0,1.0
H2Yaydp24uvcha1KVzk5QX2Hc7vXVY2dTHVtp1iELZsS,0.0,1.0,0.0,0.0,0.0,0.0,0.0,0.0,0.0
H2irGaJ6Dy53DbRmsBpfTsL4C2Z6WPF9YGbh1mcb2TVL,0.0,0.0,1.0,0.0,0.0,0.0,0.0,0.0,0.0
H2o7z4ujr1uv9qKXm2yTd9uVZ6ew8zH1dtMBhbxD5NBy,0.0,0.0,0.0,0.0,0.0,0.0,0.0,0.0,1.0
H2qFpfXbF3xiTcsSiUMuVCpj8ErnVzfgP8tVy8y2hp7B,0.0,0.0,1.0,0.0,0.0,0.0,0.0,0.0,0.0
H2rLeehDFwNEXMFDcT37y6mV2LzYFy16xZrF9H9iCyXE,0.0,0.0,0.0,0.0,0.0,0.0,0.0,0.0,1.0
H2rZVt1b2KsP9AcivGxHXwhbe5ULw6T5r8pbAfu6GSRq,0.0,0.0,1.0,0.0,0.0,0.0,0.0,0.0,0.0
H33ULUJ5MjJ4GHGk84HGRmATfM5bmvhawuNdW6xdQut5,0.0,0.0,0.0,0.0,1.0,0.0,0.0,0.0,0.0
H37xag5GxmGp6oN8K9cuY12dTvHPpq3qLyttFR9MbY5L,0.0,0.0,0.0,0.0,0.0,0.0,0.0,1.0,0.0
H3nJUzh5sr2RFrMwAZaLVvQgK8U2qNyGye6xZLZS749q,0.0,0.0,1.0,0.0,0.0,0.0,0.0,0.0,0.0
H4N8N29e3dpN7PjoW3Pzq3fi8vbT1pwcnNpdJ89BPG22,0.0,0.0,0.0,0.0,0.0,0.0,1.0,0.0,0.0
H4Qpko4RpWLGDb2hNk95bww9UHabQUqnRdyFoHvFj6pz,0.0,0.0,0.0,0.0,0.0,0.0,0.0,0.0,1.0
H4gFPyEM9ukBj9gzKArFBaH1TZD49ASDMuQtTDMu99tf,0.0,0.0,0.0,0.0,1.0,0.0,0.0,0.0,0.0
H4pgnNeKZVEyH2yW5sX5RH85h1o4Nrr1bZUxxJw3zjoV,0.0,1.0,0.0,0.0,0.0,0.0,0.0,0.0,0.0
H4taozqQckKHhXGoNSpVJZS73PMiWno4V7W88s5vXEGU,0.0,0.0,1.0,0.0,0.0,0.0,0.0,0.0,0.0
H4vdn3sr73pdUfwuMAMByAA2YTj3h1g4u9b82D12rDs2,0.0,0.0,0.0,0.0,1.0,0.0,0.0,0.0,0.0
H5Ggz7qkBvNTe5VhVjHTtG8NyJSQY3TrkqbDfwPgaHxp,0.0,0.0,0.0,0.0,0.0,0.0,1.0,0.0,0.0
H5N4J6W1eJbeKccfbPAj2Rpn2Eaoaybk8coJpBG3eaoN,0.0,0.0,0.0,0.0,0.0,0.0,1.0,0.0,0.0
H5NwmkNtjPbqLrcwsGmocoTQr61BnaVFTSaDnAHoHPZV,0.0,0.0,0.0,1.0,0.0,0.0,0.0,0.0,0.0
H5dccw69Rv67CMjhGj2z8KQqLZmkkj6Rre9hQRJqfGAH,0.0,0.0,1.0,0.0,0.0,0.0,0.0,0.0,0.0
H5dipLVGnsnGCn92YezYg9ZVshQYZE1AGyStev3ZGHQB,0.0,0.0,0.0,0.0,0.0,0.0,0.0,0.0,1.0
H5eusokXQiTbVo3xVTWPUupSTK8Ys62JL8jdukd9cmhH,0.0,0.0,0.0,0.0,0.0,0.0,0.0,0.0,1.0
H5kuWwXJT76gMgChYc47Rhk5w6izxrSRcCSN3Fgc9ZHJ,0.0,0.0,1.0,0.0,0.0,0.0,0.0,0.0,0.0
H5nHmPtjN7TA1PerfZ2oTTtqcyAsVGGCzyLuvjgBT8bb,0.0,0.0,0.0,0.0,0.0,0.0,0.0,1.0,0.0
H68PuzXLEFezAbjY97PfPRAbjLH5mhAUiEzS8HY5cmLw,0.0,1.0,0.0,0.0,0.0,0.0,0.0,0.0,0.0
H6NhcetmMuZmoGVTs5bvAY7hniFQj3SrvG59hBs3N6jV,0.0,0.0,0.0,0.0,0.0,0.0,0.0,1.0,0.0
H7MH4idiM34CaAxF2Cn9rQdRgPyrk4RikmbZc4GiLkBz,0.0,0.0,0.0,0.0,1.0,0.0,0.0,0.0,0.0
H7XCkdABSb1ma4QmqtJkmU45PumnK4paGU4LQnH33Zk5,0.0,1.0,0.0,0.0,0.0,0.0,0.0,0.0,0.0
H7YGD3kkZVa4NtPdXA7ygBiQFSFvodyRcapEixhF14on,0.0,0.0,0.0,0.0,0.0,0.0,1.0,0.0,0.0
H7YHeSQemMNjY11UfMxewBE1oj9g2jiecTN14AisAZiP,0.0,0.0,0.0,1.0,0.0,0.0,0.0,0.0,0.0
H8RkV3eKBeUnMswUwyBrhdJ1rQDWY3fjiPN3jca2d4h8,0.0,0.0,0.0,0.0,1.0,0.0,0.0,0.0,0.0
H8WkNCzzrRdwcNxnTKVHiuy1EVkooPbt7D6z7Fd2u9V2,0.0,0.0,0.0,0.0,0.0,0.0,0.0,0.0,1.0
H8bgvrbb1E6WWiyFtKSrWZomkuf54LPcNjVGwoH449bz,0.0,0.0,0.0,0.0,0.0,1.0,0.0,0.0,0.0
H8ioGeFfkj4FT4hPT5LPNSSdt8zgAdKCWvieusc1nbVn,0.0,0.0,0.0,0.0,0.0,1.0,0.0,0.0,0.0
H93Wjf8NvC82s4XNnXtXiS8AeGZ1KWijs3ZbsBr8Jmkg,0.0,0.0,0.0,0.0,0.0,0.0,1.0,0.0,0.0
H9C9FV985wDSoLeoLkMSDmUQ63pAebxP5MntYtQuzdCL,0.0,1.0,0.0,0.0,0.0,0.0,0.0,0.0,0.0
H9XNYai5XRbJTMFhzZZxRoSttLx2esxkj5nnvXgFfmgV,0.0,0.0,0.0,0.0,1.0,0.0,0.0,0.0,0.0
H9advGF9C2m5NYaaSM1fVTFmuPhTnav5TiKwiHPR7fsf,0.0,0.0,0.0,0.0,0.0,0.0,1.0,0.0,0.0
HABfTqg5DvY8Aq2TNJV6mh4bjEMa29JVKM6t15rYpSyq,0.0,0.0,0.0,0.0,0.0,0.0,0.0,0.0,1.0
HASVTteVgcGjvoQvpe4GNszoEsRWRekCBRsDhDpwoZr8,0.0,0.0,0.0,0.0,0.0,0.0,1.0,0.0,0.0
HAgbzMDTNcfEA7oPPvwv14drHvXRYXsTAh5AS4ERKpaR,0.0,1.0,0.0,0.0,0.0,0.0,0.0,0.0,0.0
HAn3BwhwE74wYprPYJhiKR6121cJh2GJD8E3sQMuZTNG,0.0,0.0,0.0,0.0,0.0,0.0,0.0,0.0,1.0
HAsaFmTiJD3n2dEfx5PkHAQ6t1q2Kd5RiHCHMAHqsDVL,0.0,1.0,0.0,0.0,0.0,0.0,0.0,0.0,0.0
HAttGfWDHTDjC2hpBDcB6SdnQzs6qihLtsmfTTEyZGpn,0.0,0.0,0.0,0.0,1.0,0.0,0.0,0.0,0.0
HB9brvxAz1KDZ95NCgwU2GeKzyxDjG2vdPBcAHAmjww9,0.0,0.0,0.0,1.0,0.0,0.0,0.0,0.0,0.0
HBVG8cbMbW4KFzsFgDNbrfZPMwaDwteudBjo23WjSFZ3,0.0,0.0,0.0,1.0,0.0,0.0,0.0,0.0,0.0
HBpdLp5fpk3VqGh2yGE5GspsJuNa2fhxLCKxEaAn5Xxb,0.0,0.0,0.0,0.0,0.0,0.0,0.0,0.0,1.0
HBtknSMkt4G1h1xJHiHchd2hbXNEXgt1qUZW8ReG3ZjY,0.0,0.0,0.0,0.0,0.0,0.0,1.0,0.0,0.0
HBtusmtrnvXBGiCfkjiQmuv2rqz9RSQdn5gCivgUrLAc,0.0,1.0,0.0,0.0,0.0,0.0,0.0,0.0,0.0
HC1QFCWWyzbrxy2fpVZ94xwZGy9hqxhQJb9XCKpMCFiK,0.0,1.0,0.0,0.0,0.0,0.0,0.0,0.0,0.0
HCBrVpAhSEhZZoqPZVTmUVXJaPCbNNUWE85s5kcFz8t3,0.0,0.0,0.0,1.0,0.0,0.0,0.0,0.0,0.0
HCJ6hKUt7AB2RNBEJeFmQ1Hb991paKJKymW8eZE1fWUD,0.0,0.0,0.0,1.0,0.0,0.0,0.0,0.0,0.0
HCJnzZDNXHEfSaHCyBmBe6B7ybSmZGYmnGULmVeQarGd,0.0,0.0,1.0,0.0,0.0,0.0,0.0,0.0,0.0
HCRqPGwpfoLZsoPEV8Hh6GomK56Mse8qo9TqqvxfG3Ji,0.0,0.0,0.0,0.0,0.0,1.0,0.0,0.0,0.0
HCTz1JVf6uHKWaL5rRbi5uPjEjQw9zEp7T4yVnqh51K,0.0,0.0,0.0,0.0,0.0,0.0,0.0,1.0,0.0
HCq8jKnA6kYiH9JFp3jffgcP5ppqJrsGkveUw14cax5n,0.0,0.0,1.0,0.0,0.0,0.0,0.0,0.0,0.0
HCsbHBwZDtzDAr1JNzmeVcTy34TjtUx4LcYXm5JYmQgA,0.0,0.0,0.0,0.0,0.0,0.0,0.0,1.0,0.0
HD3C4aBVXCh7eSsyfBhddrBZhf4WvJZiKQokfZ3QBZ8f,0.0,0.0,0.0,0.0,0.0,0.0,1.0,0.0,0.0
HDEdexPDhdxw6xHxySNv3gugGk66bTcY5ocaGUarZQxR,0.0,1.0,0.0,0.0,0.0,0.0,0.0,0.0,0.0
HDHzXG16h1q3Af8bwGboajCJ9k2JMLhHqrsbnngaPxf4,0.0,0.0,0.0,0.0,1.0,0.0,0.0,0.0,0.0
HDMfkW4Ft1rqS7pUkGYsBNrq9JsYhCW9ze75eeqFmMtu,0.0,0.0,1.0,0.0,0.0,0.0,0.0,0.0,0.0
HDgAv6TWcyhUMrtELKUNB5taXzdbrGRgmAEQ8SfpeFKG,0.0,0.0,0.0,0.0,0.0,0.0,1.0,0.0,0.0
HDpXeTTFY3J35BVjH6WiBT5Gu6KnSRypHp9hBJ3DwnTe,0.0,1.0,0.0,0.0,0.0,0.0,0.0,0.0,0.0
HE9aSTM3KSfara89NNS9ytLrf9MyYNFAVCdeAYPLdoir,0.0,0.0,0.0,0.0,1.0,0.0,0.0,0.0,0.0
HETLgrunHfdjheuMzukeRLRV1Rbadm8UvDp9dKGPLNLG,0.0,0.0,0.0,0.0,1.0,0.0,0.0,0.0,0.0
HETNBxccGLex3jTbv9ai23i5GBRGVNYBqoFVD2y1Lhgc,0.0,0.0,0.0,0.0,0.0,0.0,0.0,0.0,1.0
HEm66M9EhejLkD1XLbH8YLkA1vdHCiC55XzSMpjrAfJk,0.0,0.0,0.0,0.0,0.0,1.0,0.0,0.0,0.0
HEmKoofiyHUjWXMHkoLYV9RCjLpJ4A6VaofhPSpDys23,0.0,0.0,0.0,0.0,0.0,0.0,0.0,1.0,0.0
HEv3C9W63Vp9XW4CvtZ7txwiRXXPPDWkrGeNyP81ixS2,0.0,0.0,0.0,0.0,1.0,0.0,0.0,0.0,0.0
HFLZ34D1kaFrqn3aREKEBwx6JQxthPweagc9K2K1JrLC,0.0,0.0,1.0,0.0,0.0,0.0,0.0,0.0,0.0
HFWqEtQ3xR9Huh96QQEca3oKEPD88MhL8rh7eDnFHQDH,0.0,1.0,0.0,0.0,0.0,0.0,0.0,0.0,0.0
HFXGFv6cfrucUkCY83cihYaQAZmDrDwkKNqwCMFiwNNf,0.0,1.0,0.0,0.0,0.0,0.0,0.0,0.0,0.0
HG3r3rWyHKesGTdu8HTdTXQQoEBLj9SxCgrZXDATA5KJ,0.0,0.0,0.0,0.0,0.0,0.0,0.0,0.0,1.0
HG5mHCExDaGvoxJp5bRhexhmuv9zKPsDSifkkTZUtsQg,0.0,0.0,0.0,0.0,0.0,0.0,0.0,1.0,0.0
HGN8hXdHBwygrGGVcBDbZm7qR31aioXjT6w3WdCcjE5A,0.0,1.0,0.0,0.0,0.0,0.0,0.0,0.0,0.0
HGPRkKMUDzytY8MhAzBgxbitXoxsgqGZKUZnk9GSPyjc,0.0,0.0,0.0,0.0,0.0,0.0,1.0,0.0,0.0
HGSBe9DdxMrG9souX88MTQ7WdCCm5bvYfWes7yto4N58,0.0,0.0,0.0,1.0,0.0,0.0,0.0,0.0,0.0
HGtZE5bRfFKxXaGS9aSGZMZPVcL7jrnTVryAta67XPrk,0.0,0.0,0.0,0.0,1.0,0.0,0.0,0.0,0.0
HH1sj53AeKkKa1NBoA6kAdjWN2n86DamCuQ1KtBqh1n1,0.0,0.0,1.0,0.0,0.0,0.0,0.0,0.0,0.0
HHUM8Y6ZhbiZVcPj652D2gFe9DQCiHhJ94we1XBnpsGk,0.0,0.0,0.0,1.0,0.0,0.0,0.0,0.0,0.0
HHXURH1KkKd9d9YxnXbkudHhzrpw4tKnV6hbPceDg88,0.0,0.0,0.0,0.0,0.0,0.0,0.0,1.0,0.0
HHtxrxHoP96H7fktU9xokibRh1tML4AqXrDLMAhaPqx9,0.0,1.0,0.0,0.0,0.0,0.0,0.0,0.0,0.0
HHzv13ja163WjsyAUPWtiGNSnjnxBGZGqKr7T4YXGG88,0.0,0.0,0.0,0.0,1.0,0.0,0.0,0.0,0.0
HJ2sLm2houpd7KX7Zbt1pMU2jUHKJuFSoPijyuJVv5iF,0.0,0.0,0.0,0.0,0.0,0.0,1.0,0.0,0.0
HJ4buXwNkFZi7gDHebeuXE8WHNxpcKdsV3fAy9ZKTqse,0.0,1.0,0.0,0.0,0.0,0.0,0.0,0.0,0.0
HJK2jfpfzW2kw2uzA3dtmBHyxFFXPgMoNfiPmmk8XQTd,0.0,0.0,0.0,0.0,0.0,0.0,0.0,1.0,0.0
HJRGNEJLgX4mKdLowN1YaczZmKvWSPy6CKb84UWCe5xX,0.0,0.0,0.0,0.0,0.0,0.0,0.0,1.0,0.0
HJTX7pvYX2B2JT256dqKpbTiZ5j3EQy3hXZk68huoZCb,0.0,0.0,0.0,0.0,0.0,0.0,0.0,1.0,0.0
HJWh5njmK5LiCWsVG3JLL8e378NcWb6EfDNbp82pTKx,0.0,0.0,0.0,0.0,0.0,0.0,0.0,0.0,1.0
HJbsMPg5m6V8qnkL6C6m57NGBfJdcuSXF52LantK6FsE,0.0,1.0,0.0,0.0,0.0,0.0,0.0,0.0,0.0
HJpJn9Gp2qAAMts6Y8MQArhMhmxGnThoudLbsr2KfMLo,0.0,0.0,0.0,1.0,0.0,0.0,0.0,0.0,0.0
HJsE6hv2xjzc1SVvuj2J9jir4AcJSUzPBNNVMH8R3viX,0.0,0.0,1.0,0.0,0.0,0.0,0.0,0.0,0.0
HK3UqgUHamFcGHHa6wcT9S9NCRaSkyXWMpQAWXzspDcJ,0.0,0.0,0.0,0.0,0.0,0.0,1.0,0.0,0.0
HKUAVPARSnrcMYEuHZND7Qk7KAEkcoGZknpSDASFAgpS,0.0,1.0,0.0,0.0,0.0,0.0,0.0,0.0,0.0
HKmwVvZQAAw69CFEFUbztcyhrgEXWJRvAAqr8G4pWvvv,0.0,0.0,0.0,0.0,0.0,0.0,0.0,0.0,1.0
HL4TN91sSkJLUefRgeip6HC9PzcJqkok7neSwSwx8eFE,0.0,1.0,0.0,0.0,0.0,0.0,0.0,0.0,0.0
HLf6ydjEUfDmajQuh7rCDBQAmhuR3zTEuxLENdT9Yi5F,0.0,0.0,0.0,0.0,0.0,0.0,0.0,1.0,0.0
HLnuH8ovC18odQNSyAz64bZD4kU5D5um9AjDx2SYjNib,0.0,0.0,0.0,1.0,0.0,0.0,0.0,0.0,0.0
HLudKufThTforrn5qHRu7YCsEMhiMJUVJZUN8zrK8RHp,0.0,0.0,0.0,1.0,0.0,0.0,0.0,0.0,0.0
HM1chhNsLkbVNACe6N76TMHwXroCHebwxBvv2ZA2xgqz,0.0,1.0,0.0,0.0,0.0,0.0,0.0,0.0,0.0
HMJcfeuryCQqYgfNFojHKxohh8jBbyfWK43eRAnHUdQj,0.0,0.0,0.0,0.0,1.0,0.0,0.0,0.0,0.0
HMb17qinf3phYDHiiQXoUfWSk7FRCPhkYomuw34fwRL3,0.0,0.0,0.0,1.0,0.0,0.0,0.0,0.0,0.0
HNCbqEZEv1dWw1GHqvdh1XWn1zTQ2boXVibaY6BFa9iy,0.0,0.0,0.0,0.0,0.0,0.0,0.0,1.0,0.0
HNGAdL6TtdCXcfzXT8xjtaEaWbT2a4EYtY1Nx1Uy6JrT,0.0,0.0,0.0,1.0,0.0,0.0,0.0,0.0,0.0
HNoAt1s1RwzrSbUUThr8xJnV6spjGEYn4AuapEYbTXkq,0.0,0.0,0.0,0.0,0.0,0.0,0.0,1.0,0.0
HNutwHe1o7SfGVeSxA564auwUdQfRVZE6N19fjMATHT,0.0,0.0,0.0,0.0,0.0,0.0,0.0,0.0,1.0
HNy5JEoibP5TXDBQYNpSs9ZvSkx3ahH77Ub24X97kyZp,0.0,0.0,0.0,0.0,0.0,0.0,0.0,0.0,1.0
HP2MNAbS3JiCjLxgwuZWWHzdoEF7CXKy5stEVhguFdsv,0.0,0.0,0.0,1.0,0.0,0.0,0.0,0.0,0.0
HP3ekBUkCu3kycnuRz9wXoVnEiaaJBoRQNgii6wqKb6F,0.0,0.0,1.0,0.0,0.0,0.0,0.0,0.0,0.0
HP7vQM5ogFB2kroJUe3wh6xirNAYD8A7dDnzLPKMEnqd,0.0,0.0,0.0,0.0,0.0,0.0,0.0,0.0,1.0
HPBtbg2obFZYJh94DtKFtUjiZRV57b8B4DgFbYgvSNjQ,0.0,0.0,1.0,0.0,0.0,0.0,0.0,0.0,0.0
HPKRUiAvZgDcqWbokaLazN951ioxzHBNANXj3H9QcM5K,0.0,0.0,0.0,0.0,0.0,0.0,0.0,1.0,0.0
HPNNdsLRDBBsqBsRUtqxz7pzed8g91aYynwabVnznq8j,1.0,0.0,0.0,0.0,0.0,0.0,0.0,0.0,0.0
HPPaPcLb893XUserhoTMRw437p6JZLcjinYX7MKFc9dj,0.0,0.0,0.0,0.0,0.0,1.0,0.0,0.0,0.0
HPhHdJus8TPKvs9DgikWJMTJncgZyVEm9uZ9C48vdnK9,0.0,0.0,0.0,0.0,0.0,0.0,0.0,1.0,0.0
HPkQu4osTzt3reYjYX8CHufGCGgHesc7PqG6WdhcY4p9,0.0,0.0,0.0,0.0,0.0,0.0,0.0,0.0,1.0
HPmeVwBikE35V6igXb23LKYWRFNFBSubsk1qKFeGxXjP,0.0,0.0,0.0,1.0,0.0,0.0,0.0,0.0,0.0
HPuayUWDtAD3dWD3uKxLfAdrSyiLkvF1b2KsQVvj85tk,0.0,0.0,0.0,1.0,0.0,0.0,0.0,0.0,0.0
HQAKrAUDCkvYHVV8SWYDxC2BQHiCQ5zprDiwSGV9MpU3,0.0,0.0,1.0,0.0,0.0,0.0,0.0,0.0,0.0
HQQmLGToWiRQddT2XW7WDJ1v8nueskHVQrihKaEHnNtW,0.0,0.0,0.0,0.0,0.0,1.0,0.0,0.0,0.0
HR2yn932zd89gPenqG8T31ks96o7Fqi9GhzwzJUP5mRT,0.0,1.0,0.0,0.0,0.0,0.0,0.0,0.0,0.0
HR5SmrXRRtDgKTvViqstYAYRALMPtmcSH3efAfEkLWRD,0.0,0.0,0.0,0.0,0.0,0.0,0.0,1.0,0.0
HR5WrgopsF2b6qxR2ZF8EXNQo5ubAeNCTY9GZcqf3mPL,0.0,1.0,0.0,0.0,0.0,0.0,0.0,0.0,0.0
HR6vDFp63aAoPnqoVUEAN1N7MKUQ4sdrR4RES5tY3Vez,0.0,0.0,0.0,0.0,0.0,0.0,0.0,0.0,1.0
HRVCpvE7WeJ8fC42ThDWRmiyBMJJV7K5U32FpTBHk2Ji,0.0,0.0,0.0,0.0,0.0,1.0,0.0,0.0,0.0
HRpajjeTnzjbCJuSixgncJEX8eh6q4eYToed8fZMMpJS,0.0,0.0,0.0,0.0,0.0,0.0,1.0,0.0,0.0
HRxfxcqd9eXvV2fwWazdsLi13zFG1vjX9yihp8vAXonG,0.0,0.0,0.0,0.0,0.0,0.0,0.0,1.0,0.0
HSGSUj11F5YbztPTNMvsmtE3VyhqY4A1SeMdPcXGRJZa,0.0,0.0,0.0,0.0,0.0,0.0,1.0,0.0,0.0
HSLbwBByWUTD9JAsmBJvy4ek7jwTqzyBZg1p7Z7rJKwt,0.0,0.0,0.0,0.0,0.0,0.0,0.0,1.0,0.0
HSiTYDX2XAecgHj6HaLXjE9jodQvM8RsSrsXm8TpJ9VU,0.0,0.0,0.0,0.0,0.0,0.0,0.0,1.0,0.0
HSjsvLywwoTPLuG13XwkmehTTc22iyonfAcibUev2wns,0.0,0.0,0.0,0.0,0.0,0.0,0.0,1.0,0.0
HStr5UUGwr7nkQ6traAdhfPkLGSzv5jsJdtQ32z4EbF1,0.0,0.0,0.0,0.0,0.0,0.0,1.0,0.0,0.0
HTEFC2ENd1cXKyqV5w8nKeLnBfWMcvoGKrkmzTgLxnVj,0.0,0.0,0.0,0.0,0.0,0.0,0.0,1.0,0.0
HTHgMT6EAsWgK7WPJBmCuDNPEJHHjpdBLb4nj1FcL6ws,0.0,0.0,0.0,0.0,0.0,0.0,0.0,1.0,0.0
HTmM7zr4oXhDDawFEaJKCSZiQzThBTF7HkvmSCW8F9UC,0.0,0.0,0.0,0.0,0.0,0.0,0.0,1.0,0.0
HTsZzp8zgVFCC7Y8Grbqndsx42EsPvTjC7KtYaMqppbb,0.0,0.0,0.0,0.0,0.0,0.0,1.0,0.0,0.0
HU466N1Bgos7B9p8irJ2tqtXXkcypNwWYYADm6mHiuX4,0.0,0.0,0.0,0.0,0.0,0.0,0.0,1.0,0.0
HUF7sbra4bBBek25uyTcZmAGHLPJsVrRUepTAwSYNe2H,0.0,0.0,1.0,0.0,0.0,0.0,0.0,0.0,0.0
HUNiAR1Wt8ibKF88UjJxXM6FLYaac9jgRBuVqDA5ETZr,0.0,0.0,0.0,0.0,0.0,0.0,0.0,0.0,1.0
HUcddKPKtbwcxCeErsCNLpMjfbC9ZNp8eCRoTPxFngma,0.0,0.0,1.0,0.0,0.0,0.0,0.0,0.0,0.0
HUdb6LHLnYFMKa7mBt7LMQjB53YMVxKFMmUP3dsBj9xK,0.0,0.0,0.0,0.0,0.0,0.0,1.0,0.0,0.0
HUhLPSVEwyEKHRRuKLzh9S5bkw9A4XPZgEr3Fz7wJWYQ,0.0,1.0,0.0,0.0,0.0,0.0,0.0,0.0,0.0
HVC9DaM8GHRktyrEDMXKTjrfZqW7srYNonUD9Krskjge,0.0,0.0,0.0,1.0,0.0,0.0,0.0,0.0,0.0
HVFFC1jqu111ZuFxiR4h4j6CQSjzcRnMoWTCCLfYxPZA,0.0,0.0,0.0,0.0,0.0,0.0,1.0,0.0,0.0
HVG2XkUZQY2EYPMPyzLV5ykwyL76Z5r6Pb3mdnW3cx1t,0.0,0.0,0.0,0.0,0.0,0.0,1.0,0.0,0.0
HVGvrGhbdhY2GTrUx342f7EvgRbao5vv4LBWo69HoNSC,0.0,0.0,0.0,0.0,1.0,0.0,0.0,0.0,0.0
HVN8nZKcpnE6TbnWTGsW1Yu6oJ5YeJkRgfAXTKWKhjzf,0.0,0.0,0.0,0.0,0.0,0.0,1.0,0.0,0.0
HVV5BWdqfdheJo4N8TuvJM5X1GKeGJdkGxa8SDsedwCL,0.0,0.0,0.0,1.0,0.0,0.0,0.0,0.0,0.0
HVY6hTJL12kjcHPjVwrDcKfpKfTqgxaL2snDjkp6Ym5X,0.0,0.0,0.0,0.0,0.0,0.0,0.0,0.0,1.0
HVd4D7ewwpJUBZrZfgbfStZZowNM7cTgVuY3QsmLwX7S,0.0,1.0,0.0,0.0,0.0,0.0,0.0,0.0,0.0
HVxuhkUWJzjnj4D3YYqUGGHQVFLq2vL5zWzNYcku76X5,0.0,0.0,0.0,0.0,0.0,0.0,0.0,1.0,0.0
HW5inAwXbtiapS83hhJaSJmHUDtZW8z6HhjFZS62tenT,0.0,1.0,0.0,0.0,0.0,0.0,0.0,0.0,0.0
HW88L2V5eJnus24revQHMZxNYFZavTGzyKLC3HgtRuhF,0.0,0.0,0.0,0.0,0.0,0.0,1.0,0.0,0.0
HWG8N2NgXxKFyxYnULdV3wLsQPuMLSsTwNYCFHVZGxuS,0.0,0.0,0.0,0.0,0.0,0.0,0.0,0.0,1.0
HWLQNSx9ynKB7DVAeDQRerYbRQ5vyVnEHv1vYtxsYhkK,0.0,0.0,0.0,0.0,0.0,0.0,1.0,0.0,0.0
HWRWGH5vm8eBPj1eNTX2fL4mcEKRjxUw6Tmext7hnnS1,0.0,0.0,0.0,0.0,0.0,0.0,0.0,1.0,0.0
HWZ91r5LMSysK9VmdpYDGQLqiAvv1aytrKHowF3ypmBf,0.0,0.0,0.0,0.0,0.0,0.0,0.0,1.0,0.0
HWa1PUhPhp7zHM9PpKxVxsZjS4ZX2qDowsg9vLiAqBch,0.0,0.0,1.0,0.0,0.0,0.0,0.0,0.0,0.0
HXQiQe8T6ceq3W7AA3xarQCbP47fsFJMGTBpGjsgvZ11,0.0,0.0,0.0,0.0,0.0,0.0,0.0,1.0,0.0
HXYRFMRf7EsHGwKdc2jZMVcaXYcC1yVQpD5bJjhMG97B,0.0,0.0,0.0,0.0,0.0,0.0,0.0,1.0,0.0
HXyrqRgbRtdEHN7mXkTfyRpJfkEkxeV9eVPeq5ZAUYgC,0.0,0.0,0.0,0.0,1.0,0.0,0.0,0.0,0.0
HY6XxgJd6BQT67pNuAWgFZpch1FdN44W5QR5nuTqKg63,0.0,1.0,0.0,0.0,0.0,0.0,0.0,0.0,0.0
HYKRAt4JpcjnJw5E5Th1uFmvL3MP7E2mNEwKawB5CApZ,0.0,0.0,0.0,0.0,0.0,1.0,0.0,0.0,0.0
HYj9ztPk4dvvXeARuYtkJazh19A3VFDjPoYPs37GANjX,0.0,0.0,0.0,0.0,0.0,0.0,1.0,0.0,0.0
HYsJzQeQiHWZ6J9HpA6VKcK3yDNdnrWAiatdqPSfQe5K,0.0,0.0,0.0,0.0,1.0,0.0,0.0,0.0,0.0
HYySiLRZuHJGMuvF1N6tgEwSUXmmcwWvoFfMNut5sCUQ,0.0,0.0,1.0,0.0,0.0,0.0,0.0,0.0,0.0
HZ52W4rNEJkHv3DXfqqCpTUBZjq2uGxtGsEbq5Wjwimt,0.0,0.0,0.0,0.0,0.0,0.0,0.0,0.0,1.0
HZC8r9F1gtjM9REZPN6Mh48gYVPsbKTAvPkY3fujw7WT,0.0,0.0,0.0,0.0,1.0,0.0,0.0,0.0,0.0
HZQ2JyjvqgaxdWTzkZ7YVsZZeLyPcYHHQqQhiEa4KjxJ,0.0,0.0,0.0,0.0,0.0,0.0,0.0,1.0,0.0
HZfhb2gqLS5Dd95jzW6cZkNZr8eaCPMx3opSELXT7L7u,0.0,0.0,0.0,0.0,1.0,0.0,0.0,0.0,0.0
HZkH2bQVTkbf8teE2RQRam6S76AHGDGXhJLE53LTFh34,0.0,0.0,0.0,0.0,0.0,0.0,0.0,1.0,0.0
HZkjpXnvXCtMgoZJubzvksG2GstaUNWXoBTSt5sA6x5e,0.0,0.0,1.0,0.0,0.0,0.0,0.0,1.0,0.0
HZyizQb6G5p7jkPS4iPfGpr4Pw7gMUAanygs7AA3Ww2t,0.0,0.0,0.0,0.0,0.0,0.0,0.0,1.0,0.0
HZz8zzKgQMPT2DVFKd4fvLpCJq6LbhheeFWq6CZZAtrG,0.0,1.0,0.0,0.0,0.0,0.0,0.0,0.0,0.0
Ha5etH6eoK9M5MKCR7skCYVSsWEMFjUdux6XEZtL5XJD,0.0,1.0,0.0,0.0,0.0,0.0,0.0,0.0,0.0
HaMwKKfJUz3odMX4hJe8Lttx6Yi6zkDo6v6NawwDaKKc,0.0,0.0,0.0,0.0,0.0,0.0,0.0,0.0,1.0
HaTG9iGVG7CTeGsT9WCjjJzicTPGeDsMUoJGK4DzaujR,0.0,0.0,0.0,0.0,1.0,0.0,0.0,0.0,0.0
HaThFV5cdw8iA9D4zBZdawnJLnjqp6fgsiY19FG7VLAe,0.0,0.0,0.0,0.0,0.0,0.0,0.0,1.0,0.0
HakmXeewn7Vg3EVYy6T8ZfxBiVnnVWdwSbBQ7oaDFqie,0.0,0.0,0.0,0.0,0.0,0.0,1.0,0.0,0.0
HamNZgDn8JNTx4dapKiGtB3w6V3xXvYCXB62RBrd2JRm,0.0,0.0,0.0,0.0,0.0,0.0,0.0,0.0,1.0
HawxKHV35YAkjjrgK8kQB229REFXmqc1PACb2XSsRyfu,0.0,0.0,0.0,0.0,0.0,0.0,1.0,0.0,0.0
HbWoy7gEDERxbNwqXkVXnDFRaquMabdUwnNWHLadKnuD,0.0,0.0,0.0,1.0,0.0,0.0,0.0,0.0,0.0
HbgsX5LsjVmiEnRWNoRfKKDXCosXWr8iM8dLRXhXoxPb,1.0,0.0,0.0,0.0,0.0,0.0,0.0,0.0,0.0
HbzSkfut1FKSjpem18hANKLdmeRafBXMK4F8VXZ4BeBt,0.0,1.0,0.0,0.0,0.0,0.0,0.0,0.0,0.0
HcDfTd3SEb7bMRfGePRuNyfF67DYHco2dBtngLGYbM6M,0.0,0.0,1.0,0.0,0.0,0.0,0.0,0.0,0.0
HcNTSjf2DXjco1PZefiLBXEKue1SFdoNUTMWqyaPSLGE,0.0,1.0,0.0,0.0,0.0,0.0,0.0,0.0,0.0
HciY7L2FNmAH16sxB5i3QrBuYaYe5atZx9zmKjp586VQ,1.0,0.0,0.0,0.0,0.0,0.0,0.0,0.0,0.0
HcoSHQrS7tVQrrBdVx8z5NW2LQVsAwbhQcdtKmEu1Tvm,0.0,1.0,0.0,0.0,0.0,0.0,0.0,0.0,0.0
HcqiSaRdhMgzES8G6BRFXkGJ2T43yjfPE2un8315gMDP,0.0,0.0,0.0,0.0,0.0,0.0,0.0,0.0,1.0
Hd8ny1ss9MbfozgYtZV8jZcYuezvcC1bfKUUEfW8brXJ,0.0,1.0,0.0,0.0,0.0,0.0,0.0,0.0,0.0
HdBxLuDRnAVLoDRPP76o4AwAG33arz9bSBu1d7iNL3Uf,1.0,0.0,0.0,0.0,0.0,0.0,0.0,0.0,0.0
HdEaDhywcVuSn9GQEK7FVT9ht6DL4umLN2WZkw5hGLvx,0.0,1.0,0.0,0.0,0.0,0.0,0.0,0.0,0.0
HdHFkTe8EumrzpoVQGTPtpJMPUkb9FiE6oKR9XTuPLR1,0.0,0.0,0.0,0.0,0.0,0.0,1.0,0.0,0.0
HdNrzKmzYJNf2QUD5vHtFvnNMpbBHk4bdQLxtHxpGAqG,0.0,0.0,0.0,0.0,0.0,0.0,0.0,0.0,1.0
HdhdAn2XGxtxeY1yY11Hc3y1fUVyWC4S6qpsHoJ3NpdS,0.0,0.0,0.0,0.0,0.0,0.0,0.0,1.0,0.0
HduJhvF7dpwtyPU31mAKAf1hQqMBEoveg6vfrqeuwuTP,0.0,1.0,0.0,0.0,0.0,0.0,0.0,0.0,0.0
HeDgwzG9ZshdRTsZC6dCM4Wk7AJ8UvZznaCgSPb5Tygd,0.0,0.0,1.0,0.0,0.0,0.0,0.0,0.0,0.0
HeQHn1GyZhCbY3AvwJvr1VunmsktUetat7SiT2s83PtE,0.0,0.0,0.0,0.0,0.0,0.0,0.0,1.0,0.0
HeSTnJQch7MrHT5ePBMoMuSPLxNrC67Faso3wxjDy1ND,0.0,0.0,0.0,1.0,0.0,0.0,0.0,0.0,0.0
HeV52eV4ApfNTpyusv7nWiSYKLDB8dyvApsxmd95Axdt,0.0,0.0,0.0,0.0,0.0,0.0,0.0,1.0,0.0
HeaD71CGonLAS9xr6qtYTtTAb3vJmU2UD6fR6stYh1KH,0.0,0.0,0.0,0.0,0.0,0.0,0.0,1.0,0.0
HeadagEtXk859QHNqciChtcKMfoxuDgPuctHebDqPr7A,0.0,0.0,0.0,0.0,1.0,0.0,0.0,0.0,0.0
Hed2YVuRrVL8Rs6N36rpMfjnodiBRqMX9z1VnVYwGuyu,0.0,0.0,0.0,0.0,0.0,0.0,0.0,1.0,0.0
HeiTGoJzSJAvmjg5TkjMvSTYjorgks4yeWbDRwfgms1q,0.0,1.0,0.0,0.0,0.0,0.0,0.0,0.0,0.0
Hf8Rqj9srJU5Wqufd28wzzTBaWmAraxkG1WgGnantkMr,0.0,0.0,1.0,0.0,0.0,0.0,0.0,0.0,0.0
HfCNHbSc3rBFuoZuRVU1Z9E1aWtF6AbwNtCvwesD61kg,1.0,0.0,0.0,0.0,0.0,0.0,0.0,0.0,0.0
HfHbGUBWersXep8E97dm75XndswFCQ2Xrs4tAAPATfiz,0.0,0.0,0.0,0.0,0.0,0.0,1.0,0.0,0.0
HfehCcZgFtBhMASD8segGxNwrYxtVqy3PN65DN6pocHk,0.0,0.0,0.0,1.0,0.0,0.0,0.0,0.0,0.0
Hfn93N5v2o6DbtnuePnnte29Mpsg81MJSuZoZZpQXDRr,0.0,1.0,0.0,0.0,0.0,0.0,0.0,0.0,0.0
HfoEj499VMbVxub2V1wVkFtRBP2RigwRBqRZE5MFbwMH,0.0,1.0,0.0,0.0,0.0,0.0,0.0,0.0,0.0
HgXSBcVVympPAvsuTvRpix4DZMNbvvaHHCePTqFy8JVi,0.0,0.0,0.0,0.0,0.0,0.0,0.0,1.0,0.0
HgcBqfzYXnGtmw6HeL5inWkKNVer1Qy9n1RT2UdvqA7g,0.0,0.0,0.0,0.0,0.0,0.0,0.0,0.0,1.0
HgezRRAHiX1TiETuSF6skaXKwXj484Jgw8kRKR35Mfqp,0.0,0.0,0.0,0.0,0.0,0.0,1.0,0.0,0.0
Hguu2uX7Dk8j2rVSCcizoTmziG4eHuVbTM1iwihTdpDe,0.0,0.0,0.0,0.0,1.0,0.0,0.0,0.0,0.0
HhA9UULUdfF3r2vmH1YbMiJC631hQ8zLEm85ZSXnjxoo,0.0,0.0,0.0,0.0,0.0,0.0,0.0,0.0,1.0
HhB76VfXzuYZ66cceksVQTVjh4ndPZEUe6Me69puMABY,0.0,0.0,1.0,0.0,0.0,0.0,0.0,0.0,0.0
HhQJ2DTJPMT7DR2Tg7xRPHuTWBNmZJ85Gw41cgqqXrop,0.0,0.0,0.0,0.0,0.0,0.0,0.0,1.0,0.0
HhUDQPLrvcejJz4Uk1aNpBxLs353j5BUzVmxdiK3ZPz4,0.0,0.0,0.0,0.0,0.0,0.0,1.0,0.0,0.0
HhVxHLT24pCbjos6VQQcfvbJMaSRM3aygQRZDFeniXW5,0.0,1.0,0.0,0.0,0.0,0.0,0.0,0.0,0.0
HhYi89Mzt4RBUEEK7ommppP7tHWeCWubLaUg4xxMDqoN,1.0,0.0,0.0,0.0,0.0,0.0,0.0,0.0,0.0
Hi6EUEGbfsdofGEgkk8NzvZuinxt68Ga3cTXXZMUyFLn,0.0,0.0,0.0,1.0,0.0,0.0,0.0,0.0,0.0
HiAj5mcCSDTc31VVM79UpQiV4pNKZe15gGXAgcZWaDJP,0.0,1.0,0.0,0.0,0.0,0.0,0.0,0.0,0.0
HiBhp12m9wZWr24aT8oF9hA6Tq7rq5oPzWHZ3qkUxXSR,0.0,1.0,0.0,0.0,0.0,0.0,0.0,0.0,0.0
HiZCtsDX3bSNPMzcF8EyL5JBZJA8B7gw4Csb23YzV88m,0.0,0.0,0.0,0.0,1.0,0.0,0.0,0.0,0.0
Hihx7iLhrzygWqGffCFGv2d2MG6FbWGyA3QnnjCg5eyr,0.0,0.0,0.0,0.0,0.0,1.0,0.0,0.0,0.0
HiiAoFgSgCXXUKP2nCEy9eq8nzUFCjr3mapqnVfruLt,0.0,0.0,0.0,0.0,0.0,0.0,0.0,0.0,1.0
Hj5oPBVNEJVBMLeAzvB6J1DZZ2VK8ZuTT4d4f9CsGZMg,0.0,0.0,1.0,0.0,0.0,0.0,0.0,0.0,0.0
HjULAaENPNJRUBcyMuPmMeQxGYysq9ymXHYRZMRRJPLJ,1.0,0.0,0.0,0.0,0.0,0.0,0.0,0.0,0.0
HjZ1ySgbYAvUnspF5oZQzBb6LF7tCGdUNeeHWeXEMjoo,0.0,1.0,0.0,0.0,0.0,0.0,0.0,0.0,0.0
HjwCJqqAXfrddLmJZefZMHY6YAidJfvDanzryH6FwivW,0.0,0.0,0.0,0.0,0.0,0.0,1.0,0.0,0.0
Hk29sFaKX6bkM7wWw7utLgHeBMzrU56vkwxbJ95drCaL,0.0,0.0,0.0,1.0,0.0,0.0,0.0,0.0,0.0
Hk3Fwu5bg7WEgTMK7pbc7iTpe4gaocgKY2ZxxfcNpX9B,0.0,0.0,1.0,0.0,0.0,0.0,0.0,0.0,0.0
HkTPnEz1gx9qAgy8sAfAM6Stqf2wGAXXM4GjhTbLHtm6,0.0,0.0,0.0,0.0,0.0,0.0,0.0,1.0,0.0
Hkm17r8D8r8QnVerZC9nWcfETFPAXSu5QKefpNNXUjax,0.0,0.0,0.0,0.0,0.0,0.0,0.0,0.0,1.0
HknDmZqKSYm8GZqFn5VWSjAJcP6jwYKDFpu2FMkuC8E1,0.0,0.0,0.0,0.0,0.0,0.0,0.0,1.0,0.0
Hkom1QEe78HfmPR4dYxPh1Sk4nEJT2k74j7SjEsni7aP,1.0,0.0,0.0,0.0,0.0,0.0,0.0,0.0,0.0
HkufSfE3MiyFZtv8F1XT5cvgjweqTXWztriLnZd1HCiC,0.0,0.0,0.0,0.0,0.0,0.0,1.0,0.0,0.0
HkvRbTorou5rVZADVXcyMtP17GBLLnjQXrSw5ZNcbs7f,0.0,0.0,0.0,0.0,0.0,0.0,1.0,0.0,0.0
HmFs3f44fZ2azKWFAxSEqTyt4ak9W7ZzAD1PGLUqy7H4,0.0,0.0,0.0,0.0,0.0,0.0,1.0,0.0,0.0
HmRT8wTEFAUQemJHF78wwQg35Q1XzPLGXEvBCBCg8BvY,0.0,1.0,0.0,0.0,0.0,0.0,0.0,0.0,0.0
HmUZJPD7y4cagm3uni21cQGydtNfCPa6fpWwH6WsLboC,0.0,0.0,0.0,0.0,0.0,0.0,0.0,1.0,0.0
HmYVhPrFHv5yNM783xD4WHcEfhf5qpHDumTqP9tzR8ta,0.0,0.0,0.0,0.0,0.0,0.0,0.0,0.0,1.0
HmatKao2oixvpYe9Vq5rRPALyxqRMUjYs8R9L9XJRxXx,0.0,0.0,0.0,0.0,0.0,0.0,0.0,1.0,0.0
HmbxxDU6Aqqxx5hthiEXXpEhcCv66Dcer3jkBLnsZDvd,0.0,0.0,0.0,0.0,0.0,0.0,1.0,0.0,0.0
Hn3FXSmWS5gi12J2VYyYjXvMKaXNZuW4xx6ddSVHeqZ2,0.0,0.0,0.0,0.0,1.0,0.0,0.0,0.0,0.0
HnGZpAUH5ebocSpYTxVMfDiS1ctD9iQahQ2oBKoFdx5v,0.0,0.0,0.0,0.0,0.0,0.0,0.0,1.0,0.0
HnUsi9LQWzfLvZbdew78DwYw7PU6ZcpzCfAEKJMPtJRT,1.0,0.0,0.0,0.0,0.0,0.0,0.0,0.0,0.0
HncHZ2m9rBvSP7KzbfoQBUcgieJv56krVsXLGgb1k53c,0.0,0.0,0.0,0.0,0.0,0.0,1.0,0.0,0.0
Hncy3xYJikpg18TKBtQWpFvmpLYuamAo2C9Q3j7jewNG,0.0,0.0,0.0,0.0,0.0,0.0,0.0,1.0,0.0
Hny5ZfGXUj4prtbVWMiPuc2s9btrbfzt2NjHcBqp9BvY,0.0,0.0,0.0,0.0,1.0,0.0,0.0,0.0,0.0
HnyNpCEUoVw5RFL8gifaybVgaYsNuwMyd2jZzYf3ErNC,0.0,1.0,0.0,0.0,0.0,0.0,0.0,0.0,0.0
HnyodJZmW3xZpgiJ1BnPgf1dwDjb77tKVc1rHX2vcyb1,0.0,0.0,0.0,0.0,0.0,0.0,1.0,0.0,0.0
Ho7EcXiRSFpycmxoPGQ6iFHumS4EBvS6GreV51GuaAQd,0.0,0.0,0.0,0.0,0.0,0.0,1.0,0.0,0.0
HoCDggb2h9AfXVVyuPNhQnbvdo7mXYnHjcFvzgJs91sU,1.0,0.0,0.0,0.0,0.0,0.0,0.0,0.0,0.0
HoPWD1z6Ygy8rYjxWq8YR949bHSm1edWQjYx3b8mjqxy,0.0,0.0,0.0,0.0,0.0,0.0,0.0,0.0,1.0
HoRmGrk35Uwb7UsRihctgBAbpvCjrPoCZurnsbTBiYpM,0.0,0.0,0.0,0.0,0.0,0.0,0.0,0.0,1.0
HoTZMq8NF8j98DbKp2zHgiS1s728hYwbGUpZVisiYbYf,0.0,1.0,0.0,0.0,0.0,0.0,0.0,0.0,0.0
Hoed3ZugbsVXMrJwaXsbXigovBsDLdPjughXfZS1eEB7,0.0,0.0,0.0,0.0,0.0,0.0,0.0,1.0,0.0
Hp1tFyG6oXnfguB6b7ir5cZaCzBmQ7Gb8rvmdjVgkYFt,0.0,0.0,0.0,0.0,0.0,0.0,0.0,0.0,1.0
Hp3GCuRD4CrsaBYad789Mf1YcYFnTWAfutvLkno4ZVzZ,0.0,0.0,0.0,1.0,0.0,0.0,0.0,0.0,0.0
HpAHGGhkHdVe9ksFZaVaLdHbXjz7YPPVRTWDCTSBoswT,0.0,0.0,1.0,0.0,0.0,0.0,0.0,0.0,0.0
HpBT6QceinQDSjhPDr74AmRY2fQFMbgWCwYkvVu7hQg9,0.0,0.0,0.0,0.0,0.0,0.0,0.0,0.0,1.0
HpVb8JX9pJ3hZB3ea44zmbgsFgf9Upwm2FEdBNP3rm8i,0.0,1.0,0.0,0.0,0.0,0.0,0.0,0.0,0.0
Hpfmt26o8V6d6RFaxR5vxteaRjqV8mEvZuXVApJceLBw,0.0,1.0,0.0,0.0,0.0,0.0,0.0,0.0,0.0
Hpshsc78oHZN25iNNkfx9kW2Nwhc2RXQQ4kfx44241DF,0.0,0.0,0.0,0.0,0.0,0.0,1.0,0.0,0.0
HpznURmRwAp1fa5LBfXNZFULB2M8rZgtGoPZELbtEfP1,0.0,1.0,0.0,0.0,0.0,0.0,0.0,0.0,0.0
HqEH19etQLn8ddUqoqxCppA51PqD71bn3UWhtUMAu4vj,0.0,1.0,0.0,0.0,0.0,0.0,0.0,0.0,0.0
HqWXpMS3GvNmsnZVkDB32XKCNwQR24zLTJJrYB4kw54f,0.0,1.0,0.0,0.0,0.0,0.0,0.0,0.0,0.0
Hr61YhAQM4fG4x1vfAa3oUWaS2LttcA3K5QZmHqPDYvQ,0.0,0.0,0.0,0.0,0.0,0.0,1.0,0.0,0.0
HrBFx8KRgq6BTgp8bEAxLKMKBiRvQiVHdA1HjYkazQ1x,0.0,0.0,0.0,0.0,0.0,0.0,1.0,0.0,0.0
HrCAvKu3s9GyLr6uV3H92grbs3AeAzznz3GU1N8NxMvs,0.0,0.0,0.0,0.0,0.0,0.0,0.0,0.0,1.0
HrEWuFEQvGTVQpMU1jNPHEsjoxyND6nnKi5E7UvKa1LH,0.0,0.0,0.0,1.0,0.0,0.0,0.0,0.0,0.0
HrZgPDXLF3iPgCotBZ5UmmsrLuCo6BQNKexnFD5WV7Ti,0.0,0.0,0.0,0.0,1.0,0.0,0.0,0.0,0.0
HrjNAgmT9iXzetXARDuBSziGhxcwThnGNxMRzLerp7Rj,0.0,0.0,0.0,0.0,1.0,0.0,0.0,0.0,0.0
HrkKSjn85yagzDe8YqcKFo3SKbvcvSVRRTTQjeUxKYTU,0.0,0.0,0.0,0.0,0.0,0.0,0.0,1.0,0.0
HrzW3Pr1fzxwMR8zBHw8Wyd8uxpCbDGfZRnN7hBW3sbi,0.0,0.0,0.0,1.0,0.0,0.0,0.0,0.0,0.0
HsMugF3BMZbVfDwpwo92YMcYWcApP3HbrMmwsaP4XidY,0.0,0.0,0.0,0.0,1.0,0.0,0.0,0.0,0.0
HsmdUFZcvKUixHPRgT34T3z2RQX8cqJBQgcg23DfdLDk,0.0,0.0,0.0,0.0,0.0,0.0,0.0,1.0,0.0
Hsp33UpF7tpcwvkN7eXWpb5SfG5wfK42h9bdpJ9wQ8vg,0.0,1.0,0.0,0.0,0.0,0.0,0.0,0.0,0.0
HstHFQfBeG5MRWoKzRyyrahz5KsFV28zb9naRNF1htNC,0.0,0.0,0.0,0.0,0.0,0.0,1.0,0.0,0.0
HszDrPnABCEcVjBkXoZrHuFULcvXqUrb15SBsDSeAKZv,0.0,0.0,0.0,0.0,0.0,0.0,1.0,0.0,0.0
HtH5UH2DMbeddaUDvpoapeXJHE3VqS6tMKXsebAiuaTn,0.0,0.0,0.0,0.0,0.0,0.0,0.0,1.0,0.0
HtH63VkwtQDpuTKBRqLcv4h6zqVEw4wvXt6LbLmVEfKZ,0.0,0.0,1.0,0.0,0.0,0.0,0.0,0.0,0.0
HtTGVHhBkEGBKEDVc5CNrqCKN61URJVjSARRZKN54BFP,0.0,0.0,0.0,1.0,0.0,0.0,0.0,0.0,0.0
HthaSwNtzHy6ebf1nYy1XwuT4mE26m3neMqoP1YNcK7N,0.0,0.0,1.0,0.0,0.0,0.0,0.0,0.0,0.0
Hu7sj4H5kW6BiRVZurqvUrA7d8Hx1CHfa1aNbRqn9TUV,0.0,0.0,1.0,0.0,0.0,0.0,0.0,0.0,0.0
HuGAErioRJvNTUDaK4wvo24JwjmUE3rBLVdHCZeWLHcn,0.0,0.0,0.0,0.0,0.0,0.0,0.0,1.0,0.0
HuPrUwQxVUyBotVJUWPskXAjb4NBdh7SEW6evePbz2wH,0.0,0.0,0.0,1.0,0.0,0.0,0.0,0.0,0.0
HuVKhApZQDRthSicFLZjM5qJz9jWSkPk9fWk2Hspt2q6,0.0,1.0,0.0,0.0,0.0,0.0,0.0,0.0,0.0
HuVNsoWyGAqrht3BGXcwx5XoyneZQHo1mPYWArgVjjTE,0.0,0.0,0.0,0.0,0.0,0.0,1.0,0.0,0.0
HudCY9RTDdsxuwJs7GcEV2XBa5A8M6YNU6axbBLFt7zF,0.0,0.0,1.0,0.0,0.0,0.0,0.0,0.0,0.0
Huvmt8D1xDRGDEvqxE5MvZ2Aby6WFQqSUk2UbojsUT28,0.0,0.0,0.0,0.0,1.0,0.0,0.0,0.0,0.0
Hv8P9HAy4B3EjF7MKtoHxnXpdcxkFtcv4E8EMVtGpeez,0.0,0.0,0.0,0.0,1.0,0.0,0.0,0.0,0.0
HvFNk9r5bepKKjh17W14ASoPMhqH3xvGBZ8ccgR7c9qa,0.0,0.0,0.0,0.0,0.0,0.0,1.0,0.0,0.0
HvXqaN8k66FLS9JDTChEaMg5zUHUpSqyznW8hvnemnZQ,0.0,0.0,0.0,0.0,0.0,0.0,0.0,1.0,0.0
HvaMyScYRWuvCRkN4EB787zkMJz1ahsS5vD9XSsTWbGq,0.0,0.0,0.0,1.0,0.0,0.0,0.0,0.0,0.0
HvkTnv9iHvRLTBNjywTkBcJ88oqHgTDegLRfd68gLtfX,0.0,0.0,0.0,0.0,0.0,0.0,1.0,0.0,0.0
HwHZMaeXubTY7ggVtKVSyANsrNoFkFVZzegHCC8GYoxW,0.0,0.0,0.0,0.0,1.0,0.0,0.0,0.0,0.0
HwNfJ9VZWtz4QPv2pYHSW3GRzP3KjgNR26Z6RFjzkxu7,1.0,0.0,0.0,0.0,0.0,0.0,0.0,0.0,0.0
HwcHDgXk9MxWVmjgqea9LxARY5TYvUvwwNZ8rxKtXdvj,0.0,0.0,0.0,0.0,0.0,0.0,1.0,0.0,0.0
HweQxMGZtumENr12kAstT6XgZmTKtzrnQK1abjngQMY5,1.0,0.0,0.0,0.0,0.0,0.0,0.0,0.0,0.0
HwhEQyPLWfeuFuKwakbxybFVtTNhZjoWVwxy7ZGQgF3W,0.0,0.0,0.0,0.0,0.0,0.0,0.0,1.0,0.0
HwqFsETZ1pwVzS1ZmAAXVRokiPjfyRywR9JitVSBHn9W,1.0,0.0,0.0,0.0,0.0,0.0,0.0,0.0,0.0
Hwr4ZvfVF68dFajC1ggQLGgAgKs7GBXZnqwqy42jdp6i,0.0,0.0,0.0,0.0,0.0,0.0,1.0,0.0,0.0
Hwsj6WJBvcPF6e5qghTHBkGW2289kYF5TQy2QQggxUfp,0.0,0.0,0.0,0.0,0.0,0.0,0.0,1.0,0.0
Hwx6YoxwexeLeb9EJkBMV5pdPjpF7Dm4QCtZmr6cTxbd,0.0,0.0,1.0,0.0,0.0,0.0,0.0,0.0,0.0
HwxDqVu5rLnqVgxR3KiTHsZe8P83jVvGSBQ76pzniFo3,1.0,0.0,0.0,0.0,0.0,0.0,0.0,0.0,0.0
HxAEXpkM2UGeed12u9XmCQvHX35iE1ZCoFxKoWUiG3Gu,0.0,0.0,0.0,0.0,1.0,0.0,0.0,0.0,0.0
Hxf6EHJiFPCgwzG8yNR5MAmmF5EZ5sZSWNormNdsuGhM,0.0,0.0,0.0,0.0,0.0,0.0,1.0,0.0,0.0
HxjXn5Prm8gAVcDbxYj9mnLwwZpQUoPcCECCHHBnqx9K,0.0,1.0,0.0,0.0,0.0,0.0,0.0,0.0,0.0
Hy9zVN8nEkV2RZLrdp5jSA8FLJHzXoC6xycfiR2y8MEa,0.0,0.0,1.0,0.0,0.0,0.0,0.0,0.0,0.0
HyGCdv7TuUiBi2wNTusFVZZSWFbJTC7uMmBTxbVM5zJu,0.0,0.0,0.0,1.0,0.0,0.0,0.0,0.0,0.0
HzE9wTYK8wjNBXmfnctjsttnxybhWA5sAsj4CYAGFhBB,0.0,0.0,0.0,0.0,0.0,0.0,0.0,1.0,0.0
HzN2qpkBAKf1tSdJFc3GuGASzCpGmiFWoGkn8G2cdjYg,0.0,0.0,0.0,0.0,0.0,0.0,0.0,0.0,1.0
HzQ1wT4d2FvdoYEu9ZCH3SGg5nBC7A9uiVXB8wY3usiQ,0.0,0.0,0.0,0.0,0.0,0.0,1.0,0.0,0.0
HzRJquVLTzmV2RFPRGcqu6cv6hczcxcwpz2zYs1LeKNW,0.0,0.0,0.0,0.0,0.0,0.0,0.0,1.0,0.0
HzWqWyt9o5EyC2TCehFUkv6jo8q48VNnYZWvc7WqZEkw,0.0,0.0,1.0,0.0,0.0,0.0,0.0,0.0,0.0
HzmM2NoPeZuNLVU9fvfSCjPeJ9f1JMd8URskmwXjqmXx,0.0,0.0,0.0,0.0,0.0,0.0,1.0,0.0,0.0
Hzo3C9pqCatScXzPycWPaPAZJCr6A893tzhKzr5Sw9FH,0.0,1.0,0.0,0.0,0.0,0.0,0.0,0.0,0.0
Hzp6V6WZFMLRmWeu6GDaL3nUA5LDdcTucuAQ6jmKSsQJ,0.0,0.0,0.0,0.0,0.0,0.0,0.0,1.0,0.0
HzsSvJY9Ea9BKVVysqRjpZUBKEAbn7uYj594R776Xt8G,0.0,1.0,0.0,0.0,0.0,0.0,0.0,0.0,0.0
J1231swJpF6u3LU3qgTzRobAE5sgvpJmCDx6AjDA5mfP,0.0,1.0,0.0,0.0,0.0,0.0,0.0,0.0,0.0
J1hvHbJj1PcdXij67wyHWLnRj5i2Ho9zvb7nAZz3LKfD,0.0,0.0,0.0,0.0,0.0,0.0,0.0,0.0,1.0
J1qi1kxGHWWj97Toi8uhzKyBB1LUev6yFjVGBpVJZaEj,0.0,0.0,0.0,0.0,1.0,0.0,0.0,0.0,0.0
J1tChBAj7T9tCjZ1MT27WxZRH4e7UFZjUXHzf41FpvJB,1.0,0.0,0.0,0.0,0.0,0.0,0.0,0.0,0.0
J26GaFPkPQDwJXVAhoqjckMArfji6kkUNDFNpX6vwW4t,0.0,0.0,0.0,0.0,0.0,0.0,0.0,1.0,0.0
J2ApkRza8do84tHB8PzcmUhWgu3XrLyPYMfTGCKLe7Yy,1.0,0.0,0.0,0.0,0.0,0.0,0.0,0.0,0.0
J2CPy9nmccDPf48LSguCAjFfEBJQy2xdknrXNHBiyNmh,0.0,0.0,1.0,0.0,0.0,0.0,0.0,0.0,0.0
J2Q57YdpZ44A8kzUNCwEzfboLrq1SKqDHVWyRaknmmQq,1.0,0.0,0.0,0.0,0.0,0.0,0.0,0.0,0.0
J2fUq1LQjbV5dkDbGyN8g7FEEk8yqFyPr4dC8rDmZZuS,0.0,0.0,0.0,0.0,1.0,0.0,0.0,0.0,0.0
J2yqNLikCq76jw4b3dQ4BR97s4My94CP764qDvoK6kJh,0.0,0.0,0.0,0.0,1.0,0.0,0.0,0.0,0.0
J3s343krcfsqRAZezUNsFPmbTQjDVYSQMTfCbA2nzvyq,0.0,0.0,0.0,0.0,1.0,0.0,0.0,0.0,0.0
J3sN1jjzjngGQk8uVkFVGRjn4pbAcHTgMm9AMRPjQMRi,0.0,0.0,0.0,0.0,0.0,0.0,1.0,0.0,0.0
J4WdEQyT9SmK9hvF6gS5R2mie6zY9oW9t6PgCHB3KjK5,0.0,0.0,0.0,1.0,0.0,0.0,0.0,0.0,0.0
J4WuTaRot2cXd87jykjHFQ95zofYhwQ3RLCxHKwhJCUM,0.0,0.0,1.0,0.0,0.0,0.0,0.0,1.0,0.0
J4eKoEHFgnZWitZSeq2WkBnTB5XLf6WEumTzsybcco2G,0.0,0.0,1.0,0.0,0.0,0.0,0.0,0.0,0.0
J4f9e3zTvTgPSnmxX4pRb9S3vbFZCLFJcwkbpQZTEr7S,0.0,0.0,0.0,0.0,0.0,0.0,1.0,0.0,0.0
J4oqB1L5a9dm3TWXHgZVEeUPF6posgsn1taEjUj2LseV,0.0,0.0,0.0,0.0,0.0,0.0,0.0,1.0,0.0
J4xTS76rpX15fveqA4ciPdnP5YFS27DyfcP9fUMpbYoX,0.0,0.0,0.0,0.0,1.0,0.0,0.0,0.0,0.0
J58LW21NUVVR9JacgjzADTRvzQ3Z7hMw1hQu86u91JbF,0.0,0.0,1.0,0.0,0.0,0.0,0.0,0.0,0.0
J5BvSeYaxDP8Me9C6TpoUpT1iR6mkGXSEXmkq4cUuMDx,1.0,0.0,0.0,0.0,0.0,0.0,0.0,0.0,0.0
J5TFw2bm2HJmCK89Z1qjuFC4MHLeNaDL189CLRMyvAdS,0.0,0.0,0.0,0.0,0.0,0.0,0.0,1.0,0.0
J5ctd4JBsWuubz1arUSyZQ6tCMkyC7qfR6ZSrtHpppA6,0.0,0.0,1.0,0.0,0.0,0.0,0.0,0.0,0.0
J5dsuGiNyjYjj22yhD4xaa3UniVW33rRGtPFi1KQPVVR,0.0,0.0,0.0,0.0,0.0,0.0,1.0,0.0,0.0
J5mgGDHBUcCteFgQUwCqyTyzzKo9JbsSR1vKCfqm46DA,0.0,0.0,0.0,0.0,0.0,1.0,0.0,0.0,0.0
J5rrngVpoJhdht1my3ghA866Sxj39495UB8hkd6uyUv9,0.0,0.0,1.0,0.0,0.0,0.0,0.0,0.0,0.0
J6CoBVftpyzbfm9aNN3upgxvfrJpdRYAUEcEvX32Hm1H,0.0,1.0,0.0,0.0,0.0,0.0,0.0,0.0,0.0
J6KRQgZBMCHrh3chpfTbU47X63ir2hE5PeH8ZNUWnDBo,0.0,0.0,0.0,0.0,0.0,0.0,1.0,0.0,0.0
J6LWCBUu73BBz4LTJvMGWsp6ntMgntqyTCtqYzWFETmb,0.0,0.0,0.0,0.0,0.0,0.0,0.0,0.0,1.0
J6LZRJNSUfMgNx7qFgp4ZFMnV8hpWNnG4DJfBwGnjf7N,0.0,0.0,0.0,0.0,1.0,0.0,0.0,0.0,0.0
J6TVhGBBLA4z5AtHXtZ22SJN6CLU7yxtSaaq5ngyzgxg,0.0,0.0,1.0,0.0,0.0,0.0,0.0,0.0,0.0
J6vsTmKurkaVZYuNQSuNdPz34qSNJLKwHtuoh1iPKQNe,0.0,0.0,0.0,0.0,0.0,0.0,0.0,0.0,1.0
J7GQP9dEoBMSSzbmyXrJFPCzf3YHb9E2BykWNM5rZE6u,0.0,0.0,0.0,0.0,0.0,1.0,0.0,0.0,0.0
J7e8j2P7BFTS5bP1fJQhrJswZA5bnsou1ZiVBkYvDjWy,0.0,0.0,0.0,1.0,0.0,0.0,0.0,0.0,0.0
J8Jbdb3tQ1EZQ4K4C8H16AAS7Km72gseWGiBwx38WEGa,0.0,1.0,0.0,0.0,0.0,0.0,0.0,0.0,0.0
J8RpSiNV8CYm4eBKnA29EmxH5uD96i43xBNuZ2RWRAmf,1.0,0.0,0.0,0.0,0.0,0.0,0.0,0.0,0.0
J8SUvCgjajVHwG1tq9m1hnptSzxwgRt1C4G2c6ht8DaT,0.0,1.0,0.0,0.0,0.0,0.0,0.0,0.0,0.0
J8e4YdvpaA8BjX3dDcPHYgYuGA7NXEvyuFYLMYhRf2sa,0.0,1.0,0.0,0.0,0.0,0.0,0.0,0.0,0.0
J8jwAj9KppTNJdxmqq7omLLZ4obNUCz6GuMHCbPLosYw,0.0,0.0,0.0,0.0,0.0,0.0,0.0,1.0,0.0
J8m3e5G7c77rj13H1zSPXExUvtzMLSyqq1i94duvwLz2,0.0,0.0,1.0,0.0,0.0,0.0,0.0,1.0,0.0
J8oAzDxrLzih8ojRYTRKST92Nb66rG75MSHCQVqeLa5T,1.0,0.0,0.0,0.0,0.0,0.0,0.0,0.0,0.0
J8sGmDAe8vZuzTZmYC9s26U8BXbjDSD8JfZHsnpz893L,0.0,0.0,0.0,0.0,0.0,0.0,1.0,0.0,0.0
J8v4yVqXEgAJrZC5sCrEP9BhQvPmcsCBcZWBoCG126uv,0.0,0.0,0.0,0.0,0.0,0.0,0.0,1.0,0.0
J93Rd5V269ecexSBzdHwnCxCWnazTPJWGiWgEmcNW4gL,0.0,0.0,0.0,0.0,1.0,0.0,0.0,0.0,0.0
J9JnQfR3irVHii3F6hhT2dphcbGjdUMYumvs3UNsP9Uc,0.0,0.0,0.0,0.0,0.0,0.0,0.0,1.0,0.0
J9NLBqZBPqwqLEW7D9Vun9cY6Ri3igfU3GtRSxwEX3S7,0.0,0.0,0.0,0.0,1.0,0.0,0.0,0.0,0.0
J9Wj5rjp7w4y8YCb2VA6hJKZr1Gxvrqc5zqpVsSXW5kq,0.0,1.0,0.0,0.0,0.0,0.0,0.0,0.0,0.0
J9ohoLmjrWvT4p7Wm3UvcpuDZNJMetYtGnWcvU6qSwyc,1.0,0.0,0.0,0.0,0.0,0.0,0.0,0.0,0.0
J9uuTTC5XZKdTLX9SzYcJ5gLUDqMykcGXVcfmbdgU3cP,0.0,0.0,0.0,0.0,0.0,0.0,0.0,1.0,0.0
J9vkmgMarN3veFkKfAGCoDKx7HTHt9RdsgZmppzJis1U,0.0,0.0,0.0,0.0,0.0,0.0,0.0,0.0,1.0
JA6pd9ef8gRRfo3ouoHuCY3YZoQfKXRi6ixAp25yzKXg,0.0,0.0,1.0,0.0,0.0,0.0,0.0,0.0,0.0
JA7wffqXLgsFvbPPm8kd9z1rJSSBAWUf9gqHt6wt1ySA,0.0,0.0,0.0,0.0,1.0,0.0,0.0,0.0,0.0
JAET6fJs7wAAk2WrUJcypqURDXPqfowPhwBuRNfy7QS5,0.0,0.0,1.0,0.0,0.0,0.0,0.0,0.0,0.0
JASB9EhadBA6NBYhdqog5Wf2cD2rCVscXKN43uivHwqs,0.0,0.0,0.0,0.0,0.0,0.0,1.0,0.0,0.0
JB9ewxYZQgLvTxC5CtKpdpWqcFWrn3FqEzKsWzVfUubN,0.0,0.0,0.0,0.0,0.0,0.0,1.0,0.0,0.0
JBArDAQnUhQnwZWJux9ScY3DNoBE63mXMqK5UY51RiKV,1.0,0.0,0.0,0.0,0.0,0.0,0.0,0.0,0.0
JBKBTneY5d2LiEBmZRqMsBENaKa5fE7cfurctsqUQfJT,0.0,0.0,0.0,0.0,0.0,0.0,0.0,1.0,0.0
JBdLDpkhX3WLMrFQWM5PWzqd4nREeWf8r89bVgKMbbTm,0.0,1.0,0.0,0.0,0.0,0.0,0.0,0.0,0.0
JBhaYaVrvM7pSzoDBAE2FcjGW2NoKg4kR8u43aeCTjVA,0.0,1.0,0.0,0.0,0.0,0.0,0.0,0.0,0.0
JBopfQCo8RWDXt5U62qcJkvhSxFssML8s8cEYQy9y14p,0.0,0.0,0.0,0.0,1.0,0.0,0.0,0.0,0.0
JCKa72xFYGWBEVJZ7AKZ2ofugWPBfrrouQviaGaohi3R,0.0,0.0,0.0,0.0,0.0,0.0,1.0,0.0,0.0
JCPSNKa5R8gyszdPnej8MajQdEnP8gXSErtc7B5KV1dK,0.0,0.0,1.0,0.0,0.0,0.0,0.0,0.0,0.0
JCVMNriqnEmB1ak4LbxxT6vwL4Hd4uLLa1qRXazaPPov,0.0,0.0,0.0,1.0,0.0,0.0,0.0,0.0,0.0
JChvovSCgtNXMqzV6RAMeiopCnGTYjNWCnEL9PCFSGyM,0.0,0.0,0.0,0.0,0.0,0.0,0.0,0.0,1.0
JCzXBM6H9Y2SScZghGEponY3uV4jHDbM4FD3MX1hkkQQ,0.0,0.0,0.0,0.0,0.0,0.0,0.0,0.0,1.0
JD9KNiSue1S7jcaKWV1vrSqKQisMte1MP9dqR8VmsbZN,0.0,0.0,0.0,0.0,0.0,0.0,1.0,0.0,0.0
JDLr2w2Ka4nBpbdvuoehuQfZR8nnnb9DPZxVGTpauJ4V,0.0,0.0,0.0,0.0,0.0,0.0,0.0,0.0,1.0
JDXGDxR8qpPaEcQuBtbp2eCRPDFqzdCoPYX3eEvRxM9,0.0,0.0,0.0,0.0,0.0,0.0,0.0,1.0,0.0
JDZseF3YSAu6AvgvtJjWrA1QHcc24qaCbGhoZRtuA2HK,0.0,0.0,0.0,0.0,0.0,0.0,1.0,0.0,0.0
JDwzq9Db3YBWfEP2GMroSCzZkXHzXrEbDj3zCAAPvPQF,0.0,0.0,0.0,1.0,0.0,0.0,0.0,0.0,0.0
JDxmKrFMTwCSQUcNmQVA9aWDZKkHstFQiVqvSGuD9jgN,0.0,0.0,0.0,0.0,0.0,0.0,0.0,1.0,0.0
JE1siL4ufRdnB4esFTvTnBtpFEft176G8Xv6waYeK7yC,1.0,0.0,0.0,0.0,0.0,0.0,0.0,0.0,0.0
JE6nG4xzqUp4cseoQZW9ogp12ZKuf4kg4RzUbCtWuQbh,0.0,0.0,0.0,0.0,1.0,0.0,0.0,0.0,0.0
JEFAiR2CqYa3f9EbD66PPkq9gvKazWgxSGMsstFMJgPj,0.0,1.0,0.0,0.0,0.0,0.0,0.0,0.0,0.0
JSMqYKokky2TxPNpZFncWGrNX7v4oCj4K6X3ZPG87pf,0.0,0.0,0.0,0.0,0.0,0.0,0.0,0.0,1.0
JamLsvU3GFiYTNjvUptXeSdEBLp4WfwtuJXu2HsPBw1,0.0,1.0,0.0,0.0,0.0,0.0,0.0,0.0,0.0
Jj4u7DaX1trAy3jNXPVjRTEnYL3LLQb1N58Ly6QS8k9,0.0,0.0,0.0,0.0,0.0,0.0,1.0,0.0,0.0
K49SMrZDdhPRQpHSasA9GnH8wpAUpcMP5jRG28Ytzsm,0.0,0.0,0.0,0.0,0.0,0.0,0.0,1.0,0.0
KAe1owj3B4E9uCJY8VPFR7m9c7rJXCbAVpJNpZCt2he,0.0,0.0,0.0,0.0,0.0,0.0,0.0,1.0,0.0
KH4kdCRETYrroxtGKxrZN4oYx425tjhx6yGGz6bbtUP,0.0,0.0,0.0,0.0,0.0,0.0,1.0,0.0,0.0
KLjXVWYfLA1cSbwJacfduQZvGbTmF65Xu7oq651RXqW,0.0,0.0,0.0,1.0,0.0,0.0,0.0,0.0,0.0
KTAFTsJnMcvujn2UEFBSEayTfn64XP3pD8VKWovfkxQ,0.0,1.0,0.0,0.0,0.0,0.0,0.0,0.0,0.0
KX5a9nepkXP2yQAx4F9VApcGMQLh4bqdkgEM42EBsVe,0.0,0.0,0.0,1.0,0.0,0.0,0.0,0.0,0.0
KcdpZ5J4zLJv1Z3xyQYZ9DtBQmj1MDbtv5b3s2YJez1,0.0,0.0,0.0,1.0,0.0,0.0,0.0,0.0,0.0
KeLYiKVxZKd3oXPoojJevXRwr5gpRVEgznv4ecmsvmL,0.0,1.0,0.0,0.0,0.0,0.0,0.0,0.0,0.0
KgV8trJAaPsQSsSjjq3c6B9XC22GVQvJ79uaBBotMJu,0.0,0.0,0.0,0.0,1.0,0.0,0.0,0.0,0.0
L4CDQwG3yAmyUmLaBWYRPCPVmMYsX9NVQKkgh6BMjKt,0.0,1.0,0.0,0.0,0.0,0.0,0.0,0.0,0.0
LCmbYLT6jEJYL7a4GdQ8y1x2SEy74EhyvrMKMsL3BdC,0.0,0.0,0.0,1.0,0.0,0.0,0.0,0.0,0.0
LKGVG2qu8ViftriJiLTYknWKtuTvnGz8NouhHKHGZt1,0.0,0.0,0.0,0.0,0.0,0.0,0.0,0.0,1.0
LNXA18vNoWB2xJeDSKAC3sD7rxZ7WEg4zhxbkNmZjiq,0.0,0.0,0.0,0.0,0.0,0.0,0.0,0.0,1.0
Lf9ce17TCM3EWFYZhWnvSLo6SMPusuWZrvjFdp5qzLf,1.0,0.0,0.0,0.0,0.0,0.0,0.0,0.0,0.0
LfJHiwpLDWdqNwkKq7P1dJSkDroZAjQzsPkanHZ9bZL,0.0,0.0,0.0,0.0,1.0,0.0,0.0,0.0,0.0
MDfuZdycJqQ5CJZMVkt71KgsTMTQDxoR9U8YKvZGgVz,0.0,0.0,0.0,0.0,1.0,0.0,0.0,0.0,0.0
MMCr6qA3gg514ZvpVrCb7SjjQpgAjBdTQhadvQE36gX,1.0,0.0,0.0,0.0,0.0,0.0,0.0,0.0,0.0
MR6LNN1rYJWhp2is7rdKDpLseRJrQrRymYKQqSnD3Rg,0.0,0.0,1.0,0.0,0.0,0.0,0.0,0.0,0.0
MTMLVm5z61mCN5xcbWHheL9VH2KSNYw5HvVwZw175v6,0.0,0.0,0.0,0.0,0.0,0.0,1.0,0.0,0.0
Mbvkc694dxuijt3QYM84tzMhP97R8VC4KcK8MPAPPi5,0.0,1.0,0.0,0.0,0.0,0.0,0.0,0.0,0.0
MdfBZuJeReJGopvcWGYAQTDU2qdFVVaTMdnTzkuda8N,0.0,1.0,0.0,0.0,0.0,0.0,0.0,0.0,0.0
Mx1oGCzQeSYEW2p4ivaNcepzCjjqxwvZZm29hW9CQwn,0.0,0.0,0.0,0.0,0.0,0.0,1.0,0.0,0.0
NGDxcnaYTTDmCxis8d87VDFQy4v7tkjpr27m5tH2NSC,1.0,0.0,0.0,1.0,0.0,0.0,0.0,0.0,0.0
NMnh1gSaTYLhZjadfJ5haaj4wGSVRnTGk1gXjTgMpfe,0.0,0.0,0.0,0.0,0.0,0.0,1.0,0.0,0.0
NWKir4sLXx9p5FGerpSKAMPYzFaKVmKzQJJWS4357e1,0.0,0.0,0.0,0.0,0.0,0.0,0.0,1.0,0.0
NWYT3PAKnpYHz2Dy9ePtbtA7hunk5LcS1gSt5qqHQmA,0.0,0.0,0.0,0.0,0.0,0.0,0.0,0.0,1.0
Nqx4t6uNMhXwTzye8tzstHGhTuLqFLvhoH9LBz2vaQb,0.0,0.0,0.0,0.0,0.0,0.0,0.0,0.0,1.0
NvQ3E7UnK6GHcP6k677k65EipUKLQuKQfHdLcrcknXe,0.0,0.0,1.0,0.0,0.0,0.0,0.0,0.0,0.0
PMDRAPwJZsyDJDMpvRm44mJ2yHeRzE2z2bSz46gFeyC,0.0,0.0,1.0,0.0,0.0,0.0,0.0,0.0,0.0
Pgv4keMobzEp23hnWshyDXRTZzo6tJtaVBL1eQ1MVpd,0.0,0.0,0.0,0.0,0.0,0.0,0.0,1.0,0.0
PhPDthx4zyK9RTjgnMbS9WrWrzKqN2Un39cA54ZtERV,0.0,0.0,0.0,0.0,1.0,0.0,0.0,0.0,0.0
PmScK7dn2rqdVALpWLhghHemQu2A3B2c7YoT6Rr6Deo,0.0,0.0,0.0,1.0,0.0,0.0,0.0,0.0,0.0
PtvxzviJscvnvm9vrMdRF14aPXXYb3NsQkjhfPgNPnf,0.0,0.0,0.0,0.0,1.0,0.0,0.0,0.0,0.0
QHhLJkmJZKivveFNHHuCsTeNZ5TtXajTA58VcFS6Bx8,0.0,0.0,0.0,0.0,0.0,0.0,0.0,1.0,0.0
QLnfhA79NxRqxwE2V4LXnq8Jv5sKLjDGWxJrDPgHiSj,0.0,1.0,0.0,0.0,0.0,0.0,0.0,0.0,0.0
QePeMFJ7dELn8Foy1JdrpFpkHin9qcwByDNvBXKF9wv,0.0,0.0,0.0,1.0,0.0,0.0,0.0,0.0,0.0
Qg5wyLrSCWp9S33pg7UZwAk1sWPenrhio2nkuqSYxc1,0.0,0.0,0.0,0.0,1.0,0.0,0.0,0.0,0.0
R3an7PugB5bJD1QzrhijzPX59BhnFvkWfRM7LWmf2KP,0.0,0.0,0.0,0.0,0.0,0.0,1.0,0.0,0.0
REDBUcou7rv5M435b7zz9nsgWHbfNZqSrfdJxFasKrN,0.0,0.0,1.0,0.0,0.0,0.0,0.0,0.0,0.0
REDBUt2A3xz2jpncmJ4LyvEVHZYwRGPwyLAhtiskKSk,0.0,0.0,1.0,0.0,0.0,0.0,0.0,1.0,0.0
RYi9HDp1vfhh2jeseXc3rdATenfVaY23yirYxi2YXNi,0.0,0.0,1.0,0.0,0.0,0.0,0.0,0.0,0.0
ReG18pZDBUNXLTQ5mxD3xDZdQjW2ycpyJoF6vhqoYva,0.0,0.0,0.0,0.0,1.0,0.0,0.0,0.0,0.0
Rk1u8snaJi5WXKEHkpY3z6Z81ipHU5Agtc9UkSC2q3o,0.0,0.0,0.0,0.0,0.0,0.0,0.0,1.0,0.0
RkbC2YnMh2SaBjZzRVcnpaPPETmQFvGQykW3GRjgFXm,0.0,0.0,0.0,0.0,0.0,0.0,0.0,1.0,0.0
RtguRrm5yBqK1hy6yHibSe3nMQPZSKfYHdFau3PxLDr,0.0,0.0,0.0,0.0,0.0,0.0,1.0,0.0,0.0
RyRWnoWtkQ1eVmDE29HU9bgnEmG9kGVzCTebWFGLQAt,1.0,0.0,0.0,0.0,0.0,0.0,0.0,0.0,0.0
RzffJvbvEPvs8w3KHWr757SA7adaLcFTzSaEtV7uj8f,0.0,1.0,0.0,0.0,0.0,0.0,0.0,0.0,0.0
SCaMrbx78vrpnTqWQciphGYKhLHCE9KfQrSWxdcZvHP,0.0,0.0,0.0,0.0,0.0,0.0,0.0,1.0,0.0
SEN1fhwBn4Fqvdaw5R4M12DG6az5p6a3eiJYJyzE8UH,1.0,0.0,0.0,0.0,0.0,0.0,0.0,0.0,0.0
SFP5BWJhGGv11uapUL76hPiRKtdQc8gTd3QomW7kQ2i,1.0,0.0,0.0,0.0,0.0,0.0,0.0,0.0,0.0
SMccMeu6SvHUiJ49AtiBhtU9jiud3nrii4MAWNYMUk2,0.0,1.0,0.0,0.0,0.0,0.0,0.0,0.0,0.0
SbxN9XpRB8CAZXoq8c4F7SWsJ8DwYFppgtfULfsGVUj,0.0,0.0,0.0,0.0,1.0,0.0,0.0,0.0,0.0
SrTwFEYxLSi23GeyAXXk35zPjG1Mpii28GpDKGJZVw8,0.0,0.0,0.0,0.0,0.0,0.0,1.0,0.0,0.0
SzAsQhKgsCdAELk3HwU4ecnMC84QECDktCcuT1mifw2,0.0,1.0,0.0,0.0,0.0,0.0,0.0,0.0,0.0
T2EuEFkYwB1b1mRfzCvJoEoMUMWzLtTqc1fP22uyqef,0.0,0.0,0.0,0.0,1.0,0.0,0.0,0.0,0.0
T6HQKWhLdKa4GXrLGKtrrsdx6jaqGNWG3MhkRHsomWP,0.0,0.0,0.0,0.0,0.0,0.0,1.0,0.0,0.0
T8PsTWK91VncW2W622SxXebsQu1j3y5jA4umBHQeYu6,0.0,0.0,0.0,1.0,0.0,0.0,0.0,0.0,0.0
TGRuVB7Z5RBHuqWr6D38oo1FHJ9TsmFASJaz2SLVoJU,1.0,0.0,0.0,0.0,0.0,0.0,0.0,0.0,0.0
TLGfbnpUJtY3W3Vaqm8FfTTjZosoTzs5Fni9RdpLTd2,0.0,0.0,0.0,0.0,0.0,0.0,0.0,1.0,0.0
TTUCrpAPSWJSC8t8qtcmhuAfXowV2FtR7UuW3hRyAhQ,0.0,1.0,0.0,0.0,0.0,0.0,0.0,0.0,0.0
TYj4yMCSyJH2jmdxaJnchgDuyYNRsttSbkuGoEGJ5kD,0.0,0.0,0.0,0.0,1.0,0.0,0.0,0.0,0.0
ToNY7KKnVDYiVpMCCCwiyo19iHBEUha7BZ1zkAmud7a,0.0,0.0,0.0,0.0,0.0,0.0,1.0,0.0,0.0
Tv9o5Mty28JXs2QitL8AJHH7nRZ11jhiLACazSP6BtL,0.0,0.0,0.0,0.0,0.0,0.0,0.0,0.0,1.0
Tw125LsBr2iWWiRbjMmocQTkwVYTcmwSa2f3CVD4cgS,0.0,0.0,0.0,0.0,0.0,0.0,0.0,1.0,0.0
UCRKtVHZuaxgkaQbMBXzEmL8dRHUWxo1qy2pmCRQqaR,0.0,0.0,0.0,1.0,0.0,0.0,0.0,0.0,0.0
UGN81iXDACqYgjmZyHacvQ5HvDHngrJGC65hMhrCp8T,0.0,0.0,0.0,0.0,0.0,0.0,1.0,0.0,0.0
UHFsHh9trG538evUnJGDEqa71HDLcFT2T9DRRgpyibu,0.0,0.0,0.0,0.0,1.0,0.0,0.0,0.0,0.0
UJDC6wstgNESvCccY6ECoCqvkTgq3HWKdSoHWL3timi,0.0,0.0,0.0,0.0,1.0,0.0,0.0,0.0,0.0
UyMgTaRv49Xjng7UsxUazqAhmKvxEzdWabfYdn9tNPm,0.0,0.0,0.0,0.0,0.0,0.0,0.0,1.0,0.0
V3TxPFZ6DHwLZdZeHKpvvQpcKFsSKzreG6cPHVY9EG5,0.0,0.0,0.0,0.0,1.0,0.0,0.0,0.0,0.0
V6jcEgCQ9N8oR2cfYW8br5MxPtWVNqCDi3dHza2GfWC,0.0,1.0,0.0,0.0,0.0,0.0,0.0,0.0,0.0
VSjpb4n4tnbEnRrE7ZpjXnEkY92npB6SBcYM1srMRFv,0.0,0.0,0.0,0.0,0.0,0.0,1.0,0.0,0.0
VkwYd5xkEpsfaBNbnDde7uagnALk868LHRAHy5d8Dgx,0.0,0.0,0.0,0.0,0.0,0.0,1.0,0.0,0.0
Vptzyf7RktLEmgQVwen4K8SHBRBasR5WbNbShcyDTJ8,0.0,0.0,0.0,0.0,0.0,0.0,1.0,0.0,0.0
VvF1i3dhSskMoHMgQq9yqyCX5g7Mz7FefudFae8tp4Q,1.0,0.0,0.0,0.0,0.0,0.0,0.0,0.0,0.0
VvcvxquhETeFbbH8xQRD8SjCjh8Ky3srqDfJeMVWdJX,0.0,0.0,0.0,0.0,0.0,0.0,1.0,0.0,0.0
WBkHkCcQY1mH3824dcUFpDU5MNGwJ1cPTUHji2GNZKy,0.0,0.0,0.0,0.0,1.0,0.0,0.0,0.0,0.0
WFfNqe2ZCAaksBKqSjFjBjXkEovGQ8QgqQD9QKsToTF,1.0,0.0,0.0,0.0,0.0,0.0,0.0,0.0,0.0
WMYbAXe6htom1GKA6BHnAQhQKL5bShMhzUJHr9H64Jc,0.0,0.0,1.0,0.0,0.0,0.0,0.0,0.0,0.0
WcpprVSQqt7ZEWwsCi1y95g6vnPBcfR8Sy3mGDPzhyK,0.0,0.0,0.0,0.0,0.0,0.0,0.0,1.0,0.0
WjRotdAnjPE2RhuZExCHDYmBnZxR8kEqvbXDVrjabxX,0.0,0.0,0.0,0.0,0.0,0.0,0.0,1.0,0.0
WjqWbdmv81gr8C9ipLUAXg9GwNVcnEM6r8S8eUb1ood,0.0,0.0,1.0,0.0,0.0,0.0,0.0,0.0,0.0
XHfgE7BGCxE13ETwH3CAkB665VFEEMSQQx5bvYN4ipG,0.0,0.0,0.0,0.0,0.0,0.0,0.0,1.0,0.0
XYTe8y6anQtc6gD5a1svSaAh8BF15T52Z9iHGWYUvbi,0.0,0.0,0.0,0.0,0.0,0.0,0.0,1.0,0.0
Xppztujd6sWTQni8ZNBy9jTcvAmC5Mba9pqcpUd4U9M,0.0,0.0,0.0,0.0,0.0,0.0,1.0,0.0,0.0
XqGssFH1coBvwnPwQgNEWRg9FvXVz37QC4195LvRPPu,0.0,1.0,0.0,0.0,0.0,0.0,0.0,0.0,0.0
Y2U1MLUpQ9QBvVU8q2mVnvtBU3KdvkRsGM92J6Qtbpg,0.0,1.0,0.0,0.0,0.0,0.0,0.0,0.0,0.0
YCarorBafTkA46BQBGY6MhJNht6vVi4qUS9XWRaSsGo,0.0,0.0,0.0,0.0,1.0,0.0,0.0,0.0,0.0
YKwb2A1KqkNmxU66yxXT7DuWhYRkQMmk5UcaEYEDoJa,0.0,0.0,1.0,0.0,0.0,0.0,0.0,0.0,0.0
YYepJ5WYjsxMNLrqm9tanDDBxGdGZb9KFu715g4qDPE,0.0,0.0,0.0,0.0,0.0,0.0,0.0,1.0,0.0
Yh4nc8bKRi9kzxPzcHKPDaxQS1xrCWP7mwj82wBVun8,0.0,0.0,0.0,0.0,0.0,0.0,1.0,0.0,0.0
YmtTV5FENVX5U2jY4zy5RsNEGvr8xSDriTZTqHrW7vD,0.0,0.0,0.0,0.0,0.0,0.0,1.0,0.0,0.0
YuruALZ9fbswR1FCY4wKDkKNt7K8evULkxfrqZMEL1n,0.0,0.0,0.0,0.0,0.0,0.0,0.0,1.0,0.0
Yw7RAZqhQuyFtThetDL4pZd9wDNWzsZ7Ha2BL8dbyYq,0.0,0.0,0.0,0.0,0.0,0.0,1.0,0.0,0.0
ZCJY3LxTRVzy6sqRYpzgGZVHaiPdgnwTugnZaRAz36n,0.0,0.0,0.0,0.0,0.0,0.0,0.0,0.0,1.0
ZEyvUA8WVKLguKdwFXyAvWHs8trZLAudMYWXw5gZgKK,1.0,0.0,0.0,0.0,0.0,0.0,0.0,0.0,0.0
ZJ5cZdFg6BLtTZNcVSjK88o66TaEsQ2iDEUuKRDwvRy,0.0,0.0,0.0,1.0,0.0,0.0,0.0,0.0,0.0
ZfK8pzTxjytoseEEDeTA7QpapYaZUupjJ4G53TYPFar,0.0,0.0,0.0,0.0,0.0,0.0,0.0,1.0,0.0
Zrumzk7TbUpHNNc8gPaSgZqjndDhMijFb1hngYu5orD,1.0,0.0,0.0,1.0,0.0,0.0,0.0,0.0,0.0
ZsGaD7GULt9iNx4PEW1CELiWG3HrWJwjfaWcRc7K7df,0.0,0.0,1.0,0.0,0.0,0.0,0.0,0.0,0.0
ZyNJaNrY1EA6k8HUUPZHqVuMZCwh89rFzUmwemfXanX,0.0,0.0,0.0,0.0,1.0,0.0,0.0,0.0,0.0
a5VjJaYvhwPRUGLJhAg8crg18zUVLuHkE7KjDAkhah5,0.0,0.0,0.0,1.0,0.0,0.0,0.0,0.0,0.0
aBH4PpAofH5PyiA6WjU1RoSbEdNxWn6g3J7tppiK4DS,0.0,0.0,0.0,0.0,0.0,0.0,0.0,0.0,1.0
aHN2V9AsXJiSYwPHkMBdcH3Ho8UbPun6EvbzjwjFoUA,0.0,1.0,0.0,0.0,0.0,0.0,0.0,0.0,0.0
anCrzGARxxGnAJ6MGwwehMMAxvziPm7G3ncWzZY7Neg,0.0,0.0,0.0,0.0,1.0,0.0,0.0,0.0,0.0
bFy87dgJHPKcw2UKyXA7oi9suJngtkcc3CCAshJa18f,0.0,0.0,0.0,0.0,0.0,0.0,0.0,0.0,1.0
bJ9VyZAx5XSADSQyQbmcbB1AYUiWZmSRUPVNAZAH9Je,0.0,0.0,0.0,0.0,1.0,0.0,0.0,0.0,0.0
bNY1CUdpd9ZNHBJMvy7N2VAMLookJvfKRhvYobuKEPB,0.0,0.0,0.0,0.0,0.0,0.0,0.0,0.0,1.0
bbxhdC7DBUuiThuBfge7858LRWoT8BaoXX4zRicB4dZ,0.0,1.0,0.0,0.0,0.0,0.0,0.0,0.0,0.0
c4F56yetEA8MquPJfRE3ua58TYZrNZAH4RTwb3xSMfy,0.0,0.0,0.0,0.0,0.0,0.0,0.0,1.0,0.0
c7LWoMyzsk4QFwXYdr5vyu13Hy3EBnMV1SE9jc97Rd7,0.0,0.0,0.0,0.0,1.0,0.0,0.0,0.0,0.0
cEzRfiXAJoacTfdVQiZgMxDKwL8539BsxoVehkopCMx,0.0,0.0,0.0,0.0,0.0,0.0,1.0,0.0,0.0
cRo9WLFgfDzwVs9j1vFNiY8DJin4tcTt2MVBbT5cHvb,1.0,0.0,0.0,0.0,0.0,0.0,0.0,0.0,0.0
cSy25hSnMAX1mQeKrr4A4RNubd77k4mQxJ5qSjAjiHg,0.0,1.0,0.0,0.0,0.0,0.0,0.0,0.0,0.0
cW9nMFSStCLg8NfUukezFajvKB8UZi3VTNq7jBu8yvU,0.0,0.0,0.0,0.0,0.0,0.0,0.0,1.0,0.0
cXKqMh4FnSKrEzcKaWLyc7SUXPJk5sKTfDyR7FimfgK,0.0,0.0,0.0,0.0,0.0,0.0,0.0,1.0,0.0
d1Wh22WRHEhjkXmdQBJ47aoh6JR4AjemKHDVw5GZjDo,0.0,0.0,0.0,0.0,0.0,0.0,0.0,1.0,0.0
d9e7GowpyjaYghLd1X3YACpNU1X9usgTefY3wWPk6Ez,1.0,0.0,0.0,0.0,0.0,0.0,0.0,0.0,0.0
dEqtgtade6yJzXuG7Fw9nSh9PtmYjwWeispeR8A9NjV,0.0,0.0,0.0,0.0,0.0,0.0,1.0,0.0,0.0
dGFmKNZmhxHpxS1Q1KEPfziemeYWiZi1DwsQR9qrMUV,0.0,0.0,0.0,1.0,0.0,0.0,0.0,0.0,0.0
dKMjeGJ4Mk9S3hxdfTThvZ7exks2xMwWqSM5NvN2CTK,0.0,0.0,0.0,0.0,0.0,0.0,1.0,0.0,0.0
dLSd7cU99QmeungwUGmbjWpLU2iaqQBwDmxBMahTZK7,0.0,1.0,0.0,0.0,0.0,0.0,0.0,0.0,0.0
dSKHhVhvrPXu86EpFw8u2c4xPSstFus5EzXXaNLYkFv,0.0,0.0,0.0,0.0,0.0,0.0,0.0,1.0,0.0
dbpaBt8EvN7pGauU5RMjDspEhXiRXd5zDofwDCvzmLe,0.0,0.0,1.0,0.0,0.0,0.0,0.0,0.0,0.0
eJLPuRWht4aMEwXJgwqve2PQAEvvPvpWnDMW4UajHEB,1.0,0.0,0.0,0.0,0.0,0.0,0.0,0.0,0.0
eLZXLDK5vvf46zqfjTnEdcfbv88cnAGJrNdHFHoD9CG,0.0,0.0,0.0,0.0,1.0,0.0,0.0,0.0,0.0
eTpYZwyaPHpNv4dEojVvwF1DTjoWSjSDjxuCFC3jr8F,0.0,0.0,0.0,0.0,0.0,0.0,0.0,1.0,0.0
eeWzXruQDTwdRdbSjBCnWbCu82KbC4jZ8rqabXhWL5M,0.0,1.0,0.0,0.0,0.0,0.0,0.0,0.0,0.0
ek8XuouNnyU6JkP8Kf1nC6Ui8GQjBvNwRmd5hK2Ts2Z,0.0,0.0,0.0,0.0,1.0,0.0,0.0,0.0,0.0
eudsaNnKHTeFFLs6pQWxSJoNPsTRrPFp2AhwaWipMvY,0.0,0.0,0.0,0.0,0.0,0.0,0.0,0.0,1.0
ezob8ZJfE1ScXLMSVEZRvzXwBWEZNAQYvRkH5QQLbth,0.0,0.0,1.0,0.0,0.0,0.0,0.0,0.0,0.0
f2qk1y5pvNVoLLJnZjBqtu4LVn7oXQdqTHvNXtsArwR,0.0,0.0,0.0,1.0,0.0,0.0,0.0,0.0,0.0
fFAR1Fe7zZjwNjcEeLnh7KQGQECaMs3J2VH6ahThWiN,0.0,0.0,0.0,0.0,0.0,0.0,0.0,1.0,0.0
fHfX2oqheW9BHAtkyDiFxzPcxXZCzBxqicQNKze2eC5,0.0,0.0,0.0,0.0,0.0,0.0,0.0,1.0,0.0
fdntanXsXDodWJbGyfyzRY3WTAkzsYQTy48sPf15tVn,0.0,0.0,0.0,0.0,0.0,0.0,0.0,0.0,1.0
frTGuygRRftm9u5hjH46LqpdKsv5F4oJEZP8naFS7Rx,0.0,0.0,0.0,0.0,0.0,0.0,0.0,1.0,0.0
fuBEE1cArso4GqHE4NDz9d4pMSFDSJkadPesBMiMP12,0.0,0.0,1.0,0.0,0.0,0.0,0.0,0.0,0.0
fyhnBTURo8De4LPazVh95MXy2KsuAqxVQ86RUJ1b48T,0.0,0.0,0.0,0.0,0.0,0.0,1.0,0.0,0.0
g3AxEpcbi2CqBYkjwF92fEzRiQC39rz9Y3FfgaLiGFM,0.0,0.0,0.0,0.0,0.0,0.0,0.0,1.0,0.0
g8J7SWGYyAKFKfXGjbR2oormaG5s942wKE5mhvf4MtV,0.0,0.0,0.0,0.0,0.0,1.0,0.0,0.0,0.0
gCHZYDEAoC3Vq5YKacqLs7wMvqU3DZC6NRiTh1smosg,0.0,0.0,1.0,0.0,0.0,0.0,0.0,0.0,0.0
gD9G9cjkW65h4zLyz3u9NMfZt46qTQqsgRdSd1YLeUm,0.0,0.0,1.0,0.0,0.0,0.0,0.0,0.0,0.0
gcrTfQPKVFepMFP9xSAuwo52qS52RGgChg24K9prrdx,0.0,0.0,0.0,0.0,0.0,0.0,0.0,1.0,0.0
gepotmyxwBARx2DvAPMpMUqDcA3DMDsjrhqawyPUzvr,0.0,0.0,0.0,0.0,0.0,0.0,1.0,0.0,0.0
gqjRwsro4t7FgwJdKkApPLRPs2KTfCKekPGkCoDnbfE,0.0,0.0,1.0,0.0,0.0,0.0,0.0,0.0,0.0
h8wAEca4nAkHf99QvvekELzNtFYCpZfFa3YhBKksnos,0.0,0.0,0.0,0.0,0.0,0.0,1.0,0.0,0.0
hDXGUPwWr2NAF4hhU6jigxBYMi7XqFdDmRXQbSRCdKS,0.0,0.0,0.0,0.0,0.0,1.0,0.0,0.0,0.0
hMRNJLQXqdJzSyvyjnB3GpRtx47WxtyRZJaJehN5kgf,0.0,1.0,0.0,0.0,0.0,0.0,0.0,0.0,0.0
hsc86ncDRczJ8BzFmFYRpMuezVELz75FNsTwTuMJm77,0.0,0.0,0.0,0.0,1.0,0.0,0.0,0.0,0.0
i7Uf8zrxzhEmbzUCsW2hT5T4hbNjs6uWcmrAWsh3zR9,0.0,0.0,0.0,0.0,0.0,0.0,1.0,0.0,0.0
iFhRoGxESERMtx2xLxYVXS1PmxE3NeRfkk7RzFm7AQH,0.0,0.0,0.0,0.0,0.0,0.0,0.0,0.0,1.0
iMokGzJPRwzaQt3eNxwbGURjmF5w23XgQxWwFMXF2Pn,0.0,0.0,1.0,0.0,0.0,0.0,0.0,0.0,0.0
iVRL5ggLVF6xYqM9qBF89nsn1M5qm8CarRpeN3CFY88,1.0,0.0,0.0,0.0,0.0,0.0,0.0,0.0,0.0
iW3D4TU28CKmqxgpAVW7zSNwKJWEjvsG1h5ojdJP6QY,0.0,0.0,0.0,0.0,1.0,0.0,0.0,0.0,0.0
iWQ4xfJuwrLq1oXs5mtF7asVPzAdv79At4bbCt6oGAz,0.0,1.0,0.0,0.0,0.0,0.0,0.0,0.0,0.0
ihG5Ck3oDMoG6pfFVxTfawNxkxgFQ4yn9sMCmwBZ4UH,0.0,0.0,0.0,0.0,0.0,0.0,1.0,0.0,0.0
j1wSwhZykMq181hpQB6kYdoBhvvkwMA5V8PfsUhLjXJ,0.0,0.0,0.0,0.0,1.0,0.0,0.0,0.0,0.0
jBFjFBDN2pkd5C6p9mNDvvpvcaAGonZJfTZevDJkAgM,0.0,0.0,0.0,0.0,0.0,0.0,0.0,1.0,0.0
jmemehQbZXX7QqNE7Eyi81MdTZw6cEAT6TU4Kinwtru,0.0,0.0,0.0,0.0,0.0,1.0,0.0,0.0,0.0
jq5p2HbWXbWDXYccqtqny3ZaoNyEBbJPeoGMfa8Bb5A,0.0,1.0,0.0,0.0,0.0,0.0,0.0,0.0,0.0
k6nkCKWBZEX8g3NCjZdWB1ipjwextcXx9wyYiE5yyrN,0.0,1.0,0.0,0.0,0.0,0.0,0.0,0.0,0.0
kLfQnFGnKX4aqGKvYQjYrTujYUG8YJ4jUUShErM3VMv,0.0,0.0,0.0,0.0,0.0,0.0,1.0,0.0,0.0
kPmETnF9GduBS9GmXTybWYYC7Tj2Dq3BWuMZnsLXBxr,0.0,0.0,1.0,0.0,0.0,0.0,0.0,0.0,0.0
kiNhsMkbgpPMz2f3croug3dzCAvz8RPL5VCebghFhwp,0.0,1.0,0.0,0.0,0.0,0.0,0.0,0.0,0.0
ksnYEZ553qSuL5Nzy3RKnbtT6t3NPDvW9UZSJLvbm4Z,0.0,0.0,0.0,0.0,0.0,0.0,1.0,0.0,0.0
m4fCGnSTvRiZxXuGkL5pYEykWCSnD4NiTPVuMNgzMvc,0.0,0.0,0.0,0.0,0.0,0.0,0.0,1.0,0.0
mB6CEdQ47MvSyHuEWu1YMknxuqFbRkFGQDvg5h1fmTH,0.0,0.0,0.0,0.0,0.0,0.0,0.0,1.0,0.0
mKRjxSP43hu5hpSQC9ZUdApxRF5Lipa8ycJPnY422Nv,0.0,1.0,0.0,0.0,0.0,0.0,0.0,0.0,0.0
mMGWbNWq5J8mrT7VXs65z12GaHUvQYGAu6T4iUPRwRx,0.0,0.0,0.0,0.0,0.0,0.0,0.0,0.0,1.0
mNC7hcpCFEmU5wKWJL68PuoXQsUGX4X7GrU6RMib7ZX,0.0,0.0,0.0,0.0,0.0,0.0,1.0,0.0,0.0
mXTWGhw7myjbG1pJ4EkNdQ9xDw7gPGqZW7F3fsxBWQZ,0.0,0.0,0.0,0.0,0.0,0.0,1.0,0.0,0.0
mjizWi99sciuHDFeD4Yg9uUeUe6UTqHg8K9CSFhmhA1,1.0,0.0,0.0,0.0,0.0,0.0,0.0,0.0,0.0
nBW1RQaX41YkLabpnoZ4JAdNDoGveUUVhqDF39H5VqL,0.0,0.0,1.0,0.0,0.0,0.0,0.0,0.0,0.0
nGqgvYdxhGh18rRxAo8QuGoPDxxMLi1xDRi1qkn6Yhw,0.0,0.0,0.0,0.0,0.0,0.0,1.0,0.0,0.0
ndPU9uh9DTypomMhTDf2bnxiYs1fzrbT365BQ8m29mc,0.0,0.0,0.0,1.0,0.0,0.0,0.0,0.0,0.0
nsiWQu3oUtopjiTn3gMG8RkSRAm6NgZGcBDoxi6tL1a,0.0,0.0,1.0,0.0,0.0,0.0,0.0,0.0,0.0
nya666pQkP3PzWxi7JngU3rRMHuc7zbLK8c8wxQ4qpT,0.0,0.0,0.0,0.0,0.0,1.0,0.0,0.0,0.0
o3zJQn8uCGtcBD9MB41umjSQqQszrKmB5DLY4rsL4ds,0.0,0.0,0.0,0.0,0.0,0.0,0.0,1.0,0.0
oFk8aWRaWtjzbtWXjPKjn6SSoewCJi8SmEyGxKfEQcj,0.0,0.0,0.0,0.0,0.0,0.0,0.0,0.0,1.0
okqhQYLaHfsVQkR9oJeYkp1cfnqC6qkdPxqt9m7A3ss,0.0,0.0,0.0,1.0,0.0,0.0,0.0,0.0,0.0
okx9ggDaYuEqbyfGc3DsaZwDeroNFR4Lu4WH85TBzLT,0.0,0.0,0.0,0.0,0.0,0.0,1.0,0.0,0.0
omf11kv2qCtSr1p9GbuFgs5gWDi4cfdvYeAgtj9SBzC,0.0,0.0,0.0,0.0,0.0,0.0,1.0,0.0,0.0
opQZBvst2F8XnJ1fqwbg822fFrxz6vkWEHuhKAWq1SZ,0.0,1.0,0.0,0.0,0.0,0.0,0.0,0.0,0.0
osABh4DpSaFQTmpF3NNPGqdMbgcRu8Reb567AYhGty1,0.0,0.0,0.0,0.0,0.0,0.0,0.0,0.0,1.0
oss8BaCSYnguPj3DBYKMn9GYpi2k8puh49JhVUPub6W,0.0,0.0,0.0,0.0,0.0,0.0,1.0,0.0,0.0
oyiWETp6qNBU1N8ZjubRrBTDenBSE2xGpwkmav27PYc,0.0,0.0,0.0,1.0,0.0,0.0,0.0,0.0,0.0
p1isaj5XKpHsUk5s676RsAb1L19PHcKqjPorH8YyqqC,0.0,0.0,0.0,0.0,0.0,0.0,0.0,1.0,0.0
pEFiYMe4hg8TCpzd8n8pLfUm4rXCWToeUiec76TbZhq,0.0,0.0,0.0,0.0,1.0,0.0,0.0,0.0,0.0
pHGgGVmCKxU75fnhLZNdYkUEFGWqnNcyUVXAdmr69yq,0.0,0.0,0.0,1.0,0.0,0.0,0.0,0.0,0.0
pTrkqwAEmeEMRMa6U4cMobLVCaSWG5rAgXHr4g9PMBi,0.0,0.0,0.0,0.0,0.0,0.0,1.0,0.0,0.0
pjCqFBAQCycrkhrkUypvBzpLQ1G55Rf3PedM2CBxpBR,0.0,0.0,0.0,0.0,0.0,0.0,0.0,0.0,1.0
po2uiCgogsr8npqWcjdXLZNjuteiQDyGJ4SVYCyYBGw,0.0,0.0,0.0,0.0,1.0,0.0,0.0,0.0,0.0
pornhubJKnboZ5DabZKvSW9CW1ZmXLDKQJgNYYQ44Ep,1.0,1.0,0.0,1.0,1.0,0.0,0.0,0.0,0.0
ppGRG7vAiEZfPmdQFYSpEhUQPy1HDzHJsgnka4s6ymi,0.0,0.0,0.0,0.0,0.0,0.0,0.0,1.0,0.0
qNXzpRAXvs5Xr4rG7duKSStg8hwk2MBPq7iTjuRcWa4,0.0,0.0,1.0,0.0,0.0,0.0,0.0,0.0,0.0
qULQuX6DPS5uiFJjrXvGrkD3YP7vcW4wJFBhXawMtfb,0.0,0.0,1.0,0.0,0.0,0.0,0.0,0.0,0.0
qg3sfsVwXJAwKezYbNRGxf1pSX9iEdE58zdWhAbV6aJ,0.0,0.0,0.0,0.0,0.0,0.0,1.0,0.0,0.0
qsDKJ3E5cJbHKXgHxJsvxzhdkur1U3MdttvYaK2Ccir,0.0,0.0,0.0,0.0,0.0,0.0,1.0,0.0,0.0
rU9s1cbmdYbwZtzqgh3aBFRbhndjRFY29Emi5g7XR51,0.0,1.0,0.0,0.0,0.0,0.0,0.0,0.0,0.0
rjDAz9dgPCvBFGXEPEvL85Tw1bzu3zxXqSYnYvV45Gs,0.0,0.0,0.0,0.0,1.0,0.0,0.0,0.0,0.0
rzDhMNWSyD9aTaTG4VsGNS2gyT9cyos8QgsQyhiKPnr,0.0,0.0,0.0,0.0,1.0,0.0,0.0,0.0,0.0
rzJGmGzXYjuKxZp33fMoPuVukBGoFnP83i9SG3BVqJL,0.0,0.0,0.0,0.0,1.0,0.0,0.0,0.0,0.0
s6G7svnPrYXGcL8vepxJTAhS2BMZNijgLXa8zvBmcYr,0.0,0.0,0.0,0.0,0.0,0.0,0.0,1.0,0.0
s9KLPGWKZvbmMtyzy3UUXMfXF1jwXGFYNs2JUiTGSPV,0.0,0.0,1.0,0.0,0.0,0.0,0.0,0.0,0.0
sKWANKcXWytfFPWkzufyRQE3jpY9LkPReonhpTZtRjn,0.0,0.0,0.0,0.0,0.0,0.0,1.0,0.0,0.0
sRbybf4DKukwFoSZC9iHVPiMjdKPLFzUj8YwYkXpRAi,0.0,0.0,0.0,0.0,1.0,0.0,0.0,0.0,0.0
sjwbPpxLiFKxpFQaCvQ7Ss3YGMaPZHPUALEQ61jCwy3,0.0,0.0,0.0,0.0,0.0,0.0,1.0,0.0,0.0
ssGZi2a9CE2ZwoFaXhaY3devzE8grtvDjZtbZSEQf7y,0.0,0.0,0.0,0.0,1.0,0.0,0.0,0.0,0.0
t3cHiEnCWyFV2d4r7w4GqkVbkTmk7QnJ6JpPLLio5Cq,0.0,0.0,0.0,0.0,0.0,0.0,1.0,0.0,0.0
t8wU4Y9ZYYmv9ZcAxQt5u9EzAiGEP7nccQNaYnQK9d9,0.0,0.0,1.0,0.0,0.0,0.0,0.0,0.0,0.0
tKqwiEbwLtkXDbJNVgBrPobp7wKEeFQuWKnTaEM3aRe,0.0,0.0,0.0,0.0,0.0,0.0,0.0,1.0,0.0
tQbF1PMe82RX8y43rSXDGDE1nW7S13N1uBoYU6iNNad,0.0,0.0,0.0,0.0,0.0,0.0,0.0,1.0,0.0
tdw44UWmbUXN7rXGyDMcWqNZ8Jwff7iQMxSzSYrZsdb,0.0,0.0,0.0,0.0,0.0,0.0,1.0,0.0,0.0
tinyCgU6PedshRYvyrsNyPwe77xhzCnjSeRb9qW95C4,0.0,0.0,0.0,0.0,0.0,0.0,0.0,1.0,0.0
tipkRNicgEUeiHeizbREbtr8uvQYGkhnT4pdkiDVAWo,0.0,0.0,0.0,0.0,0.0,0.0,0.0,0.0,1.0
tnddmL6DwMez6JcbuJnbCTavPqb8nG4AJRRZkVUqH1K,0.0,0.0,0.0,0.0,0.0,0.0,0.0,1.0,0.0
tptsJeAeNyTHMDcTZap7u468eDmZmWGoPXhRLiSNWQP,0.0,0.0,0.0,0.0,0.0,1.0,0.0,0.0,0.0
u3dVrhuCe5pfW1UdjXXMwo8Y4aJgNeXLRaUEnYN8TxG,0.0,0.0,0.0,0.0,0.0,0.0,0.0,0.0,1.0
uHp1e22XUzDAWFjTLUHQdeutQH71bWcsSTqTvu7vDF8,0.0,0.0,0.0,0.0,0.0,0.0,0.0,0.0,1.0
uMsCqVyMtxpdH2ssM1wNLmWuXwMrYmBjo5Ajie9WsSk,0.0,0.0,0.0,0.0,0.0,0.0,0.0,1.0,0.0
uRAkvbYp9vrHWaauadCCggYo9Vx1N47n7B8GFTXvPVk,0.0,0.0,0.0,0.0,0.0,0.0,0.0,1.0,0.0
uRW45RKGgihkzY1z2dRZMZvf6f7H88SuYUXnWMHX7Se,0.0,1.0,0.0,0.0,0.0,0.0,0.0,0.0,0.0
uRfrKM7Bb3FerRsKjQopZk6bdc6fGQN8daY7yD49M3B,0.0,0.0,0.0,0.0,0.0,0.0,1.0,0.0,0.0
uju5MtosevpfH9xG6ToLR7kSY7gNA2asTZ1iHzBD95u,0.0,0.0,0.0,0.0,0.0,0.0,0.0,1.0,0.0
vAk4ewUSRRA74cuG5ytKJHEqThMvz4TCq7CyzUVAWJx,0.0,0.0,0.0,0.0,0.0,0.0,1.0,0.0,0.0
vEp6r1ArgChJsKghxCND4TVarEeVo6uSMWsEDFuCKER,0.0,0.0,0.0,0.0,0.0,0.0,0.0,0.0,1.0
vGxmcAFJXRaNJzuZpufLFmVfoPizsU3FSXQy7hPvh1Q,0.0,0.0,0.0,0.0,0.0,0.0,0.0,0.0,1.0
vcomG7VxLJavnUvXnrDckcz91tAU2pmjRyuV4sKWdRy,0.0,0.0,0.0,0.0,0.0,0.0,0.0,0.0,1.0
vpZPSaPJxPqZHnqUpXUKzMXH1ivMctztDBnzKYQC2o1,0.0,0.0,0.0,0.0,0.0,0.0,0.0,0.0,1.0
w6Z1dw3b3dgMgs2aEs38oE7LjLfQoRzuFPcbBe7YW7D,0.0,0.0,0.0,0.0,1.0,0.0,0.0,0.0,0.0
whyysd6UGj7pstMLb4CAwbFK155jwsKLvSsVazH8s2Y,0.0,0.0,0.0,0.0,0.0,0.0,0.0,1.0,0.0
wifq4CRwpXCK8NYtKNsQAYoDethT1aR7R1DaKCLFgAd,0.0,0.0,0.0,0.0,0.0,0.0,0.0,1.0,0.0
wksPiEaQPgERPFYUtNCnwV3qxQM1h4v8W4hpan92bJb,0.0,0.0,0.0,1.0,0.0,0.0,0.0,0.0,0.0
x2oNbSd9rBr93Lq5zzqhV7ntThxtutrvvSrcjP8hiRY,0.0,0.0,0.0,0.0,0.0,0.0,0.0,1.0,0.0
x794QN6JsiRg7JsMDcy9BT1XkK9QgTiLMHYAwGzwfes,0.0,0.0,0.0,0.0,1.0,0.0,0.0,0.0,0.0
xLfo2HsxZG9PvR44k3fdt3RdqZFZNhHn2PtZr9HmxfH,0.0,0.0,0.0,0.0,0.0,0.0,0.0,0.0,1.0
xRszndq1wQvyGsxfmCci79tD2eG3BA95WUUBXUMDsGT,0.0,0.0,1.0,0.0,0.0,0.0,0.0,0.0,0.0
xrdNbr2ehMa5T8GagSHf2np9oc1DkTEVbzn5Q8f2SJN,0.0,0.0,0.0,0.0,0.0,0.0,0.0,0.0,1.0
y3qDCrjq64SAS4rB2FfzUtBD3P8cE113xYNobCPeXYx,0.0,1.0,0.0,0.0,0.0,0.0,0.0,0.0,0.0
yD15GhkAH5tgGhXN87Ln7hGv7yTAZV8YLBGZe1ejsT3,1.0,0.0,0.0,0.0,1.0,0.0,0.0,0.0,0.0
ypAcNV2YfjozTksUM1FjPYrvrp2b8qgshYG5Jji1EL7,0.0,0.0,1.0,0.0,0.0,0.0,0.0,0.0,0.0
zHtKREQNV8BBWYVt6exz24zRBXzfQMakmKZvJ5objNi,0.0,0.0,0.0,1.0,0.0,0.0,0.0,0.0,0.0
zMWPP7jiMLWxwWcxgJirBgbrCtASgCHFE3pLCFqwZz5,0.0,0.0,0.0,0.0,1.0,0.0,0.0,0.0,0.0
zVmYfGdfv3kDXrwWz6XC3ovfa7x4wj5TLq7kPErniZe,0.0,1.0,0.0,0.0,0.0,0.0,0.0,0.0,0.0
zcm2fwAsb7T6qbrkVKyjAh68wAa86Q5WiT58QHGh8gW,0.0,0.0,0.0,0.0,0.0,0.0,0.0,0.0,1.0
zfg3djiUUfhkvFAk9hh3tf5GbLYFMZ7QkbZNC9MZy6p,0.0,0.0,0.0,0.0,0.0,0.0,0.0,0.0,1.0
zn2fzbDkuvYQ2GbrFFuttuiw5j6DR5PEkUQiW12r9A9,0.0,0.0,0.0,0.0,0.0,0.0,0.0,0.0,1.0
zpt7axWBFdPXYnozaomQxtM5yJuLjmcwBmV4Gxdq5bd,0.0,0.0,0.0,0.0,0.0,0.0,1.0,0.0,0.0
zsJMsooP49qNe5v31iP6ioLkCUrYBCRurLqwccd7atC,0.0,1.0,0.0,0.0,0.0,0.0,0.0,0.0,0.0
zywuQ6fXkRyfBymsQiGmSeAwopRTLQAiZJr4C1CmCn7,0.0,0.0,0.0,0.0,1.0,0.0,0.0,0.0,0.0
