address,label,first_seen,first_seen_timestamp,score,insider_score,activity_rate,total_tokens_bought,total_winners_entered,total_control_entered,selectivity_score,precocity_avg_sec,avg_post_entry_return,exit_efficiency,funding_source,funding_tx,is_exchange_funded,is_bot_sniper,is_creator_insider,notes,updated_at
9AhKqLR67hwapvG8SA2JFXaCshXc9nALJjpKaHZrsbkw,,,1670531612,0.0,0.0,0.0,0,0,0,0.0,0.0,1.0,0.0,,,0,0,0,Helius verified first buyer,2026-08-20 04:32:10
ByjcyGru3RTeAheTjoFJi7mL8knNmzHz1twuoqjbjRtF,,,1671131040,0.0,0.0,0.0,0,0,0,0.0,0.0,1.0,0.0,,,0,0,0,Helius verified first buyer,2026-08-20 04:32:10
AqYCkrLuuVqRjehq58KjZkPgBnxnDmreZo3Dh6w2xmM4,,,1671152760,0.0,0.0,0.0,0,0,0,0.0,0.0,1.0,0.0,,,0,0,0,Helius verified first buyer,2026-08-20 04:32:11
7pV7YhgUtKc19vxo9trQG4q1Ab8tx6dxb9o6Hcoq2F96,,,1671152760,0.0,0.0,0.0,0,0,0,0.0,0.0,1.0,0.0,,,0,0,0,Helius verified first buyer,2026-08-20 04:32:11
HGPRkKMUDzytY8MhAzBgxbitXoxsgqGZKUZnk9GSPyjc,,,1671152760,0.0,0.0,0.0,0,0,0,0.0,0.0,1.0,0.0,,,0,0,0,Helius verified first buyer,2026-08-20 04:32:11
9QWp9N4QVLEHXigz4yggECGiRN6YBL25oB1HreCuxfAD,,,1671152760,0.0,0.0,0.0,0,0,0,0.0,0.0,1.0,0.0,,,0,0,0,Helius verified first buyer,2026-08-20 04:32:11
9iU8dj5fpSzZWF9V9uaQ9C3YNCVAAiui7DbE6rd6wYD3,,,1671152760,0.0,0.0,0.0,0,0,0,0.0,0.0,1.0,0.0,,,0,0,0,Helius verified first buyer,2026-08-20 04:32:11
51Ctg64eDz1Jowhbp9qnkQzujLgfZVi9FFJXAvvq9Vyb,,,1671152760,0.0,0.0,0.0,0,0,0,0.0,0.0,1.0,0.0,,,0,0,0,Helius verified first buyer,2026-08-20 04:32:11
5SPcyA4X1NyVFshcPPwfAFrM7CwKbw9PJNCmLva5sWUi,,,1671152760,0.0,0.0,0.0,0,0,0,0.0,0.0,1.0,0.0,,,0,0,0,Helius verified first buyer,2026-08-20 04:32:12
9WRGAz6rZhbVq6X6sAjrip3i79nPihGcKiorChJ3Qq8E,,,1671152760,0.0,0.0,0.0,0,0,0,0.0,0.0,1.0,0.0,,,0,0,0,Helius verified first buyer,2026-08-20 04:32:12
T6HQKWhLdKa4GXrLGKtrrsdx6jaqGNWG3MhkRHsomWP,,,1671152760,0.0,0.0,0.0,0,0,0,0.0,0.0,1.0,0.0,,,0,0,0,Helius verified first buyer,2026-08-20 04:32:12
2e4oomdxZ8Sc1RExddtWtE1hKcyGjLGdiv6rirGLcDcM,,,1671152760,0.0,0.0,0.0,0,0,0,0.0,0.0,1.0,0.0,,,0,0,0,Helius verified first buyer,2026-08-20 04:32:12
C2jmyW6yqH7oYQjUbSytKcLDUNeXQ7dXzQiWUYx1kKfd,,,1671152760,0.0,0.0,0.0,0,0,0,0.0,0.0,1.0,0.0,,,0,0,0,Helius verified first buyer,2026-08-20 04:32:12
4HpSW5bcT9fT9jPtk9KgFfJLZZZ3jyAZ2x1jBS9R9HAX,,,1671152760,0.0,0.0,0.0,0,0,0,0.0,0.0,1.0,0.0,,,0,0,0,Helius verified first buyer,2026-08-20 04:32:13
3k1vPmepfusppKwaGMR96NmXepP9AmSnHLSEzHPLeeGa,,,1671152760,0.0,0.0,0.0,0,0,0,0.0,0.0,1.0,0.0,,,0,0,0,Helius verified first buyer,2026-08-20 04:32:13
VkwYd5xkEpsfaBNbnDde7uagnALk868LHRAHy5d8Dgx,,,1671152760,0.0,0.0,0.0,0,0,0,0.0,0.0,1.0,0.0,,,0,0,0,Helius verified first buyer,2026-08-20 04:32:13
8w7eprCZX7zPAJTgnxUA8yf95HrAgrAAg3DUuc4HVSsi,,,1671152760,0.0,0.0,0.0,0,0,0,0.0,0.0,1.0,0.0,,,0,0,0,Helius verified first buyer,2026-08-20 04:32:13
8RXBypLsDaU2hoGvawg7dDr9U5WXKoUZFpEoNifVJsLw,,,1671152760,0.0,0.0,0.0,0,0,0,0.0,0.0,1.0,0.0,,,0,0,0,Helius verified first buyer,2026-08-20 04:32:13
9nBfG3bWMpwc8hq4MCJQmHkr97KU78U5zn1eYrueXCt7,,,1671152760,0.0,0.0,0.0,0,0,0,0.0,0.0,1.0,0.0,,,0,0,0,Helius verified first buyer,2026-08-20 04:32:14
6NW3sAEpnZFc3QpPmKSe4hjA1ww2bTAVq6PQnZufXCJX,,,1671152760,0.0,0.0,0.0,0,0,0,0.0,0.0,1.0,0.0,,,0,0,0,Helius verified first buyer,2026-08-20 04:32:14
6K7jLkhBRYMzAqYKqBrS3AUDQP6MCGBmQw8qgSpasEuh,,,1671152760,0.0,0.0,0.0,0,0,0,0.0,0.0,1.0,0.0,,,0,0,0,Helius verified first buyer,2026-08-20 04:32:14
BZCR97PLZbFWrzgZVFvFE9NWcop3TSpCKatZPSNmsxHo,,,1671152760,0.0,0.0,0.0,0,0,0,0.0,0.0,1.0,0.0,,,0,0,0,Helius verified first buyer,2026-08-20 04:32:14
5trZ3Eaptn6uSFkXQcuRsG1uf2mL8s1EosHKcZh65qhM,,,1671152760,0.0,0.0,0.0,0,0,0,0.0,0.0,1.0,0.0,,,0,0,0,Helius verified first buyer,2026-08-20 04:32:14
Gyb81MHV9EZxnWCoNQJS285qEU9ewM9bnaLFW4PqVBGg,,,1671152760,0.0,0.0,0.0,0,0,0,0.0,0.0,1.0,0.0,,,0,0,0,Helius verified first buyer,2026-08-20 04:32:15
5Q544fKrFoe6tsEbD7S8EmxGTJYAKtTVhAW5Q5pge4j1,,,1671570646,0.0,0.0,0.0,0,0,0,0.0,0.0,1.0,0.3,,,0,0,0,Helius verified first buyer,2026-08-20 04:49:07
2F6a9Ac4rchVf7t34Liw68u6YPBfWKhR3R7d7ybEkVkR,,,1671677721,0.0,0.0,0.0,0,0,0,0.0,0.0,1.0,0.0,,,0,0,0,Helius verified first buyer,2026-08-20 04:32:15
7mkDkvGrDMEsbKarEiZE7CzhG4gpzXcRvs4AxMDvF8Lm,,,1671858042,0.0,0.0,0.0,0,0,0,0.0,0.0,1.0,0.0,,,0,0,0,Helius verified first buyer,2026-08-20 04:32:15
3pMvTLUA9NzZQd4gi725p89mvND1wRNQM3C8XEv1hTdA,,,1671862192,0.0,0.0,0.0,0,0,0,0.0,0.0,1.0,0.0,,,0,0,0,Helius verified first buyer,2026-08-20 04:32:15
GHxTAgTNHZeuTsA4oJj5LU8QMyCtst47wYooG2KJAEA1,,,1671883264,0.0,0.0,0.0,0,0,0,0.0,0.0,1.0,0.0,,,0,0,0,Helius verified first buyer,2026-08-20 04:32:16
ELrCHTBcMaLhFr5N72UzKgYftPRkztRnFUcUByxemjkx,,,1671883306,0.0,0.0,0.0,0,0,0,0.0,0.0,1.0,0.0,,,0,0,0,Helius verified first buyer,2026-08-20 04:32:16
2y2qb8g7x8iNY8WB3avEqiRBZZeekftNMEHHcsBqp8zg,,,1671883354,0.0,0.0,0.0,0,0,0,0.0,0.0,1.0,0.0,,,0,0,0,Helius verified first buyer,2026-08-20 04:32:16
BG7A2dQ3zaCnvZuY2RHhY25k7QyJ6Lq3ZDMtXhn4irRV,,,1671883394,0.0,0.0,0.0,0,0,0,0.0,0.0,1.0,0.0,,,0,0,0,Helius verified first buyer,2026-08-20 04:32:16
DEQprqXR9TSTbsqE1s1ksUhT1UBzPF88qwmQfnLVazoU,,,1671883400,0.0,0.0,0.0,0,0,0,0.0,0.0,1.0,0.0,,,0,0,0,Helius verified first buyer,2026-08-20 04:32:16
Dj9j3ff6Jx5khVuxHp7yQMAsHZXQyz1rsHmPAAZZbYyK,,,1671883639,0.0,0.0,0.0,0,0,0,0.0,0.0,1.0,0.0,,,0,0,0,Helius verified first buyer,2026-08-20 04:32:17
9nQz1bRNkTLYFqm6o3RGrnQJsthrNfTETYyhx74NuFGn,,,1671883992,0.0,0.0,0.0,0,0,0,0.0,0.0,1.0,0.0,,,0,0,0,Helius verified first buyer,2026-08-20 04:32:17
6z4RLArdUQuzUoXiDP2LmUjGeNVV9FKLZVhN7Ma2FtMm,,,1671884130,0.0,0.0,0.0,0,0,0,0.0,0.0,1.0,0.0,,,0,0,0,Helius verified first buyer,2026-08-20 04:32:17
4MZCmJ3XzEhuMh1VP68LmYdtBsgcF2qsdR76CH6EpCnn,,,1671884408,0.0,0.0,0.0,0,0,0,0.0,0.0,1.0,0.0,,,0,0,0,Helius verified first buyer,2026-08-20 04:32:17
ToNY7KKnVDYiVpMCCCwiyo19iHBEUha7BZ1zkAmud7a,,,1671884614,0.0,0.0,0.0,0,0,0,0.0,0.0,1.0,0.0,,,0,0,0,Helius verified first buyer,2026-08-20 04:32:18
Hr61YhAQM4fG4x1vfAa3oUWaS2LttcA3K5QZmHqPDYvQ,,,1671884750,0.0,0.0,0.0,0,0,0,0.0,0.0,1.0,0.0,,,0,0,0,Helius verified first buyer,2026-08-20 04:32:18
CUyHJh9gUzTgaXEvNvXXoE21WSJPky15pAdGFWNZWDDs,,,1671885023,0.0,0.0,0.0,0,0,0,0.0,0.0,1.0,0.0,,,0,0,0,Helius verified first buyer,2026-08-20 04:32:18
7Qq5UaDW3MQUK9pDwiu38eQEhZmmW2fZbsZHG27trkN5,,,1671885218,0.0,0.0,0.0,0,0,0,0.0,0.0,1.0,0.0,,,0,0,0,Helius verified first buyer,2026-08-20 04:32:18
6UhkhsQKDHZFeE61zqcrzHaczRkndoeZJCf1dREei49A,,,1671885324,0.0,0.0,0.0,0,0,0,0.0,0.0,1.0,0.0,,,0,0,0,Helius verified first buyer,2026-08-20 04:32:18
9xaQ3jPuaRC5KaNkov7Lw6Bq1gKjRp4wD67v6pK1MdK1,,,1671885440,0.0,0.0,0.0,0,0,0,0.0,0.0,1.0,0.0,,,0,0,0,Helius verified first buyer,2026-08-20 04:32:19
C6s13kNZcf7Xrzet5e8BLHyQZvwaEuwAzzBENsp1mDiP,,,1671885460,0.0,0.0,0.0,0,0,0,0.0,0.0,1.0,0.0,,,0,0,0,Helius verified first buyer,2026-08-20 04:32:19
9SFygifgPTwYZUspJz8HK8EZrxP4VXm6V827HDmPqZUd,,,1671885481,0.0,0.0,0.0,0,0,0,0.0,0.0,1.0,0.0,,,0,0,0,Helius verified first buyer,2026-08-20 04:32:20
3uZbLCuwQ4dWqX5G6cUwBxyF41xL58CdAENRZJefn9Hh,,,1671885526,0.0,0.0,0.0,0,0,0,0.0,0.0,1.0,0.0,,,0,0,0,Helius verified first buyer,2026-08-20 04:32:20
AUT3mjFn2hSQuNhG41kGN8vhqfBaA7zWDYfdng5cpkM5,,,1671885535,0.0,0.0,0.0,0,0,0,0.0,0.0,1.0,0.0,,,0,0,0,Helius verified first buyer,2026-08-20 04:32:20
AowhKcB1THvDnrAn1wz62eARRrBn4FH9DnjhQwKQhYU5,,,1671885543,0.0,0.0,0.0,0,0,0,0.0,0.0,1.0,0.0,,,0,0,0,Helius verified first buyer,2026-08-20 04:32:20
CHucsL3fso5hc7Kbc5VDyvwpqtrNCA96M12L1kqYrpTt,,,1671885559,0.0,0.0,0.0,0,0,0,0.0,0.0,1.0,0.0,,,0,0,0,Helius verified first buyer,2026-08-20 04:32:58
9j53Z6bejUaAxJCEC64BbxozLPuvsuAFsr6iqWKKDvaw,,,1671885601,0.0,0.0,0.0,0,0,0,0.0,0.0,1.0,0.0,,,0,0,0,Helius verified first buyer,2026-08-20 04:32:21
GPfS1bNEk3UePT381hkz7BVrbMFsKFMWe1EQYgWozJRt,,,1671885620,0.0,0.0,0.0,0,0,0,0.0,0.0,1.0,0.0,,,0,0,0,Helius verified first buyer,2026-08-20 04:32:21
3c44wf72kKUfvw83JLaGnt4DRYq3gS7sJ8cgJLgZEQrr,,,1671885623,0.0,0.0,0.0,0,0,0,0.0,0.0,1.0,0.0,,,0,0,0,Helius verified first buyer,2026-08-20 04:32:21
VSjpb4n4tnbEnRrE7ZpjXnEkY92npB6SBcYM1srMRFv,,,1671885630,0.0,0.0,0.0,0,0,0,0.0,0.0,1.0,0.0,,,0,0,0,Helius verified first buyer,2026-08-20 04:32:21
DpWn9KWaEy843dnd7J6thGmVADAjQZogtG4tyk7uoBvR,,,1671885660,0.0,0.0,0.0,0,0,0,0.0,0.0,1.0,0.0,,,0,0,0,Helius verified first buyer,2026-08-20 04:32:22
A6X1KdDW3LbmKQQgsLZSqpWP8DiAopyV19mRvnw1qZAK,,,1671885706,0.0,0.0,0.0,0,0,0,0.0,0.0,1.0,0.0,,,0,0,0,Helius verified first buyer,2026-08-20 04:32:22
Dzma9FM16mhvHXyhc5XNuKGq7UdgoNN3KHVcRVUDFW7D,,,1671885732,0.0,0.0,0.0,0,0,0,0.0,0.0,1.0,0.0,,,0,0,0,Helius verified first buyer,2026-08-20 04:32:22
2jVEfeBRFs5dQnyx6hfMoe5uiWXnLb1crSUFo7mhaUbz,,,1671885752,0.0,0.0,0.0,0,0,0,0.0,0.0,1.0,0.0,,,0,0,0,Helius verified first buyer,2026-08-20 04:32:22
8ELKSw4cG3HU3ewtQeTuChe3oofMsqAiPKUrYdEG2A2s,,,1671885778,0.0,0.0,0.0,0,0,0,0.0,0.0,1.0,0.0,,,0,0,0,Helius verified first buyer,2026-08-20 04:32:22
Fjswd2XtU3vV11Ncr3PAFAB7ocfDKJgcbn3tATynMcw9,,,1671885799,0.0,0.0,0.0,0,0,0,0.0,0.0,1.0,0.0,,,0,0,0,Helius verified first buyer,2026-08-20 04:32:32
3FHRbUn4TvtLFc8K9FCsLX3oftnzF7oZKmPwKKAMtTpM,,,1671885823,0.0,0.0,0.0,0,0,0,0.0,0.0,1.0,0.0,,,0,0,0,Helius verified first buyer,2026-08-20 04:32:23
AthuGMLKuf3efPZxKwiPReUqZbqJykTM7NvjhBgN5QCp,,,1671885865,0.0,0.0,0.0,0,0,0,0.0,0.0,1.0,0.0,,,0,0,0,Helius verified first buyer,2026-08-20 04:32:23
HgezRRAHiX1TiETuSF6skaXKwXj484Jgw8kRKR35Mfqp,,,1671885871,0.0,0.0,0.0,0,0,0,0.0,0.0,1.0,0.0,,,0,0,0,Helius verified first buyer,2026-08-20 04:32:23
FuNzwYsXyY3EaT6iPg4PNT6NwnWEtBHtBgv4U1TzybLd,,,1671885997,0.0,0.0,0.0,0,0,0,0.0,0.0,1.0,0.0,,,0,0,0,Helius verified first buyer,2026-08-20 04:32:23
FAiPkxiuFoEYCk1BuU6a5eyoTXZ33T2zVPQKkYqJ2EUB,,,1671886046,0.0,0.0,0.0,0,0,0,0.0,0.0,1.0,0.0,,,0,0,0,Helius verified first buyer,2026-08-20 04:32:24
7XTNWzEsHwNuHnRzeGd9sP8j7PMMk4w2tabihc5jyfeX,,,1671886112,0.0,0.0,0.0,0,0,0,0.0,0.0,1.0,0.0,,,0,0,0,Helius verified first buyer,2026-08-20 04:32:28
BZTx18qmTDC4ivNaKwy3giSdqHUtDqsCAwSBtf1Gffym,,,1671886118,0.0,0.0,0.0,0,0,0,0.0,0.0,1.0,0.0,,,0,0,0,Helius verified first buyer,2026-08-20 04:32:24
AZdp1CDEbRhQYyGSU7UTgj7BKUMcjE6Rxn4KUU39UBoF,,,1671886263,0.0,0.0,0.0,0,0,0,0.0,0.0,1.0,0.0,,,0,0,0,Helius verified first buyer,2026-08-20 04:32:24
315N6qxGHZoz7d5RQHDzh6B9XRAwebSY8R3fSYBrsVAH,,,1671886399,0.0,0.0,0.0,0,0,0,0.0,0.0,1.0,0.0,,,0,0,0,Helius verified first buyer,2026-08-20 04:32:26
DXdn1XL725hLPvrPishCXyFQe383hVBo7a7ME75Wckzo,,,1671886493,0.0,0.0,0.0,0,0,0,0.0,0.0,1.0,0.0,,,0,0,0,Helius verified first buyer,2026-08-20 04:32:26
HstHFQfBeG5MRWoKzRyyrahz5KsFV28zb9naRNF1htNC,,,1671886752,0.0,0.0,0.0,0,0,0,0.0,0.0,1.0,0.0,,,0,0,0,Helius verified first buyer,2026-08-20 04:32:26
EHKygYJuZA4H1zcU3hQxdn12fReMh2txqgG67sU8BcMV,,,1671886858,0.0,0.0,0.0,0,0,0,0.0,0.0,1.0,0.0,,,0,0,0,Helius verified first buyer,2026-08-20 04:32:26
GdupnmMVA9cD8zp96KNqKMASmHGuNEyaF65inTieUwdQ,,,1671886938,0.0,0.0,0.0,0,0,0,0.0,0.0,1.0,0.0,,,0,0,0,Helius verified first buyer,2026-08-20 04:32:26
8bYJYRXkV2cUUzkENdUjUDBtiPDtA54FgvPvuo11HSKg,,,1671886944,0.0,0.0,0.0,0,0,0,0.0,0.0,1.0,0.0,,,0,0,0,Helius verified first buyer,2026-08-20 04:32:27
282ZEkxUchvtNufrBrHP5vMBCn6SkFoucnV4Af7oVHhp,,,1671887068,0.0,0.0,0.0,0,0,0,0.0,0.0,1.0,0.0,,,0,0,0,Helius verified first buyer,2026-08-20 04:32:27
CzEb18auLYGY5F3UaeFCS7n41VoBZYkC1w41TkxorA4F,,,1671887075,0.0,0.0,0.0,0,0,0,0.0,0.0,1.0,0.0,,,0,0,0,Helius verified first buyer,2026-08-20 04:32:27
7cbBKmZgtUqDxLUNgcRiH8Zi2QwWUmhGvobh9ysVwCGw,,,1671887202,0.0,0.0,0.0,0,0,0,0.0,0.0,1.0,0.0,,,0,0,0,Helius verified first buyer,2026-08-20 04:32:27
AdNweQN7i12uoaPNNJFdmk8DvQC4joGdkWtfCv1dsJVf,,,1671887348,0.0,0.0,0.0,0,0,0,0.0,0.0,1.0,0.0,,,0,0,0,Helius verified first buyer,2026-08-20 04:32:27
NMnh1gSaTYLhZjadfJ5haaj4wGSVRnTGk1gXjTgMpfe,,,1671887443,0.0,0.0,0.0,0,0,0,0.0,0.0,1.0,0.0,,,0,0,0,Helius verified first buyer,2026-08-20 04:32:28
GbDBjo2D81gPKcHrNiDwBgNoyiu8HNesiLfAanraLLWa,,,1671887570,0.0,0.0,0.0,0,0,0,0.0,0.0,1.0,0.0,,,0,0,0,Helius verified first buyer,2026-08-20 04:32:28
3xhp7QEg9MkmeW6Zo2Rg324k9hBZpphhr84QgnJ5Kmid,,,1671887601,0.0,0.0,0.0,0,0,0,0.0,0.0,1.0,0.0,,,0,0,0,Helius verified first buyer,2026-08-20 04:32:28
2ipgXLPtdP8mYSm7SgsoMhDQDjYTJZ7jBy41ZyUqVMQi,,,1671887764,0.0,0.0,0.0,0,0,0,0.0,0.0,1.0,0.0,,,0,0,0,Helius verified first buyer,2026-08-20 04:32:28
Bjx9vj94dT3peMsG79yyDm2oKcKVugMGmbYR349gG2ep,,,1671887783,0.0,0.0,0.0,0,0,0,0.0,0.0,1.0,0.0,,,0,0,0,Helius verified first buyer,2026-08-20 04:32:29
EzgtyFLJ1T9aGMaWb7KT4HNXa1nAePvuDobAPQpd5hB2,,,1671887934,0.0,0.0,0.0,0,0,0,0.0,0.0,1.0,0.0,,,0,0,0,Helius verified first buyer,2026-08-20 04:32:29
9ssN2iJaiDZMUvpv2o4AJk3FjBHYUrBzaDU78fezTXy2,,,1671887994,0.0,0.0,0.0,0,0,0,0.0,0.0,1.0,0.0,,,0,0,0,Helius verified first buyer,2026-08-20 04:32:29
CRFLd7FSyDnbadmr8Q8xYYv8DCD8U9atNGmV9CvviCE7,,,1671888044,0.0,0.0,0.0,0,0,0,0.0,0.0,1.0,0.0,,,0,0,0,Helius verified first buyer,2026-08-20 04:32:29
7T6NnAHYUwu7EAj5yuAWtc8WGgzA7WmZPMqqmhGTe2No,,,1671888135,0.0,0.0,0.0,0,0,0,0.0,0.0,1.0,0.0,,,0,0,0,Helius verified first buyer,2026-08-20 04:32:30
9QuPGW1q9YJ76qMKntWzjuqVnKruqX7Yyj9LcpJyfpeP,,,1671888229,0.0,0.0,0.0,0,0,0,0.0,0.0,1.0,0.0,,,0,0,0,Helius verified first buyer,2026-08-20 04:32:31
7D98ftfkpUBvBZe5WHHMS2h6Nd44NAfRZZ36o7T3Jmhz,,,1671888235,0.0,0.0,0.0,0,0,0,0.0,0.0,1.0,0.0,,,0,0,0,Helius verified first buyer,2026-08-20 04:32:30
GqHFrR4CJw3dxeCM5yx6Fzfqf3zNmDZXdSX1ZTib12TG,,,1671888450,0.0,0.0,0.0,0,0,0,0.0,0.0,1.0,0.0,,,0,0,0,Helius verified first buyer,2026-08-20 04:32:31
8LFPJrFXTsKCQB5Ams9CsxPWiVMJvgGC1xj9m4FGxFuS,,,1671888698,0.0,0.0,0.0,0,0,0,0.0,0.0,1.0,0.0,,,0,0,0,Helius verified first buyer,2026-08-20 04:32:31
8ezhEMGqPNXZqkRemRiTbSP2QW4rUpJZc7sGAzUjgQVR,,,1671889118,0.0,0.0,0.0,0,0,0,0.0,0.0,1.0,0.0,,,0,0,0,Helius verified first buyer,2026-08-20 04:32:47
5P6n5omLbLbP4kaPGL8etqQAHEx2UCkaUyvjLDnwV4EY,,,1671889562,0.0,0.0,0.0,0,0,0,0.0,0.0,1.0,0.0,,,0,0,0,Helius verified first buyer,2026-08-20 04:32:56
5w2oS9HqjFejS6Dq5B28Byjg2Dpiq4w3ymnbF17RSnfp,,,1671889696,0.0,0.0,0.0,0,0,0,0.0,0.0,1.0,0.0,,,0,0,0,Helius verified first buyer,2026-08-20 04:32:32
AqLVvEFT2tAsMvsSW6eXXdCJjwdiHz1248r1dyPYGE65,,,1671890108,0.0,0.0,0.0,0,0,0,0.0,0.0,1.0,0.0,,,0,0,0,Helius verified first buyer,2026-08-20 04:32:33
6a5W6mZoDjMCrYAgZLYs3Hh3HE5bifhY8S4Zj9j8ipna,,,1671890126,0.0,0.0,0.0,0,0,0,0.0,0.0,1.0,0.0,,,0,0,0,Helius verified first buyer,2026-08-20 04:32:33
AaFcaERiNt55sw4LBerkx5Ji5wLQkYrQ4KYFFzwjDbim,,,1671890693,0.0,0.0,0.0,0,0,0,0.0,0.0,1.0,0.0,,,0,0,0,Helius verified first buyer,2026-08-20 04:32:33
9erV76aa4qAkHeTkdRDg8ew47EZXADDKteLWrX9UnU3K,,,1671890768,0.0,0.0,0.0,0,0,0,0.0,0.0,1.0,0.0,,,0,0,0,Helius verified first buyer,2026-08-20 04:32:33
ihG5Ck3oDMoG6pfFVxTfawNxkxgFQ4yn9sMCmwBZ4UH,,,1671890898,0.0,0.0,0.0,0,0,0,0.0,0.0,1.0,0.0,,,0,0,0,Helius verified first buyer,2026-08-20 04:32:34
DabuiHKtnSGnNZZatNJucEgUXeo4EjKcjwvxkS4D11KL,,,1671891802,0.0,0.0,0.0,0,0,0,0.0,0.0,1.0,0.0,,,0,0,0,Helius verified first buyer,2026-08-20 04:32:34
5VwpSxNSKzBVbyXnuzQBFgx2iGvJxoeSYbHYbhm4YkBP,,,1671891853,0.0,0.0,0.0,0,0,0,0.0,0.0,1.0,0.0,,,0,0,0,Helius verified first buyer,2026-08-20 04:32:34
3nbLFAFrvLTyXe3R8kjHYnN2F4vBBSvk6Nsh4EutZRij,,,1671891982,0.0,0.0,0.0,0,0,0,0.0,0.0,1.0,0.0,,,0,0,0,Helius verified first buyer,2026-08-20 04:32:34
988SpeNCmPjoVwZ2c2oGydETnNXzMyLTC6oTPkPCz3cu,,,1671892063,0.0,0.0,0.0,0,0,0,0.0,0.0,1.0,0.0,,,0,0,0,Helius verified first buyer,2026-08-20 04:32:34
FC4BzxP4163VSpJwrq1YtvYwJXMZrg38fYSCqMGzbHCs,,,1671892149,0.0,0.0,0.0,0,0,0,0.0,0.0,1.0,0.0,,,0,0,0,Helius verified first buyer,2026-08-20 04:32:35
5RJkToJTMXGzJgM5b9zaxiZjPsWER2RXG5pNC2sVRiPb,,,1671892749,0.0,0.0,0.0,0,0,0,0.0,0.0,1.0,0.0,,,0,0,0,Helius verified first buyer,2026-08-20 04:32:35
6wv89ugXW6JLwCkiZRqbatGSrWpBQznwHDdUo21yFkZA,,,1671893235,0.0,0.0,0.0,0,0,0,0.0,0.0,1.0,0.0,,,0,0,0,Helius verified first buyer,2026-08-20 04:32:36
FMr6ASpe6bzpiWdr2QVqgf31izNE4vxQ6swbQ9xcrNUE,,,1671893260,0.0,0.0,0.0,0,0,0,0.0,0.0,1.0,0.0,,,0,0,0,Helius verified first buyer,2026-08-20 04:32:36
3yxNYNd59mG6QrG9ZGmR7uffPbPFEm3KXAFu1oxh2UCb,,,1671893733,0.0,0.0,0.0,0,0,0,0.0,0.0,1.0,0.0,,,0,0,0,Helius verified first buyer,2026-08-20 04:32:36
J6KRQgZBMCHrh3chpfTbU47X63ir2hE5PeH8ZNUWnDBo,,,1671893837,0.0,0.0,0.0,0,0,0,0.0,0.0,1.0,0.0,,,0,0,0,Helius verified first buyer,2026-08-20 04:32:37
3hhfA6hmmjLmtac7vxX7LpcKFQxWwY7LpAU3yBL9HNrU,,,1671893984,0.0,0.0,0.0,0,0,0,0.0,0.0,1.0,0.0,,,0,0,0,Helius verified first buyer,2026-08-20 04:32:37
D43CQtrqsUhsrWqx5SePzpyJMBknY51zjkTrrVW8wRzs,,,1671894289,0.0,0.0,0.0,0,0,0,0.0,0.0,1.0,0.0,,,0,0,0,Helius verified first buyer,2026-08-20 04:32:37
2UpzojSHycrTunbz3xn93Ci8k7QpPTjdprcLK1homCxS,,,1671894685,0.0,0.0,0.0,0,0,0,0.0,0.0,1.0,0.0,,,0,0,0,Helius verified first buyer,2026-08-20 04:32:37
A9zD7vKU8rnohptjgrYiNzisexNLqSzzuStH3B1GC6My,,,1671895263,0.0,0.0,0.0,0,0,0,0.0,0.0,1.0,0.0,,,0,0,0,Helius verified first buyer,2026-08-20 04:32:38
4fxKqxP6eWPZnSWu2z2shUvB4xFWQxgr9SZC1CMNUAcU,,,1671895320,0.0,0.0,0.0,0,0,0,0.0,0.0,1.0,0.0,,,0,0,0,Helius verified first buyer,2026-08-20 04:32:38
BpXSt1T4MH2KNtqPgWL6opCnzJeoAZxx3X81dVi47oSg,,,1671896011,0.0,0.0,0.0,0,0,0,0.0,0.0,1.0,0.0,,,0,0,0,Helius verified first buyer,2026-08-20 04:32:38
939Rq73Rx4cHRjcuBC1J3UgK4AsJhRiSx5Zx9aGZCZ4T,,,1671896098,0.0,0.0,0.0,0,0,0,0.0,0.0,1.0,0.0,,,0,0,0,Helius verified first buyer,2026-08-20 04:32:38
EcnJ7Rgj7uNhzVHuUibdruy2oi9PADSkHoTywgEwo3xr,,,1671896130,0.0,0.0,0.0,0,0,0,0.0,0.0,1.0,0.0,,,0,0,0,Helius verified first buyer,2026-08-20 04:32:39
GZAcjAn1h5XUQhNpf8fkzaBNdqcGzSEnnwDXjctbo1Bg,,,1671896288,0.0,0.0,0.0,0,0,0,0.0,0.0,1.0,0.0,,,0,0,0,Helius verified first buyer,2026-08-20 04:32:39
2fRmSefKNRnPV9JLPPFkkHNX5NHgikJAnffXH3nKj77H,,,1671896553,0.0,0.0,0.0,0,0,0,0.0,0.0,1.0,0.0,,,0,0,0,Helius verified first buyer,2026-08-20 04:32:39
D77ugqwPpH8VJt3XavMx7pSKaixtPvaLZvxzN6ZmJFE8,,,1671896694,0.0,0.0,0.0,0,0,0,0.0,0.0,1.0,0.0,,,0,0,0,Helius verified first buyer,2026-08-20 04:32:39
Ajz1D2VKwFjtWwiZzf6zK4Rx7xT1nLt4Ron5f3jYdxiF,,,1671896915,0.0,0.0,0.0,0,0,0,0.0,0.0,1.0,0.0,,,0,0,0,Helius verified first buyer,2026-08-20 04:32:40
2op4xPkDGeEsGU1g63uB6QZNfJ1XVwnZUULgwWdd5PVD,,,1671897241,0.0,0.0,0.0,0,0,0,0.0,0.0,1.0,0.0,,,0,0,0,Helius verified first buyer,2026-08-20 04:32:40
F8VWj5MRSj6LZNhNZMxLcaCcn16RtFPWRJEaPjt5d85m,,,1671897247,0.0,0.0,0.0,0,0,0,0.0,0.0,1.0,0.0,,,0,0,0,Helius verified first buyer,2026-08-20 04:32:40
8Z7EisyTQe9S4C5i4cwXWZ8iT61Bs1fWfdw64bQn7NgN,,,1671898144,0.0,0.0,0.0,0,0,0,0.0,0.0,1.0,0.0,,,0,0,0,Helius verified first buyer,2026-08-20 04:32:40
42288UuCeRcW5T2tnPZPwyfXaugRaBLnLK28y139yoTY,,,1671898189,0.0,0.0,0.0,0,0,0,0.0,0.0,1.0,0.0,,,0,0,0,Helius verified first buyer,2026-08-20 04:32:41
FGVvU698D1DKfWFNjzXpNRqz3PFNg8Ai6d4RCL4uaNhF,,,1671898240,0.0,0.0,0.0,0,0,0,0.0,0.0,1.0,0.0,,,0,0,0,Helius verified first buyer,2026-08-20 04:32:41
5JFUVj2Qub4DWzRoLPfMXXxQL9MMKB4GW74bJVDxGNTk,,,1671898282,0.0,0.0,0.0,0,0,0,0.0,0.0,1.0,0.0,,,0,0,0,Helius verified first buyer,2026-08-20 04:32:41
2sgZnu9hXHw8kTYrCcWUVtvtkYKtpuiAtgNV3XjPCb3B,,,1671898639,0.0,0.0,0.0,0,0,0,0.0,0.0,1.0,0.0,,,0,0,0,Helius verified first buyer,2026-08-20 04:32:41
4onv7CCEkERCnsVPs1wT4Z37ayUadkuMcGpRYWHfiMwi,,,1671898711,0.0,0.0,0.0,0,0,0,0.0,0.0,1.0,0.0,,,0,0,0,Helius verified first buyer,2026-08-20 04:32:42
B8Ae7xFiXXvTtWD8a5hXLnPaeyQYKFGfZYUFPfny2jP9,,,1671899207,0.0,0.0,0.0,0,0,0,0.0,0.0,1.0,0.0,,,0,0,0,Helius verified first buyer,2026-08-20 04:32:42
Edsz6vcSHDiW5L9TNu8LsF1kLEctv2VhgBV5vDm6SKfW,,,1671899847,0.0,0.0,0.0,0,0,0,0.0,0.0,1.0,0.0,,,0,0,0,Helius verified first buyer,2026-08-20 04:32:42
HVN8nZKcpnE6TbnWTGsW1Yu6oJ5YeJkRgfAXTKWKhjzf,,,1671900672,0.0,0.0,0.0,0,0,0,0.0,0.0,1.0,0.0,,,0,0,0,Helius verified first buyer,2026-08-20 04:32:42
AaQhTjoakc1a8Nz5KaE46rC5bo4wGMUh5su7iomLik3W,,,1671900938,0.0,0.0,0.0,0,0,0,0.0,0.0,1.0,0.0,,,0,0,0,Helius verified first buyer,2026-08-20 04:32:44
C4QsxJnXoNkmajCiXT2brurQByKZJKRH7Ge87MfEZMjZ,,,1671901322,0.0,0.0,0.0,0,0,0,0.0,0.0,1.0,0.0,,,0,0,0,Helius verified first buyer,2026-08-20 04:32:44
DwnVBkzD8tSe6jcS71FwLaopB9MJfcxBWPSvbSGSTMXR,,,1671902193,0.0,0.0,0.0,0,0,0,0.0,0.0,1.0,0.0,,,0,0,0,Helius verified first buyer,2026-08-20 04:32:44
4JLizJmsFVkh6TY3j1gsFmtwQdAYstDzAhBsj5V3jwVX,,,1671902919,0.0,0.0,0.0,0,0,0,0.0,0.0,1.0,0.0,,,0,0,0,Helius verified first buyer,2026-08-20 04:32:44
GVH2BdAsvwQPR42dWCjwaj5SJLKRWNbXLaSKo2PAoSmE,,,1671903296,0.0,0.0,0.0,0,0,0,0.0,0.0,1.0,0.0,,,0,0,0,Helius verified first buyer,2026-08-20 04:32:45
HawxKHV35YAkjjrgK8kQB229REFXmqc1PACb2XSsRyfu,,,1671904068,0.0,0.0,0.0,0,0,0,0.0,0.0,1.0,0.0,,,0,0,0,Helius verified first buyer,2026-08-20 04:32:45
9oFiJiLRfFjKMfrx8nryPVSTLVZtDqd6gDsHPgQQVT8x,,,1671904175,0.0,0.0,0.0,0,0,0,0.0,0.0,1.0,0.0,,,0,0,0,Helius verified first buyer,2026-08-20 04:32:45
DgzWqku67fPeuWgmyZbNa7U7yicKRhbjM7nB86Yx2ojQ,,,1671904688,0.0,0.0,0.0,0,0,0,0.0,0.0,1.0,0.0,,,0,0,0,Helius verified first buyer,2026-08-20 04:32:45
4uFpkv2sCQetdNLj22V9ji2QdZ9D1rMe9DtU2WVBUeb8,,,1671904736,0.0,0.0,0.0,0,0,0,0.0,0.0,1.0,0.0,,,0,0,0,Helius verified first buyer,2026-08-20 04:35:44
dKMjeGJ4Mk9S3hxdfTThvZ7exks2xMwWqSM5NvN2CTK,,,1671904926,0.0,0.0,0.0,0,0,0,0.0,0.0,1.0,0.0,,,0,0,0,Helius verified first buyer,2026-08-20 04:32:46
FVS7yzVc6iK1sfvuKoydpWDmYWLCZi5P2zuFMmjxEmYY,,,1671904981,0.0,0.0,0.0,0,0,0,0.0,0.0,1.0,0.0,,,0,0,0,Helius verified first buyer,2026-08-20 04:32:46
BqnpCdDLPV2pFdAaLnVidmn3G93RP2p5oRdGEY2sJGez,,,1671905597,0.0,0.0,0.0,0,0,0,0.0,0.0,1.0,0.0,,,0,0,0,Helius verified first buyer,2026-08-20 04:32:56
CjmRRhT8MAyzBbRZnBon1Jtu2aCsWGVsVd5KnpWWLhmv,,,1671905663,0.0,0.0,0.0,0,0,0,0.0,0.0,1.0,0.0,,,0,0,0,Helius verified first buyer,2026-08-20 04:32:46
8ra8ELLNEp219sorcU5ftNQwdQwc6KggJJz6wBg5bi3s,,,1671907230,0.0,0.0,0.0,0,0,0,0.0,0.0,1.0,0.0,,,0,0,0,Helius verified first buyer,2026-08-20 04:32:47
A8uqxjqXG6ZHxDNfWEcTkESwBvoNRBBmvUSJVx733ZQJ,,,1671907298,0.0,0.0,0.0,0,0,0,0.0,0.0,1.0,0.0,,,0,0,0,Helius verified first buyer,2026-08-20 04:32:47
3YguUY2n4zD67jTuAkKGuZruSo1aKkn2J3ZqbD7Dyi8H,,,1671907629,0.0,0.0,0.0,0,0,0,0.0,0.0,1.0,0.0,,,0,0,0,Helius verified first buyer,2026-08-20 04:32:47
B49y6ME4cF4ckuZimHgoSLSb4TgH5fnz55wq9zeg3AKV,,,1671907653,0.0,0.0,0.0,0,0,0,0.0,0.0,1.0,0.0,,,0,0,0,Helius verified first buyer,2026-08-20 04:32:47
5ouNtwtKRhbyYMoXpfUAdUxV5MJEfcAdnSKmUDY6dGV8,,,1671910229,0.0,0.0,0.0,0,0,0,0.0,0.0,1.0,0.0,,,0,0,0,Helius verified first buyer,2026-08-20 04:32:48
BjSaYdgdWtBNXGJmy6cuTzxYzLcxvn4Anw6yrWsgKdNm,,,1671910562,0.0,0.0,0.0,0,0,0,0.0,0.0,1.0,0.0,,,0,0,0,Helius verified first buyer,2026-08-20 04:32:48
HzmM2NoPeZuNLVU9fvfSCjPeJ9f1JMd8URskmwXjqmXx,,,1671910652,0.0,0.0,0.0,0,0,0,0.0,0.0,1.0,0.0,,,0,0,0,Helius verified first buyer,2026-08-20 04:32:48
2WH49KcjfgEByiGwPJU2S77fBxnrJkrv7T8rqgaiW87A,,,1671910720,0.0,0.0,0.0,0,0,0,0.0,0.0,1.0,0.0,,,0,0,0,Helius verified first buyer,2026-08-20 04:32:48
98xttUTmazi5BsZkQbqtKqt7rjZHQmC5KZsYfqc8rgcq,,,1671910822,0.0,0.0,0.0,0,0,0,0.0,0.0,1.0,0.0,,,0,0,0,Helius verified first buyer,2026-08-20 04:32:49
2odaT1Zo8MjhrURExdqRoTcBZyPqT9rrvAc66gkxaLJ5,,,1671910836,0.0,0.0,0.0,0,0,0,0.0,0.0,1.0,0.0,,,0,0,0,Helius verified first buyer,2026-08-20 04:32:49
F6782nmrVAkPzq7DQ3CtjQxaNhLHFoBtmBHLQMaD8V4L,,,1671910999,0.0,0.0,0.0,0,0,0,0.0,0.0,1.0,0.0,,,0,0,0,Helius verified first buyer,2026-08-20 04:32:49
EnrEEoFKnPDTyEjvbtvzqLwv7Mj2bRhKpohWk9jEzGm6,,,1671911707,0.0,0.0,0.0,0,0,0,0.0,0.0,1.0,0.0,,,0,0,0,Helius verified first buyer,2026-08-20 04:32:58
D8dj4rKnut7P9c8TUC1jT1pVk8KoLM22vmY1WysU1S5,,,1671911891,0.0,0.0,0.0,0,0,0,0.0,0.0,1.0,0.0,,,0,0,0,Helius verified first buyer,2026-08-20 04:32:50
ErNMP3aJZWdb7YKGXZfdeVAAm9QH1XqNb4w6DceWmshf,,,1671912759,0.0,0.0,0.0,0,0,0,0.0,0.0,1.0,0.0,,,0,0,0,Helius verified first buyer,2026-08-20 04:32:50
CM4xpPPDEjShccP5USPUjKpShg581ycqtaerhQnLji1,,,1671914752,0.0,0.0,0.0,0,0,0,0.0,0.0,1.0,0.0,,,0,0,0,Helius verified first buyer,2026-08-20 04:32:51
8umPs96cv2UYpnDKeUshdUx6Xd3g4CfknrrM1gUg6fbN,,,1671915646,0.0,0.0,0.0,0,0,0,0.0,0.0,1.0,0.0,,,0,0,0,Helius verified first buyer,2026-08-20 04:32:51
AAsAJwhyVcg5X4aHJWa7rGRQbYiCcZLdFL58vH1s46Ka,,,1671916379,0.0,0.0,0.0,0,0,0,0.0,0.0,1.0,0.0,,,0,0,0,Helius verified first buyer,2026-08-20 04:32:52
6oqXQ3FhzghdFSfZgc4cAaaZDrEgdgUPRPLDSzG1enaq,,,1671917541,0.0,0.0,0.0,0,0,0,0.0,0.0,1.0,0.0,,,0,0,0,Helius verified first buyer,2026-08-20 04:32:52
GihsTvtbCjx9DYYmXjYmULPbzth7Z6weZFhEWB5FKCf4,,,1671919095,0.0,0.0,0.0,0,0,0,0.0,0.0,1.0,0.0,,,0,0,0,Helius verified first buyer,2026-08-20 04:32:52
FNR8RP25deL1yf6Ut1ntHBzdhu4uhiBdSkPosEZBZUqp,,,1671919607,0.0,0.0,0.0,0,0,0,0.0,0.0,1.0,0.0,,,0,0,0,Helius verified first buyer,2026-08-20 04:32:53
H7YGD3kkZVa4NtPdXA7ygBiQFSFvodyRcapEixhF14on,,,1671920951,0.0,0.0,0.0,0,0,0,0.0,0.0,1.0,0.0,,,0,0,0,Helius verified first buyer,2026-08-20 04:32:53
8exVFGS5YzhcJKzN7fuHqZog6mbhHEoPQT2b4wnGohJY,,,1671921626,0.0,0.0,0.0,0,0,0,0.0,0.0,1.0,0.0,,,0,0,0,Helius verified first buyer,2026-08-20 04:32:53
DgctXaVNDhMXbY55fJ2rxao7Jvg7yTNRNwKwZQWfr9ug,,,1671922859,0.0,0.0,0.0,0,0,0,0.0,0.0,1.0,0.0,,,0,0,0,Helius verified first buyer,2026-08-20 04:32:53
25FxT68TgdtctQgzTX9JcN6bijYRc227QmgFFDQ5HDBT,,,1671923390,0.0,0.0,0.0,0,0,0,0.0,0.0,1.0,0.0,,,0,0,0,Helius verified first buyer,2026-08-20 04:32:54
5MZJ6Tm1nPS293i6n1Y8E7TTCVzqHg8CtzdvTtncQCQe,,,1671923953,0.0,0.0,0.0,0,0,0,0.0,0.0,1.0,0.0,,,0,0,0,Helius verified first buyer,2026-08-20 04:32:54
7FHJX1pwq4i9Fr2z1emXNHu8xSseKgG5waMnYygnmwG8,,,1671924251,0.0,0.0,0.0,0,0,0,0.0,0.0,1.0,0.0,,,0,0,0,Helius verified first buyer,2026-08-20 04:32:54
C4yt4sGmxBxX2td9fhW1kC3rZJF9ikCatZqY34zqGAsY,,,1671924771,0.0,0.0,0.0,0,0,0,0.0,0.0,1.0,0.0,,,0,0,0,Helius verified first buyer,2026-08-20 04:32:55
Ae9izGuyQd2c4wSyxbknjgQBLkW23bdPtkFv5Yzs57ke,,,1671925358,0.0,0.0,0.0,0,0,0,0.0,0.0,1.0,0.0,,,0,0,0,Helius verified first buyer,2026-08-20 04:32:55
CG4TzbHd3koPmrEkcDz9kE88R3U9MDsZnoejv47tk7vj,,,1671925484,0.0,0.0,0.0,0,0,0,0.0,0.0,1.0,0.0,,,0,0,0,Helius verified first buyer,2026-08-20 04:32:55
6WuBoGUe5qqwg8Gfordc7tms9GMujFt6HJNhuto69nfy,,,1671926069,0.0,0.0,0.0,0,0,0,0.0,0.0,1.0,0.0,,,0,0,0,Helius verified first buyer,2026-08-20 04:32:55
ksnYEZ553qSuL5Nzy3RKnbtT6t3NPDvW9UZSJLvbm4Z,,,1671926364,0.0,0.0,0.0,0,0,0,0.0,0.0,1.0,0.0,,,0,0,0,Helius verified first buyer,2026-08-20 04:32:56
EWfmAPxxUFBoAPZdK1kZmBYdEkU3o3djwefmmwEc2rBw,,,1671927078,0.0,0.0,0.0,0,0,0,0.0,0.0,1.0,0.0,,,0,0,0,Helius verified first buyer,2026-08-20 04:32:56
DC8MXhVEen63TQdJc5MtkhH85r1A4Srb9HMSMDXD94jL,,,1671928416,0.0,0.0,0.0,0,0,0,0.0,0.0,1.0,0.0,,,0,0,0,Helius verified first buyer,2026-08-20 04:32:56
2RVY82MAkkaE28JpA9eqYsX6dC6bLh5aVE8wKRWRyp4U,,,1671928951,0.0,0.0,0.0,0,0,0,0.0,0.0,1.0,0.0,,,0,0,0,Helius verified first buyer,2026-08-20 04:32:57
CBfD5maxj2QdwnHvbRd5wdU8oWb4NNYf9Agy6CGUFv3,,,1671929117,0.0,0.0,0.0,0,0,0,0.0,0.0,1.0,0.0,,,0,0,0,Helius verified first buyer,2026-08-20 04:32:57
8tseKxrDRW9EigktpNaCgZgpDJwvL3p1P4cdfFztmF4Y,,,1671929948,0.0,0.0,0.0,0,0,0,0.0,0.0,1.0,0.0,,,0,0,0,Helius verified first buyer,2026-08-20 04:32:57
AgEEVwzesrY2mtLSFRmiDjoCAchfTdNMwt4P6j5ePqee,,,1671931280,0.0,0.0,0.0,0,0,0,0.0,0.0,1.0,0.0,,,0,0,0,Helius verified first buyer,2026-08-20 04:32:58
Adw45eEEqCiuW7ewfD2CK6jS5Ky5BZSSRRboUQvgkiJa,,,1671935708,0.0,0.0,0.0,0,0,0,0.0,0.0,1.0,0.0,,,0,0,0,Helius verified first buyer,2026-08-20 04:32:59
Yw7RAZqhQuyFtThetDL4pZd9wDNWzsZ7Ha2BL8dbyYq,,,1671936690,0.0,0.0,0.0,0,0,0,0.0,0.0,1.0,0.0,,,0,0,0,Helius verified first buyer,2026-08-20 04:32:59
HakmXeewn7Vg3EVYy6T8ZfxBiVnnVWdwSbBQ7oaDFqie,,,1671938390,0.0,0.0,0.0,0,0,0,0.0,0.0,1.0,0.0,,,0,0,0,Helius verified first buyer,2026-08-20 04:32:59
GE1AgNSCTTkwg85zHqYNVCixHNmHkYwP8DF9dypeG9b1,,,1671938593,0.0,0.0,0.0,0,0,0,0.0,0.0,1.0,0.0,,,0,0,0,Helius verified first buyer,2026-08-20 04:32:59
BBjU2KJsTDvgxvMgJvxT1QZDCTRkA5SAq5i2MeBtBEez,,,1671940035,0.0,0.0,0.0,0,0,0,0.0,0.0,1.0,0.0,,,0,0,0,Helius verified first buyer,2026-08-20 04:33:00
cEzRfiXAJoacTfdVQiZgMxDKwL8539BsxoVehkopCMx,,,1671940697,0.0,0.0,0.0,0,0,0,0.0,0.0,1.0,0.0,,,0,0,0,Helius verified first buyer,2026-08-20 04:33:00
EjhZG6b3Z5atKKykpMWB1mEyyAni7nJ7noNeX5HVgSDN,,,1671940776,0.0,0.0,0.0,0,0,0,0.0,0.0,1.0,0.0,,,0,0,0,Helius verified first buyer,2026-08-20 04:33:00
FB7xZtQyL7R28mrpEBFRiXH6mh77cvzFC4eeECV2ERnH,,,1671940936,0.0,0.0,0.0,0,0,0,0.0,0.0,1.0,0.0,,,0,0,0,Helius verified first buyer,2026-08-20 04:33:00
2rGHgDYtD4625SQPTmiZeyyS5hqwoawZNxiZCZFxt2Fp,,,1671942321,0.0,0.0,0.0,0,0,0,0.0,0.0,1.0,0.0,,,0,0,0,Helius verified first buyer,2026-08-20 04:33:01
GWLbnjx1ZsMr3bA8VE2GCi8D54LzcZjwLzuFd7RnSrig,,,1671942487,0.0,0.0,0.0,0,0,0,0.0,0.0,1.0,0.0,,,0,0,0,Helius verified first buyer,2026-08-20 04:33:01
7woqoyhrysYZCRsHKSWmYEVtHxP3qWBjvpmUfNS71Ste,,,1671944024,0.0,0.0,0.0,0,0,0,0.0,0.0,1.0,0.0,,,0,0,0,Helius verified first buyer,2026-08-20 04:33:01
9fQmt6ATNeSPw6esjs4jfoX5EcFiNfz9fn1tWHvkySPU,,,1671944219,0.0,0.0,0.0,0,0,0,0.0,0.0,1.0,0.0,,,0,0,0,Helius verified first buyer,2026-08-20 04:33:01
FSHZdx73rEGcS5JXUXvW6h8i4AtsrfPTHcgcbXLVUD3A,,,1671945703,0.0,0.0,0.0,0,0,0,0.0,0.0,1.0,0.3,,,0,0,0,Helius verified first buyer,2026-08-20 04:44:37
HmFs3f44fZ2azKWFAxSEqTyt4ak9W7ZzAD1PGLUqy7H4,,,1671945822,0.0,0.0,0.0,0,0,0,0.0,0.0,1.0,0.0,,,0,0,0,Helius verified first buyer,2026-08-20 04:33:02
6NxfPMmeefy3vURtSJmxbG57msmcKvNxS9DFog3MGeJS,,,1671946374,0.0,0.0,0.0,0,0,0,0.0,0.0,1.0,0.0,,,0,0,0,Helius verified first buyer,2026-08-20 04:33:02
33FkVa6vCpEAYqn7NmqsBJsnp5rq8UqHFzRxMQuPErE2,,,1671946739,0.0,0.0,0.0,0,0,0,0.0,0.0,1.0,0.0,,,0,0,0,Helius verified first buyer,2026-08-20 04:33:03
4iLCZX8u1eNp2BZammpgLtk9hsMdTGMvG2X8RHq3mub5,,,1671947654,0.0,0.0,0.0,0,0,0,0.0,0.0,1.0,0.0,,,0,0,0,Helius verified first buyer,2026-08-20 04:33:03
FNpsy7uDXG6dHU5CkvsYkigAKPrKXfUwikGbUQvJq39S,,,1671947808,0.0,0.0,0.0,0,0,0,0.0,0.0,1.0,0.0,,,0,0,0,Helius verified first buyer,2026-08-20 04:33:03
86z2t1Ac3F4B9Ee6cTMZRapupcaver58ZM9tNcAyD2Tf,,,1671948305,0.0,0.0,0.0,0,0,0,0.0,0.0,1.0,0.0,,,0,0,0,Helius verified first buyer,2026-08-20 04:33:03
6qwiJTLDPS222HsdsN423f1VAPxyJGc8LHKZSBzQKK5U,,,1671948320,0.0,0.0,0.0,0,0,0,0.0,0.0,1.0,0.0,,,0,0,0,Helius verified first buyer,2026-08-20 04:33:04
Yh4nc8bKRi9kzxPzcHKPDaxQS1xrCWP7mwj82wBVun8,,,1671948320,0.0,0.0,0.0,0,0,0,0.0,0.0,1.0,0.0,,,0,0,0,Helius verified first buyer,2026-08-20 04:33:04
ED6tZV7gCSjryLGBnX9qvSK2peUWdtKbEdmtSSuLKXGd,,,1671948320,0.0,0.0,0.0,0,0,0,0.0,0.0,1.0,0.0,,,0,0,0,Helius verified first buyer,2026-08-20 04:33:04
EKMrr2Tus8c4xxa6RmcrXZ7AKGiTpWTCV8qdArMtFdrJ,,,1671948320,0.0,0.0,0.0,0,0,0,0.0,0.0,1.0,0.0,,,0,0,0,Helius verified first buyer,2026-08-20 04:33:04
FawnB1TQBfzZVNpG18KMKFuKVmJyn9stKvKL2DNWL4E5,,,1671948320,0.0,0.0,0.0,0,0,0,0.0,0.0,1.0,0.0,,,0,0,0,Helius verified first buyer,2026-08-20 04:33:05
HkvRbTorou5rVZADVXcyMtP17GBLLnjQXrSw5ZNcbs7f,,,1671948320,0.0,0.0,0.0,0,0,0,0.0,0.0,1.0,0.0,,,0,0,0,Helius verified first buyer,2026-08-20 04:33:05
95njMRnu2SFPqzaTtbpGwtvZ3L3em2coqJJXhkKqZQoE,,,1671948320,0.0,0.0,0.0,0,0,0,0.0,0.0,1.0,0.0,,,0,0,0,Helius verified first buyer,2026-08-20 04:33:05
CVKQkLe84cUdQDZoGHe2idQfznJq7qrdPn7G41Wj9QBk,,,1671948320,0.0,0.0,0.0,0,0,0,0.0,0.0,1.0,0.0,,,0,0,0,Helius verified first buyer,2026-08-20 04:33:05
kLfQnFGnKX4aqGKvYQjYrTujYUG8YJ4jUUShErM3VMv,,,1671948320,0.0,0.0,0.0,0,0,0,0.0,0.0,1.0,0.0,,,0,0,0,Helius verified first buyer,2026-08-20 04:33:07
6MupHwVuaZnxeXbw2DEvH96ouaWdg5TygPaSruB4H7YG,,,1671948320,0.0,0.0,0.0,0,0,0,0.0,0.0,1.0,0.0,,,0,0,0,Helius verified first buyer,2026-08-20 04:33:07
BpnBxp5KvnupqYVutjYwyhmQi7wQrU5xZXXGRgZcKDSj,,,1671948320,0.0,0.0,0.0,0,0,0,0.0,0.0,1.0,0.0,,,0,0,0,Helius verified first buyer,2026-08-20 04:33:07
D4s91vVVJMNvfZrTpzhp8jB6xxoyxhn8xVtZ454D1fMo,,,1671948320,0.0,0.0,0.0,0,0,0,0.0,0.0,1.0,0.0,,,0,0,0,Helius verified first buyer,2026-08-20 04:33:07
F1PWgmjvnfDwZEmnAiN9uH9714bE6MHBwTiAQ2w6pzVE,,,1671948320,0.0,0.0,0.0,0,0,0,0.0,0.0,1.0,0.0,,,0,0,0,Helius verified first buyer,2026-08-20 04:33:08
GYLkraPfvT3UtUbdxcHiVWV2EShBoZtqW1Bcq4VazUCt,,,1671948320,0.0,0.0,0.0,0,0,0,0.0,0.0,1.0,0.0,,,0,0,0,Helius verified first buyer,2026-08-20 04:33:08
2N6aJDX1TNs6RKkPsuufbAe4JjRAZPs1iLPcEUL4DX4z,,,1671948320,0.0,0.0,0.0,0,0,0,0.0,0.0,1.0,0.0,,,0,0,0,Helius verified first buyer,2026-08-20 04:33:08
DoKHtufwbi5jGQwby7DPeD73j2suxyg8qGr5G9PjLCMT,,,1671948321,0.0,0.0,0.0,0,0,0,0.0,0.0,1.0,0.0,,,0,0,0,Helius verified first buyer,2026-08-20 04:33:08
6AUm5mmGpkAE7bWmhQtzAJFNd2tNiDEsUG1Qs8DJBcbd,,,1671948365,0.0,0.0,0.0,0,0,0,0.0,0.0,1.0,0.0,,,0,0,0,Helius verified first buyer,2026-08-20 04:33:09
B7My3enHSWyWTjYi4Ex6kh7JEYEsE9FoPR35s15uWCAf,,,1671948365,0.0,0.0,0.0,0,0,0,0.0,0.0,1.0,0.0,,,0,0,0,Helius verified first buyer,2026-08-20 04:33:09
Ac3WdKvtLwXBB5Hzenuf7bdh56HFcR2PBiaWvVf2LPny,,,1671948365,0.0,0.0,0.0,0,0,0,0.0,0.0,1.0,0.0,,,0,0,0,Helius verified first buyer,2026-08-20 04:33:09
t3cHiEnCWyFV2d4r7w4GqkVbkTmk7QnJ6JpPLLio5Cq,,,1671948365,0.0,0.0,0.0,0,0,0,0.0,0.0,1.0,0.0,,,0,0,0,Helius verified first buyer,2026-08-20 04:33:10
FgYjU3oBY3u6RUuvRPY3B6J2DQ7VptHrXQYbhT9afpTc,,,1671948365,0.0,0.0,0.0,0,0,0,0.0,0.0,1.0,0.0,,,0,0,0,Helius verified first buyer,2026-08-20 04:33:10
B3BhJ1nvPvEhx3hq3nfK8hx4WYcKZdbhavSobZEA44ai,,,1671948365,0.0,0.0,0.0,0,0,0,0.0,0.0,1.0,0.0,,,0,0,0,Helius verified first buyer,2026-08-20 04:33:10
DH4ZXcHkJyvTn4ysevXqiyFUBvgi8gDG3Dxq7w4n7tpY,,,1671948413,0.0,0.0,0.0,0,0,0,0.0,0.0,1.0,0.0,,,0,0,0,Helius verified first buyer,2026-08-20 04:33:10
5LrS2FtZPQpw8EgU8iy7LU5ijFMxonniRfEacoeeZg5x,,,1671948783,0.0,0.0,0.0,0,0,0,0.0,0.0,1.0,0.0,,,0,0,0,Helius verified first buyer,2026-08-20 04:33:11
FtAziDo9JWxEPsku4zJvKp6TKtp5svDB9WNMsxtdoFpm,,,1671948832,0.0,0.0,0.0,0,0,0,0.0,0.0,1.0,0.0,,,0,0,0,Helius verified first buyer,2026-08-20 04:33:11
EoWK2rGbLypiMGQrJhUfTVa5peeC2FtUCe3MZNCQ1Yb7,,,1671949559,0.0,0.0,0.0,0,0,0,0.0,0.0,1.0,0.0,,,0,0,0,Helius verified first buyer,2026-08-20 04:33:11
C7EbRUFUP7JJ7cDWTqQrhziuZwSV3r94BqSh6q818PwY,,,1671949560,0.0,0.0,0.0,0,0,0,0.0,0.0,1.0,0.0,,,0,0,0,Helius verified first buyer,2026-08-20 04:33:12
8SRjLazGw7GgA5TTYnATPgQJeXuC5QeC49GhBWUZi8x8,,,1671949560,0.0,0.0,0.0,0,0,0,0.0,0.0,1.0,0.0,,,0,0,0,Helius verified first buyer,2026-08-20 04:33:12
72mrjH6d5mCVmRu3rUfguKvTdssRyKmyco8YhA4ZMKT1,,,1671949560,0.0,0.0,0.0,0,0,0,0.0,0.0,1.0,0.0,,,0,0,0,Helius verified first buyer,2026-08-20 04:33:12
F9U7tBx2pJhJr6JgAcUa1LAo3yfTc8QNoiMxD7u5VvJp,,,1671949560,0.0,0.0,0.0,0,0,0,0.0,0.0,1.0,0.0,,,0,0,0,Helius verified first buyer,2026-08-20 04:33:12
6a6ymR1ypc1Kunm7cWV4quVERAGdoosyvBUtb7jiPNJT,,,1671949560,0.0,0.0,0.0,0,0,0,0.0,0.0,1.0,0.0,,,0,0,0,Helius verified first buyer,2026-08-20 04:33:12
8jvJZ1ux1HJi7NoosJuf1KKWbgzYfSZfdXCyTFbGE1HZ,,,1671949560,0.0,0.0,0.0,0,0,0,0.0,0.0,1.0,0.0,,,0,0,0,Helius verified first buyer,2026-08-20 04:33:13
FAkdzEnnD8SMzFyDe2gXVwwjusaxdGdSQgpE3JjDAG7J,,,1671949560,0.0,0.0,0.0,0,0,0,0.0,0.0,1.0,0.0,,,0,0,0,Helius verified first buyer,2026-08-20 04:33:13
DoHQzuHLKvPj7mZHvYmVMWa158coCbH1yqiXwnc5ZGmD,,,1671949560,0.0,0.0,0.0,0,0,0,0.0,0.0,1.0,0.0,,,0,0,0,Helius verified first buyer,2026-08-20 04:33:13
FBe8DnHp7d1DJVyuVfkRdp5NYaqBG85jCub2XjB2rpkW,,,1671949560,0.0,0.0,0.0,0,0,0,0.0,0.0,1.0,0.0,,,0,0,0,Helius verified first buyer,2026-08-20 04:33:13
GbsBMi4oMu7cnTuRJQ2B8tKdDYFR3mJFpmn6iBz9baWP,,,1671949560,0.0,0.0,0.0,0,0,0,0.0,0.0,1.0,0.0,,,0,0,0,Helius verified first buyer,2026-08-20 04:33:14
EGPCsLEdN1xLDA8kgnsXzoWkMFkinnCEkZuUmangXVQu,,,1671949560,0.0,0.0,0.0,0,0,0,0.0,0.0,1.0,0.0,,,0,0,0,Helius verified first buyer,2026-08-20 04:33:14
7w7vrK8yXFnci87jZF1DC5uMdg1nUwSddbDdBmMnzo2t,,,1671949560,0.0,0.0,0.0,0,0,0,0.0,0.0,1.0,0.0,,,0,0,0,Helius verified first buyer,2026-08-20 04:33:14
BEeArpoR3a6A8vPnp6fw2hDoapibLidQb4nwqNYK3Kyu,,,1671949560,0.0,0.0,0.0,0,0,0,0.0,0.0,1.0,0.0,,,0,0,0,Helius verified first buyer,2026-08-20 04:33:15
BBoFuSCJw5j5xFgZip6kUtaLx3TcvdtA58EMTdueuPLA,,,1671949560,0.0,0.0,0.0,0,0,0,0.0,0.0,1.0,0.0,,,0,0,0,Helius verified first buyer,2026-08-20 04:33:15
ABxbbdcbD5qFhh4ou4gpBfQvzGsv4fsGTSFvSdPyTHDe,,,1671949560,0.0,0.0,0.0,0,0,0,0.0,0.0,1.0,0.0,,,0,0,0,Helius verified first buyer,2026-08-20 04:33:15
2qTx8q7beyZNWNrj41HdsU4xvW1xTvNEY9YcNoiBntXN,,,1671949560,0.0,0.0,0.0,0,0,0,0.0,0.0,1.0,0.0,,,0,0,0,Helius verified first buyer,2026-08-20 04:33:16
2zyiByPCn1Zokh8LoNr5KRH7ox75pJeYvBpyReq9iF1M,,,1671949560,0.0,0.0,0.0,0,0,0,0.0,0.0,1.0,0.0,,,0,0,0,Helius verified first buyer,2026-08-20 04:33:16
7wQYvqLAh7m7fxqDBzKsLwTVeQd5KL122gRpSW44EiC6,,,1671949560,0.0,0.0,0.0,0,0,0,0.0,0.0,1.0,0.0,,,0,0,0,Helius verified first buyer,2026-08-20 04:33:16
6XSbWUz1Hav1aLaU7NFLyqtWRHhs6DNGcLPQncGcV94L,,,1671949560,0.0,0.0,0.0,0,0,0,0.0,0.0,1.0,0.0,,,0,0,0,Helius verified first buyer,2026-08-20 04:33:16
5KgdnBuHSxvcLvs1d6HCevZRB9rvPwt1KYBPZndNdeLD,,,1671949560,0.0,0.0,0.0,0,0,0,0.0,0.0,1.0,0.0,,,0,0,0,Helius verified first buyer,2026-08-20 04:33:17
64mJRyNgovVh68TSJCkVK1RSmNdVKhbGzDkEnJQZFaeG,,,1671949560,0.0,0.0,0.0,0,0,0,0.0,0.0,1.0,0.0,,,0,0,0,Helius verified first buyer,2026-08-20 04:33:17
46MsTaywahumd7FS73o7kg26iiDJmbf8MhnqKH2vkpBE,,,1671949560,0.0,0.0,0.0,0,0,0,0.0,0.0,1.0,0.0,,,0,0,0,Helius verified first buyer,2026-08-20 04:33:17
AqDioMTiyTzG7GT3x7gDZgfrs3o9eE4noV8y7VFgNic7,,,1671949560,0.0,0.0,0.0,0,0,0,0.0,0.0,1.0,0.0,,,0,0,0,Helius verified first buyer,2026-08-20 04:33:17
9dTDHJ35AoZGDLWogP74qTGq9dfsrBZZNkj1fTR6C9Gg,,,1671949560,0.0,0.0,0.0,0,0,0,0.0,0.0,1.0,0.0,,,0,0,0,Helius verified first buyer,2026-08-20 04:33:17
CyGLr9gXEtg2TmzPzRZG72rqyxDr7aCgHuZkyjtU1x81,,,1671949560,0.0,0.0,0.0,0,0,0,0.0,0.0,1.0,0.0,,,0,0,0,Helius verified first buyer,2026-08-20 04:33:18
BEmbc6SBjjeCCX6MpiHrFYiXzcf8jVvHXPV8qEc2R5v2,,,1671949560,0.0,0.0,0.0,0,0,0,0.0,0.0,1.0,0.0,,,0,0,0,Helius verified first buyer,2026-08-20 04:33:18
5UjTweSfCR7DiC7KDxfpp9UDveDfu7W5ghDXRFiZ3VDJ,,,1671949560,0.0,0.0,0.0,0,0,0,0.0,0.0,1.0,0.0,,,0,0,0,Helius verified first buyer,2026-08-20 04:33:18
3fAZXzMmW9QzbCiWKWAwY1iYBkke7GCALfd7nEYK7qDt,,,1671949560,0.0,0.0,0.0,0,0,0,0.0,0.0,1.0,0.0,,,0,0,0,Helius verified first buyer,2026-08-20 04:33:18
4PU12ZsdotfGVgeUMX17JxCpA5ua3qUhaZwDULagTNok,,,1671949560,0.0,0.0,0.0,0,0,0,0.0,0.0,1.0,0.0,,,0,0,0,Helius verified first buyer,2026-08-20 04:33:18
3Wgvew2C4XRKJH3Gyn6MkUNkywiXM76ozCcQmvWQY8tD,,,1671949563,0.0,0.0,0.0,0,0,0,0.0,0.0,1.0,0.0,,,0,0,0,Helius verified first buyer,2026-08-20 04:33:19
34wVkz8jLASkqHdjmm2UbUy1jGsK1VWCTmu5SEbDWZ1j,,,1671949563,0.0,0.0,0.0,0,0,0,0.0,0.0,1.0,0.0,,,0,0,0,Helius verified first buyer,2026-08-20 04:33:19
D5oz9WsbC4PYspcTpj55kQzmMccZYyT2zi5R1WDGgCPs,,,1671949563,0.0,0.0,0.0,0,0,0,0.0,0.0,1.0,0.0,,,0,0,0,Helius verified first buyer,2026-08-20 04:33:19
74xJkGmh2CghonrsYJ6dG9L3f2E77H7Tvs6SmAGfcBcL,,,1671949563,0.0,0.0,0.0,0,0,0,0.0,0.0,1.0,0.0,,,0,0,0,Helius verified first buyer,2026-08-20 04:33:19
Ds5VTrCwKZKytATSt48BsVMS9dpTN5t9Zf1Gsc1goLLG,,,1671949563,0.0,0.0,0.0,0,0,0,0.0,0.0,1.0,0.0,,,0,0,0,Helius verified first buyer,2026-08-20 04:33:20
4ogFVNs4Lxi9wdcVopfCqbrYYDqpuPxkUBad9G1a1z3S,,,1671949563,0.0,0.0,0.0,0,0,0,0.0,0.0,1.0,0.0,,,0,0,0,Helius verified first buyer,2026-08-20 04:33:20
HDgAv6TWcyhUMrtELKUNB5taXzdbrGRgmAEQ8SfpeFKG,,,1671949563,0.0,0.0,0.0,0,0,0,0.0,0.0,1.0,0.0,,,0,0,0,Helius verified first buyer,2026-08-20 04:33:20
5TNpWXQVBuTq2MYm92cBc5nVsxw1Gic5PvRYBNHzvLMe,,,1671949563,0.0,0.0,0.0,0,0,0,0.0,0.0,1.0,0.0,,,0,0,0,Helius verified first buyer,2026-08-20 04:33:20
9Ks38nBJum6NLbgdquJwW5X1dAWSxnKmDq5fyfFZDRkv,,,1671949563,0.0,0.0,0.0,0,0,0,0.0,0.0,1.0,0.0,,,0,0,0,Helius verified first buyer,2026-08-20 04:33:21
ATHZS3ue43MWQdWiJCxqbgWU36obdgo1fqDdbhCij5up,,,1671949563,0.0,0.0,0.0,0,0,0,0.0,0.0,1.0,0.0,,,0,0,0,Helius verified first buyer,2026-08-20 04:33:21
EkYyVgk8zrGH1DJqX4BGadTpFzrTdm5iVvfwMKRM5UGi,,,1671949563,0.0,0.0,0.0,0,0,0,0.0,0.0,1.0,0.0,,,0,0,0,Helius verified first buyer,2026-08-20 04:33:21
8f2R8Z32HBXhuM4HB9Rec7GDTPjpu2owtnMeqxELDuvG,,,1671949563,0.0,0.0,0.0,0,0,0,0.0,0.0,1.0,0.0,,,0,0,0,Helius verified first buyer,2026-08-20 04:33:21
9vtgWx3kU5wJFttaPiU9fqmgSJg5JFuJ34MMstRpgmoX,,,1671949563,0.0,0.0,0.0,0,0,0,0.0,0.0,1.0,0.0,,,0,0,0,Helius verified first buyer,2026-08-20 04:33:21
FmTyddttcS94jmRr3fEpsV93tnjiYJMn1b1cdMuWLu6F,,,1671949563,0.0,0.0,0.0,0,0,0,0.0,0.0,1.0,0.0,,,0,0,0,Helius verified first buyer,2026-08-20 04:33:22
8xh6fzohJoH1M3ogXPHij3g6KZV48nVz3svcxhkdmeyJ,,,1671949563,0.0,0.0,0.0,0,0,0,0.0,0.0,1.0,0.0,,,0,0,0,Helius verified first buyer,2026-08-20 04:33:22
CUwoVgKq9THkrnt9LhkKRSuFgPqx8Vz5RtBRXYvPAHBC,,,1671949563,0.0,0.0,0.0,0,0,0,0.0,0.0,1.0,0.0,,,0,0,0,Helius verified first buyer,2026-08-20 04:33:22
2JGUZyqbbdz6cPPWrPAWS6eR2SRWjdmqy1cfZE2Raj5T,,,1671949563,0.0,0.0,0.0,0,0,0,0.0,0.0,1.0,0.0,,,0,0,0,Helius verified first buyer,2026-08-20 04:33:22
8AX5CqyL2QxLTEUhu7gpGdhxB94kVMSjAn1E1Wpwcffp,,,1671949566,0.0,0.0,0.0,0,0,0,0.0,0.0,1.0,0.0,,,0,0,0,Helius verified first buyer,2026-08-20 04:33:23
DhU52Ab4iHgd6fPjXXYb9UBW28dLk5SQa4DYNoQbdaa3,,,1671949566,0.0,0.0,0.0,0,0,0,0.0,0.0,1.0,0.0,,,0,0,0,Helius verified first buyer,2026-08-20 04:33:23
KH4kdCRETYrroxtGKxrZN4oYx425tjhx6yGGz6bbtUP,,,1671949566,0.0,0.0,0.0,0,0,0,0.0,0.0,1.0,0.0,,,0,0,0,Helius verified first buyer,2026-08-20 04:33:23
2CqocamViuucf7kZw67HHQ6yg7vEGLEp7PkFtz6eyXkE,,,1671949566,0.0,0.0,0.0,0,0,0,0.0,0.0,1.0,0.0,,,0,0,0,Helius verified first buyer,2026-08-20 04:33:23
CrphzKG6PyhajfvhDuY8fnt3QkbeP8Ns1xJLFZmp4qzg,,,1671949566,0.0,0.0,0.0,0,0,0,0.0,0.0,1.0,0.0,,,0,0,0,Helius verified first buyer,2026-08-20 04:33:23
Ex6yer4ohFKeRrdXpBe14eeyqmwJz58UMMRUckDZd5yN,,,1671949566,0.0,0.0,0.0,0,0,0,0.0,0.0,1.0,0.0,,,0,0,0,Helius verified first buyer,2026-08-20 04:33:24
99x9yCAXr4VNQ6gZYvBpUo9oVJfD3masYqeRg2q1L6kQ,,,1671949566,0.0,0.0,0.0,0,0,0,0.0,0.0,1.0,0.0,,,0,0,0,Helius verified first buyer,2026-08-20 04:33:24
EJJYfT7sW8nCXYDw5YCqBJ9toaFHaasYdHSVdiQEcLv1,,,1671949566,0.0,0.0,0.0,0,0,0,0.0,0.0,1.0,0.0,,,0,0,0,Helius verified first buyer,2026-08-20 04:33:25
ESp5vEftzzRqE4QToq1968mSQic1MBqVfxQNyVV7k4og,,,1671949566,0.0,0.0,0.0,0,0,0,0.0,0.0,1.0,0.0,,,0,0,0,Helius verified first buyer,2026-08-20 04:33:25
C4RKyEcUS7t4vtZyx5ejEocPKuw3tj1Ngn98RmRjLt7X,,,1671949566,0.0,0.0,0.0,0,0,0,0.0,0.0,1.0,0.0,,,0,0,0,Helius verified first buyer,2026-08-20 04:33:25
H4N8N29e3dpN7PjoW3Pzq3fi8vbT1pwcnNpdJ89BPG22,,,1671949566,0.0,0.0,0.0,0,0,0,0.0,0.0,1.0,0.0,,,0,0,0,Helius verified first buyer,2026-08-20 04:33:25
ABuw1dSHbRbf9sC31bay8gDF95FivpkEndPnkqhWBUYg,,,1671949566,0.0,0.0,0.0,0,0,0,0.0,0.0,1.0,0.0,,,0,0,0,Helius verified first buyer,2026-08-20 04:33:25
C9KCiGdyP1aoBFdpgFiDoyiiq6gFqbiBm12ZL3DnNwTs,,,1671949566,0.0,0.0,0.0,0,0,0,0.0,0.0,1.0,0.0,,,0,0,0,Helius verified first buyer,2026-08-20 04:33:26
Ge9tYewg5hZHCfvCWG2P1xpeZHUTtFGv7pY2YMXV9QxZ,,,1671949567,0.0,0.0,0.0,0,0,0,0.0,0.0,1.0,0.0,,,0,0,0,Helius verified first buyer,2026-08-20 04:33:26
4MCjeHaVa5GfZNBWXzVzTiUUZJmj4wQpj89aEEjw3W6S,,,1671949567,0.0,0.0,0.0,0,0,0,0.0,0.0,1.0,0.0,,,0,0,0,Helius verified first buyer,2026-08-20 04:33:26
D9daWky6NnH1dgaSDu4Uk6nKn4mbn3f8ZHUJtgfqGLxo,,,1671949567,0.0,0.0,0.0,0,0,0,0.0,0.0,1.0,0.0,,,0,0,0,Helius verified first buyer,2026-08-20 04:33:26
8BEZxWk1Fu6DQ71gWySV3vTf4SCANZsEtvNEQEo2ZqE3,,,1671949567,0.0,0.0,0.0,0,0,0,0.0,0.0,1.0,0.0,,,0,0,0,Helius verified first buyer,2026-08-20 04:33:26
DwhSPxVJqRzZp2Z1H4zSKjAxH8Btcy3Z7cj13GfyQ4eS,,,1671949567,0.0,0.0,0.0,0,0,0,0.0,0.0,1.0,0.0,,,0,0,0,Helius verified first buyer,2026-08-20 04:33:27
2i4KLce8i6e39Dfzm5kD6zqtwssd2EN7GYhegevpjmsk,,,1671949567,0.0,0.0,0.0,0,0,0,0.0,0.0,1.0,0.0,,,0,0,0,Helius verified first buyer,2026-08-20 04:33:27
GRZVb9X4deEMh3FuY9tSYT7cmNFgPY7xyARUtaUNJ4r5,,,1671949567,0.0,0.0,0.0,0,0,0,0.0,0.0,1.0,0.0,,,0,0,0,Helius verified first buyer,2026-08-20 04:33:27
Bakx7zgrykHPHP9fVMUJSEKA6tJumcz5FdSXR9jmqrSN,,,1671949567,0.0,0.0,0.0,0,0,0,0.0,0.0,1.0,0.0,,,0,0,0,Helius verified first buyer,2026-08-20 04:33:27
5fEDPQP1uvzM2Z7DARWjwn44cT8Sid4vjWUH2wMXFKob,,,1671949567,0.0,0.0,0.0,0,0,0,0.0,0.0,1.0,0.0,,,0,0,0,Helius verified first buyer,2026-08-20 04:33:27
Fe8FvVgT6T9bGrrrg2mfszJyPzqgWiGk6U727aiN7TGE,,,1671949567,0.0,0.0,0.0,0,0,0,0.0,0.0,1.0,0.0,,,0,0,0,Helius verified first buyer,2026-08-20 04:33:28
AnADQx7tA6q9F5G8CgKuvNRfnDfSp1kPPWsr676myTvW,,,1671949567,0.0,0.0,0.0,0,0,0,0.0,0.0,1.0,0.0,,,0,0,0,Helius verified first buyer,2026-08-20 04:33:28
3q4gppPkyUBuUpxmKRvdjuqV8j3nux2p2b57FD9JpzV4,,,1671949567,0.0,0.0,0.0,0,0,0,0.0,0.0,1.0,0.0,,,0,0,0,Helius verified first buyer,2026-08-20 04:33:28
3jJDhv7S2Nu4p4xojCf8rVgHmiDV4A18TbG9gsQyW2mu,,,1671949567,0.0,0.0,0.0,0,0,0,0.0,0.0,1.0,0.0,,,0,0,0,Helius verified first buyer,2026-08-20 04:33:28
gepotmyxwBARx2DvAPMpMUqDcA3DMDsjrhqawyPUzvr,,,1671949567,0.0,0.0,0.0,0,0,0,0.0,0.0,1.0,0.0,,,0,0,0,Helius verified first buyer,2026-08-20 04:33:29
EETEWSZcy3VeqcjCKpWNjz68qLjvRUNrmXrZtNqeezyP,,,1671949567,0.0,0.0,0.0,0,0,0,0.0,0.0,1.0,0.0,,,0,0,0,Helius verified first buyer,2026-08-20 04:33:29
9f94hZDM9fLrvXsue3KgCo2K5eewBaBHvk1LbfFLm42x,,,1671949567,0.0,0.0,0.0,0,0,0,0.0,0.0,1.0,0.0,,,0,0,0,Helius verified first buyer,2026-08-20 04:33:29
3AuHXjg5FzGarp6jJdZB457PZoARju8DkaG4sLdeFm3W,,,1671949567,0.0,0.0,0.0,0,0,0,0.0,0.0,1.0,0.0,,,0,0,0,Helius verified first buyer,2026-08-20 04:33:30
ATC6sUexu9S6Rvgay63Go4sr1FbDb9ZdvgheQ8C5Qa3L,,,1671949568,0.0,0.0,0.0,0,0,0,0.0,0.0,1.0,0.0,,,0,0,0,Helius verified first buyer,2026-08-20 04:33:30
7qEyBV3y8YzAs2mJ7SkkZvnTjKDcXwvWUjbBEM9SczmB,,,1671949568,0.0,0.0,0.0,0,0,0,0.0,0.0,1.0,0.0,,,0,0,0,Helius verified first buyer,2026-08-20 04:33:30
5UJVuhEy3u7Ldp22rvNXP8g5oCDv4oLWzoRE7U27jyfc,,,1671949568,0.0,0.0,0.0,0,0,0,0.0,0.0,1.0,0.0,,,0,0,0,Helius verified first buyer,2026-08-20 04:33:30
8xyFLTvbh9y1tsYQZSKGCLvUY6YnVnuPTHQQXxr52xqS,,,1671949568,0.0,0.0,0.0,0,0,0,0.0,0.0,1.0,0.0,,,0,0,0,Helius verified first buyer,2026-08-20 04:33:31
86NJbs2A5obesxCvi117eTRJR9UWEB8TwooGUo3mSrgz,,,1671949568,0.0,0.0,0.0,0,0,0,0.0,0.0,1.0,0.0,,,0,0,0,Helius verified first buyer,2026-08-20 04:33:31
89CbsWN7Yje4fQEbTSn6mHG4nBgupHhHhb2D3Jzq9aLo,,,1671949568,0.0,0.0,0.0,0,0,0,0.0,0.0,1.0,0.0,,,0,0,0,Helius verified first buyer,2026-08-20 04:33:31
Cy9tcbucWdG4JDPQpWSWkhfV9xuu9F5GN7YEZ8x9RuGE,,,1671949568,0.0,0.0,0.0,0,0,0,0.0,0.0,1.0,0.0,,,0,0,0,Helius verified first buyer,2026-08-20 04:33:33
2VC6vWyRLEsoYVQwr1aFrTstZ3yN84Ffz9QdCth16aPd,,,1671949568,0.0,0.0,0.0,0,0,0,0.0,0.0,1.0,0.0,,,0,0,0,Helius verified first buyer,2026-08-20 04:33:33
AVY378L6bMsMcPGkzV4U8AdEMSmvXa44ou7eEpmuqjqq,,,1671949568,0.0,0.0,0.0,0,0,0,0.0,0.0,1.0,0.0,,,0,0,0,Helius verified first buyer,2026-08-20 04:33:33
Cv99EDoFNJgDUeihJkhYyBAFaWDTwu7nmafJ49jHzsX8,,,1671949568,0.0,0.0,0.0,0,0,0,0.0,0.0,1.0,0.0,,,0,0,0,Helius verified first buyer,2026-08-20 04:33:33
5fgLgPkS6d1sLc2XpLFJKp5NVRJAxy9iFwzTcaygb6je,,,1671949568,0.0,0.0,0.0,0,0,0,0.0,0.0,1.0,0.0,,,0,0,0,Helius verified first buyer,2026-08-20 04:33:33
82HfFpRJdWhuAcoJQVftiaaPZmfstbW5cPX2MaR9vs5Y,,,1671949568,0.0,0.0,0.0,0,0,0,0.0,0.0,1.0,0.0,,,0,0,0,Helius verified first buyer,2026-08-20 04:33:34
9ANrFDYUd5brnNXCm1Ksk9UN4ZfKBPdKhWtLDJPHxZaf,,,1671949568,0.0,0.0,0.0,0,0,0,0.0,0.0,1.0,0.0,,,0,0,0,Helius verified first buyer,2026-08-20 04:33:34
omf11kv2qCtSr1p9GbuFgs5gWDi4cfdvYeAgtj9SBzC,,,1671949571,0.0,0.0,0.0,0,0,0,0.0,0.0,1.0,0.0,,,0,0,0,Helius verified first buyer,2026-08-20 04:33:34
4hFX8KkRfs9G71trWBE2uReAM7aYwR15TbnFeRPrANgh,,,1671949571,0.0,0.0,0.0,0,0,0,0.0,0.0,1.0,0.0,,,0,0,0,Helius verified first buyer,2026-08-20 04:33:34
56CMnoj6mm2rcnMhJoKRs3dczh5FmpN16jgSVPFKD1qJ,,,1671949571,0.0,0.0,0.0,0,0,0,0.0,0.0,1.0,0.0,,,0,0,0,Helius verified first buyer,2026-08-20 04:33:35
3Fpm6BCCg6VKXZEiZHfragxRHHBZZDeW7QTEALXffTM8,,,1671949571,0.0,0.0,0.0,0,0,0,0.0,0.0,1.0,0.0,,,0,0,0,Helius verified first buyer,2026-08-20 04:33:35
7mRRNyiGhPsT6WGsdknh5tEmAbp9w7VmkSqfWmiPujZm,,,1671949571,0.0,0.0,0.0,0,0,0,0.0,0.0,1.0,0.0,,,0,0,0,Helius verified first buyer,2026-08-20 04:33:35
6aRtsK5E296rgvZ3mxmnFrk2bE2n3FvJMYAG8bC7mmcD,,,1671949571,0.0,0.0,0.0,0,0,0,0.0,0.0,1.0,0.0,,,0,0,0,Helius verified first buyer,2026-08-20 04:33:35
4ZPj9Kze4h36yX5ae7oXTLnq3Ji2tTZBXnVX5jBySsiF,,,1671949571,0.0,0.0,0.0,0,0,0,0.0,0.0,1.0,0.0,,,0,0,0,Helius verified first buyer,2026-08-20 04:33:36
BAzrdLqLTSdZgfCSpnwm613iCcpEw8AWDsG623FiZcoC,,,1671949571,0.0,0.0,0.0,0,0,0,0.0,0.0,1.0,0.0,,,0,0,0,Helius verified first buyer,2026-08-20 04:33:36
5BeBZR679kJZhW427wXp77thiLiqVcY4r8eANnHuuZdy,,,1671949571,0.0,0.0,0.0,0,0,0,0.0,0.0,1.0,0.0,,,0,0,0,Helius verified first buyer,2026-08-20 04:33:36
3Gw4RLJZFVEQw2rvwHS8HiEbfU5e2u3Gvg9jMG8AKvrt,,,1671949571,0.0,0.0,0.0,0,0,0,0.0,0.0,1.0,0.0,,,0,0,0,Helius verified first buyer,2026-08-20 04:33:36
GVJjVa8qNypr7L6zNDmaC44vdm9dFm6Yye1SYhFsZuNt,,,1671949571,0.0,0.0,0.0,0,0,0,0.0,0.0,1.0,0.0,,,0,0,0,Helius verified first buyer,2026-08-20 04:33:36
6Ygo2okiBP7Eep7iGp8QXLMja7f8bikqp8mWfLWamKmt,,,1671949571,0.0,0.0,0.0,0,0,0,0.0,0.0,1.0,0.0,,,0,0,0,Helius verified first buyer,2026-08-20 04:33:37
E8fBiiq3WnHwDiiDP9FgYqUsJ2dYa9cqj2sbiatQf7Qw,,,1671949571,0.0,0.0,0.0,0,0,0,0.0,0.0,1.0,0.0,,,0,0,0,Helius verified first buyer,2026-08-20 04:33:37
CEF2paFGN6Se4o6rwaSqjS1phqJbFhxRTuTfMvP2wKYW,,,1671949571,0.0,0.0,0.0,0,0,0,0.0,0.0,1.0,0.0,,,0,0,0,Helius verified first buyer,2026-08-20 04:33:37
3cU898wVFzNtkzoixuhytA2igzcGs8UJzRYKWKkX1tKT,,,1671949571,0.0,0.0,0.0,0,0,0,0.0,0.0,1.0,0.0,,,0,0,0,Helius verified first buyer,2026-08-20 04:33:37
EXtYvA52nmq9fB9vktMrNQcaezU66zn54RrGCLkZXN4V,,,1671949571,0.0,0.0,0.0,0,0,0,0.0,0.0,1.0,0.0,,,0,0,0,Helius verified first buyer,2026-08-20 04:33:37
5rVVZDL6dXfT1jJLsHBRonyA2ExVYQTxnyuhNf4VLLSA,,,1671949571,0.0,0.0,0.0,0,0,0,0.0,0.0,1.0,0.0,,,0,0,0,Helius verified first buyer,2026-08-20 04:33:38
3HDLQgPnGf8hsDzzscoKTuUpGbJzTV9EUPCjKxQ7TXKy,,,1671949571,0.0,0.0,0.0,0,0,0,0.0,0.0,1.0,0.0,,,0,0,0,Helius verified first buyer,2026-08-20 04:33:38
9AEczS997bQuYMN3mTcrM2kqxtYWyFXpWoMxMXqQhDNQ,,,1671949571,0.0,0.0,0.0,0,0,0,0.0,0.0,1.0,0.0,,,0,0,0,Helius verified first buyer,2026-08-20 04:33:38
Eg1euHnW89qmswwnR2jUh6cZNFVjHC2idPTZWnLsp2dk,,,1671949571,0.0,0.0,0.0,0,0,0,0.0,0.0,1.0,0.0,,,0,0,0,Helius verified first buyer,2026-08-20 04:33:38
B7Sg8djLeiyJ3fmQHRtur1oFeLHtKrihi1AV7vVTUBYx,,,1671949571,0.0,0.0,0.0,0,0,0,0.0,0.0,1.0,0.0,,,0,0,0,Helius verified first buyer,2026-08-20 04:33:38
3G9caDJF4b3RsBj657jdE4XQPAsNwSyVHNfn3HxhFbHe,,,1671949571,0.0,0.0,0.0,0,0,0,0.0,0.0,1.0,0.0,,,0,0,0,Helius verified first buyer,2026-08-20 04:33:39
GAZa9ViwNX8veH4qrb9KpqptapLoa4WDP8uDGV3Nvn2F,,,1671949639,0.0,0.0,0.0,0,0,0,0.0,0.0,1.0,0.0,,,0,0,0,Helius verified first buyer,2026-08-20 04:33:39
FFphVPn4VkJnVcPA5wBcUaSN5Sb7YdnoS17AUCjMhVWj,,,1671949639,0.0,0.0,0.0,0,0,0,0.0,0.0,1.0,0.0,,,0,0,0,Helius verified first buyer,2026-08-20 04:33:39
4L2nrAYsBywa8Enw1KC59Xgw1wRNbMg6No4pn4RdeMAL,,,1671949639,0.0,0.0,0.0,0,0,0,0.0,0.0,1.0,0.0,,,0,0,0,Helius verified first buyer,2026-08-20 04:33:39
26mJpoWNM6Hb5iLMQ14mrhrYbTzr5BeaHfZZF7q391Xk,,,1671949639,0.0,0.0,0.0,0,0,0,0.0,0.0,1.0,0.0,,,0,0,0,Helius verified first buyer,2026-08-20 04:33:40
sKWANKcXWytfFPWkzufyRQE3jpY9LkPReonhpTZtRjn,,,1671949639,0.0,0.0,0.0,0,0,0,0.0,0.0,1.0,0.0,,,0,0,0,Helius verified first buyer,2026-08-20 04:33:40
2Wymqg1YSajBmxzR5NtH5NuvNHCBHdqc2SxDoLisqSeF,,,1671949639,0.0,0.0,0.0,0,0,0,0.0,0.0,1.0,0.0,,,0,0,0,Helius verified first buyer,2026-08-20 04:33:40
4FpbTqy2ebe3RQitNqXV6vyRUTYE2wfVUNYYPrT4jRrp,,,1671949639,0.0,0.0,0.0,0,0,0,0.0,0.0,1.0,0.0,,,0,0,0,Helius verified first buyer,2026-08-20 04:33:40
HWLQNSx9ynKB7DVAeDQRerYbRQ5vyVnEHv1vYtxsYhkK,,,1671949639,0.0,0.0,0.0,0,0,0,0.0,0.0,1.0,0.0,,,0,0,0,Helius verified first buyer,2026-08-20 04:33:40
7vi3QL91Z2QHwemkfQ7swYi59deze2MzCAYVDrz3W9oG,,,1671949639,0.0,0.0,0.0,0,0,0,0.0,0.0,1.0,0.0,,,0,0,0,Helius verified first buyer,2026-08-20 04:33:41
HszDrPnABCEcVjBkXoZrHuFULcvXqUrb15SBsDSeAKZv,,,1671949639,0.0,0.0,0.0,0,0,0,0.0,0.0,1.0,0.0,,,0,0,0,Helius verified first buyer,2026-08-20 04:33:41
9vYduGuy3EyzU247qMkaLuW1oGfW2StHSTZ8xyu5Jfpi,,,1671949639,0.0,0.0,0.0,0,0,0,0.0,0.0,1.0,0.0,,,0,0,0,Helius verified first buyer,2026-08-20 04:33:41
2Vvja9F8ZTMFSjEqLgYe3TFwsT14QvcGJzN8vcNLfhSP,,,1671949639,0.0,0.0,0.0,0,0,0,0.0,0.0,1.0,0.0,,,0,0,0,Helius verified first buyer,2026-08-20 04:33:41
A5jzHK2XJZkNY5PpjbmQZDhAuBpm6ez5mcjcJ5fUx69f,,,1671949639,0.0,0.0,0.0,0,0,0,0.0,0.0,1.0,0.0,,,0,0,0,Helius verified first buyer,2026-08-20 04:33:41
BhfGjvubxG9gpjhznki7ZgCgfPp8rYyApitBBLNasNG3,,,1671949639,0.0,0.0,0.0,0,0,0,0.0,0.0,1.0,0.0,,,0,0,0,Helius verified first buyer,2026-08-20 04:33:42
7ttsuBMsetwxKPxengLyzM1xNDCD7NWb4YyesSNJhzGN,,,1671949639,0.0,0.0,0.0,0,0,0,0.0,0.0,1.0,0.0,,,0,0,0,Helius verified first buyer,2026-08-20 04:33:42
FX6JwbZVhp5mQPA3jwwq6ypTJG7Sauj4mc1LnyBH277v,,,1671949639,0.0,0.0,0.0,0,0,0,0.0,0.0,1.0,0.0,,,0,0,0,Helius verified first buyer,2026-08-20 04:33:42
CEY7PjCRRCvTrCppyCzwu191PT5AsXehuhydNm6UeDXp,,,1671949639,0.0,0.0,0.0,0,0,0,0.0,0.0,1.0,0.0,,,0,0,0,Helius verified first buyer,2026-08-20 04:33:42
4F9cpZo6FCL3e2SvRAyGG5CT8mXV9QXtgwEcTDZc2wgU,,,1671949639,0.0,0.0,0.0,0,0,0,0.0,0.0,1.0,0.0,,,0,0,0,Helius verified first buyer,2026-08-20 04:33:43
HRpajjeTnzjbCJuSixgncJEX8eh6q4eYToed8fZMMpJS,,,1671949639,0.0,0.0,0.0,0,0,0,0.0,0.0,1.0,0.0,,,0,0,0,Helius verified first buyer,2026-08-20 04:33:43
B12PyfCXumUxt1265eUCuoaEt2M5CLeLRGeandgBRbHF,,,1671949639,0.0,0.0,0.0,0,0,0,0.0,0.0,1.0,0.0,,,0,0,0,Helius verified first buyer,2026-08-20 04:33:43
HnyodJZmW3xZpgiJ1BnPgf1dwDjb77tKVc1rHX2vcyb1,,,1671949639,0.0,0.0,0.0,0,0,0,0.0,0.0,1.0,0.0,,,0,0,0,Helius verified first buyer,2026-08-20 04:33:44
EUbvsNgFaKj1d1crp4L4Lt8PqWUMZSbwL6tDaRUTD16p,,,1671949639,0.0,0.0,0.0,0,0,0,0.0,0.0,1.0,0.0,,,0,0,0,Helius verified first buyer,2026-08-20 04:33:44
DDkoJM5iDyTkwDqaWB73tJSmFakDESigeyRFV67DUQqQ,,,1671949639,0.0,0.0,0.0,0,0,0,0.0,0.0,1.0,0.0,,,0,0,0,Helius verified first buyer,2026-08-20 04:33:44
6k1sTuE23ECU6BNoJpNo4nMdSWCSKR6WBzeuqE6Vtidr,,,1671949639,0.0,0.0,0.0,0,0,0,0.0,0.0,1.0,0.0,,,0,0,0,Helius verified first buyer,2026-08-20 04:33:44
DhyWVo6aSwSiKh5iu3yLjQfE2iYodXBEYNamT5mxq6q8,,,1671949639,0.0,0.0,0.0,0,0,0,0.0,0.0,1.0,0.0,,,0,0,0,Helius verified first buyer,2026-08-20 04:33:45
ExwQ1fepbAqTSuBKbee7JKqCssRsshpHa9GsXRk9eoEC,,,1671949639,0.0,0.0,0.0,0,0,0,0.0,0.0,1.0,0.0,,,0,0,0,Helius verified first buyer,2026-08-20 04:33:45
AwLA3h6BUhsQR2KhDYboGNUNBoHXtkydTNS8hhgCSRK1,,,1671949639,0.0,0.0,0.0,0,0,0,0.0,0.0,1.0,0.0,,,0,0,0,Helius verified first buyer,2026-08-20 04:33:45
Gd9cdj5hdpKYSFtVLDv2wC8TYjqJ8HQTeAsjMj6GgCjR,,,1671949639,0.0,0.0,0.0,0,0,0,0.0,0.0,1.0,0.0,,,0,0,0,Helius verified first buyer,2026-08-20 04:33:45
A7w4ZKoS93nBqg3iB2ZRtqh81fHzJjthcReWA1MV7tG3,,,1671949639,0.0,0.0,0.0,0,0,0,0.0,0.0,1.0,0.0,,,0,0,0,Helius verified first buyer,2026-08-20 04:33:45
5mfYXpZAymJthQhQZX8f2sa6pj1ujgqFdjrBCvSc3yuw,,,1671949639,0.0,0.0,0.0,0,0,0,0.0,0.0,1.0,0.0,,,0,0,0,Helius verified first buyer,2026-08-20 04:33:46
7xp7mM5tCiywfqq11ZRp4X3X8DBVLLxwejov2LNJUe6y,,,1671949645,0.0,0.0,0.0,0,0,0,0.0,0.0,1.0,0.0,,,0,0,0,Helius verified first buyer,2026-08-20 04:33:46
D5AWkRYJycjpV9YqG69bw8b5wngHfGJH3XwDijLkgEMw,,,1671949645,0.0,0.0,0.0,0,0,0,0.0,0.0,1.0,0.0,,,0,0,0,Helius verified first buyer,2026-08-20 04:33:46
AvPnomeSijTZZsm7QoxkH7NxXo2jAKfjuuHFPW1NB8MA,,,1671949645,0.0,0.0,0.0,0,0,0,0.0,0.0,1.0,0.0,,,0,0,0,Helius verified first buyer,2026-08-20 04:33:46
mXTWGhw7myjbG1pJ4EkNdQ9xDw7gPGqZW7F3fsxBWQZ,,,1671949645,0.0,0.0,0.0,0,0,0,0.0,0.0,1.0,0.0,,,0,0,0,Helius verified first buyer,2026-08-20 04:33:46
HBtknSMkt4G1h1xJHiHchd2hbXNEXgt1qUZW8ReG3ZjY,,,1671949645,0.0,0.0,0.0,0,0,0,0.0,0.0,1.0,0.0,,,0,0,0,Helius verified first buyer,2026-08-20 04:33:46
4iEe7ByM8EYehVshHfnabe55dA5oxGX6UxgQxExGarA5,,,1671949645,0.0,0.0,0.0,0,0,0,0.0,0.0,1.0,0.0,,,0,0,0,Helius verified first buyer,2026-08-20 04:33:47
3GkZuJftgof2LDpMuDAGAnBQuyx86azWV1uWGaPobiVw,,,1671949645,0.0,0.0,0.0,0,0,0,0.0,0.0,1.0,0.0,,,0,0,0,Helius verified first buyer,2026-08-20 04:33:47
MTMLVm5z61mCN5xcbWHheL9VH2KSNYw5HvVwZw175v6,,,1671949645,0.0,0.0,0.0,0,0,0,0.0,0.0,1.0,0.0,,,0,0,0,Helius verified first buyer,2026-08-20 04:33:47
7U8iyQY3agBZ9UiMCPwQDmKsP1bvC9dqwKt2g1Dj5kPt,,,1671949645,0.0,0.0,0.0,0,0,0,0.0,0.0,1.0,0.0,,,0,0,0,Helius verified first buyer,2026-08-20 04:33:47
236p8MMkTzCUJQ2tZGT3YSqb4SLX9nVpr7WD8TaF9a5W,,,1671949645,0.0,0.0,0.0,0,0,0,0.0,0.0,1.0,0.0,,,0,0,0,Helius verified first buyer,2026-08-20 04:33:48
B3pKWBvY9dZrjTQv43PnfYHjtGoD7MoQ4MDLHg6zBUA1,,,1671949645,0.0,0.0,0.0,0,0,0,0.0,0.0,1.0,0.0,,,0,0,0,Helius verified first buyer,2026-08-20 04:33:48
E3HEEXckcxoWffdh4B4uRxCT2c4ym5wEq3H2KgnsJS28,,,1671949645,0.0,0.0,0.0,0,0,0,0.0,0.0,1.0,0.0,,,0,0,0,Helius verified first buyer,2026-08-20 04:33:48
9nMGLVox2AAsD4pUcEfdNZeYzTMDbgqEMVJbyq6aFgqL,,,1671949645,0.0,0.0,0.0,0,0,0,0.0,0.0,1.0,0.0,,,0,0,0,Helius verified first buyer,2026-08-20 04:33:48
EtiHLeXxfRAidgvCgjM4ho2QKLBDbPx5yxLoGkP8p6t5,,,1671949645,0.0,0.0,0.0,0,0,0,0.0,0.0,1.0,0.0,,,0,0,0,Helius verified first buyer,2026-08-20 04:33:48
CfwymaT6xvTFw9TX3QXA5w99WSgdQ61duWPTAzYyuxAz,,,1671949645,0.0,0.0,0.0,0,0,0,0.0,0.0,1.0,0.0,,,0,0,0,Helius verified first buyer,2026-08-20 04:33:49
CeaYzJBdAL7yesVeGT8mPrAHvuinomeMKzdno4MNiFbo,,,1671949645,0.0,0.0,0.0,0,0,0,0.0,0.0,1.0,0.0,,,0,0,0,Helius verified first buyer,2026-08-20 04:33:49
AriHtCCMHSHwtGhEho9Q1yHBEQQ8E3vMTTvxG3LK9Vwr,,,1671949645,0.0,0.0,0.0,0,0,0,0.0,0.0,1.0,0.0,,,0,0,0,Helius verified first buyer,2026-08-20 04:33:49
HvkTnv9iHvRLTBNjywTkBcJ88oqHgTDegLRfd68gLtfX,,,1671949645,0.0,0.0,0.0,0,0,0,0.0,0.0,1.0,0.0,,,0,0,0,Helius verified first buyer,2026-08-20 04:33:49
BfRr3pySvjPFhBHxHBdBDzYURuYtoxGNzEsTNeCk5SNp,,,1671949645,0.0,0.0,0.0,0,0,0,0.0,0.0,1.0,0.0,,,0,0,0,Helius verified first buyer,2026-08-20 04:33:49
GFdseQaMZvkAcNkbnP8Af4YiSbabLSeyG8pW1kkmrqYL,,,1671949653,0.0,0.0,0.0,0,0,0,0.0,0.0,1.0,0.0,,,0,0,0,Helius verified first buyer,2026-08-20 04:33:50
81Stiw1oHEngqeBZBH22fvWMMEZNnKLKcHyKMYxeDkd5,,,1671949653,0.0,0.0,0.0,0,0,0,0.0,0.0,1.0,0.0,,,0,0,0,Helius verified first buyer,2026-08-20 04:33:50
7cJA6Gxm9cKd9ihqDar7wiAxomGDe1GbG53juSgAEzUP,,,1671949653,0.0,0.0,0.0,0,0,0,0.0,0.0,1.0,0.0,,,0,0,0,Helius verified first buyer,2026-08-20 04:33:50
Ac6Bdweg2vbMwQxScHGLsvYQHo5QbDSXeX8gF7kFVFWP,,,1671949653,0.0,0.0,0.0,0,0,0,0.0,0.0,1.0,0.0,,,0,0,0,Helius verified first buyer,2026-08-20 04:33:50
ATZzm87noDH1zY51V4VQA6qUffG2Xv3HUSQxqLosQXd9,,,1671949653,0.0,0.0,0.0,0,0,0,0.0,0.0,1.0,0.0,,,0,0,0,Helius verified first buyer,2026-08-20 04:33:51
CApiPpHwZBesaE5wBwCgPYSA5fNWcCdqpthuYjM7oMxE,,,1671949653,0.0,0.0,0.0,0,0,0,0.0,0.0,1.0,0.0,,,0,0,0,Helius verified first buyer,2026-08-20 04:33:51
AZsnHQSHFtyWFNnaGUcspjKF9HX3yrQTd6UfoB6pXPGt,,,1671949653,0.0,0.0,0.0,0,0,0,0.0,0.0,1.0,0.0,,,0,0,0,Helius verified first buyer,2026-08-20 04:33:51
7uCFJb1YTA5ZAEeUuJF6iGMUrTXq7mCtXB9pWVpKd5Fu,,,1671949653,0.0,0.0,0.0,0,0,0,0.0,0.0,1.0,0.0,,,0,0,0,Helius verified first buyer,2026-08-20 04:33:51
4KkLWpQLTHoqe4Rbd2ynWUAqnYADJfpb8GE3BTG6MyEe,,,1671949653,0.0,0.0,0.0,0,0,0,0.0,0.0,1.0,0.0,,,0,0,0,Helius verified first buyer,2026-08-20 04:33:52
59rGHRRcPss4fQeMB4qfE7GjzyvqJitafSDTbcJzswYT,,,1671949653,0.0,0.0,0.0,0,0,0,0.0,0.0,1.0,0.0,,,0,0,0,Helius verified first buyer,2026-08-20 04:33:52
SrTwFEYxLSi23GeyAXXk35zPjG1Mpii28GpDKGJZVw8,,,1671949653,0.0,0.0,0.0,0,0,0,0.0,0.0,1.0,0.0,,,0,0,0,Helius verified first buyer,2026-08-20 04:33:52
38cxrHDojZCK2LpUx28yL5zJZ9btZv7TMScgooa8FKYy,,,1671949658,0.0,0.0,0.0,0,0,0,0.0,0.0,1.0,0.0,,,0,0,0,Helius verified first buyer,2026-08-20 04:33:52
FATnNx1cL28zLhBTgeUHsfLdwRzQd1zXKc6283GjYEeP,,,1671949658,0.0,0.0,0.0,0,0,0,0.0,0.0,1.0,0.0,,,0,0,0,Helius verified first buyer,2026-08-20 04:33:53
4YbVDLN9ZBY9TXyxdvF6YTT4o4YXeXdC7koGU6cnGhVV,,,1671949658,0.0,0.0,0.0,0,0,0,0.0,0.0,1.0,0.0,,,0,0,0,Helius verified first buyer,2026-08-20 04:33:53
4885EjKepG7uYisD5NopgnouD3S3rGiLeyTQ59gWNMXx,,,1671949658,0.0,0.0,0.0,0,0,0,0.0,0.0,1.0,0.0,,,0,0,0,Helius verified first buyer,2026-08-20 04:33:53
HmbxxDU6Aqqxx5hthiEXXpEhcCv66Dcer3jkBLnsZDvd,,,1671949658,0.0,0.0,0.0,0,0,0,0.0,0.0,1.0,0.0,,,0,0,0,Helius verified first buyer,2026-08-20 04:33:53
DfTbPjvAMqvHTaWYAL5HYVktqJAEfZLsPvPTyrzAPXcq,,,1671949658,0.0,0.0,0.0,0,0,0,0.0,0.0,1.0,0.0,,,0,0,0,Helius verified first buyer,2026-08-20 04:33:54
2zEc6LeBPj7P2avEieJSXyoCfeh2Y7JWXVGBoSEBxvkV,,,1671949658,0.0,0.0,0.0,0,0,0,0.0,0.0,1.0,0.0,,,0,0,0,Helius verified first buyer,2026-08-20 04:33:54
9xunUY6aMw49FkPK89WpZhfszubpxpuqaSFFiGmVPjMz,,,1671949658,0.0,0.0,0.0,0,0,0,0.0,0.0,1.0,0.0,,,0,0,0,Helius verified first buyer,2026-08-20 04:33:54
65CrYsyfJ3fLh9eS7cptTo5Xj1MJuq5bwmqakgduDFS4,,,1671949658,0.0,0.0,0.0,0,0,0,0.0,0.0,1.0,0.0,,,0,0,0,Helius verified first buyer,2026-08-20 04:33:54
HuVNsoWyGAqrht3BGXcwx5XoyneZQHo1mPYWArgVjjTE,,,1671949658,0.0,0.0,0.0,0,0,0,0.0,0.0,1.0,0.0,,,0,0,0,Helius verified first buyer,2026-08-20 04:33:55
BThJms9bonYRZVvXwCrXJxRdmyBdjaxSySZ1tftbKXHP,,,1671949658,0.0,0.0,0.0,0,0,0,0.0,0.0,1.0,0.0,,,0,0,0,Helius verified first buyer,2026-08-20 04:33:55
B9ngyno9cTHhBbwToj2torxFLZD12SewqFj7f3NrWLfi,,,1671949658,0.0,0.0,0.0,0,0,0,0.0,0.0,1.0,0.0,,,0,0,0,Helius verified first buyer,2026-08-20 04:33:56
4HoSdqoamXkDtcBnEm1JQ8FKnorLBGUpMa2RJVnz7sLE,,,1671949658,0.0,0.0,0.0,0,0,0,0.0,0.0,1.0,0.0,,,0,0,0,Helius verified first buyer,2026-08-20 04:33:56
BhVSoZbNGy2JtjQ1squEPTU8snFDVJrhZEtWk1aD3z6C,,,1671949658,0.0,0.0,0.0,0,0,0,0.0,0.0,1.0,0.0,,,0,0,0,Helius verified first buyer,2026-08-20 04:33:57
DCKcwzKSYPb4sDzK5v3kqbxivqbrrBkPzaa3AWUP3SgA,,,1671949658,0.0,0.0,0.0,0,0,0,0.0,0.0,1.0,0.0,,,0,0,0,Helius verified first buyer,2026-08-20 04:33:57
4LCFK9Euy6Kq3K9ZEjkh8metX8jCpgAMJwZKGF6asJWc,,,1671949658,0.0,0.0,0.0,0,0,0,0.0,0.0,1.0,0.0,,,0,0,0,Helius verified first buyer,2026-08-20 04:33:57
YmtTV5FENVX5U2jY4zy5RsNEGvr8xSDriTZTqHrW7vD,,,1671949658,0.0,0.0,0.0,0,0,0,0.0,0.0,1.0,0.0,,,0,0,0,Helius verified first buyer,2026-08-20 04:33:57
E2u7EqgifNdxNTHZTvyxSqsT1LYwDzW8oNCCXKbY54RV,,,1671949658,0.0,0.0,0.0,0,0,0,0.0,0.0,1.0,0.0,,,0,0,0,Helius verified first buyer,2026-08-20 04:33:57
EvmJaaq2Yzm6ajafMCbgznxsRQY6SQphTbSiiRengHsb,,,1671949658,0.0,0.0,0.0,0,0,0,0.0,0.0,1.0,0.0,,,0,0,0,Helius verified first buyer,2026-08-20 04:33:58
Fn7zxPSiZZPENRKUjiWW2REtrJE5wipfAbV3WnjdwYPM,,,1671949658,0.0,0.0,0.0,0,0,0,0.0,0.0,1.0,0.0,,,0,0,0,Helius verified first buyer,2026-08-20 04:33:58
9ACCDB67EokeJS7QzaYvVxmFw8w5pZ23vv8n5HJ5dxmC,,,1671949658,0.0,0.0,0.0,0,0,0,0.0,0.0,1.0,0.0,,,0,0,0,Helius verified first buyer,2026-08-20 04:33:58
CJNjhFdzu7BkHfHUjJiLFY8pPSwR9hsXWiRJz5nkWiUM,,,1671949658,0.0,0.0,0.0,0,0,0,0.0,0.0,1.0,0.0,,,0,0,0,Helius verified first buyer,2026-08-20 04:33:58
AQnGSyfQNmiHJybNywDynNswWB1Uh2ej25abFGv1Jj5P,,,1671949658,0.0,0.0,0.0,0,0,0,0.0,0.0,1.0,0.0,,,0,0,0,Helius verified first buyer,2026-08-20 04:33:59
CKSux53YRLDFEjbptSZLsPFiwAFs9FQ6KRqz79ado6RZ,,,1671949658,0.0,0.0,0.0,0,0,0,0.0,0.0,1.0,0.0,,,0,0,0,Helius verified first buyer,2026-08-20 04:33:59
7UmzDHpS7mE9EeHfqiU11Q17esY3abV1sgjYfuMV1Jye,,,1671949658,0.0,0.0,0.0,0,0,0,0.0,0.0,1.0,0.0,,,0,0,0,Helius verified first buyer,2026-08-20 04:33:59
FVZiAQMSfP24JDfuA6AHL5dyWPyPFGs9DC7TbYSUqHBd,,,1671949658,0.0,0.0,0.0,0,0,0,0.0,0.0,1.0,0.0,,,0,0,0,Helius verified first buyer,2026-08-20 04:34:00
GnJ9WdwdNcgmWWfpYXDJLpJpThFQCR7eFh6gHcEMj95,,,1671949658,0.0,0.0,0.0,0,0,0,0.0,0.0,1.0,0.0,,,0,0,0,Helius verified first buyer,2026-08-20 04:34:00
EmLRzbfUwMxtLLmnsHE6ci2SDmvsWNVLLxRVhXTXkPUU,,,1671949658,0.0,0.0,0.0,0,0,0,0.0,0.0,1.0,0.0,,,0,0,0,Helius verified first buyer,2026-08-20 04:34:00
Jj4u7DaX1trAy3jNXPVjRTEnYL3LLQb1N58Ly6QS8k9,,,1671949658,0.0,0.0,0.0,0,0,0,0.0,0.0,1.0,0.0,,,0,0,0,Helius verified first buyer,2026-08-20 04:34:00
FDKtxXTkzMmUFexu6gkipkXKy7gzBQHdk5e221YJG9oV,,,1671949658,0.0,0.0,0.0,0,0,0,0.0,0.0,1.0,0.0,,,0,0,0,Helius verified first buyer,2026-08-20 04:34:01
J8sGmDAe8vZuzTZmYC9s26U8BXbjDSD8JfZHsnpz893L,,,1671949661,0.0,0.0,0.0,0,0,0,0.0,0.0,1.0,0.0,,,0,0,0,Helius verified first buyer,2026-08-20 04:34:01
7DsA3f9UU7kx2wi5N7PCUWRpvXe4DseCEkYbQUaqvXoQ,,,1671949661,0.0,0.0,0.0,0,0,0,0.0,0.0,1.0,0.0,,,0,0,0,Helius verified first buyer,2026-08-20 04:34:01
EV4bDyGa8yhE2CDRh7RghyThtRAP6F1KsWYVgZtXStRn,,,1671949661,0.0,0.0,0.0,0,0,0,0.0,0.0,1.0,0.0,,,0,0,0,Helius verified first buyer,2026-08-20 04:34:01
CzLjx8aa4b6nbMBFpxXVhPVMxzHte4AmHJpdMx9qkcMN,,,1671949661,0.0,0.0,0.0,0,0,0,0.0,0.0,1.0,0.0,,,0,0,0,Helius verified first buyer,2026-08-20 04:34:01
7F7Lwc9c297U3J49esAzBz7kewwScupuWjXv5fjDFBen,,,1671949661,0.0,0.0,0.0,0,0,0,0.0,0.0,1.0,0.0,,,0,0,0,Helius verified first buyer,2026-08-20 04:34:02
DHwRMhCszAhyYG8kwx5x29zkoKxwwN9w5Z7VfTZ8LB8k,,,1671949661,0.0,0.0,0.0,0,0,0,0.0,0.0,1.0,0.0,,,0,0,0,Helius verified first buyer,2026-08-20 04:34:02
8uNY7FBQxMBqPuf4p2MzD8hSjNC9ZVob6ugLoqBwjzkj,,,1671949661,0.0,0.0,0.0,0,0,0,0.0,0.0,1.0,0.0,,,0,0,0,Helius verified first buyer,2026-08-20 04:34:02
9GvTNbifvfmgWn24dff3hTEwrn3WmDMb85XmPau3LcGb,,,1671949661,0.0,0.0,0.0,0,0,0,0.0,0.0,1.0,0.0,,,0,0,0,Helius verified first buyer,2026-08-20 04:34:02
3bp65K6Ci39nhKkXG1eCuQFa3S6E6dfpMu6dZb1c7Hhs,,,1671949661,0.0,0.0,0.0,0,0,0,0.0,0.0,1.0,0.0,,,0,0,0,Helius verified first buyer,2026-08-20 04:34:03
6YzmWCbQDjZJL28gpkEMhkabuvedfk1sKznPiJ9NSAN,,,1671949661,0.0,0.0,0.0,0,0,0,0.0,0.0,1.0,0.0,,,0,0,0,Helius verified first buyer,2026-08-20 04:34:03
Ex2oTgdReD6WFGgs85twLDzeiQWfXbvefFYZrnwGY9ah,,,1671949661,0.0,0.0,0.0,0,0,0,0.0,0.0,1.0,0.0,,,0,0,0,Helius verified first buyer,2026-08-20 04:34:03
8mvrZpNCfFsm4Z9dojyEZTLv9JpZzK5tj85sJU9xiADM,,,1671949661,0.0,0.0,0.0,0,0,0,0.0,0.0,1.0,0.0,,,0,0,0,Helius verified first buyer,2026-08-20 04:34:04
8aj6U8sdi7ceBJKT2vmG6M7u9X6mfgAcDzxYynK99a6f,,,1671949661,0.0,0.0,0.0,0,0,0,0.0,0.0,1.0,0.0,,,0,0,0,Helius verified first buyer,2026-08-20 04:34:04
Fu9d9qkYe6fahhwLwZGSTGHwxy3dxvnEZKEksyBWyHKT,,,1671949661,0.0,0.0,0.0,0,0,0,0.0,0.0,1.0,0.0,,,0,0,0,Helius verified first buyer,2026-08-20 04:34:04
9RVEvp18sAkvvNL76py4YJhc21iRmqXtHg8R6jEAZF1B,,,1671949661,0.0,0.0,0.0,0,0,0,0.0,0.0,1.0,0.0,,,0,0,0,Helius verified first buyer,2026-08-20 04:34:04
AP35rzNuxPDwTqVEE8o8WJcQVCuFrRqNVgefp64UY1zB,,,1671949661,0.0,0.0,0.0,0,0,0,0.0,0.0,1.0,0.0,,,0,0,0,Helius verified first buyer,2026-08-20 04:34:05
2LKdjgEn3BrWCvddL6Y47dGXLQNot5ueR58MgE1vp8m9,,,1671949662,0.0,0.0,0.0,0,0,0,0.0,0.0,1.0,0.0,,,0,0,0,Helius verified first buyer,2026-08-20 04:34:05
DLgUZZawAN6pMubNR67pDN62LKeoaFFwnFdaQJbbhPY9,,,1671949662,0.0,0.0,0.0,0,0,0,0.0,0.0,1.0,0.0,,,0,0,0,Helius verified first buyer,2026-08-20 04:34:05
3h1B6ReTkNVnxm3Bubegf9w41PbRrC5dqSooGXm9wQEU,,,1671949662,0.0,0.0,0.0,0,0,0,0.0,0.0,1.0,0.0,,,0,0,0,Helius verified first buyer,2026-08-20 04:34:05
7QoheYDG4CL3NZnCjdTbaKVXbM1JkqyA9eRnJcr21KiR,,,1671949662,0.0,0.0,0.0,0,0,0,0.0,0.0,1.0,0.0,,,0,0,0,Helius verified first buyer,2026-08-20 04:34:06
DFRpqbEZ6rtLZ2zxZZD2xMk1mnUgNEUZmd13zEK8d5V7,,,1671949662,0.0,0.0,0.0,0,0,0,0.0,0.0,1.0,0.0,,,0,0,0,Helius verified first buyer,2026-08-20 04:34:06
DQMCuKG576rZy5vtfvqxcqozAJrLRdCMzJRb9QRhirHe,,,1671949662,0.0,0.0,0.0,0,0,0,0.0,0.0,1.0,0.0,,,0,0,0,Helius verified first buyer,2026-08-20 04:34:06
4LSrjmRHSUsV9tjiKshsqNNerGtNFMr1ZBd68Ep5hKQD,,,1671949718,0.0,0.0,0.0,0,0,0,0.0,0.0,1.0,0.0,,,0,0,0,Helius verified first buyer,2026-08-20 04:34:06
J5dsuGiNyjYjj22yhD4xaa3UniVW33rRGtPFi1KQPVVR,,,1671949718,0.0,0.0,0.0,0,0,0,0.0,0.0,1.0,0.0,,,0,0,0,Helius verified first buyer,2026-08-20 04:34:07
5uGcf1iazDkSpXya43gM4vDNkGRGQdScn9vihXwpg7Vc,,,1671949718,0.0,0.0,0.0,0,0,0,0.0,0.0,1.0,0.0,,,0,0,0,Helius verified first buyer,2026-08-20 04:34:07
AvKfSx3to2HJoNXTEXB1mFqoSyvqXVwvQiMbGPUufWy9,,,1671949720,0.0,0.0,0.0,0,0,0,0.0,0.0,1.0,0.0,,,0,0,0,Helius verified first buyer,2026-08-20 04:34:07
68e4f8QTz2bzYewLekKy8xJ3WPy2dRv3BvKJEzNECfQa,,,1671949720,0.0,0.0,0.0,0,0,0,0.0,0.0,1.0,0.0,,,0,0,0,Helius verified first buyer,2026-08-20 04:34:07
46UgcDGSb6NxfJisWDr7LpZVRyETDj7vYdLxzGv26Q9d,,,1671949720,0.0,0.0,0.0,0,0,0,0.0,0.0,1.0,0.0,,,0,0,0,Helius verified first buyer,2026-08-20 04:34:08
Bbt9C66HEWtWjVz164E6sWo7w6QEWTHRncYxE1jBzshY,,,1671949720,0.0,0.0,0.0,0,0,0,0.0,0.0,1.0,0.0,,,0,0,0,Helius verified first buyer,2026-08-20 04:34:08
Aw8QnqZchzQfo1GoPZ1FpEEcfE1KMXLxr5ou8NCCBcia,,,1671949720,0.0,0.0,0.0,0,0,0,0.0,0.0,1.0,0.0,,,0,0,0,Helius verified first buyer,2026-08-20 04:34:08
Cg4VyYd5HTbNgZjTrsySpgSMqgQdw19GeYSkYaQUN1SL,,,1671949720,0.0,0.0,0.0,0,0,0,0.0,0.0,1.0,0.0,,,0,0,0,Helius verified first buyer,2026-08-20 04:34:08
DdPbciuJLpJdSvA7DUbtGK99g64SHCiHGbLBqraXMiCH,,,1671949720,0.0,0.0,0.0,0,0,0,0.0,0.0,1.0,0.0,,,0,0,0,Helius verified first buyer,2026-08-20 04:34:08
4Abgbsqcs3z1bQNQYPrA6EMmfHEmfNV71YZqNi452i2o,,,1671949720,0.0,0.0,0.0,0,0,0,0.0,0.0,1.0,0.0,,,0,0,0,Helius verified first buyer,2026-08-20 04:34:08
3L8hNv9bHJGchkNqZbjpWLyS3N7QMPKD87jZsw4zuwok,,,1671949720,0.0,0.0,0.0,0,0,0,0.0,0.0,1.0,0.0,,,0,0,0,Helius verified first buyer,2026-08-20 04:34:09
9ZFUU3Gck76u8DyWv4KuB1y9wmC6E6qNe98XJrhwJ3Jc,,,1671949720,0.0,0.0,0.0,0,0,0,0.0,0.0,1.0,0.0,,,0,0,0,Helius verified first buyer,2026-08-20 04:34:09
69LF5n8TohuxcgCsxsvgWsgPqByVQvviNqptcEapeLhd,,,1671949720,0.0,0.0,0.0,0,0,0,0.0,0.0,1.0,0.0,,,0,0,0,Helius verified first buyer,2026-08-20 04:34:09
AxWXbAps588PgHxW1TXTnN1TPhr4Qs3doJBvdNaH25CX,,,1671949720,0.0,0.0,0.0,0,0,0,0.0,0.0,1.0,0.0,,,0,0,0,Helius verified first buyer,2026-08-20 04:34:09
Vptzyf7RktLEmgQVwen4K8SHBRBasR5WbNbShcyDTJ8,,,1671949720,0.0,0.0,0.0,0,0,0,0.0,0.0,1.0,0.0,,,0,0,0,Helius verified first buyer,2026-08-20 04:34:10
HYj9ztPk4dvvXeARuYtkJazh19A3VFDjPoYPs37GANjX,,,1671949720,0.0,0.0,0.0,0,0,0,0.0,0.0,1.0,0.0,,,0,0,0,Helius verified first buyer,2026-08-20 04:34:10
AeP9KwZiXynFWmUZjiMMzsEPxAqWg8QEaZzrpmxR9zQt,,,1671949720,0.0,0.0,0.0,0,0,0,0.0,0.0,1.0,0.0,,,0,0,0,Helius verified first buyer,2026-08-20 04:34:10
6evs5FKngrNJ5TA6kqLe9wZvN3vXZsL6xzzYm6EjRk5S,,,1671949720,0.0,0.0,0.0,0,0,0,0.0,0.0,1.0,0.0,,,0,0,0,Helius verified first buyer,2026-08-20 04:34:10
6fMuTG5kcRBuQTwitBahT9T73nQpZUo1ZEJpQTFgfV5s,,,1671949720,0.0,0.0,0.0,0,0,0,0.0,0.0,1.0,0.0,,,0,0,0,Helius verified first buyer,2026-08-20 04:34:11
6ByYp3k2RKqMV2wuDUBK3QZzzXuyrKj472LYKiNHk3G,,,1671949720,0.0,0.0,0.0,0,0,0,0.0,0.0,1.0,0.0,,,0,0,0,Helius verified first buyer,2026-08-20 04:34:11
Gmjo6sxk2KG95FyWhNNrW5NaZyt2snQ1omGQcxc353rv,,,1671949720,0.0,0.0,0.0,0,0,0,0.0,0.0,1.0,0.0,,,0,0,0,Helius verified first buyer,2026-08-20 04:34:11
63NoZJqBvauKs8YUakDgzbnYDfPChVMpQn8xx1dpN3o2,,,1671949720,0.0,0.0,0.0,0,0,0,0.0,0.0,1.0,0.0,,,0,0,0,Helius verified first buyer,2026-08-20 04:34:11
4Kii8tiHkxQdGHkcLDZF2Md2Cp6gSFV4nqQbMJ6562Wr,,,1671949720,0.0,0.0,0.0,0,0,0,0.0,0.0,1.0,0.0,,,0,0,0,Helius verified first buyer,2026-08-20 04:34:11
3mpbsXKZaymRQPUjgMrrbqK8H9W1K82DDHSvCeHv819P,,,1671949720,0.0,0.0,0.0,0,0,0,0.0,0.0,1.0,0.0,,,0,0,0,Helius verified first buyer,2026-08-20 04:34:12
7uND6TnQkg4qEWJSztGDZTZPGCUw5ZX7ADKBjjHfz1pw,,,1671949720,0.0,0.0,0.0,0,0,0,0.0,0.0,1.0,0.0,,,0,0,0,Helius verified first buyer,2026-08-20 04:34:12
9mUh8koWAWyPc4AzN9LZFWiHAYB3MMMQdthENMcw7cFC,,,1671949720,0.0,0.0,0.0,0,0,0,0.0,0.0,1.0,0.0,,,0,0,0,Helius verified first buyer,2026-08-20 04:34:12
681Xp5P17MoFiQp4irSLDpCuTFpipyqUxT3W7YACeAp,,,1671949720,0.0,0.0,0.0,0,0,0,0.0,0.0,1.0,0.0,,,0,0,0,Helius verified first buyer,2026-08-20 04:34:12
HVFFC1jqu111ZuFxiR4h4j6CQSjzcRnMoWTCCLfYxPZA,,,1671949720,0.0,0.0,0.0,0,0,0,0.0,0.0,1.0,0.0,,,0,0,0,Helius verified first buyer,2026-08-20 04:34:13
9wEQmjNA9KtLFMPSN7STMFqYKxuRFZ1Lc5zuW9e8sDTr,,,1671949720,0.0,0.0,0.0,0,0,0,0.0,0.0,1.0,0.0,,,0,0,0,Helius verified first buyer,2026-08-20 04:34:13
Enw2X4BeUTuHGe5MjmoFPkmxPWWhRJySbWv9NapVebgE,,,1671949722,0.0,0.0,0.0,0,0,0,0.0,0.0,1.0,0.0,,,0,0,0,Helius verified first buyer,2026-08-20 04:34:13
6DtshQKELAMqtAXzmxrSZm2FwteeqXXnCY1tv6rqhBAU,,,1671949722,0.0,0.0,0.0,0,0,0,0.0,0.0,1.0,0.0,,,0,0,0,Helius verified first buyer,2026-08-20 04:34:14
2cXuUbTxiyu9fVqDdRDYaYCRBGdAgVggtwkbEEoPUVt5,,,1671949722,0.0,0.0,0.0,0,0,0,0.0,0.0,1.0,0.0,,,0,0,0,Helius verified first buyer,2026-08-20 04:34:14
pTrkqwAEmeEMRMa6U4cMobLVCaSWG5rAgXHr4g9PMBi,,,1671949726,0.0,0.0,0.0,0,0,0,0.0,0.0,1.0,0.0,,,0,0,0,Helius verified first buyer,2026-08-20 04:34:14
BaK49JXLg6HwTCMrGm9aL78aqXLM95Cx62GQKaFTMjMN,,,1671949726,0.0,0.0,0.0,0,0,0,0.0,0.0,1.0,0.0,,,0,0,0,Helius verified first buyer,2026-08-20 04:34:15
Hpshsc78oHZN25iNNkfx9kW2Nwhc2RXQQ4kfx44241DF,,,1671949726,0.0,0.0,0.0,0,0,0,0.0,0.0,1.0,0.0,,,0,0,0,Helius verified first buyer,2026-08-20 04:34:15
FJkQvHBL4cRgB8KeCSznDsHD4qZ1wdgzwJKF1oRndrzM,,,1671949726,0.0,0.0,0.0,0,0,0,0.0,0.0,1.0,0.0,,,0,0,0,Helius verified first buyer,2026-08-20 04:34:15
F5oyT9U8DaecxK32dZ4ck5CoEX61u8yoEfcp6VV85Yxn,,,1671949726,0.0,0.0,0.0,0,0,0,0.0,0.0,1.0,0.0,,,0,0,0,Helius verified first buyer,2026-08-20 04:34:15
7bUGZb6owbYFcPapNH1bg8HBcRMTAWBh1nMP9M1uSwqH,,,1671949726,0.0,0.0,0.0,0,0,0,0.0,0.0,1.0,0.0,,,0,0,0,Helius verified first buyer,2026-08-20 04:34:15
AAHPMQfrjq8vUsxgNxHUJhwKFQnYbNL48LT2GRJBD5dg,,,1671949726,0.0,0.0,0.0,0,0,0,0.0,0.0,1.0,0.0,,,0,0,0,Helius verified first buyer,2026-08-20 04:34:16
AFvRBAwojYBhdbHQ3NZ52M3Q9viJniKc1Nzgvrs8bSzR,,,1671949726,0.0,0.0,0.0,0,0,0,0.0,0.0,1.0,0.0,,,0,0,0,Helius verified first buyer,2026-08-20 04:34:16
AzgHqyGadwvb5VKiB1NGNQCLYNocTFjG8CVD1fpvg6Ap,,,1671949726,0.0,0.0,0.0,0,0,0,0.0,0.0,1.0,0.0,,,0,0,0,Helius verified first buyer,2026-08-20 04:34:16
CmDk6fmd7yBpkj6Xat6iy4Lj7DoznAoyak6nV9rZjRUm,,,1671949726,0.0,0.0,0.0,0,0,0,0.0,0.0,1.0,0.0,,,0,0,0,Helius verified first buyer,2026-08-20 04:34:16
3hD8JdXWQgqAaf8xZkR97SoBVT7CMyqtuqKVd5She8Qn,,,1671949726,0.0,0.0,0.0,0,0,0,0.0,0.0,1.0,0.0,,,0,0,0,Helius verified first buyer,2026-08-20 04:34:17
9GdAE11kjHk3WsuP7yUnDBN4UVJaG9bHHMJu6ZB7ucZP,,,1671949726,0.0,0.0,0.0,0,0,0,0.0,0.0,1.0,0.0,,,0,0,0,Helius verified first buyer,2026-08-20 04:34:17
H5N4J6W1eJbeKccfbPAj2Rpn2Eaoaybk8coJpBG3eaoN,,,1671949726,0.0,0.0,0.0,0,0,0,0.0,0.0,1.0,0.0,,,0,0,0,Helius verified first buyer,2026-08-20 04:34:17
6CVAs9oR4azZQwvWsaWrgk7HN5VNRs4d5ErNbC6mbLAu,,,1671949726,0.0,0.0,0.0,0,0,0,0.0,0.0,1.0,0.0,,,0,0,0,Helius verified first buyer,2026-08-20 04:34:18
6dZb31eSRjbULxVbo1Xkdg96H9P9Ccn33A9zn9icdwqP,,,1671949726,0.0,0.0,0.0,0,0,0,0.0,0.0,1.0,0.0,,,0,0,0,Helius verified first buyer,2026-08-20 04:34:18
FJiTuQuPTE9DZYvmKWjaRuzaWCmm8KJrGTH1xJBiBCW3,,,1671949726,0.0,0.0,0.0,0,0,0,0.0,0.0,1.0,0.0,,,0,0,0,Helius verified first buyer,2026-08-20 04:34:18
Dw7XQKxSYHDb6UFDnZPbD2NKE9w9gfVno744Mev517M2,,,1671949726,0.0,0.0,0.0,0,0,0,0.0,0.0,1.0,0.0,,,0,0,0,Helius verified first buyer,2026-08-20 04:34:18
H93Wjf8NvC82s4XNnXtXiS8AeGZ1KWijs3ZbsBr8Jmkg,,,1671949726,0.0,0.0,0.0,0,0,0,0.0,0.0,1.0,0.0,,,0,0,0,Helius verified first buyer,2026-08-20 04:34:18
CqcSbCtJCjpecugFSA9ZwvTQF41aU7TBFJDsAPFzauP2,,,1671949727,0.0,0.0,0.0,0,0,0,0.0,0.0,1.0,0.0,,,0,0,0,Helius verified first buyer,2026-08-20 04:34:19
3A1KhS2ZbovUpAUWqgeTmANCKTTT29FAZCQgsvqC1ynw,,,1671949727,0.0,0.0,0.0,0,0,0,0.0,0.0,1.0,0.0,,,0,0,0,Helius verified first buyer,2026-08-20 04:34:19
5tfU1JZC8V9ktVGhAU6zzyda1iurDWF7UKG6QvrNqXbU,,,1671949727,0.0,0.0,0.0,0,0,0,0.0,0.0,1.0,0.0,,,0,0,0,Helius verified first buyer,2026-08-20 04:34:19
BcHpuuH6fEeM3ZQNBKKkviXHqd22HkN77aXL8SbD6aiq,,,1671949727,0.0,0.0,0.0,0,0,0,0.0,0.0,1.0,0.0,,,0,0,0,Helius verified first buyer,2026-08-20 04:34:19
CYtavQT5z31gwa8zjbYBSrAATBDqMceKdvpUMHADrzNe,,,1671949727,0.0,0.0,0.0,0,0,0,0.0,0.0,1.0,0.0,,,0,0,0,Helius verified first buyer,2026-08-20 04:34:20
DnJKSBXvCHHhh4uoTQgKoqNFwLmQAub3S9QWgKJVoCJG,,,1671949727,0.0,0.0,0.0,0,0,0,0.0,0.0,1.0,0.0,,,0,0,0,Helius verified first buyer,2026-08-20 04:34:20
913JKAGngPKKgrK2spqmMP3eBMnnTPkeJjxaw7n4ZZvU,,,1671949727,0.0,0.0,0.0,0,0,0,0.0,0.0,1.0,0.0,,,0,0,0,Helius verified first buyer,2026-08-20 04:34:20
2kYdivC55dqVwoQFM2APXcpNKQP51S79pEKdCgk9N2Uz,,,1671949728,0.0,0.0,0.0,0,0,0,0.0,0.0,1.0,0.0,,,0,0,0,Helius verified first buyer,2026-08-20 04:34:20
okx9ggDaYuEqbyfGc3DsaZwDeroNFR4Lu4WH85TBzLT,,,1671949728,0.0,0.0,0.0,0,0,0,0.0,0.0,1.0,0.0,,,0,0,0,Helius verified first buyer,2026-08-20 04:34:22
BuvoYPsCq3fRdMqtFQuP3Hhnb67kTz36u9g8KW1xFSKg,,,1671949728,0.0,0.0,0.0,0,0,0,0.0,0.0,1.0,0.0,,,0,0,0,Helius verified first buyer,2026-08-20 04:34:22
7KDQhb9KX8y9rkrtyAw4arkRVctGhaRhaUMCadfg4bEk,,,1671949729,0.0,0.0,0.0,0,0,0,0.0,0.0,1.0,0.0,,,0,0,0,Helius verified first buyer,2026-08-20 04:34:22
CLgETALJARn1W2zDrbj7SqWmLnbtqBqYZC4q7QJoMYCh,,,1671949729,0.0,0.0,0.0,0,0,0,0.0,0.0,1.0,0.0,,,0,0,0,Helius verified first buyer,2026-08-20 04:34:22
2fhgP9q9nvh2A5mjbgU67irh2Bs7b7FXMs4LbJp4g9kJ,,,1671949731,0.0,0.0,0.0,0,0,0,0.0,0.0,1.0,0.0,,,0,0,0,Helius verified first buyer,2026-08-20 04:34:23
2JbDGofDrnBztgEZxeCmDoUX8pyNTS11WWLhziJN7yZ9,,,1671949731,0.0,0.0,0.0,0,0,0,0.0,0.0,1.0,0.0,,,0,0,0,Helius verified first buyer,2026-08-20 04:34:23
9LdayoGiku8kR5pA8hxroHvTw1Em6iwQLf6HkecZ7ApW,,,1671949731,0.0,0.0,0.0,0,0,0,0.0,0.0,1.0,0.0,,,0,0,0,Helius verified first buyer,2026-08-20 04:34:23
GQMivHLB6UfR3rr271JytzFfzRCfAnkeLxfKMmSJ7zr7,,,1671949731,0.0,0.0,0.0,0,0,0,0.0,0.0,1.0,0.0,,,0,0,0,Helius verified first buyer,2026-08-20 04:34:23
HwcHDgXk9MxWVmjgqea9LxARY5TYvUvwwNZ8rxKtXdvj,,,1671949731,0.0,0.0,0.0,0,0,0,0.0,0.0,1.0,0.0,,,0,0,0,Helius verified first buyer,2026-08-20 04:34:23
HSGSUj11F5YbztPTNMvsmtE3VyhqY4A1SeMdPcXGRJZa,,,1671949731,0.0,0.0,0.0,0,0,0,0.0,0.0,1.0,0.0,,,0,0,0,Helius verified first buyer,2026-08-20 04:34:23
2mCXHJw1WaJrANM8Ma9LPAWzijq8M82T16ztGXHxs3Ge,,,1671949733,0.0,0.0,0.0,0,0,0,0.0,0.0,1.0,0.0,,,0,0,0,Helius verified first buyer,2026-08-20 04:34:24
qg3sfsVwXJAwKezYbNRGxf1pSX9iEdE58zdWhAbV6aJ,,,1671949733,0.0,0.0,0.0,0,0,0,0.0,0.0,1.0,0.0,,,0,0,0,Helius verified first buyer,2026-08-20 04:34:24
EDv1tmoXGZoCd53YxnmbHfiGsZ9tV6pTQempoR3zfcHS,,,1671949733,0.0,0.0,0.0,0,0,0,0.0,0.0,1.0,0.0,,,0,0,0,Helius verified first buyer,2026-08-20 04:34:24
A2f7q12JY2GcrZMqJB7ejAPiDeUUTFvjhDZvCMycxKuq,,,1671949733,0.0,0.0,0.0,0,0,0,0.0,0.0,1.0,0.0,,,0,0,0,Helius verified first buyer,2026-08-20 04:34:24
5LRj6HQVuH2Jedrb8u7SwaAjWDd5RQhkVai36mrHT3oe,,,1671949733,0.0,0.0,0.0,0,0,0,0.0,0.0,1.0,0.0,,,0,0,0,Helius verified first buyer,2026-08-20 04:34:24
9EezH5b9cEqYijkib4WSqFE45TtDDGHaRbbG98U1T9c,,,1671949733,0.0,0.0,0.0,0,0,0,0.0,0.0,1.0,0.0,,,0,0,0,Helius verified first buyer,2026-08-20 04:34:25
CbgtD3u7qnWbvSjWSg4jbJhaLYfWuKXqQRnyLLAgfVoa,,,1671949733,0.0,0.0,0.0,0,0,0,0.0,0.0,1.0,0.0,,,0,0,0,Helius verified first buyer,2026-08-20 04:34:25
34pmerKATHXRqXv2y3ktmCTY3xTcys6ziGEN1vrHrbgA,,,1671949733,0.0,0.0,0.0,0,0,0,0.0,0.0,1.0,0.0,,,0,0,0,Helius verified first buyer,2026-08-20 04:34:25
ECB9V6Y3rpEAiUrNuLZ3fpw4BHMLZWRvHM8cohfeHKJe,,,1671949733,0.0,0.0,0.0,0,0,0,0.0,0.0,1.0,0.0,,,0,0,0,Helius verified first buyer,2026-08-20 04:34:25
tdw44UWmbUXN7rXGyDMcWqNZ8Jwff7iQMxSzSYrZsdb,,,1671949734,0.0,0.0,0.0,0,0,0,0.0,0.0,1.0,0.0,,,0,0,0,Helius verified first buyer,2026-08-20 04:34:26
6T6rjDV7LNoioCRxMbniLeHY3oTBvnMm6GDjFkypGTj4,,,1671949734,0.0,0.0,0.0,0,0,0,0.0,0.0,1.0,0.0,,,0,0,0,Helius verified first buyer,2026-08-20 04:34:26
7NUaK4kXcebdoYXWk7mWJk9RQoLPRzrprXRV3SDCP4Rn,,,1671949734,0.0,0.0,0.0,0,0,0,0.0,0.0,1.0,0.0,,,0,0,0,Helius verified first buyer,2026-08-20 04:34:26
4mSuFUybCheKZfkVxaT7BQjCkhod13jMjYsf3u6SmSKA,,,1671949734,0.0,0.0,0.0,0,0,0,0.0,0.0,1.0,0.0,,,0,0,0,Helius verified first buyer,2026-08-20 04:34:26
HK3UqgUHamFcGHHa6wcT9S9NCRaSkyXWMpQAWXzspDcJ,,,1671949734,0.0,0.0,0.0,0,0,0,0.0,0.0,1.0,0.0,,,0,0,0,Helius verified first buyer,2026-08-20 04:34:26
6RfGYByN6HiXeCFYKCWSNfybSM5TNRirCN86RWQG631x,,,1671949734,0.0,0.0,0.0,0,0,0,0.0,0.0,1.0,0.0,,,0,0,0,Helius verified first buyer,2026-08-20 04:34:27
D1DMhFgDbdm1BndvNXNfTpgCash6nq1jEBV4S8FJfFKh,,,1671949734,0.0,0.0,0.0,0,0,0,0.0,0.0,1.0,0.0,,,0,0,0,Helius verified first buyer,2026-08-20 04:34:27
5UPLCJvhi38FgauFrGjqHHXMrG8eunzV7e3FKzQLSXFX,,,1671949734,0.0,0.0,0.0,0,0,0,0.0,0.0,1.0,0.0,,,0,0,0,Helius verified first buyer,2026-08-20 04:34:27
2Tx9bzYx8udFotdZB5hAcBAhrYNajvgfkiEkaTVnMgQ8,,,1671949736,0.0,0.0,0.0,0,0,0,0.0,0.0,1.0,0.0,,,0,0,0,Helius verified first buyer,2026-08-20 04:34:27
EeQy29ZxMPfiPKLaieRDGSyFTUv1ndKLuYMeo3oCRM9j,,,1671949736,0.0,0.0,0.0,0,0,0,0.0,0.0,1.0,0.0,,,0,0,0,Helius verified first buyer,2026-08-20 04:34:28
GR6F1u9WtPaWhiamCLFr4iDXJqwRTcYBnLzNHodgj2oM,,,1671949736,0.0,0.0,0.0,0,0,0,0.0,0.0,1.0,0.0,,,0,0,0,Helius verified first buyer,2026-08-20 04:34:28
Cy7kFVzPqfTjXR513aQgE9bfq738hXEQaT6pnwiutnKT,,,1671949736,0.0,0.0,0.0,0,0,0,0.0,0.0,1.0,0.0,,,0,0,0,Helius verified first buyer,2026-08-20 04:34:28
7D2Yr8gpg7PnGRdCHUSv6qcUpmJ1t8xJw8XFYa1T8a2X,,,1671949736,0.0,0.0,0.0,0,0,0,0.0,0.0,1.0,0.0,,,0,0,0,Helius verified first buyer,2026-08-20 04:34:28
8q6hRVvJdD431MQ7Yyq3zaWV3KJB6UicQKSPpur9NhNb,,,1671949736,0.0,0.0,0.0,0,0,0,0.0,0.0,1.0,0.0,,,0,0,0,Helius verified first buyer,2026-08-20 04:34:29
Fg2mw6NWi8uaNfAZTyT3g4ttreosXDBVkgqXjH7KAwMz,,,1671949736,0.0,0.0,0.0,0,0,0,0.0,0.0,1.0,0.0,,,0,0,0,Helius verified first buyer,2026-08-20 04:34:29
83Qv9rTejdjZq8gNmDmNHiVuJrpsy2iw28cUFRtTSwHs,,,1671949737,0.0,0.0,0.0,0,0,0,0.0,0.0,1.0,0.0,,,0,0,0,Helius verified first buyer,2026-08-20 04:34:29
BjcTuNW4fvjfLw2v3chzqX2DcgpGyaytTPvYTUr9Lxzf,,,1671949737,0.0,0.0,0.0,0,0,0,0.0,0.0,1.0,0.0,,,0,0,0,Helius verified first buyer,2026-08-20 04:34:29
HASVTteVgcGjvoQvpe4GNszoEsRWRekCBRsDhDpwoZr8,,,1671949737,0.0,0.0,0.0,0,0,0,0.0,0.0,1.0,0.0,,,0,0,0,Helius verified first buyer,2026-08-20 04:34:30
BpRhXrfyYaR5fqZCxnsrv6GEpSDSLKNQoSmFjMKVau4k,,,1671949737,0.0,0.0,0.0,0,0,0,0.0,0.0,1.0,0.0,,,0,0,0,Helius verified first buyer,2026-08-20 04:34:30
ELeLdYk6L7DDZuKxVpi8i7Vrdu4gQu4qDoPbrbGkoUSE,,,1671949737,0.0,0.0,0.0,0,0,0,0.0,0.0,1.0,0.0,,,0,0,0,Helius verified first buyer,2026-08-20 04:34:30
2fwVwaNDz8qkZ8E9edx4YyGYAY3jU9yVr4qjUkAaSetb,,,1671949737,0.0,0.0,0.0,0,0,0,0.0,0.0,1.0,0.0,,,0,0,0,Helius verified first buyer,2026-08-20 04:34:30
GRa7dzCm4Vh3GQuuUTyKeLf5G8bYDQAnHVoNFR1pXqQi,,,1671949737,0.0,0.0,0.0,0,0,0,0.0,0.0,1.0,0.0,,,0,0,0,Helius verified first buyer,2026-08-20 04:34:31
4BqdRNZELJp1cXrqHKkatpy6EGTJHu7wNCZ2qw1kJDuT,,,1671949737,0.0,0.0,0.0,0,0,0,0.0,0.0,1.0,0.0,,,0,0,0,Helius verified first buyer,2026-08-20 04:34:31
F3rZA4EaiEUKeu4ioCDdjb3HWPTWovxpRjoErbNXwxqb,,,1671949737,0.0,0.0,0.0,0,0,0,0.0,0.0,1.0,0.0,,,0,0,0,Helius verified first buyer,2026-08-20 04:34:31
54VK4So55Grb4tY9UXkCvUuogCnsayDkyuqbdg38e3jQ,,,1671949737,0.0,0.0,0.0,0,0,0,0.0,0.0,1.0,0.0,,,0,0,0,Helius verified first buyer,2026-08-20 04:34:31
CW4qieKYvwgu8bdGn5Cpoe51BRvk6zV7EmanLBGTeg2r,,,1671949738,0.0,0.0,0.0,0,0,0,0.0,0.0,1.0,0.0,,,0,0,0,Helius verified first buyer,2026-08-20 04:34:32
CcEZgXToTBtv1G3TQyBTSrrV1gdyFLHWTbGZK6TUAfgJ,,,1671949738,0.0,0.0,0.0,0,0,0,0.0,0.0,1.0,0.0,,,0,0,0,Helius verified first buyer,2026-08-20 04:34:32
qsDKJ3E5cJbHKXgHxJsvxzhdkur1U3MdttvYaK2Ccir,,,1671949738,0.0,0.0,0.0,0,0,0,0.0,0.0,1.0,0.0,,,0,0,0,Helius verified first buyer,2026-08-20 04:34:32
4V6NrP11Co2QAnCZS2YqUJ9mgmj8Q5JQ5LsAbBXKXgeF,,,1671949738,0.0,0.0,0.0,0,0,0,0.0,0.0,1.0,0.0,,,0,0,0,Helius verified first buyer,2026-08-20 04:34:32
2CgpJZ76uqZUpdkE9jH6evKWuspydjqsXSmUdss4P21u,,,1671949739,0.0,0.0,0.0,0,0,0,0.0,0.0,1.0,0.0,,,0,0,0,Helius verified first buyer,2026-08-20 04:34:32
4VXLFuuvvjS1WNeUmuu1cBBphioMaMQeCgnGvNmiTVGe,,,1671949739,0.0,0.0,0.0,0,0,0,0.0,0.0,1.0,0.0,,,0,0,0,Helius verified first buyer,2026-08-20 04:34:33
F9h3GZKiPwrxCCGHGPjyur6mN5SCiRzb6oqcDm3K3RAR,,,1671949739,0.0,0.0,0.0,0,0,0,0.0,0.0,1.0,0.0,,,0,0,0,Helius verified first buyer,2026-08-20 04:34:33
981AnwU982TXMjbsMw62Nxvqn7LVSZQJd9YSXJPB6uem,,,1671949739,0.0,0.0,0.0,0,0,0,0.0,0.0,1.0,0.0,,,0,0,0,Helius verified first buyer,2026-08-20 04:34:33
8mrSfuLovWBU8JGuqpgPoSuvzeeRtnnvFHQ866c4ngHq,,,1671949743,0.0,0.0,0.0,0,0,0,0.0,0.0,1.0,0.0,,,0,0,0,Helius verified first buyer,2026-08-20 04:34:33
2FY8xrmTfZHXfbsWr42M6dLevwqfc27oUe7NneiQz86K,,,1671949791,0.0,0.0,0.0,0,0,0,0.0,0.0,1.0,0.0,,,0,0,0,Helius verified first buyer,2026-08-20 04:34:34
6uxPW9p7yejaQTD2RXn2Va7vmUy29Cy74xHfFzmDSKeH,,,1671949791,0.0,0.0,0.0,0,0,0,0.0,0.0,1.0,0.0,,,0,0,0,Helius verified first buyer,2026-08-20 04:34:34
BiMjaj1WjbjjUyyU312tqbJ21kmy5EhBfbaAP9GPyUgi,,,1671949791,0.0,0.0,0.0,0,0,0,0.0,0.0,1.0,0.0,,,0,0,0,Helius verified first buyer,2026-08-20 04:34:34
FMcA1GL1FFAc1eZDAWcQuXbdyyeQEtqVSveiuC34wgzg,,,1671949791,0.0,0.0,0.0,0,0,0,0.0,0.0,1.0,0.0,,,0,0,0,Helius verified first buyer,2026-08-20 04:34:35
CUxvtXxzkBn3uGWZT4VZ2ejjii2iBBbFFcncz2fueEch,,,1671949791,0.0,0.0,0.0,0,0,0,0.0,0.0,1.0,0.0,,,0,0,0,Helius verified first buyer,2026-08-20 04:34:35
4X3Jocm3QcHvesubW2FxfQFQrYX29YeHQpmoMHAxKQCb,,,1671949791,0.0,0.0,0.0,0,0,0,0.0,0.0,1.0,0.0,,,0,0,0,Helius verified first buyer,2026-08-20 04:34:35
8HQLCqJBgB9n6noCGygq1rmUoxfingHcGj7Fg2vkbPMS,,,1671949791,0.0,0.0,0.0,0,0,0,0.0,0.0,1.0,0.0,,,0,0,0,Helius verified first buyer,2026-08-20 04:34:35
Bj8fScJbWyRsmspouAkkwLyfeSAQ6pyNEPy6VEC9dgZP,,,1671949791,0.0,0.0,0.0,0,0,0,0.0,0.0,1.0,0.0,,,0,0,0,Helius verified first buyer,2026-08-20 04:34:36
4kFjcpSd57qWodeWtjoWSQ4UYUj7qjdrrw5TAbnMjLve,,,1671949791,0.0,0.0,0.0,0,0,0,0.0,0.0,1.0,0.0,,,0,0,0,Helius verified first buyer,2026-08-20 04:34:36
4F3UDwVjb76QxAK4yi7eLSK5NMey6Du6EGWECmHaRECf,,,1671949791,0.0,0.0,0.0,0,0,0,0.0,0.0,1.0,0.0,,,0,0,0,Helius verified first buyer,2026-08-20 04:34:36
Fv1TeK6Ah3uYoFeJNS9qcqJZZA7iyHfhzPrqVfYZ3pXd,,,1671949791,0.0,0.0,0.0,0,0,0,0.0,0.0,1.0,0.0,,,0,0,0,Helius verified first buyer,2026-08-20 04:34:36
5CpwhK23AcYHEhHLz36bjEYEN6WLpk4HosesZYakcV7R,,,1671949791,0.0,0.0,0.0,0,0,0,0.0,0.0,1.0,0.0,,,0,0,0,Helius verified first buyer,2026-08-20 04:34:37
HjwCJqqAXfrddLmJZefZMHY6YAidJfvDanzryH6FwivW,,,1671949791,0.0,0.0,0.0,0,0,0,0.0,0.0,1.0,0.0,,,0,0,0,Helius verified first buyer,2026-08-20 04:34:37
9vSzoynGoQRoHw6TfyfVP356qhVqbsNdRDs6kb4aaLjP,,,1671949791,0.0,0.0,0.0,0,0,0,0.0,0.0,1.0,0.0,,,0,0,0,Helius verified first buyer,2026-08-20 04:34:37
9sUawDYTi7aH9qE3vQyEtU1ocjdhZ9ihvs8i6HndYSv4,,,1671949791,0.0,0.0,0.0,0,0,0,0.0,0.0,1.0,0.0,,,0,0,0,Helius verified first buyer,2026-08-20 04:34:37
3jcT3S1k4R9K6ScPmEgr7HTAgGrdJDjMbKNxp7s5oMRv,,,1671949791,0.0,0.0,0.0,0,0,0,0.0,0.0,1.0,0.0,,,0,0,0,Helius verified first buyer,2026-08-20 04:34:38
BkQdhFHuga5xsQawiVBCKR6DYc17azpWt2NVkdBmaEpt,,,1671949791,0.0,0.0,0.0,0,0,0,0.0,0.0,1.0,0.0,,,0,0,0,Helius verified first buyer,2026-08-20 04:34:38
36ZFfEA2HxG5xz4RcsKHr1i1TT1Sis1WRL3D3MaH7Rfw,,,1671949791,0.0,0.0,0.0,0,0,0,0.0,0.0,1.0,0.0,,,0,0,0,Helius verified first buyer,2026-08-20 04:34:38
3DXSSBvoZcgP8yDa5BYmdwgNivtknEusEMNVpJEeQ1gz,,,1671949791,0.0,0.0,0.0,0,0,0,0.0,0.0,1.0,0.0,,,0,0,0,Helius verified first buyer,2026-08-20 04:34:39
FnYfaWvpEhN8JZJydKieXy6F6wmzsRkMpAZHQEPwYKTE,,,1671949791,0.0,0.0,0.0,0,0,0,0.0,0.0,1.0,0.0,,,0,0,0,Helius verified first buyer,2026-08-20 04:34:39
2Wn6yNHBAhVpq6bdR72E3Sg4sf8RXCid9r2MRbT4qDXG,,,1671949791,0.0,0.0,0.0,0,0,0,0.0,0.0,1.0,0.0,,,0,0,0,Helius verified first buyer,2026-08-20 04:34:39
E583VWpDmdCrumsTUG4rZctoj5d5VPhgUAYwPxhmivV2,,,1671949791,0.0,0.0,0.0,0,0,0,0.0,0.0,1.0,0.0,,,0,0,0,Helius verified first buyer,2026-08-20 04:34:39
AJmu2GEMhptiTpyqmtpkebmi2vMZPVhavrvksyh6FL6q,,,1671949791,0.0,0.0,0.0,0,0,0,0.0,0.0,1.0,0.0,,,0,0,0,Helius verified first buyer,2026-08-20 04:34:40
BQ2Kb64QVMdc4KPhkWo7nJcN3ZjskGsquK6dqt1jEmZc,,,1671949791,0.0,0.0,0.0,0,0,0,0.0,0.0,1.0,0.0,,,0,0,0,Helius verified first buyer,2026-08-20 04:34:40
AfN3a9D3Pb6WHwcNt5Dhw4G3YnmWBwJwG3WXzUXfcuk3,,,1671949791,0.0,0.0,0.0,0,0,0,0.0,0.0,1.0,0.0,,,0,0,0,Helius verified first buyer,2026-08-20 04:34:40
Ft8MuNrMhFCvh9K6oMvZgVWxxrEh5PaB6gZXNFU621qN,,,1671949791,0.0,0.0,0.0,0,0,0,0.0,0.0,1.0,0.0,,,0,0,0,Helius verified first buyer,2026-08-20 04:34:40
3VhvG3215FcgiLSfzDAP9HnUpRGcfZRepLeLkDKydKCU,,,1671949791,0.0,0.0,0.0,0,0,0,0.0,0.0,1.0,0.0,,,0,0,0,Helius verified first buyer,2026-08-20 04:34:40
8baS3kcFAtCuGwhKxsw7br6wzuCbweAasAYjeVm1vXb8,,,1671949791,0.0,0.0,0.0,0,0,0,0.0,0.0,1.0,0.0,,,0,0,0,Helius verified first buyer,2026-08-20 04:34:41
D4hSsj7S5WEesNb5aX8ukodjgMBpg7yx4VTa8nrZEsDi,,,1671949791,0.0,0.0,0.0,0,0,0,0.0,0.0,1.0,0.0,,,0,0,0,Helius verified first buyer,2026-08-20 04:34:41
97BC6rC8adCsDtSUr5Foc4UANbtPBrxM4ci15fSKd23m,,,1671949791,0.0,0.0,0.0,0,0,0,0.0,0.0,1.0,0.0,,,0,0,0,Helius verified first buyer,2026-08-20 04:34:41
BMkxVULh6i13ZfvhE1LbFJbM8YGSQvovJVdwnyqtv4Yi,,,1671949793,0.0,0.0,0.0,0,0,0,0.0,0.0,1.0,0.0,,,0,0,0,Helius verified first buyer,2026-08-20 04:34:41
2FnUByFCWhGNbvtTXNWYUagPoW9XFRNXFJuZXb6ejsLM,,,1671949793,0.0,0.0,0.0,0,0,0,0.0,0.0,1.0,0.0,,,0,0,0,Helius verified first buyer,2026-08-20 04:34:42
6PZSggFoERmwyLHr9tkcqtQA34FxBWr6tW7AWJwn63so,,,1671949793,0.0,0.0,0.0,0,0,0,0.0,0.0,1.0,0.0,,,0,0,0,Helius verified first buyer,2026-08-20 04:34:42
CRdyx7864mC9b5Gi8hRX8beoUaj9X72nMLrxTZRL3UYB,,,1671949793,0.0,0.0,0.0,0,0,0,0.0,0.0,1.0,0.0,,,0,0,0,Helius verified first buyer,2026-08-20 04:34:42
BsVCjX9HSGaze5R3u7ncmJyReCzSRX2p9PvnxdSYFeMC,,,1671949793,0.0,0.0,0.0,0,0,0,0.0,0.0,1.0,0.0,,,0,0,0,Helius verified first buyer,2026-08-20 04:34:42
3NtPbmP5dAL7Kuvhnym12fb7mb36yPTJmvVeFmfwGo68,,,1671949793,0.0,0.0,0.0,0,0,0,0.0,0.0,1.0,0.0,,,0,0,0,Helius verified first buyer,2026-08-20 04:34:43
86qC1wUCMkYM2PBqx4sUrX2ZmAXupS54CsgrQfkUSHSv,,,1671949793,0.0,0.0,0.0,0,0,0,0.0,0.0,1.0,0.0,,,0,0,0,Helius verified first buyer,2026-08-20 04:34:43
96DBTorYP5PVd5LbLgJjqUjrT13nq5SfRgaVX7ek8Wqo,,,1671949793,0.0,0.0,0.0,0,0,0,0.0,0.0,1.0,0.0,,,0,0,0,Helius verified first buyer,2026-08-20 04:34:43
EZsoftWzfFYQdfkrSDjt1sFgEFP69BoohUrYMguhDwSZ,,,1671949793,0.0,0.0,0.0,0,0,0,0.0,0.0,1.0,0.0,,,0,0,0,Helius verified first buyer,2026-08-20 04:34:44
FsFkrcryV4i3KeSW45F8Qbw3XaLfh8MExkXYhD4d5Gxt,,,1671949793,0.0,0.0,0.0,0,0,0,0.0,0.0,1.0,0.0,,,0,0,0,Helius verified first buyer,2026-08-20 04:34:44
7ATgofi34t1zy2ZeEgXYXVMWf4NwRJxyZ4ZqXJgqWpHv,,,1671949793,0.0,0.0,0.0,0,0,0,0.0,0.0,1.0,0.0,,,0,0,0,Helius verified first buyer,2026-08-20 04:34:44
GY94wHtV3UWFu4dvKDV2XV7Lf9rLNP6meFYcAgmE4s1i,,,1671949793,0.0,0.0,0.0,0,0,0,0.0,0.0,1.0,0.0,,,0,0,0,Helius verified first buyer,2026-08-20 04:34:44
8W4RwuthcrmJztpFjGZ21nHGyi1wUKsdsUogCSAnzR4X,,,1671949793,0.0,0.0,0.0,0,0,0,0.0,0.0,1.0,0.0,,,0,0,0,Helius verified first buyer,2026-08-20 04:34:44
3LPm5fxEMA3SPwDvMKhXr1SpJASfqcQR8M1K3Rm7HjKS,,,1671949793,0.0,0.0,0.0,0,0,0,0.0,0.0,1.0,0.0,,,0,0,0,Helius verified first buyer,2026-08-20 04:34:45
EZ6WNizgcMYskBRYVRbxcZijtnBYAprBJ5VFyj4dWLS3,,,1671949793,0.0,0.0,0.0,0,0,0,0.0,0.0,1.0,0.0,,,0,0,0,Helius verified first buyer,2026-08-20 04:34:45
EykTYbEcSzqoidshLbsMSZwDFgcqysHpFNfijtEGpwMr,,,1671949793,0.0,0.0,0.0,0,0,0,0.0,0.0,1.0,0.0,,,0,0,0,Helius verified first buyer,2026-08-20 04:34:45
D6iz8i2efAAUgat3ZCYH9sub4kAAd5i4aA1ib3vp6MTA,,,1671949793,0.0,0.0,0.0,0,0,0,0.0,0.0,1.0,0.0,,,0,0,0,Helius verified first buyer,2026-08-20 04:34:45
3j6cAyfKcuk6AGRwdcKcPG8UN2pQaoXSe8hPJK722m8v,,,1671949794,0.0,0.0,0.0,0,0,0,0.0,0.0,1.0,0.0,,,0,0,0,Helius verified first buyer,2026-08-20 04:34:46
53B7iHyHU9MudU815MvSDr3LWN4F4ibyfGVf6vhfLsCu,,,1671949794,0.0,0.0,0.0,0,0,0,0.0,0.0,1.0,0.0,,,0,0,0,Helius verified first buyer,2026-08-20 04:34:47
7fADGjZ8debvQs9JwNHDwHhvVKj424c8Ep19AbWw5Zo,,,1671949794,0.0,0.0,0.0,0,0,0,0.0,0.0,1.0,0.0,,,0,0,0,Helius verified first buyer,2026-08-20 04:34:47
BACCxm34yrNHBRvAafFZrbAMHVb3UhPMZx5uW6Hwdt9,,,1671949794,0.0,0.0,0.0,0,0,0,0.0,0.0,1.0,0.0,,,0,0,0,Helius verified first buyer,2026-08-20 04:34:47
GzpyoRdXapBHxKa2nPY34vGC8qovS9TViNRfsceWhuwq,,,1671949795,0.0,0.0,0.0,0,0,0,0.0,0.0,1.0,0.0,,,0,0,0,Helius verified first buyer,2026-08-20 04:34:47
EjgbTXu2LikNkLuSbxVF6G2map4bFzLa93a2JgawVZsQ,,,1671949795,0.0,0.0,0.0,0,0,0,0.0,0.0,1.0,0.0,,,0,0,0,Helius verified first buyer,2026-08-20 04:34:48
Dxdp9DCYcykmnQL6vtB59WXiWed7Q676B3rCiVLeAAgW,,,1671949795,0.0,0.0,0.0,0,0,0,0.0,0.0,1.0,0.0,,,0,0,0,Helius verified first buyer,2026-08-20 04:34:48
DF7i1riWADpdBBwfnRNG48ikTk5rNXZ79ERqG99nqhmY,,,1671949795,0.0,0.0,0.0,0,0,0,0.0,0.0,1.0,0.0,,,0,0,0,Helius verified first buyer,2026-08-20 04:34:48
5kWhA92jh8YbkH9i7ygAc6zFJfubsRyhhMsGA4LWW4Jo,,,1671949795,0.0,0.0,0.0,0,0,0,0.0,0.0,1.0,0.0,,,0,0,0,Helius verified first buyer,2026-08-20 04:34:48
Fe2yfZuhtZHsDe3b6oH83Xu2WJ6pkrxhdATj93Adg7Gf,,,1671949795,0.0,0.0,0.0,0,0,0,0.0,0.0,1.0,0.0,,,0,0,0,Helius verified first buyer,2026-08-20 04:34:48
EMCUUzyMbCo4KY7XBnMw1XgmmmBBkGfLcGPyCsWCwkvk,,,1671949795,0.0,0.0,0.0,0,0,0,0.0,0.0,1.0,0.0,,,0,0,0,Helius verified first buyer,2026-08-20 04:34:49
A7S4N1QFpm3S6tPphpEq864t2Nm4u9CQ6evAWQ1c6Pu3,,,1671949795,0.0,0.0,0.0,0,0,0,0.0,0.0,1.0,0.0,,,0,0,0,Helius verified first buyer,2026-08-20 04:34:49
6xfJ9SEwNmc1uznDEYUXcqRA7APMJPjjwU3b8MhPVVZJ,,,1671949795,0.0,0.0,0.0,0,0,0,0.0,0.0,1.0,0.0,,,0,0,0,Helius verified first buyer,2026-08-20 04:34:49
AevGSGArjDsMRgUTwXfLhoybNxnPmDvuycwizpHZ3snk,,,1671949797,0.0,0.0,0.0,0,0,0,0.0,0.0,1.0,0.0,,,0,0,0,Helius verified first buyer,2026-08-20 04:34:49
Ej6k8mi9qWi845fuubk799WsPLtwL4sZF5wr2xcMung7,,,1671949797,0.0,0.0,0.0,0,0,0,0.0,0.0,1.0,0.0,,,0,0,0,Helius verified first buyer,2026-08-20 04:34:49
FKUk6GKW7GWDRkgv6bBvzw32J2M9XSaeCCDZHTbP2PwX,,,1671949797,0.0,0.0,0.0,0,0,0,0.0,0.0,1.0,0.0,,,0,0,0,Helius verified first buyer,2026-08-20 04:34:50
DL4p41mLXgCta4pGkwF9it9bYNL7BfrB2TU4RsAdoU58,,,1671949797,0.0,0.0,0.0,0,0,0,0.0,0.0,1.0,0.0,,,0,0,0,Helius verified first buyer,2026-08-20 04:34:50
7qg8vNrPAkmRUNXLS2r4vtnTpZ3oHjV32BAejHPeKkg,,,1671949797,0.0,0.0,0.0,0,0,0,0.0,0.0,1.0,0.0,,,0,0,0,Helius verified first buyer,2026-08-20 04:34:50
HdHFkTe8EumrzpoVQGTPtpJMPUkb9FiE6oKR9XTuPLR1,,,1671949797,0.0,0.0,0.0,0,0,0,0.0,0.0,1.0,0.0,,,0,0,0,Helius verified first buyer,2026-08-20 04:34:50
5bEobRCuw83EC4Ai4FKtDcJCshc1yihuh7uV3SRrfBx3,,,1671949797,0.0,0.0,0.0,0,0,0,0.0,0.0,1.0,0.0,,,0,0,0,Helius verified first buyer,2026-08-20 04:34:50
GFTsrSngFkM8KLXbXHNtxJ2msoBqdWekJ8YHKj412JGz,,,1671949797,0.0,0.0,0.0,0,0,0,0.0,0.0,1.0,0.0,,,0,0,0,Helius verified first buyer,2026-08-20 04:34:51
6M2PfKaxGeRWdmTYjCu4ayxKbyfMJhvgW7pHqNq7cscj,,,1671949797,0.0,0.0,0.0,0,0,0,0.0,0.0,1.0,0.0,,,0,0,0,Helius verified first buyer,2026-08-20 04:34:51
DCPUWZRH3vCe18RmJY3GYTxKdNMajDUQMwSdMABDr5PH,,,1671949797,0.0,0.0,0.0,0,0,0,0.0,0.0,1.0,0.0,,,0,0,0,Helius verified first buyer,2026-08-20 04:34:51
2qrbkcxL7wXCuiMvrqkd8HpKkUgZcPDiq1wwAw8TtK1g,,,1671949797,0.0,0.0,0.0,0,0,0,0.0,0.0,1.0,0.0,,,0,0,0,Helius verified first buyer,2026-08-20 04:34:51
6WgLGkpzYEz341YevksDKMQudRQejTDh8gB4iXv7EHDJ,,,1671949797,0.0,0.0,0.0,0,0,0,0.0,0.0,1.0,0.0,,,0,0,0,Helius verified first buyer,2026-08-20 04:34:52
GjBUckthm45yAna2DjHB1uABfZVmbWQVE3bDDB35xzw,,,1671949797,0.0,0.0,0.0,0,0,0,0.0,0.0,1.0,0.0,,,0,0,0,Helius verified first buyer,2026-08-20 04:34:52
Gv4TKEaTe8mXZh1dkQH7B47oBQ5EBgCd6QC2e6hY4gMo,,,1671949797,0.0,0.0,0.0,0,0,0,0.0,0.0,1.0,0.0,,,0,0,0,Helius verified first buyer,2026-08-20 04:34:52
HStr5UUGwr7nkQ6traAdhfPkLGSzv5jsJdtQ32z4EbF1,,,1671949797,0.0,0.0,0.0,0,0,0,0.0,0.0,1.0,0.0,,,0,0,0,Helius verified first buyer,2026-08-20 04:34:52
E4y1mpxQvTTuNeEyexK2mWsArgEr9KZDj9ziUGuBFqp6,,,1671949797,0.0,0.0,0.0,0,0,0,0.0,0.0,1.0,0.0,,,0,0,0,Helius verified first buyer,2026-08-20 04:34:52
GTRqzvGdgTvf4KUQcZTjnaJryceRkkwShWF96A1JGNmU,,,1671949797,0.0,0.0,0.0,0,0,0,0.0,0.0,1.0,0.0,,,0,0,0,Helius verified first buyer,2026-08-20 04:34:53
9KW8AfoeYgPwhtM1bAGqXXpv1jTrKGg4wKnw8V5vxVRo,,,1671949797,0.0,0.0,0.0,0,0,0,0.0,0.0,1.0,0.0,,,0,0,0,Helius verified first buyer,2026-08-20 04:34:53
9os5b6tktLQC9bheUVuAVEYfkzJsZxRzdFoWHRqMoW82,,,1671949797,0.0,0.0,0.0,0,0,0,0.0,0.0,1.0,0.0,,,0,0,0,Helius verified first buyer,2026-08-20 04:34:53
Cswwnzi6Pk5qfajxjsQCdgM7dgfvNTjesPhsGX6LmYsZ,,,1671949797,0.0,0.0,0.0,0,0,0,0.0,0.0,1.0,0.0,,,0,0,0,Helius verified first buyer,2026-08-20 04:34:53
CXpaRXMiZPCVZU4EtcZR2UN7o8zLx6wS1WBLQx7s6V5b,,,1671949797,0.0,0.0,0.0,0,0,0,0.0,0.0,1.0,0.0,,,0,0,0,Helius verified first buyer,2026-08-20 04:34:54
1Rge7pd7BbFs1PjSBpr7eQkDTFLMGsTj9pu3PEiUHWe,,,1671949797,0.0,0.0,0.0,0,0,0,0.0,0.0,1.0,0.0,,,0,0,0,Helius verified first buyer,2026-08-20 04:34:54
CFW3YFB4uN1NWFDYmcKmT9qA3iyi3L5Bz9QJNjKQAWeS,,,1671949797,0.0,0.0,0.0,0,0,0,0.0,0.0,1.0,0.0,,,0,0,0,Helius verified first buyer,2026-08-20 04:34:54
251i8Mq9yYmHEyDfmfhtb8cGbcUfGXBMVvbwnfLTghhT,,,1671949797,0.0,0.0,0.0,0,0,0,0.0,0.0,1.0,0.0,,,0,0,0,Helius verified first buyer,2026-08-20 04:34:54
uRfrKM7Bb3FerRsKjQopZk6bdc6fGQN8daY7yD49M3B,,,1671949797,0.0,0.0,0.0,0,0,0,0.0,0.0,1.0,0.0,,,0,0,0,Helius verified first buyer,2026-08-20 04:34:55
87jJm8kFDWmahNdPMk7BC4hTM2TquzxufnVa7o6A9Srb,,,1671949797,0.0,0.0,0.0,0,0,0,0.0,0.0,1.0,0.0,,,0,0,0,Helius verified first buyer,2026-08-20 04:34:55
5pNHP281J4X1pJgkFs6F2HaTnT6ggM65wLQ3CKNNQCwb,,,1671949797,0.0,0.0,0.0,0,0,0,0.0,0.0,1.0,0.0,,,0,0,0,Helius verified first buyer,2026-08-20 04:34:55
GTifGktc2SUCH7mrMHnBUnxhSrBmcprRFdp7yCtG6Jfr,,,1671949797,0.0,0.0,0.0,0,0,0,0.0,0.0,1.0,0.0,,,0,0,0,Helius verified first buyer,2026-08-20 04:34:55
AeyPJNmLnZH99tjNPczLHPgAiZ5w8NwRa5twuaAaweRD,,,1671949798,0.0,0.0,0.0,0,0,0,0.0,0.0,1.0,0.0,,,0,0,0,Helius verified first buyer,2026-08-20 04:34:55
7gP4RHnECWWXJL1m3XbRPpxx6uogjDBHjb3V2XabF6rm,,,1671949798,0.0,0.0,0.0,0,0,0,0.0,0.0,1.0,0.0,,,0,0,0,Helius verified first buyer,2026-08-20 04:34:56
4vejFaLM9yKKuLCSwGkxfbMisCofkwp4kLDv2jJpKA41,,,1671949798,0.0,0.0,0.0,0,0,0,0.0,0.0,1.0,0.0,,,0,0,0,Helius verified first buyer,2026-08-20 04:34:56
4NmvV1JsVczBY2AZ1GQowjxBQL8zJreUjPs8Q4AkpdWr,,,1671949798,0.0,0.0,0.0,0,0,0,0.0,0.0,1.0,0.0,,,0,0,0,Helius verified first buyer,2026-08-20 04:34:56
H26hgyKkDcJJzf9Sx8d1QKBVZY65m9CgVkWnD39HGUk2,,,1671949798,0.0,0.0,0.0,0,0,0,0.0,0.0,1.0,0.0,,,0,0,0,Helius verified first buyer,2026-08-20 04:34:56
CRBD8QxsJgoXZwU4khLW3Lqrv2fC4A1g3jznjwydVRcJ,,,1671949798,0.0,0.0,0.0,0,0,0,0.0,0.0,1.0,0.0,,,0,0,0,Helius verified first buyer,2026-08-20 04:34:57
DpgXVbrg4C7EnqEwcRuTSbw52E9ShLyc6fSoXV4ZbG8h,,,1671949798,0.0,0.0,0.0,0,0,0,0.0,0.0,1.0,0.0,,,0,0,0,Helius verified first buyer,2026-08-20 04:34:57
G66hiiPbGwM3SKhe6KHgpUFHD3i5RtUDAYAsRd4F1ya4,,,1671949798,0.0,0.0,0.0,0,0,0,0.0,0.0,1.0,0.0,,,0,0,0,Helius verified first buyer,2026-08-20 04:34:57
JCKa72xFYGWBEVJZ7AKZ2ofugWPBfrrouQviaGaohi3R,,,1671949798,0.0,0.0,0.0,0,0,0,0.0,0.0,1.0,0.0,,,0,0,0,Helius verified first buyer,2026-08-20 04:34:57
3JPKESHhpPT7eRSAC8RRHbR1XxwrdbpacpioVrMV5jxS,,,1671949798,0.0,0.0,0.0,0,0,0,0.0,0.0,1.0,0.0,,,0,0,0,Helius verified first buyer,2026-08-20 04:34:58
BCsPNPNaHxzcJ35nK17A1BbdVqQPddZg8zPZxQ4o34t1,,,1671949798,0.0,0.0,0.0,0,0,0,0.0,0.0,1.0,0.0,,,0,0,0,Helius verified first buyer,2026-08-20 04:34:58
4K6BZBUQmRpcm5SBVNA9N1pmNxmhBQ5UfWnBxoZVnZsf,,,1671949798,0.0,0.0,0.0,0,0,0,0.0,0.0,1.0,0.0,,,0,0,0,Helius verified first buyer,2026-08-20 04:34:58
5Wvdy7Qzz36tpV48qVgdEGzyjcwRZ5YDP57WpUiZx6cq,,,1671949798,0.0,0.0,0.0,0,0,0,0.0,0.0,1.0,0.0,,,0,0,0,Helius verified first buyer,2026-08-20 04:34:58
EbmrfHU8pFfBvbLjdrm9kx8zr4zWQJ6jGpRUFSrPJLuK,,,1671949798,0.0,0.0,0.0,0,0,0,0.0,0.0,1.0,0.0,,,0,0,0,Helius verified first buyer,2026-08-20 04:34:59
sjwbPpxLiFKxpFQaCvQ7Ss3YGMaPZHPUALEQ61jCwy3,,,1671949798,0.0,0.0,0.0,0,0,0,0.0,0.0,1.0,0.0,,,0,0,0,Helius verified first buyer,2026-08-20 04:34:59
C2346kftbLJqAepu26VxgS5q3ByaxKEwwb8j9nWFSvCq,,,1671949798,0.0,0.0,0.0,0,0,0,0.0,0.0,1.0,0.0,,,0,0,0,Helius verified first buyer,2026-08-20 04:34:59
6kxFsGyEXPx9qZ1uox5Wyp1aezWbebAFzfNzWs9rYUn9,,,1671949798,0.0,0.0,0.0,0,0,0,0.0,0.0,1.0,0.0,,,0,0,0,Helius verified first buyer,2026-08-20 04:34:59
43cLZD1NJyXaamgwB6WYXUoZ786cg5qxubXV9wBvHY5u,,,1671949798,0.0,0.0,0.0,0,0,0,0.0,0.0,1.0,0.0,,,0,0,0,Helius verified first buyer,2026-08-20 04:35:00
31PG1CaFtQzVSmntHGYr8t3hKGTcUMUVRCRuf2nPKC8X,,,1671949798,0.0,0.0,0.0,0,0,0,0.0,0.0,1.0,0.0,,,0,0,0,Helius verified first buyer,2026-08-20 04:35:00
6x1Y9zUuZVg6496mjDVX3QXzGRNGshEPNogUuXBwetKK,,,1671949798,0.0,0.0,0.0,0,0,0,0.0,0.0,1.0,0.0,,,0,0,0,Helius verified first buyer,2026-08-20 04:35:00
BncixTBgrvyPy3TczoAdZa13Tes6cQG71yvxKbFycshC,,,1671949798,0.0,0.0,0.0,0,0,0,0.0,0.0,1.0,0.0,,,0,0,0,Helius verified first buyer,2026-08-20 04:35:00
Gov5CaZPHJTQDjfUxSoEzepE1655HFNA4W544rjZaTLN,,,1671949798,0.0,0.0,0.0,0,0,0,0.0,0.0,1.0,0.0,,,0,0,0,Helius verified first buyer,2026-08-20 04:35:01
FCMEhXhqcKPGSwhdpaRs8woJHzt36aRMmJFBoPNmHqiT,,,1671949798,0.0,0.0,0.0,0,0,0,0.0,0.0,1.0,0.0,,,0,0,0,Helius verified first buyer,2026-08-20 04:35:01
4sqSuVs5pYtB7jS8hfUk1viqpaHfsCs1YMwoiW7iYdwr,,,1671949798,0.0,0.0,0.0,0,0,0,0.0,0.0,1.0,0.0,,,0,0,0,Helius verified first buyer,2026-08-20 04:35:02
7HetXANiJqw85wA17TxZsQmx9KEkzz3gZn2rYad8daEW,,,1671949846,0.0,0.0,0.0,0,0,0,0.0,0.0,1.0,0.0,,,0,0,0,Helius verified first buyer,2026-08-20 04:35:02
29MxjfRr9Gb6Ru9JpimFvjCMtxMsTmtCX1Qh3HAT7b45,,,1671949846,0.0,0.0,0.0,0,0,0,0.0,0.0,1.0,0.0,,,0,0,0,Helius verified first buyer,2026-08-20 04:35:02
GmkoF3zc6gSLfRBT2CMv1u7gjFC9FbguxF4TVhZfPNkb,,,1671949846,0.0,0.0,0.0,0,0,0,0.0,0.0,1.0,0.0,,,0,0,0,Helius verified first buyer,2026-08-20 04:35:02
HUdb6LHLnYFMKa7mBt7LMQjB53YMVxKFMmUP3dsBj9xK,,,1671949846,0.0,0.0,0.0,0,0,0,0.0,0.0,1.0,0.0,,,0,0,0,Helius verified first buyer,2026-08-20 04:35:02
8S6DuAHSMVy9DZ3AEQKArUrJJagktSkcVWdsx86RXZT8,,,1671949846,0.0,0.0,0.0,0,0,0,0.0,0.0,1.0,0.0,,,0,0,0,Helius verified first buyer,2026-08-20 04:35:03
Mx1oGCzQeSYEW2p4ivaNcepzCjjqxwvZZm29hW9CQwn,,,1671949846,0.0,0.0,0.0,0,0,0,0.0,0.0,1.0,0.0,,,0,0,0,Helius verified first buyer,2026-08-20 04:35:03
3MLDRTmtVLrUUyxnrHmFpGVmoNZR4Ts3AimujXBvUpvM,,,1671949846,0.0,0.0,0.0,0,0,0,0.0,0.0,1.0,0.0,,,0,0,0,Helius verified first buyer,2026-08-20 04:35:03
C6mY23RJ4rCgrEnZ6LLtkRs9LXxRRPSez28zBruRjwvs,,,1671949846,0.0,0.0,0.0,0,0,0,0.0,0.0,1.0,0.0,,,0,0,0,Helius verified first buyer,2026-08-20 04:35:03
Xppztujd6sWTQni8ZNBy9jTcvAmC5Mba9pqcpUd4U9M,,,1671949846,0.0,0.0,0.0,0,0,0,0.0,0.0,1.0,0.0,,,0,0,0,Helius verified first buyer,2026-08-20 04:35:03
5VyFkykAagt5Uas6UM3XwMwDxh97JZPxHFZRES75X7LP,,,1671949846,0.0,0.0,0.0,0,0,0,0.0,0.0,1.0,0.0,,,0,0,0,Helius verified first buyer,2026-08-20 04:35:03
3kay5E8UBpnvgfqUPdUtzXerBrLeziLNCq7EtS9haRaX,,,1671949846,0.0,0.0,0.0,0,0,0,0.0,0.0,1.0,0.0,,,0,0,0,Helius verified first buyer,2026-08-20 04:35:04
Afhcvzfh9CqEUzeYAQJ1PtbSie5CbM3Y1gYMJqErC4oJ,,,1671949846,0.0,0.0,0.0,0,0,0,0.0,0.0,1.0,0.0,,,0,0,0,Helius verified first buyer,2026-08-20 04:35:04
CYN1vLuYSEqx4Ef6vdXDAYBcx7jY1Ng3o3D4xyiQVcXd,,,1671949846,0.0,0.0,0.0,0,0,0,0.0,0.0,1.0,0.0,,,0,0,0,Helius verified first buyer,2026-08-20 04:35:04
AW9hxJdWdmLqKNKJrf41rFay7teT9G8ndFABGvMAH3rm,,,1671949846,0.0,0.0,0.0,0,0,0,0.0,0.0,1.0,0.0,,,0,0,0,Helius verified first buyer,2026-08-20 04:35:04
3Fh2Snc4v9BU333VaJ8vWttxbHTx4N14EqZ3MPMXh4qV,,,1671949846,0.0,0.0,0.0,0,0,0,0.0,0.0,1.0,0.0,,,0,0,0,Helius verified first buyer,2026-08-20 04:35:05
EHqNihR5ogThFgmkWtmZvqzoNdtwzZSH7YhwnXe2mngc,,,1671949846,0.0,0.0,0.0,0,0,0,0.0,0.0,1.0,0.0,,,0,0,0,Helius verified first buyer,2026-08-20 04:35:05
4Ztgha3mmYvxkBbAbrJ5K4MJace6z3iZP9AndENmptK8,,,1671949846,0.0,0.0,0.0,0,0,0,0.0,0.0,1.0,0.0,,,0,0,0,Helius verified first buyer,2026-08-20 04:35:05
71bTUyBKCHZ6F8pD2NB9u962MVvQFD8MJ6MrgLqZZLka,,,1671949846,0.0,0.0,0.0,0,0,0,0.0,0.0,1.0,0.0,,,0,0,0,Helius verified first buyer,2026-08-20 04:35:05
BhT8eej92kqaNFDyarcjyQUqB57om63Kyf7QfRuWwYFz,,,1671949846,0.0,0.0,0.0,0,0,0,0.0,0.0,1.0,0.0,,,0,0,0,Helius verified first buyer,2026-08-20 04:35:05
6ULLpQsgSqBSxh5Sx8q2QZyz7JJ4H62uBK5kVgSwjud2,,,1671949846,0.0,0.0,0.0,0,0,0,0.0,0.0,1.0,0.0,,,0,0,0,Helius verified first buyer,2026-08-20 04:35:06
DDQUEHKzDzQ7t9vfU6d5RKM8BS6eraBRqLZrmvBWStCu,,,1671949846,0.0,0.0,0.0,0,0,0,0.0,0.0,1.0,0.0,,,0,0,0,Helius verified first buyer,2026-08-20 04:35:06
3Agx9we9FTxkkEfuFXLpGprw7HsZN1hCk9hnPBMJscVv,,,1671949846,0.0,0.0,0.0,0,0,0,0.0,0.0,1.0,0.0,,,0,0,0,Helius verified first buyer,2026-08-20 04:35:06
D8Qh4RQYu69yxtDhU9poUQSUF6v3Kj98tp9UxaVvpsoc,,,1671949846,0.0,0.0,0.0,0,0,0,0.0,0.0,1.0,0.0,,,0,0,0,Helius verified first buyer,2026-08-20 04:35:06
R3an7PugB5bJD1QzrhijzPX59BhnFvkWfRM7LWmf2KP,,,1671949846,0.0,0.0,0.0,0,0,0,0.0,0.0,1.0,0.0,,,0,0,0,Helius verified first buyer,2026-08-20 04:35:06
8JYXHWbDj2JrKrnXcAniWZhU3zKFMHLkmbEakqeNSZTa,,,1671949846,0.0,0.0,0.0,0,0,0,0.0,0.0,1.0,0.0,,,0,0,0,Helius verified first buyer,2026-08-20 04:35:07
5yAVV8fXjhiS7wYrKK1MkRWAgPhUEbXSRtxziZzifLMc,,,1671949846,0.0,0.0,0.0,0,0,0,0.0,0.0,1.0,0.0,,,0,0,0,Helius verified first buyer,2026-08-20 04:35:07
7p5RpqHQK2bRANdnNR1G4nRV9Ju8qKs4665VYdeCnLxs,,,1671949846,0.0,0.0,0.0,0,0,0,0.0,0.0,1.0,0.0,,,0,0,0,Helius verified first buyer,2026-08-20 04:35:07
E7oKkS6fV372HPMBVdsgKzVwiqHESikvFFL2y2Eik284,,,1671949846,0.0,0.0,0.0,0,0,0,0.0,0.0,1.0,0.0,,,0,0,0,Helius verified first buyer,2026-08-20 04:35:07
G1vFaKY5YxZoFxpHTaF528iLtLToDJcgqUQUZMpoTSFk,,,1671949846,0.0,0.0,0.0,0,0,0,0.0,0.0,1.0,0.0,,,0,0,0,Helius verified first buyer,2026-08-20 04:35:07
fyhnBTURo8De4LPazVh95MXy2KsuAqxVQ86RUJ1b48T,,,1671949846,0.0,0.0,0.0,0,0,0,0.0,0.0,1.0,0.0,,,0,0,0,Helius verified first buyer,2026-08-20 04:35:08
D6kC5shyAzwSnySTHnyPU4Ta4wLuTEunatvn1NRVjVYK,,,1671949848,0.0,0.0,0.0,0,0,0,0.0,0.0,1.0,0.0,,,0,0,0,Helius verified first buyer,2026-08-20 04:35:08
JDZseF3YSAu6AvgvtJjWrA1QHcc24qaCbGhoZRtuA2HK,,,1671949848,0.0,0.0,0.0,0,0,0,0.0,0.0,1.0,0.0,,,0,0,0,Helius verified first buyer,2026-08-20 04:35:08
4cUKkzKKLjrUDkgkVGjNuBUNdrEgC679SgiyG7geuhwC,,,1671949848,0.0,0.0,0.0,0,0,0,0.0,0.0,1.0,0.0,,,0,0,0,Helius verified first buyer,2026-08-20 04:35:08
AmbEZsmABjqupcEhXNimMZ3vT9y8Tidcc6rRhNiXwxQt,,,1671949848,0.0,0.0,0.0,0,0,0,0.0,0.0,1.0,0.0,,,0,0,0,Helius verified first buyer,2026-08-20 04:35:09
BW6Usd3mknNiG6VZeCrGyHkPjvdQBoG3uao1Uey6VxF2,,,1671949848,0.0,0.0,0.0,0,0,0,0.0,0.0,1.0,0.0,,,0,0,0,Helius verified first buyer,2026-08-20 04:35:09
8P5uEFKTFz9bHuJ3PGcXLH25L61QApyws4KgzBXpzwWU,,,1671949848,0.0,0.0,0.0,0,0,0,0.0,0.0,1.0,0.0,,,0,0,0,Helius verified first buyer,2026-08-20 04:35:10
82TmfReZsZxdFggCzCeQjET8J9rzTnnjUw7pdtiM3hqS,,,1671949848,0.0,0.0,0.0,0,0,0,0.0,0.0,1.0,0.0,,,0,0,0,Helius verified first buyer,2026-08-20 04:35:10
6QLaH7vJ9WYkSi4zSRhtMZ71jxTRYZYHCsYgJZrLvf2,,,1671949848,0.0,0.0,0.0,0,0,0,0.0,0.0,1.0,0.0,,,0,0,0,Helius verified first buyer,2026-08-20 04:35:11
AZVT2UeoJ5dwasqHXe4zkm3ChyFyfbJZSs9jq1AJK6Uq,,,1671949848,0.0,0.0,0.0,0,0,0,0.0,0.0,1.0,0.0,,,0,0,0,Helius verified first buyer,2026-08-20 04:35:11
F6TYu62WTG8GH8XCjAQ41ZNu6pPLBJyjbD1WWWxoRc4j,,,1671949848,0.0,0.0,0.0,0,0,0,0.0,0.0,1.0,0.0,,,0,0,0,Helius verified first buyer,2026-08-20 04:35:11
AcogqMKLWJWDB2PNkQ2BYUxXBhrbfYQTfJ6Ru5BoyHwy,,,1671949848,0.0,0.0,0.0,0,0,0,0.0,0.0,1.0,0.0,,,0,0,0,Helius verified first buyer,2026-08-20 04:35:11
8SWHH7nkDnFQRgrix6kjEu1wgsLffDnnswjyKx9Wi6JY,,,1671949848,0.0,0.0,0.0,0,0,0,0.0,0.0,1.0,0.0,,,0,0,0,Helius verified first buyer,2026-08-20 04:35:12
Dtw5LZ8RUYPpxrUSAbyyp3K37qbM8VX1STRy7Zech7Lo,,,1671949848,0.0,0.0,0.0,0,0,0,0.0,0.0,1.0,0.0,,,0,0,0,Helius verified first buyer,2026-08-20 04:35:12
FUVuvv52UWzc55z7gf69KwHbo2rTFuGYvnW2zMMMvEgB,,,1671949848,0.0,0.0,0.0,0,0,0,0.0,0.0,1.0,0.0,,,0,0,0,Helius verified first buyer,2026-08-20 04:35:12
EFH8BwEbw4vXEvgx6HGp2Mv9yY5xvBYc2gwYNvJjNUam,,,1671949848,0.0,0.0,0.0,0,0,0,0.0,0.0,1.0,0.0,,,0,0,0,Helius verified first buyer,2026-08-20 04:35:12
EpnEGvwBi2mkygHWGKVkixQQpdQXMJZTqpLPBh4N1ydA,,,1671949848,0.0,0.0,0.0,0,0,0,0.0,0.0,1.0,0.0,,,0,0,0,Helius verified first buyer,2026-08-20 04:35:13
dEqtgtade6yJzXuG7Fw9nSh9PtmYjwWeispeR8A9NjV,,,1671949848,0.0,0.0,0.0,0,0,0,0.0,0.0,1.0,0.0,,,0,0,0,Helius verified first buyer,2026-08-20 04:35:13
8FL6mHY6AtWLpamzro6A2okvyU7c1LDF35A2ArhyWC9j,,,1671949848,0.0,0.0,0.0,0,0,0,0.0,0.0,1.0,0.0,,,0,0,0,Helius verified first buyer,2026-08-20 04:35:13
EefrVBYtCijRo2mbzuzGwQBEBaH8Ea3dWDARWusGgwUY,,,1671949848,0.0,0.0,0.0,0,0,0,0.0,0.0,1.0,0.0,,,0,0,0,Helius verified first buyer,2026-08-20 04:35:13
Dwk5jAVm4ps1k1a974Nt4e8gWqS6gWxKH4eMmCWSCpT6,,,1671949848,0.0,0.0,0.0,0,0,0,0.0,0.0,1.0,0.0,,,0,0,0,Helius verified first buyer,2026-08-20 04:35:14
4ZhXcFcS5XDxfL6efYKEtsDePsiDsqDpCNQmGfNEYUxD,,,1671949848,0.0,0.0,0.0,0,0,0,0.0,0.0,1.0,0.0,,,0,0,0,Helius verified first buyer,2026-08-20 04:35:14
JASB9EhadBA6NBYhdqog5Wf2cD2rCVscXKN43uivHwqs,,,1671949848,0.0,0.0,0.0,0,0,0,0.0,0.0,1.0,0.0,,,0,0,0,Helius verified first buyer,2026-08-20 04:35:14
9XogR89NnBwMuX6Gq4xqn2uxed5RLypqtMRi39uCBNpA,,,1671949848,0.0,0.0,0.0,0,0,0,0.0,0.0,1.0,0.0,,,0,0,0,Helius verified first buyer,2026-08-20 04:35:15
4Uw5U4XYtwHSakaz8MNgZX26HFnnkcZhM6ay1sPbnvgK,,,1671949848,0.0,0.0,0.0,0,0,0,0.0,0.0,1.0,0.0,,,0,0,0,Helius verified first buyer,2026-08-20 04:35:15
HJ2sLm2houpd7KX7Zbt1pMU2jUHKJuFSoPijyuJVv5iF,,,1671949848,0.0,0.0,0.0,0,0,0,0.0,0.0,1.0,0.0,,,0,0,0,Helius verified first buyer,2026-08-20 04:35:15
FASYDPhLNqHJthr8LworSFkUp6mtVZfGxjGwdunUqoki,,,1671949848,0.0,0.0,0.0,0,0,0,0.0,0.0,1.0,0.0,,,0,0,0,Helius verified first buyer,2026-08-20 04:35:15
DpKELko2Rvokpz1JZotTn7BUfVGbEmz7kQTdqTZgGF1x,,,1671949848,0.0,0.0,0.0,0,0,0,0.0,0.0,1.0,0.0,,,0,0,0,Helius verified first buyer,2026-08-20 04:35:16
279qP2hEVHXpcMymAy9SuAk2q1krqVZnD4sH6rTb7tmC,,,1671949848,0.0,0.0,0.0,0,0,0,0.0,0.0,1.0,0.0,,,0,0,0,Helius verified first buyer,2026-08-20 04:35:16
79RshBr6bXojvh4jW7Axg7tAg8JA1hZLdRCpA4Z1zoRb,,,1671949848,0.0,0.0,0.0,0,0,0,0.0,0.0,1.0,0.0,,,0,0,0,Helius verified first buyer,2026-08-20 04:35:16
DmG6MFP7m5Vu83mWVWnpoAmwBB88J6A6vvUJC3oDkDto,,,1671949848,0.0,0.0,0.0,0,0,0,0.0,0.0,1.0,0.0,,,0,0,0,Helius verified first buyer,2026-08-20 04:35:16
B5sTYcSQGVaRqTaTafWmv9fSBxWRvXMduizy4MjynLiJ,,,1671949851,0.0,0.0,0.0,0,0,0,0.0,0.0,1.0,0.0,,,0,0,0,Helius verified first buyer,2026-08-20 04:35:17
CF9QcsgNov3UMaeuAFYsujuagMHPiG8jci8GjSr2hdvG,,,1671949851,0.0,0.0,0.0,0,0,0,0.0,0.0,1.0,0.0,,,0,0,0,Helius verified first buyer,2026-08-20 04:35:17
6YLpiRWYPwp8LjgWTjPFEWfN26PYRquKBM2kosqMLoCC,,,1671949851,0.0,0.0,0.0,0,0,0,0.0,0.0,1.0,0.0,,,0,0,0,Helius verified first buyer,2026-08-20 04:35:17
DZ2q93QCBBWZFrKngJvo9dpynH1DCLArvDmtAVuX3QuM,,,1671949851,0.0,0.0,0.0,0,0,0,0.0,0.0,1.0,0.0,,,0,0,0,Helius verified first buyer,2026-08-20 04:35:17
AodEpi8at8J5Eo7NYyTLKYAEB2C3wgrEC7vTJoWkVVYX,,,1671949851,0.0,0.0,0.0,0,0,0,0.0,0.0,1.0,0.0,,,0,0,0,Helius verified first buyer,2026-08-20 04:35:17
4u5zFLV6HzTXmppxgom5FgiLgrjJzvKTS3XGLbhHj4AY,,,1671949851,0.0,0.0,0.0,0,0,0,0.0,0.0,1.0,0.0,,,0,0,0,Helius verified first buyer,2026-08-20 04:35:18
Gv7Ps6GwQhvG3XFfR5jWAL9u9VYNKVfhb6KQnPZca6Rq,,,1671949851,0.0,0.0,0.0,0,0,0,0.0,0.0,1.0,0.0,,,0,0,0,Helius verified first buyer,2026-08-20 04:35:18
H9advGF9C2m5NYaaSM1fVTFmuPhTnav5TiKwiHPR7fsf,,,1671949851,0.0,0.0,0.0,0,0,0,0.0,0.0,1.0,0.0,,,0,0,0,Helius verified first buyer,2026-08-20 04:35:18
FyyrdXhwNBd5Jjngrr4hD3LH5xzNbdyVSkZ42YmVFYuH,,,1671949851,0.0,0.0,0.0,0,0,0,0.0,0.0,1.0,0.0,,,0,0,0,Helius verified first buyer,2026-08-20 04:35:18
GTBiCWcp4AJUAzFFv9m1dW1WYtdCwFsDYw9XcHkEU19g,,,1671949851,0.0,0.0,0.0,0,0,0,0.0,0.0,1.0,0.0,,,0,0,0,Helius verified first buyer,2026-08-20 04:35:19
68kkHYk3FziZc8NWkGz9qFG7k32jocZM8oQaRDZaa9tM,,,1671949851,0.0,0.0,0.0,0,0,0,0.0,0.0,1.0,0.0,,,0,0,0,Helius verified first buyer,2026-08-20 04:35:19
5mSGb4CCxWc6iqtpkmTbqvkhJW6vfEM6YtNU2P9pU4Lp,,,1671949851,0.0,0.0,0.0,0,0,0,0.0,0.0,1.0,0.0,,,0,0,0,Helius verified first buyer,2026-08-20 04:35:19
8FxH8RES71zthKVcLn9dYUbPuCJe8QxuGGF711jwvsDX,,,1671949851,0.0,0.0,0.0,0,0,0,0.0,0.0,1.0,0.0,,,0,0,0,Helius verified first buyer,2026-08-20 04:35:20
CYvXC6qJ3pPSPHzEJ317wew4vJBy9MF4ofuqh4azBr6s,,,1671949851,0.0,0.0,0.0,0,0,0,0.0,0.0,1.0,0.0,,,0,0,0,Helius verified first buyer,2026-08-20 04:35:20
82168qghmKR71sK6afEGuo9JQRMrFsMu1sVMtV8GavxB,,,1671949851,0.0,0.0,0.0,0,0,0,0.0,0.0,1.0,0.0,,,0,0,0,Helius verified first buyer,2026-08-20 04:35:20
8EkYcwUSk9RsfkKvdABy3A9Phirnesaze4QhHoLwLFGT,,,1671949851,0.0,0.0,0.0,0,0,0,0.0,0.0,1.0,0.0,,,0,0,0,Helius verified first buyer,2026-08-20 04:35:20
4tSUzLB9y9uHk22eHJzGPpCWixHYLebCxKrZhvdPe3MW,,,1671949851,0.0,0.0,0.0,0,0,0,0.0,0.0,1.0,0.0,,,0,0,0,Helius verified first buyer,2026-08-20 04:35:21
87f5K1TM4QEVru8MjY7z1UFcDbiF6yfq2P6LTCHTaRsy,,,1671949851,0.0,0.0,0.0,0,0,0,0.0,0.0,1.0,0.0,,,0,0,0,Helius verified first buyer,2026-08-20 04:35:21
3Y6fsYF1AD6ktBs3skZNQTFCrAQMEbcXnJapZcPS2ZDK,,,1671949851,0.0,0.0,0.0,0,0,0,0.0,0.0,1.0,0.0,,,0,0,0,Helius verified first buyer,2026-08-20 04:35:21
BWNiZPYtsaYAM8p9X8mkkYJzfLCx3hag79uAHzFT6GSQ,,,1671949851,0.0,0.0,0.0,0,0,0,0.0,0.0,1.0,0.0,,,0,0,0,Helius verified first buyer,2026-08-20 04:35:21
Ge27mJnsLcyTRT8e6e8p1K1jFUFW9mzoQiApUXBMdn95,,,1671949851,0.0,0.0,0.0,0,0,0,0.0,0.0,1.0,0.0,,,0,0,0,Helius verified first buyer,2026-08-20 04:35:21
2Ec1cmi8SzmTwPRECstEccv9ZV6oFQ33eg9rBxisj2X9,,,1671949851,0.0,0.0,0.0,0,0,0,0.0,0.0,1.0,0.0,,,0,0,0,Helius verified first buyer,2026-08-20 04:35:22
97tASa4jhENk39sBha13qSAefhu78H7u4uoAHWf9kf34,,,1671949851,0.0,0.0,0.0,0,0,0,0.0,0.0,1.0,0.0,,,0,0,0,Helius verified first buyer,2026-08-20 04:35:22
ChLfr3hir1ZsJ5Pp2x6J7yUHqjvMssLP7Z1Q44aonN8q,,,1671949851,0.0,0.0,0.0,0,0,0,0.0,0.0,1.0,0.0,,,0,0,0,Helius verified first buyer,2026-08-20 04:35:22
CcZkkStnXd448w93pH9iiTf38UFF8gWJnwYBDyNxrfkq,,,1671949851,0.0,0.0,0.0,0,0,0,0.0,0.0,1.0,0.0,,,0,0,0,Helius verified first buyer,2026-08-20 04:35:22
9scikfNmYsRyPwuEux8LaHNB5d1b8Lv4gRzMcpQ3HwEi,,,1671949851,0.0,0.0,0.0,0,0,0,0.0,0.0,1.0,0.0,,,0,0,0,Helius verified first buyer,2026-08-20 04:35:23
69jjyazTweSzyeQwbaju3naKABTfiNBgu1upHQbgfjjH,,,1671949851,0.0,0.0,0.0,0,0,0,0.0,0.0,1.0,0.0,,,0,0,0,Helius verified first buyer,2026-08-20 04:35:23
9XqHmSTTdJrPpbfykTUzhgykPCemfbmPp75oe7KoL3MV,,,1671949851,0.0,0.0,0.0,0,0,0,0.0,0.0,1.0,0.0,,,0,0,0,Helius verified first buyer,2026-08-20 04:35:23
AYuBvd86QAw3xrDrcDhmpryVNLM1PM8KJqpFWGLrDfxV,,,1671949851,0.0,0.0,0.0,0,0,0,0.0,0.0,1.0,0.0,,,0,0,0,Helius verified first buyer,2026-08-20 04:35:23
Ge1VpRx4qgoEGCMrpnG816BVqNQmZhKH5TwZ5wxAB6bW,,,1671949851,0.0,0.0,0.0,0,0,0,0.0,0.0,1.0,0.0,,,0,0,0,Helius verified first buyer,2026-08-20 04:35:24
9CAVjUdF5XhfpCweFxne5u8W51SrzMz2eAPebibAcD4v,,,1671949855,0.0,0.0,0.0,0,0,0,0.0,0.0,1.0,0.0,,,0,0,0,Helius verified first buyer,2026-08-20 04:35:24
8t6YRpbT4XTL7Y9x9J1eYPK2xU3BrYvSjiXcoVHZ1WzR,,,1671949855,0.0,0.0,0.0,0,0,0,0.0,0.0,1.0,0.0,,,0,0,0,Helius verified first buyer,2026-08-20 04:35:24
6ZZCf5NwFdfk3WFtusTu1XA74oKf4rLAajW6Rquzds1N,,,1671949855,0.0,0.0,0.0,0,0,0,0.0,0.0,1.0,0.0,,,0,0,0,Helius verified first buyer,2026-08-20 04:35:24
Hwr4ZvfVF68dFajC1ggQLGgAgKs7GBXZnqwqy42jdp6i,,,1671949855,0.0,0.0,0.0,0,0,0,0.0,0.0,1.0,0.0,,,0,0,0,Helius verified first buyer,2026-08-20 04:35:25
A1rbRNdKTADau5Nmwr7Wc5ciwXWcvNhoHqzeM8GN4coy,,,1671949855,0.0,0.0,0.0,0,0,0,0.0,0.0,1.0,0.0,,,0,0,0,Helius verified first buyer,2026-08-20 04:35:25
Hxf6EHJiFPCgwzG8yNR5MAmmF5EZ5sZSWNormNdsuGhM,,,1671949855,0.0,0.0,0.0,0,0,0,0.0,0.0,1.0,0.0,,,0,0,0,Helius verified first buyer,2026-08-20 04:35:25
8XWnBxAQKtEgkhJJeR642QSzb6K8ZYzEBXyn4NAnasMD,,,1671949855,0.0,0.0,0.0,0,0,0,0.0,0.0,1.0,0.0,,,0,0,0,Helius verified first buyer,2026-08-20 04:35:25
nGqgvYdxhGh18rRxAo8QuGoPDxxMLi1xDRi1qkn6Yhw,,,1671949855,0.0,0.0,0.0,0,0,0,0.0,0.0,1.0,0.0,,,0,0,0,Helius verified first buyer,2026-08-20 04:35:26
EBJA8i6VkzfG7SDB8Sm7EeCakfrE2hHcaYYjgJBmRts3,,,1671949855,0.0,0.0,0.0,0,0,0,0.0,0.0,1.0,0.0,,,0,0,0,Helius verified first buyer,2026-08-20 04:35:26
DbMcDwkZQph8bUe6abcxKAg8oksa8igq96Jgeg9bsrrE,,,1671949855,0.0,0.0,0.0,0,0,0,0.0,0.0,1.0,0.0,,,0,0,0,Helius verified first buyer,2026-08-20 04:35:26
7H8d1z9uPPUvtJ3qoJnULBcX9EYFX4WpSSMHMgDn5g6m,,,1671949855,0.0,0.0,0.0,0,0,0,0.0,0.0,1.0,0.0,,,0,0,0,Helius verified first buyer,2026-08-20 04:35:26
HfHbGUBWersXep8E97dm75XndswFCQ2Xrs4tAAPATfiz,,,1671949855,0.0,0.0,0.0,0,0,0,0.0,0.0,1.0,0.0,,,0,0,0,Helius verified first buyer,2026-08-20 04:35:27
3whBz9aDixfD7My7MnYXL9z5pDkFF2M4Ud8AQEC3XmfM,,,1671949855,0.0,0.0,0.0,0,0,0,0.0,0.0,1.0,0.0,,,0,0,0,Helius verified first buyer,2026-08-20 04:35:27
9GX3SSyGT9y2jCLr6thXpNDeNxiGZA27frgW9k2nztR1,,,1671949855,0.0,0.0,0.0,0,0,0,0.0,0.0,1.0,0.0,,,0,0,0,Helius verified first buyer,2026-08-20 04:35:27
4PBeBgQmg97MDT81v8HkVVKXj5oS5gJj75Srs2PhPeRK,,,1671949855,0.0,0.0,0.0,0,0,0,0.0,0.0,1.0,0.0,,,0,0,0,Helius verified first buyer,2026-08-20 04:35:27
AVZyvFd9WFwtdXQyZECnKbSNheHUVwrciZ5W8wMxbQgw,,,1671949855,0.0,0.0,0.0,0,0,0,0.0,0.0,1.0,0.0,,,0,0,0,Helius verified first buyer,2026-08-20 04:35:28
5EAQfaBQFd4cGwShfX2RYsVTrNhzYkSGPnNUQpfSDPCZ,,,1671949855,0.0,0.0,0.0,0,0,0,0.0,0.0,1.0,0.0,,,0,0,0,Helius verified first buyer,2026-08-20 04:35:28
35K4zQJdtWfJ6p7QPSHY5YkL4Cvwb3NTTETGfpgZsUVC,,,1671949855,0.0,0.0,0.0,0,0,0,0.0,0.0,1.0,0.0,,,0,0,0,Helius verified first buyer,2026-08-20 04:35:28
A1anH99Pg4QpJm66DMVvTazBhc6B5dB9EZThJJXi8SME,,,1671949855,0.0,0.0,0.0,0,0,0,0.0,0.0,1.0,0.0,,,0,0,0,Helius verified first buyer,2026-08-20 04:35:28
4fCoCnrzSt3MUzUEcahkVXVFw6F14u25QCfZD6KRJrYx,,,1671949855,0.0,0.0,0.0,0,0,0,0.0,0.0,1.0,0.0,,,0,0,0,Helius verified first buyer,2026-08-20 04:35:29
JD9KNiSue1S7jcaKWV1vrSqKQisMte1MP9dqR8VmsbZN,,,1671949855,0.0,0.0,0.0,0,0,0,0.0,0.0,1.0,0.0,,,0,0,0,Helius verified first buyer,2026-08-20 04:35:29
FpW2T419AbrU6BphES2xNZciDciGzHMDsBoYdZ1WVRuq,,,1671949855,0.0,0.0,0.0,0,0,0,0.0,0.0,1.0,0.0,,,0,0,0,Helius verified first buyer,2026-08-20 04:35:29
FWPi8QL4eWhn7DKy73VcgJUXkzYDp769eqxruyLz2qct,,,1671949912,0.0,0.0,0.0,0,0,0,0.0,0.0,1.0,0.0,,,0,0,0,Helius verified first buyer,2026-08-20 04:35:29
8QwwVF2AZB2W3SsuoutmnCYnp9jkDNFuBo54QvTFmvzA,,,1671949912,0.0,0.0,0.0,0,0,0,0.0,0.0,1.0,0.0,,,0,0,0,Helius verified first buyer,2026-08-20 04:35:30
2sn868Aue5g9sfkEtuFcJXnAbK7vJvpKNwtX6zJgNdaD,,,1671949912,0.0,0.0,0.0,0,0,0,0.0,0.0,1.0,0.0,,,0,0,0,Helius verified first buyer,2026-08-20 04:35:30
ArqzdSawkYQQNXUsef2Ndj6fcnNktgyzPuT1ouNZwj4E,,,1671949912,0.0,0.0,0.0,0,0,0,0.0,0.0,1.0,0.0,,,0,0,0,Helius verified first buyer,2026-08-20 04:35:30
HvFNk9r5bepKKjh17W14ASoPMhqH3xvGBZ8ccgR7c9qa,,,1671949912,0.0,0.0,0.0,0,0,0,0.0,0.0,1.0,0.0,,,0,0,0,Helius verified first buyer,2026-08-20 04:35:30
9hvfxx1d8swHiMS1yyUZWFZiu3TvLCWgxXgjQZNqsdEp,,,1671949912,0.0,0.0,0.0,0,0,0,0.0,0.0,1.0,0.0,,,0,0,0,Helius verified first buyer,2026-08-20 04:35:31
3BuyyoKYWpd6G7t8yVT8YaJy3DzNz8U6Bmdm3bH3Yx1C,,,1671949912,0.0,0.0,0.0,0,0,0,0.0,0.0,1.0,0.0,,,0,0,0,Helius verified first buyer,2026-08-20 04:35:31
CYhbRntGCFXGfZice4aoPehMEj6VEMes2E4s51RfeA4r,,,1671949912,0.0,0.0,0.0,0,0,0,0.0,0.0,1.0,0.0,,,0,0,0,Helius verified first buyer,2026-08-20 04:35:31
FwEmHEzX1HE8SyWyDvpvNwimREwhg9p9pUQAhThAAkjb,,,1671949912,0.0,0.0,0.0,0,0,0,0.0,0.0,1.0,0.0,,,0,0,0,Helius verified first buyer,2026-08-20 04:35:31
7s8Ervi2oS8TqDPCT3rcf2dss1DwqU1NyYtrJFH6Sjab,,,1671949912,0.0,0.0,0.0,0,0,0,0.0,0.0,1.0,0.0,,,0,0,0,Helius verified first buyer,2026-08-20 04:35:32
Apge6y3oWvFB7gPCWkxqtga4twnxgd1PZYvzNzkypSNd,,,1671949912,0.0,0.0,0.0,0,0,0,0.0,0.0,1.0,0.0,,,0,0,0,Helius verified first buyer,2026-08-20 04:35:32
AkPcXzhYCDPRLm28bZ6LovJpXV6pMjp9UD9Gc9PkhFEj,,,1671949912,0.0,0.0,0.0,0,0,0,0.0,0.0,1.0,0.0,,,0,0,0,Helius verified first buyer,2026-08-20 04:35:32
GL9DfLtpvWLfsPMwUub21GrohDGmtntTwNogTGYByRTL,,,1671949912,0.0,0.0,0.0,0,0,0,0.0,0.0,1.0,0.0,,,0,0,0,Helius verified first buyer,2026-08-20 04:35:32
FeXxvLUypzWcZomJUKS4miASSWtN8YydZT521pRPaJow,,,1671949912,0.0,0.0,0.0,0,0,0,0.0,0.0,1.0,0.0,,,0,0,0,Helius verified first buyer,2026-08-20 04:35:33
GjM7PhaJMG6ZmdrqGews6Qm618SZv3AkFWmAWtK3hx6q,,,1671949912,0.0,0.0,0.0,0,0,0,0.0,0.0,1.0,0.0,,,0,0,0,Helius verified first buyer,2026-08-20 04:35:33
CySMnNMXmVQRT1o79bmHd4U8xp5vKi4wVFAzAc2TaA2T,,,1671949912,0.0,0.0,0.0,0,0,0,0.0,0.0,1.0,0.0,,,0,0,0,Helius verified first buyer,2026-08-20 04:35:33
HrBFx8KRgq6BTgp8bEAxLKMKBiRvQiVHdA1HjYkazQ1x,,,1671949912,0.0,0.0,0.0,0,0,0,0.0,0.0,1.0,0.0,,,0,0,0,Helius verified first buyer,2026-08-20 04:35:34
7NUznmM6TH89V32ADEQsXbgLsRWjsRpJaTzpaiPTmpRR,,,1671949912,0.0,0.0,0.0,0,0,0,0.0,0.0,1.0,0.0,,,0,0,0,Helius verified first buyer,2026-08-20 04:35:34
Fw7UpHcUn3VfCwsfVsU3pMhmtru2eTo459VyakeSst5D,,,1671949912,0.0,0.0,0.0,0,0,0,0.0,0.0,1.0,0.0,,,0,0,0,Helius verified first buyer,2026-08-20 04:35:35
C6S7pGiCX2spQCXFbqcxtQ4jAU4LJ9eFkB68jptC2MRB,,,1671949912,0.0,0.0,0.0,0,0,0,0.0,0.0,1.0,0.0,,,0,0,0,Helius verified first buyer,2026-08-20 04:35:35
9qyrLEEvaPrkhZaWN7Sy3ghsxshLT9jYo3NnfHZuvYqJ,,,1671949912,0.0,0.0,0.0,0,0,0,0.0,0.0,1.0,0.0,,,0,0,0,Helius verified first buyer,2026-08-20 04:35:35
7spjf52KATbcjLerAQqZM8HiW8ChDKwS8nEtUMDwQw7Y,,,1671949912,0.0,0.0,0.0,0,0,0,0.0,0.0,1.0,0.0,,,0,0,0,Helius verified first buyer,2026-08-20 04:35:35
FSFg9aQMS1Ed1TM1dg3Z4pR4AfWBEDsqnLW8kTtFvWxD,,,1671949912,0.0,0.0,0.0,0,0,0,0.0,0.0,1.0,0.0,,,0,0,0,Helius verified first buyer,2026-08-20 04:35:36
CMhmpx6UiJNJY5yiUmKHmgVVLpKdsdvRS6KTpAcezXgD,,,1671949912,0.0,0.0,0.0,0,0,0,0.0,0.0,1.0,0.0,,,0,0,0,Helius verified first buyer,2026-08-20 04:35:37
FxuynweVKdbAFzV8DhAQBBt3y5t8GLBDXz8Px1uXE6ys,,,1671949912,0.0,0.0,0.0,0,0,0,0.0,0.0,1.0,0.0,,,0,0,0,Helius verified first buyer,2026-08-20 04:35:37
AGq6tEUs6oU5tsWtV15hsHULBVgdUk38LGtga9M82nZw,,,1671949912,0.0,0.0,0.0,0,0,0,0.0,0.0,1.0,0.0,,,0,0,0,Helius verified first buyer,2026-08-20 04:35:37
63GzoPmACyhcsr3XiL5VALhqHy8NasTWRzdbJUFtNiMi,,,1671949912,0.0,0.0,0.0,0,0,0,0.0,0.0,1.0,0.0,,,0,0,0,Helius verified first buyer,2026-08-20 04:35:38
AevEfy4wB4Mq3JeM9feCmTScGhzUmNeHYgXNzyBouoJA,,,1671949912,0.0,0.0,0.0,0,0,0,0.0,0.0,1.0,0.0,,,0,0,0,Helius verified first buyer,2026-08-20 04:35:38
A4fvH7iytAfsv2cxXkNMjPxcah7Tag3rF2tkCSqpL8iv,,,1671949912,0.0,0.0,0.0,0,0,0,0.0,0.0,1.0,0.0,,,0,0,0,Helius verified first buyer,2026-08-20 04:35:38
8yA9XHW919RBd4JcRpt3Ld6fHo3nbVuL9SedB6SLF1r9,,,1671949912,0.0,0.0,0.0,0,0,0,0.0,0.0,1.0,0.0,,,0,0,0,Helius verified first buyer,2026-08-20 04:35:38
3fyhLFcJPgtzvyJJyuCM9gF934dRzRhvX3eRWYkVsokM,,,1671949914,0.0,0.0,0.0,0,0,0,0.0,0.0,1.0,0.0,,,0,0,0,Helius verified first buyer,2026-08-20 04:35:39
3qCvBYK8cNUE9nejurCfsxL4FqWs5m2LQNesdsZdKPyE,,,1671949914,0.0,0.0,0.0,0,0,0,0.0,0.0,1.0,0.0,,,0,0,0,Helius verified first buyer,2026-08-20 04:35:39
F6xpM3H7kjm43AXDNyKYWpmXjeMrAFWp3sEn9HMYB9v6,,,1671949914,0.0,0.0,0.0,0,0,0,0.0,0.0,1.0,0.0,,,0,0,0,Helius verified first buyer,2026-08-20 04:35:39
B7rEcm3nw4hLWp6cTwPkFjZs6Bz7byTACmixYcUi45Gy,,,1671949914,0.0,0.0,0.0,0,0,0,0.0,0.0,1.0,0.0,,,0,0,0,Helius verified first buyer,2026-08-20 04:35:39
HzQ1wT4d2FvdoYEu9ZCH3SGg5nBC7A9uiVXB8wY3usiQ,,,1671949914,0.0,0.0,0.0,0,0,0,0.0,0.0,1.0,0.0,,,0,0,0,Helius verified first buyer,2026-08-20 04:35:40
zpt7axWBFdPXYnozaomQxtM5yJuLjmcwBmV4Gxdq5bd,,,1671949914,0.0,0.0,0.0,0,0,0,0.0,0.0,1.0,0.0,,,0,0,0,Helius verified first buyer,2026-08-20 04:35:40
7ADMXaU5NFx3YBFCgsUdpPDuVQVKapLLBCSJMHQSuNtZ,,,1671949914,0.0,0.0,0.0,0,0,0,0.0,0.0,1.0,0.0,,,0,0,0,Helius verified first buyer,2026-08-20 04:35:40
HD3C4aBVXCh7eSsyfBhddrBZhf4WvJZiKQokfZ3QBZ8f,,,1671949914,0.0,0.0,0.0,0,0,0,0.0,0.0,1.0,0.0,,,0,0,0,Helius verified first buyer,2026-08-20 04:35:40
3qaLxSNx8nojSypcS4oLAjWC6cLuHCU8UmydLwi57Ld2,,,1671949914,0.0,0.0,0.0,0,0,0,0.0,0.0,1.0,0.0,,,0,0,0,Helius verified first buyer,2026-08-20 04:35:41
Eag4AcMAE6UUvG4SPBWNva8oVcjUpoy1dS1irdiJR3Pv,,,1671949914,0.0,0.0,0.0,0,0,0,0.0,0.0,1.0,0.0,,,0,0,0,Helius verified first buyer,2026-08-20 04:35:41
AWKdTobYs5ftT5ytSE9QWvoXK8ATshn7YNNgmJh7tEnB,,,1671949915,0.0,0.0,0.0,0,0,0,0.0,0.0,1.0,0.0,,,0,0,0,Helius verified first buyer,2026-08-20 04:35:41
3eXHPadsDt3C8jsM2hDhhhDCGbtVZATvGdEHPmd9ggfy,,,1671949915,0.0,0.0,0.0,0,0,0,0.0,0.0,1.0,0.0,,,0,0,0,Helius verified first buyer,2026-08-20 04:35:41
84iH2ieU2S35xgfM8UnnXCk19rExEu8ry2CLLg5SsZvr,,,1671949915,0.0,0.0,0.0,0,0,0,0.0,0.0,1.0,0.0,,,0,0,0,Helius verified first buyer,2026-08-20 04:35:42
G4fPv5CC2jn7mTdpqJuf9L6g2cZWT6Yzxqsp727erwkR,,,1671949915,0.0,0.0,0.0,0,0,0,0.0,0.0,1.0,0.0,,,0,0,0,Helius verified first buyer,2026-08-20 04:35:42
EKrBUuNjztXJngCa5g2mnG6xrXLm3hZyE7bs8TsnoM91,,,1671949915,0.0,0.0,0.0,0,0,0,0.0,0.0,1.0,0.0,,,0,0,0,Helius verified first buyer,2026-08-20 04:35:42
7kQRNpNGPdCYpN1tdU5jZESLAZYqocNDZDbcpcZ9zXd2,,,1671949915,0.0,0.0,0.0,0,0,0,0.0,0.0,1.0,0.0,,,0,0,0,Helius verified first buyer,2026-08-20 04:35:42
6BrC6EH4yNvMiBjnTnWoRm3z5yLZKNy3QMTi4353xHno,,,1671949915,0.0,0.0,0.0,0,0,0,0.0,0.0,1.0,0.0,,,0,0,0,Helius verified first buyer,2026-08-20 04:35:43
FTxJdukSSzyJNqZKYVQvbVECvFnnckr1UPXC8jQaqiC1,,,1671949915,0.0,0.0,0.0,0,0,0,0.0,0.0,1.0,0.0,,,0,0,0,Helius verified first buyer,2026-08-20 04:35:43
HhUDQPLrvcejJz4Uk1aNpBxLs353j5BUzVmxdiK3ZPz4,,,1671949915,0.0,0.0,0.0,0,0,0,0.0,0.0,1.0,0.0,,,0,0,0,Helius verified first buyer,2026-08-20 04:35:43
AsWNReTYVNyXfx4FYw26RkoEsTEhho5wN49AkhSKENLj,,,1671949915,0.0,0.0,0.0,0,0,0,0.0,0.0,1.0,0.0,,,0,0,0,Helius verified first buyer,2026-08-20 04:35:43
mNC7hcpCFEmU5wKWJL68PuoXQsUGX4X7GrU6RMib7ZX,,,1671949915,0.0,0.0,0.0,0,0,0,0.0,0.0,1.0,0.0,,,0,0,0,Helius verified first buyer,2026-08-20 04:35:44
8vYdQgWXFtgWEK6FANteVeEMZYrtYxkGXU389VQm8Pq9,,,1671949915,0.0,0.0,0.0,0,0,0,0.0,0.0,1.0,0.0,,,0,0,0,Helius verified first buyer,2026-08-20 04:35:44
DndE1hVTExXmznAuRiUuoWMmWu815Xko3aCT49xnnKAC,,,1671949915,0.0,0.0,0.0,0,0,0,0.0,0.0,1.0,0.0,,,0,0,0,Helius verified first buyer,2026-08-20 04:35:44
4FjQtbYxF3q1EML4J1okMzpbw52vvkBAHrnGGJWwKs1y,,,1671949915,0.0,0.0,0.0,0,0,0,0.0,0.0,1.0,0.0,,,0,0,0,Helius verified first buyer,2026-08-20 04:35:44
Ghi7ELKJaUmXRi81EmqNr8k582tbijnMUnfsWfd4k2Cw,,,1671949915,0.0,0.0,0.0,0,0,0,0.0,0.0,1.0,0.0,,,0,0,0,Helius verified first buyer,2026-08-20 04:35:45
CmhXXrBhQckHDK7xqY5PKPL1qtYKzS1Xspd1qRsdvpHq,,,1671949915,0.0,0.0,0.0,0,0,0,0.0,0.0,1.0,0.0,,,0,0,0,Helius verified first buyer,2026-08-20 04:35:45
7FxyPYQy3E3aTgmrurt8xR7wvaf5CTcYMdu9fw6wNQSv,,,1671949915,0.0,0.0,0.0,0,0,0,0.0,0.0,1.0,0.0,,,0,0,0,Helius verified first buyer,2026-08-20 04:35:45
7gXvfugWxX339sKNEG7DdwbuqGwz4b133gTBMutHftx3,,,1671949915,0.0,0.0,0.0,0,0,0,0.0,0.0,1.0,0.0,,,0,0,0,Helius verified first buyer,2026-08-20 04:35:45
CU63jhVefFCWNZfGexsTdf4TWsEjF528bKhXaVFLVgAw,,,1671949915,0.0,0.0,0.0,0,0,0,0.0,0.0,1.0,0.0,,,0,0,0,Helius verified first buyer,2026-08-20 04:35:46
5yR1AL54MLQXNDcwv6SvruP5HA7fy71d59TXJUhderbL,,,1671949918,0.0,0.0,0.0,0,0,0,0.0,0.0,1.0,0.0,,,0,0,0,Helius verified first buyer,2026-08-20 04:35:46
7qKhLBTQfzNuoSAbDyCjXKNFcWdYQ7d4JwpYARBWuFpQ,,,1671949918,0.0,0.0,0.0,0,0,0,0.0,0.0,1.0,0.0,,,0,0,0,Helius verified first buyer,2026-08-20 04:35:46
4bMwVoyTbr58v8johkAe2tBxqvNmZB3bAbp4EFvm9sLr,,,1671950079,0.0,0.0,0.0,0,0,0,0.0,0.0,1.0,0.0,,,0,0,0,Helius verified first buyer,2026-08-20 04:35:46
D6p4Fu2tAZkaoZf8MgpedJXnHbTKaRARr6PZNnZUZR75,,,1671950100,0.0,0.0,0.0,0,0,0,0.0,0.0,1.0,0.0,,,0,0,0,Helius verified first buyer,2026-08-20 04:35:47
CLbK57QNWozhEsGJzzovojZ1bqExg7TX21vZoH1t2Tju,,,1671950100,0.0,0.0,0.0,0,0,0,0.0,0.0,1.0,0.0,,,0,0,0,Helius verified first buyer,2026-08-20 04:35:47
84KyiovEok58oMvS38upg5PxGtV32mdZN6r2PpLrjbFz,,,1671950100,0.0,0.0,0.0,0,0,0,0.0,0.0,1.0,0.0,,,0,0,0,Helius verified first buyer,2026-08-20 04:35:47
EeYZho1rb4n59aSEnvvReYZ9pQ2pM5h2FdkRxm1G4fqV,,,1671950100,0.0,0.0,0.0,0,0,0,0.0,0.0,1.0,0.0,,,0,0,0,Helius verified first buyer,2026-08-20 04:35:47
CmAHMiE6dKFkxvtsRF4dAWQyKQr6efeoXG9k2SLYg9oL,,,1671950100,0.0,0.0,0.0,0,0,0,0.0,0.0,1.0,0.0,,,0,0,0,Helius verified first buyer,2026-08-20 04:35:47
BDcZ5EctN6oeaqTnQtxhcHHhYNFPghmgk4UFe8ZK4okT,,,1671950100,0.0,0.0,0.0,0,0,0,0.0,0.0,1.0,0.0,,,0,0,0,Helius verified first buyer,2026-08-20 04:35:48
EjSUh8D9zAB9zXCLR4wtrxkWpzHFhJULsSLoi8pAE9kJ,,,1671950100,0.0,0.0,0.0,0,0,0,0.0,0.0,1.0,0.0,,,0,0,0,Helius verified first buyer,2026-08-20 04:35:48
BqrFS21siADMXk27FTT7L5UvKAuKenRaEJYF2sz9W5Hw,,,1671950100,0.0,0.0,0.0,0,0,0,0.0,0.0,1.0,0.0,,,0,0,0,Helius verified first buyer,2026-08-20 04:35:48
5Aw5duUcpmGankADEoYtbrm1Ac626tExNkZWVcWfmKzA,,,1671950100,0.0,0.0,0.0,0,0,0,0.0,0.0,1.0,0.0,,,0,0,0,Helius verified first buyer,2026-08-20 04:35:48
JB9ewxYZQgLvTxC5CtKpdpWqcFWrn3FqEzKsWzVfUubN,,,1671950100,0.0,0.0,0.0,0,0,0,0.0,0.0,1.0,0.0,,,0,0,0,Helius verified first buyer,2026-08-20 04:35:48
8sGEGo6Y2xeFd7gjkFiiZqThbLfMNLMEcoKzKZYh5roL,,,1671950100,0.0,0.0,0.0,0,0,0,0.0,0.0,1.0,0.0,,,0,0,0,Helius verified first buyer,2026-08-20 04:35:49
B17K9En4vVhRbFh5YLXQrX8BALyjePQyEeURKLKpk9nQ,,,1671950100,0.0,0.0,0.0,0,0,0,0.0,0.0,1.0,0.0,,,0,0,0,Helius verified first buyer,2026-08-20 04:35:49
ELEGLHe3M3QHjrmD5BRUFvfdVRYbxfownwkEtFbCcgSK,,,1671950100,0.0,0.0,0.0,0,0,0,0.0,0.0,1.0,0.0,,,0,0,0,Helius verified first buyer,2026-08-20 04:35:49
Fgh4Up9H9PrE6zffiaYVFFdPf5wysGRucntgsm8J7YzN,,,1671950100,0.0,0.0,0.0,0,0,0,0.0,0.0,1.0,0.0,,,0,0,0,Helius verified first buyer,2026-08-20 04:35:49
APFN6fDAVun6b755K9xijNhjHrLNU6qQUxar4NwC3SzL,,,1671950100,0.0,0.0,0.0,0,0,0,0.0,0.0,1.0,0.0,,,0,0,0,Helius verified first buyer,2026-08-20 04:35:49
AnbpfooMUitcjqJe2FRkwRCR3RgxUCVE1bGhRs9EFDiL,,,1671950100,0.0,0.0,0.0,0,0,0,0.0,0.0,1.0,0.0,,,0,0,0,Helius verified first buyer,2026-08-20 04:35:50
h8wAEca4nAkHf99QvvekELzNtFYCpZfFa3YhBKksnos,,,1671950100,0.0,0.0,0.0,0,0,0,0.0,0.0,1.0,0.0,,,0,0,0,Helius verified first buyer,2026-08-20 04:35:50
4YsBkcoaentYoQJVJsGTDGjAx9AckSvLMyJ2Prd444GT,,,1671950100,0.0,0.0,0.0,0,0,0,0.0,0.0,1.0,0.0,,,0,0,0,Helius verified first buyer,2026-08-20 04:35:50
4tsCYo85Co8mEQCngGQZBmubdUgWQmVgtmoD1y9x8Awu,,,1671950100,0.0,0.0,0.0,0,0,0,0.0,0.0,1.0,0.0,,,0,0,0,Helius verified first buyer,2026-08-20 04:35:50
HW88L2V5eJnus24revQHMZxNYFZavTGzyKLC3HgtRuhF,,,1671950100,0.0,0.0,0.0,0,0,0,0.0,0.0,1.0,0.0,,,0,0,0,Helius verified first buyer,2026-08-20 04:35:50
Ho7EcXiRSFpycmxoPGQ6iFHumS4EBvS6GreV51GuaAQd,,,1671950100,0.0,0.0,0.0,0,0,0,0.0,0.0,1.0,0.0,,,0,0,0,Helius verified first buyer,2026-08-20 04:35:51
8eQtpr1pFotygE7HcL3iR8AUQdajpckQi8kkUDBeDaXc,,,1671950100,0.0,0.0,0.0,0,0,0,0.0,0.0,1.0,0.0,,,0,0,0,Helius verified first buyer,2026-08-20 04:35:51
FXKTMRiKkDji5x3pMamWUHiYz9ULppTaAMUpWeTQ4YwR,,,1671950100,0.0,0.0,0.0,0,0,0,0.0,0.0,1.0,0.0,,,0,0,0,Helius verified first buyer,2026-08-20 04:35:51
vAk4ewUSRRA74cuG5ytKJHEqThMvz4TCq7CyzUVAWJx,,,1671950100,0.0,0.0,0.0,0,0,0,0.0,0.0,1.0,0.0,,,0,0,0,Helius verified first buyer,2026-08-20 04:35:51
3pYLzv1YPdLzZ3zzBiZKxzPkH9D3R6Cg172XofjMjEco,,,1671950100,0.0,0.0,0.0,0,0,0,0.0,0.0,1.0,0.0,,,0,0,0,Helius verified first buyer,2026-08-20 04:35:51
7qic726WzLSd8czwqmRV4VKi18jPBhareqWbDY8F8j6T,,,1671950100,0.0,0.0,0.0,0,0,0,0.0,0.0,1.0,0.0,,,0,0,0,Helius verified first buyer,2026-08-20 04:35:52
3SkD6pP2EdyV1hk5hNrxZ9Nc7NFsEqy15wvWkhdmcWqX,,,1671950100,0.0,0.0,0.0,0,0,0,0.0,0.0,1.0,0.0,,,0,0,0,Helius verified first buyer,2026-08-20 04:35:52
BVEAy7LA81ANFK7zPhVf3iTDNNupNXYV6uDamN58fW9D,,,1671950100,0.0,0.0,0.0,0,0,0,0.0,0.0,1.0,0.0,,,0,0,0,Helius verified first buyer,2026-08-20 04:35:52
98ij8ZpzEN3qZcnrWCfFYu9BKPGJeAq8ziaVjfi5jBDc,,,1671950100,0.0,0.0,0.0,0,0,0,0.0,0.0,1.0,0.0,,,0,0,0,Helius verified first buyer,2026-08-20 04:35:52
FuPWmHsGhkoF7PQNdkWkReKVtMDnmxYfZ1EN9D7qmJn6,,,1671950100,0.0,0.0,0.0,0,0,0,0.0,0.0,1.0,0.0,,,0,0,0,Helius verified first buyer,2026-08-20 04:35:53
3Z2V2f5D17fX6SdjmxXi5Wy9nEXLrFjtoMHJjhFtrhQt,,,1671950105,0.0,0.0,0.0,0,0,0,0.0,0.0,1.0,0.0,,,0,0,0,Helius verified first buyer,2026-08-20 04:35:53
4roNe5W36S8ixudQaiJVCw8YHMfC7M3J69fos1dTnxrg,,,1671950105,0.0,0.0,0.0,0,0,0,0.0,0.0,1.0,0.0,,,0,0,0,Helius verified first buyer,2026-08-20 04:35:53
8aruaW1p2EnCWQNpiRuj2TH6zHrsb6SYS9nCiNfQVVi7,,,1671950105,0.0,0.0,0.0,0,0,0,0.0,0.0,1.0,0.0,,,0,0,0,Helius verified first buyer,2026-08-20 04:35:53
Dfc8UPuSpYtPaMLc7UjcUdMXkfW3X1yojDLzp26WVzWH,,,1671950105,0.0,0.0,0.0,0,0,0,0.0,0.0,1.0,0.0,,,0,0,0,Helius verified first buyer,2026-08-20 04:35:53
3UpF1CZFxqbVRmSsGRMQEknbva2Uvuduuoe3HKQ39YYh,,,1671950105,0.0,0.0,0.0,0,0,0,0.0,0.0,1.0,0.0,,,0,0,0,Helius verified first buyer,2026-08-20 04:35:54
F91b9s3JHGwmuFDQvV4GdvaAB4YizzpAELRhcucBCmm6,,,1671950105,0.0,0.0,0.0,0,0,0,0.0,0.0,1.0,0.0,,,0,0,0,Helius verified first buyer,2026-08-20 04:35:54
HTsZzp8zgVFCC7Y8Grbqndsx42EsPvTjC7KtYaMqppbb,,,1671950105,0.0,0.0,0.0,0,0,0,0.0,0.0,1.0,0.0,,,0,0,0,Helius verified first buyer,2026-08-20 04:35:54
6KeW5X32HxvGqteWYkuhxjd3dyhuv9ZTSsaLkJVi3q6Y,,,1671950105,0.0,0.0,0.0,0,0,0,0.0,0.0,1.0,0.0,,,0,0,0,Helius verified first buyer,2026-08-20 04:35:54
5zEd3Bxgrb7YiVau9JM9YAXj7tiXCLRGRhPoqzfqnZ1d,,,1671950105,0.0,0.0,0.0,0,0,0,0.0,0.0,1.0,0.0,,,0,0,0,Helius verified first buyer,2026-08-20 04:35:55
5PwaTp4K18Y7Y4UJo41JS1qN6QBHiNhfwozM1N4aJoM2,,,1671950105,0.0,0.0,0.0,0,0,0,0.0,0.0,1.0,0.0,,,0,0,0,Helius verified first buyer,2026-08-20 04:35:55
7n4Vzh9envNPVctTWxKJ3eVkwNtu3ELomD6P31Cb3vak,,,1671950105,0.0,0.0,0.0,0,0,0,0.0,0.0,1.0,0.0,,,0,0,0,Helius verified first buyer,2026-08-20 04:35:55
BY493csb98T5kGYfPiDzL8ADb49TRkjcvAeVLHbG6Mht,,,1671950105,0.0,0.0,0.0,0,0,0,0.0,0.0,1.0,0.0,,,0,0,0,Helius verified first buyer,2026-08-20 04:35:55
2ZbyVf6zze3ePSC6SgAEB52ZEkxjCA9LQyHZsxCRVtRA,,,1671950105,0.0,0.0,0.0,0,0,0,0.0,0.0,1.0,0.0,,,0,0,0,Helius verified first buyer,2026-08-20 04:35:56
2PWikhyNB4sS8nFoZNqc5dTmbm3dDmNnGZx8C64zSmgq,,,1671950105,0.0,0.0,0.0,0,0,0,0.0,0.0,1.0,0.0,,,0,0,0,Helius verified first buyer,2026-08-20 04:35:56
7r5fg8sq4K53u4BEAM4PmJcexaAXZi9Gd9JRCkhofCgx,,,1671950105,0.0,0.0,0.0,0,0,0,0.0,0.0,1.0,0.0,,,0,0,0,Helius verified first buyer,2026-08-20 04:35:56
VvcvxquhETeFbbH8xQRD8SjCjh8Ky3srqDfJeMVWdJX,,,1671950105,0.0,0.0,0.0,0,0,0,0.0,0.0,1.0,0.0,,,0,0,0,Helius verified first buyer,2026-08-20 04:35:56
2FFVcm9xJmUHG6zfo15ktzuGQTXACPG42iquGHe6faTN,,,1671950105,0.0,0.0,0.0,0,0,0,0.0,0.0,1.0,0.0,,,0,0,0,Helius verified first buyer,2026-08-20 04:35:57
2s2aN6bedVPPYUJNXHyHPHdyz9ZGmeXHANBKSWZdNMbZ,,,1671950105,0.0,0.0,0.0,0,0,0,0.0,0.0,1.0,0.0,,,0,0,0,Helius verified first buyer,2026-08-20 04:35:57
CWrjfccxBYeVfxuAn4U65XAzNVAqFXeQTNcFVYAHTGXk,,,1671950105,0.0,0.0,0.0,0,0,0,0.0,0.0,1.0,0.0,,,0,0,0,Helius verified first buyer,2026-08-20 04:35:57
9h4E9L4fgb4nvymUwc7b8zjP1bzAjjNy4VQ9s7i3P9UM,,,1671950105,0.0,0.0,0.0,0,0,0,0.0,0.0,1.0,0.0,,,0,0,0,Helius verified first buyer,2026-08-20 04:35:57
3UyeFPj1gRyypKW95wui8onVRHqQZsbZTgUJEPBhWz7L,,,1671950105,0.0,0.0,0.0,0,0,0,0.0,0.0,1.0,0.0,,,0,0,0,Helius verified first buyer,2026-08-20 04:35:58
EGU4cCZSi4sx4R2QHkrYRJsqm45Bfzt1u2UUw9Q3z4v,,,1671950105,0.0,0.0,0.0,0,0,0,0.0,0.0,1.0,0.0,,,0,0,0,Helius verified first buyer,2026-08-20 04:35:58
BDYkunugpFNQp5HLzwDH2so3TqfQgDHyJ1h3FLDxWCKg,,,1671950105,0.0,0.0,0.0,0,0,0,0.0,0.0,1.0,0.0,,,0,0,0,Helius verified first buyer,2026-08-20 04:35:58
8NoZETTAJE2mfB63vfbAJiZAELYCnaanvLPUK5pGcrxX,,,1671950105,0.0,0.0,0.0,0,0,0,0.0,0.0,1.0,0.0,,,0,0,0,Helius verified first buyer,2026-08-20 04:35:58
AbKkgFAnvc6KVT2YMRZy8A2utbDinhnj8jxiBAFbAL4J,,,1671950105,0.0,0.0,0.0,0,0,0,0.0,0.0,1.0,0.0,,,0,0,0,Helius verified first buyer,2026-08-20 04:35:59
7Bq7pBFxmi3DeChW6mMNJeoqrHmLjGDYFbCbgefToS8A,,,1671950105,0.0,0.0,0.0,0,0,0,0.0,0.0,1.0,0.0,,,0,0,0,Helius verified first buyer,2026-08-20 04:35:59
6Rk2HF8V7fBcxj4gsk5RNSAcBvtiHTwe9YK6LPNGXqvh,,,1671950105,0.0,0.0,0.0,0,0,0,0.0,0.0,1.0,0.0,,,0,0,0,Helius verified first buyer,2026-08-20 04:35:59
9zZfpZ7LU59G9Kdewi6S86xzYoGc1ENivFgkfkpZgvFQ,,,1671950105,0.0,0.0,0.0,0,0,0,0.0,0.0,1.0,0.0,,,0,0,0,Helius verified first buyer,2026-08-20 04:35:59
B21FJ7XeBeumscGsJXjvvX3hfwQh6kcYaYgvD122dzzv,,,1671950105,0.0,0.0,0.0,0,0,0,0.0,0.0,1.0,0.0,,,0,0,0,Helius verified first buyer,2026-08-20 04:35:59
8CbERmNmA32URfWV52cmZBApdKdvyh3CJPAdJChbxSC2,,,1671950105,0.0,0.0,0.0,0,0,0,0.0,0.0,1.0,0.0,,,0,0,0,Helius verified first buyer,2026-08-20 04:36:00
26n9sNhZzvX5DJbtfmkXATPucJtAS5Rp7zMw8cWfDY64,,,1671950107,0.0,0.0,0.0,0,0,0,0.0,0.0,1.0,0.0,,,0,0,0,Helius verified first buyer,2026-08-20 04:36:01
72thKi9qdQZdr4jbg4rPJb5bkzqBry9RCW4SvyqqCqrs,,,1671950107,0.0,0.0,0.0,0,0,0,0.0,0.0,1.0,0.0,,,0,0,0,Helius verified first buyer,2026-08-20 04:36:01
2sA3etoSksYuMzK42wxLxGRZV8ZRF65YCB9R3tvKCoVL,,,1671950107,0.0,0.0,0.0,0,0,0,0.0,0.0,1.0,0.0,,,0,0,0,Helius verified first buyer,2026-08-20 04:36:01
DSVhQNT7KZPxhs7JLTn6rA827FmKz8BrSQYnPiHpzgoY,,,1671950107,0.0,0.0,0.0,0,0,0,0.0,0.0,1.0,0.0,,,0,0,0,Helius verified first buyer,2026-08-20 04:36:02
2D2WfimFfbwwepmndSsySYwuvSp7rmV1JDu2bABFr4fF,,,1671950107,0.0,0.0,0.0,0,0,0,0.0,0.0,1.0,0.0,,,0,0,0,Helius verified first buyer,2026-08-20 04:36:02
5JpzU35kSYkCTxuL1nApPDUvBd8qLXy5oGXVDtTZVawi,,,1671950107,0.0,0.0,0.0,0,0,0,0.0,0.0,1.0,0.0,,,0,0,0,Helius verified first buyer,2026-08-20 04:36:02
J3sN1jjzjngGQk8uVkFVGRjn4pbAcHTgMm9AMRPjQMRi,,,1671950107,0.0,0.0,0.0,0,0,0,0.0,0.0,1.0,0.0,,,0,0,0,Helius verified first buyer,2026-08-20 04:36:02
Cs1scXYuwEHEqNkne7KMjmsyFuuy57DgoizKYcp44BHe,,,1671950107,0.0,0.0,0.0,0,0,0,0.0,0.0,1.0,0.0,,,0,0,0,Helius verified first buyer,2026-08-20 04:36:03
Dz3BJenPAMziCBhJFGwUxvu3qhMUuLch8NjoZdfP9xsa,,,1671950107,0.0,0.0,0.0,0,0,0,0.0,0.0,1.0,0.0,,,0,0,0,Helius verified first buyer,2026-08-20 04:36:03
7q5qbiVMgaYpsrMc9MMdvXitKcFW2oPSzCFB2ikN1QXf,,,1671950107,0.0,0.0,0.0,0,0,0,0.0,0.0,1.0,0.0,,,0,0,0,Helius verified first buyer,2026-08-20 04:36:03
8LXe6yGyykVSY8p6tpV6qY9x1t5ReHDrn3dZx1aKDygg,,,1671950108,0.0,0.0,0.0,0,0,0,0.0,0.0,1.0,0.0,,,0,0,0,Helius verified first buyer,2026-08-20 04:36:03
CVoj18ovPUwYE77AC8nBGEWQ4sdBzZEn7ub7cEYgjtMf,,,1671950108,0.0,0.0,0.0,0,0,0,0.0,0.0,1.0,0.0,,,0,0,0,Helius verified first buyer,2026-08-20 04:36:04
3RG8HmHn5ccjxpAJ75jZJrZFZJ7XToJcDNoArzuYe1iz,,,1671950108,0.0,0.0,0.0,0,0,0,0.0,0.0,1.0,0.0,,,0,0,0,Helius verified first buyer,2026-08-20 04:36:04
5S3cUy36MGB8Wuj3VG7dCy6UtgkfBLkDpNk8sgwkxaob,,,1671950108,0.0,0.0,0.0,0,0,0,0.0,0.0,1.0,0.0,,,0,0,0,Helius verified first buyer,2026-08-20 04:36:04
RtguRrm5yBqK1hy6yHibSe3nMQPZSKfYHdFau3PxLDr,,,1671950108,0.0,0.0,0.0,0,0,0,0.0,0.0,1.0,0.0,,,0,0,0,Helius verified first buyer,2026-08-20 04:36:04
Gm6bFLdQ7SY7h8CfLXwtjChxGKj3oFfWiuvGwZ93j8nE,,,1671950108,0.0,0.0,0.0,0,0,0,0.0,0.0,1.0,0.0,,,0,0,0,Helius verified first buyer,2026-08-20 04:36:04
HVG2XkUZQY2EYPMPyzLV5ykwyL76Z5r6Pb3mdnW3cx1t,,,1671950108,0.0,0.0,0.0,0,0,0,0.0,0.0,1.0,0.0,,,0,0,0,Helius verified first buyer,2026-08-20 04:36:05
CeuwJ66q3m9MNePFnQU2Av2YCSkTJYwSnw1rZJYapnKT,,,1671950108,0.0,0.0,0.0,0,0,0,0.0,0.0,1.0,0.0,,,0,0,0,Helius verified first buyer,2026-08-20 04:36:05
2K6dkYdHssrZcwJcwRDTPmecgx2zw1b8McJ67ttYCwXp,,,1671950108,0.0,0.0,0.0,0,0,0,0.0,0.0,1.0,0.0,,,0,0,0,Helius verified first buyer,2026-08-20 04:36:05
82UrZrAYbRdHbGXSutsWrBSL6sNSXVS3DtgHfnTGs1bu,,,1671950108,0.0,0.0,0.0,0,0,0,0.0,0.0,1.0,0.0,,,0,0,0,Helius verified first buyer,2026-08-20 04:36:05
J4f9e3zTvTgPSnmxX4pRb9S3vbFZCLFJcwkbpQZTEr7S,,,1671950108,0.0,0.0,0.0,0,0,0,0.0,0.0,1.0,0.0,,,0,0,0,Helius verified first buyer,2026-08-20 04:36:06
CNe3KyGyYFET74p1jCUFKCtM5fALWqoJoTgMDM5z8fGR,,,1671950108,0.0,0.0,0.0,0,0,0,0.0,0.0,1.0,0.0,,,0,0,0,Helius verified first buyer,2026-08-20 04:36:06
Gn1c3kLFX5Q7YK1Yx4hNj5eXh16e5U6944HrSMDqGmFw,,,1671950108,0.0,0.0,0.0,0,0,0,0.0,0.0,1.0,0.0,,,0,0,0,Helius verified first buyer,2026-08-20 04:36:07
FQWrNnfnJwJhvXpwZkZDKCCZProbbRao7ZV39vEc9sZ8,,,1671950108,0.0,0.0,0.0,0,0,0,0.0,0.0,1.0,0.0,,,0,0,0,Helius verified first buyer,2026-08-20 04:36:07
H5Ggz7qkBvNTe5VhVjHTtG8NyJSQY3TrkqbDfwPgaHxp,,,1671950108,0.0,0.0,0.0,0,0,0,0.0,0.0,1.0,0.0,,,0,0,0,Helius verified first buyer,2026-08-20 04:36:07
FYTbGYnj4xkyAVKKdueddPE1XTrHQM1A5cqjBnPrL3TS,,,1671950108,0.0,0.0,0.0,0,0,0,0.0,0.0,1.0,0.0,,,0,0,0,Helius verified first buyer,2026-08-20 04:36:07
FSgfYmVkzETybw68VuiPk8bvMtqSa8zkxSzge1bcoyuQ,,,1671950108,0.0,0.0,0.0,0,0,0,0.0,0.0,1.0,0.0,,,0,0,0,Helius verified first buyer,2026-08-20 04:36:07
5Cpk7m5hYL8QFbDmzCWkbHw3muecrJc9ynAZAqeRNVP4,,,1671950108,0.0,0.0,0.0,0,0,0,0.0,0.0,1.0,0.0,,,0,0,0,Helius verified first buyer,2026-08-20 04:36:08
8Krhfrt6VdekDBpT92EKdKPfhEud9w9cB1sLz6hE2a6g,,,1671950108,0.0,0.0,0.0,0,0,0,0.0,0.0,1.0,0.0,,,0,0,0,Helius verified first buyer,2026-08-20 04:36:08
Afp3pXoFQh3BoBxeuY4tBSkNnRsJyNCV8BUF4MtLhvxq,,,1671950108,0.0,0.0,0.0,0,0,0,0.0,0.0,1.0,0.0,,,0,0,0,Helius verified first buyer,2026-08-20 04:36:08
CPw8rJSZxfreLj4LzM6RSSD52Mkvt69tbB2UMkEaiD1m,,,1671950110,0.0,0.0,0.0,0,0,0,0.0,0.0,1.0,0.0,,,0,0,0,Helius verified first buyer,2026-08-20 04:36:09
4fUAQUyczp6ckEHdESocxUw6VAXVct1xHaf6UCs9UcxK,,,1671950110,0.0,0.0,0.0,0,0,0,0.0,0.0,1.0,0.0,,,0,0,0,Helius verified first buyer,2026-08-20 04:36:09
EpFbZxEXTcsxSFsrk3SJmYmEid47urqH2vNZrTzU4q5q,,,1671950110,0.0,0.0,0.0,0,0,0,0.0,0.0,1.0,0.0,,,0,0,0,Helius verified first buyer,2026-08-20 04:36:09
EpnBJyjib9LneUq5j7HT1QVss5LwW8BMwJ1q7vTAD1SW,,,1671950110,0.0,0.0,0.0,0,0,0,0.0,0.0,1.0,0.0,,,0,0,0,Helius verified first buyer,2026-08-20 04:36:09
3WmQUToWeQzKyhGyNsE2eB891GY4TyNSnSFP1zaSxWSi,,,1671950110,0.0,0.0,0.0,0,0,0,0.0,0.0,1.0,0.0,,,0,0,0,Helius verified first buyer,2026-08-20 04:36:09
87pnAAsMiwEsLXj8uoW4HeFCXq2YYi94SK2nPJvmKE59,,,1671950110,0.0,0.0,0.0,0,0,0,0.0,0.0,1.0,0.0,,,0,0,0,Helius verified first buyer,2026-08-20 04:36:10
B3cZdU8LKuqeLwqhCddVzEuG1Byz1BdJ9No3veS9ctQC,,,1671950110,0.0,0.0,0.0,0,0,0,0.0,0.0,1.0,0.0,,,0,0,0,Helius verified first buyer,2026-08-20 04:36:10
5GaTyDMYLQELm9HV1GjDP7f17XnuZdR4kRfMZevEbSKj,,,1671950110,0.0,0.0,0.0,0,0,0,0.0,0.0,1.0,0.0,,,0,0,0,Helius verified first buyer,2026-08-20 04:36:10
G4fkjooAKWXENcyjoHnCLYt8pxnJDPSf6wr5WXV5RdY5,,,1671950110,0.0,0.0,0.0,0,0,0,0.0,0.0,1.0,0.0,,,0,0,0,Helius verified first buyer,2026-08-20 04:36:10
8vaq2ebGPjpfwLszYvnYPJkzUtwrHAeWSPawNhLsuMW3,,,1671950110,0.0,0.0,0.0,0,0,0,0.0,0.0,1.0,0.0,,,0,0,0,Helius verified first buyer,2026-08-20 04:36:11
FZa9TsciQ86HnCdMC6RXexgkV1NzNtrP1ugdnVcoPtbP,,,1671950110,0.0,0.0,0.0,0,0,0,0.0,0.0,1.0,0.0,,,0,0,0,Helius verified first buyer,2026-08-20 04:36:11
2Eb9UYjS5Rcks2rRjKZJE34vxVhHAWsoj65wnHRZ9YNT,,,1671950110,0.0,0.0,0.0,0,0,0,0.0,0.0,1.0,0.0,,,0,0,0,Helius verified first buyer,2026-08-20 04:36:11
HncHZ2m9rBvSP7KzbfoQBUcgieJv56krVsXLGgb1k53c,,,1671950110,0.0,0.0,0.0,0,0,0,0.0,0.0,1.0,0.0,,,0,0,0,Helius verified first buyer,2026-08-20 04:36:11
DQiMiH3vYBFskz7SaFXVBTWhGuWbj3D7QxK9yUFToayG,,,1671950110,0.0,0.0,0.0,0,0,0,0.0,0.0,1.0,0.0,,,0,0,0,Helius verified first buyer,2026-08-20 04:36:11
Awo85uZPfpkacCaozFB1RAumCGBAXSeygRLtyk5hfZ7q,,,1671950110,0.0,0.0,0.0,0,0,0,0.0,0.0,1.0,0.0,,,0,0,0,Helius verified first buyer,2026-08-20 04:36:12
UGN81iXDACqYgjmZyHacvQ5HvDHngrJGC65hMhrCp8T,,,1671950110,0.0,0.0,0.0,0,0,0,0.0,0.0,1.0,0.0,,,0,0,0,Helius verified first buyer,2026-08-20 04:36:12
3nDW1Ue7GCFGiSJWpWQoMUHa5PXFF8cxXTTdnGdtjk8U,,,1671950110,0.0,0.0,0.0,0,0,0,0.0,0.0,1.0,0.0,,,0,0,0,Helius verified first buyer,2026-08-20 04:36:12
HkufSfE3MiyFZtv8F1XT5cvgjweqTXWztriLnZd1HCiC,,,1671950110,0.0,0.0,0.0,0,0,0,0.0,0.0,1.0,0.0,,,0,0,0,Helius verified first buyer,2026-08-20 04:36:12
2Q55Wk1EXuciTp8Lam1v3A34TWb1QhaEoKZwZ8cppjb7,,,1671950110,0.0,0.0,0.0,0,0,0,0.0,0.0,1.0,0.0,,,0,0,0,Helius verified first buyer,2026-08-20 04:36:12
GhQixn2hcUrm2zwHyLCa9GjmnUUNtBHNWRCKyV6thugM,,,1671950110,0.0,0.0,0.0,0,0,0,0.0,0.0,1.0,0.0,,,0,0,0,Helius verified first buyer,2026-08-20 04:36:13
12NYiVA49S8eXmoe5YUDHTvYWtauhdv7d4JeCWxMt5dQ,,,1671950110,0.0,0.0,0.0,0,0,0,0.0,0.0,1.0,0.0,,,0,0,0,Helius verified first buyer,2026-08-20 04:36:13
GcKfNuVbVgiyT8i7TRudGjJYCinpRmwon514rs1WqQaa,,,1671950110,0.0,0.0,0.0,0,0,0,0.0,0.0,1.0,0.0,,,0,0,0,Helius verified first buyer,2026-08-20 04:36:13
EBFutTi4PLbTiRgWEvt9JpAwtumoYRtrzKYfqR49marE,,,1671950135,0.0,0.0,0.0,0,0,0,0.0,0.0,1.0,0.0,,,0,0,0,Helius verified first buyer,2026-08-20 04:36:13
AtyvTHSXXx6HgRvkpczdHWybinFQe34QfQG3TgxEhms8,,,1671950145,0.0,0.0,0.0,0,0,0,0.0,0.0,1.0,0.0,,,0,0,0,Helius verified first buyer,2026-08-20 04:36:14
FZ5twx5oG3f4nKgddV8ygt2TyvjPfCt4EGQ8FmPoHbDa,,,1671950145,0.0,0.0,0.0,0,0,0,0.0,0.0,1.0,0.0,,,0,0,0,Helius verified first buyer,2026-08-20 04:36:14
2Z99Fbiu5qGvkzg4E1KgKrUjXEzY5DPAo3N1DmNVe4T2,,,1671950145,0.0,0.0,0.0,0,0,0,0.0,0.0,1.0,0.0,,,0,0,0,Helius verified first buyer,2026-08-20 04:36:14
Fep5Zig6zrRPgjcF89yNTb2YWjc422fMxfD7TCWmrKcR,,,1671950145,0.0,0.0,0.0,0,0,0,0.0,0.0,1.0,0.0,,,0,0,0,Helius verified first buyer,2026-08-20 04:36:15
D4wSibodEH6ZLu6ASGSpSdRT7bnBWTBZUKBHNXGJet5x,,,1671950145,0.0,0.0,0.0,0,0,0,0.0,0.0,1.0,0.0,,,0,0,0,Helius verified first buyer,2026-08-20 04:36:15
oss8BaCSYnguPj3DBYKMn9GYpi2k8puh49JhVUPub6W,,,1671950145,0.0,0.0,0.0,0,0,0,0.0,0.0,1.0,0.0,,,0,0,0,Helius verified first buyer,2026-08-20 04:36:15
8TiahdaaVcVd9Pin65Cxp7DtajkJRhMVHpRwxnYrbfmp,,,1671950145,0.0,0.0,0.0,0,0,0,0.0,0.0,1.0,0.0,,,0,0,0,Helius verified first buyer,2026-08-20 04:36:15
2wTFHvH1RwaJXTzwhyodMQxWKkikxcx9m4ACrNrmZBQp,,,1671950145,0.0,0.0,0.0,0,0,0,0.0,0.0,1.0,0.0,,,0,0,0,Helius verified first buyer,2026-08-20 04:36:16
5Ko3xDBZKPgEF144E2TxsRk7LibsXiJUNNGb5kqUJLLk,,,1671950145,0.0,0.0,0.0,0,0,0,0.0,0.0,1.0,0.0,,,0,0,0,Helius verified first buyer,2026-08-20 04:36:16
DZ1NP49QgKskRZ4infBboCEyBg17a71kVA7tcdYgK4Fj,,,1671950145,0.0,0.0,0.0,0,0,0,0.0,0.0,1.0,0.0,,,0,0,0,Helius verified first buyer,2026-08-20 04:36:16
3Xw4E6cmGvXDRD3dDAMbEnE9KxL6tUREPfnAD9jADxVu,,,1671950145,0.0,0.0,0.0,0,0,0,0.0,0.0,1.0,0.0,,,0,0,0,Helius verified first buyer,2026-08-20 04:36:16
Bjz6ieZL7o6M41UZL4d7EoUdTHrvonUdWYkDZohGLLAw,,,1671950145,0.0,0.0,0.0,0,0,0,0.0,0.0,1.0,0.0,,,0,0,0,Helius verified first buyer,2026-08-20 04:36:17
8vX1s34kHoqN9u8QaDiYGZZZ9XwCYf6M39qnfgXaNvdJ,,,1671950145,0.0,0.0,0.0,0,0,0,0.0,0.0,1.0,0.0,,,0,0,0,Helius verified first buyer,2026-08-20 04:36:17
8yEyyvNMPgpeVnDvzGJEXC4ETLxJ59o1W54VdxHNPwoQ,,,1671950145,0.0,0.0,0.0,0,0,0,0.0,0.0,1.0,0.0,,,0,0,0,Helius verified first buyer,2026-08-20 04:36:17
EUiiCayptkyEG1XUgkf2SE2i49W2h2fBrmWtDZWcUjJm,,,1671950145,0.0,0.0,0.0,0,0,0,0.0,0.0,1.0,0.0,,,0,0,0,Helius verified first buyer,2026-08-20 04:36:17
i7Uf8zrxzhEmbzUCsW2hT5T4hbNjs6uWcmrAWsh3zR9,,,1671950145,0.0,0.0,0.0,0,0,0,0.0,0.0,1.0,0.0,,,0,0,0,Helius verified first buyer,2026-08-20 04:36:18
7dvCfKGjyaY9uDodEZ1LQizfrM2BuykPgJ5e1QUQ6U6U,,,1671950145,0.0,0.0,0.0,0,0,0,0.0,0.0,1.0,0.0,,,0,0,0,Helius verified first buyer,2026-08-20 04:36:18
CbqDUtjfT53vVq9rXbcV4QWqcVkdwyMq7xbgpaYdhFHh,,,1671950145,0.0,0.0,0.0,0,0,0,0.0,0.0,1.0,0.0,,,0,0,0,Helius verified first buyer,2026-08-20 04:36:18
B2pRegwQG47bbAmLZsqZxarFvXtPu8bt2ZGyESNjfeEL,,,1671950145,0.0,0.0,0.0,0,0,0,0.0,0.0,1.0,0.0,,,0,0,0,Helius verified first buyer,2026-08-20 04:36:18
B19qdEHeYmjtbiCzeXbkwAGF9KCwRK85biAHKU9Hx8Sv,,,1671950145,0.0,0.0,0.0,0,0,0,0.0,0.0,1.0,0.0,,,0,0,0,Helius verified first buyer,2026-08-20 04:36:19
8ozUFd2sbi53XJprKxV1Wfhaq2NE28QTU75XCmmedwVY,,,1671950145,0.0,0.0,0.0,0,0,0,0.0,0.0,1.0,0.0,,,0,0,0,Helius verified first buyer,2026-08-20 04:36:19
8T9sWvSpCWHytc92AUhM1UJTHewa9yqz2sH95XJgphm7,,,1671950145,0.0,0.0,0.0,0,0,0,0.0,0.0,1.0,0.0,,,0,0,0,Helius verified first buyer,2026-08-20 04:36:19
wifq4CRwpXCK8NYtKNsQAYoDethT1aR7R1DaKCLFgAd,,,1700508163,0.0,0.0,0.0,0,0,0,0.0,0.0,1.0,0.0,,,0,0,0,Helius verified first buyer,2026-08-20 04:36:21
5W1pwakYT8nZhK6DZ7YrxdjRV6utrg8VD3xqskVSvoTp,,,1700508678,0.0,0.0,0.0,0,0,0,0.0,0.0,1.0,0.0,,,0,0,0,Helius verified first buyer,2026-08-20 04:36:21
4tMnNN7Ptq7TFqv1SSN5bgLMBFTohDuucgrD2t6KRLaP,,,1700508678,0.0,0.0,0.0,0,0,0,0.0,0.0,1.0,0.0,,,0,0,0,Helius verified first buyer,2026-08-20 04:36:21
J9JnQfR3irVHii3F6hhT2dphcbGjdUMYumvs3UNsP9Uc,,,1700508678,0.0,0.0,0.0,0,0,0,0.0,0.0,1.0,0.0,,,0,0,0,Helius verified first buyer,2026-08-20 04:36:21
B1C3ursNMV83WsybndnhUCniap3ExUfVe6mjdGwSWCxx,,,1700508678,0.0,0.0,0.0,0,0,0,0.0,0.0,1.0,0.0,,,0,0,0,Helius verified first buyer,2026-08-20 04:36:22
4qLnjDCnx546AvacNojQ4EUHgBGHtqJFyEvDy4WiK7S1,,,1700508948,0.0,0.0,0.0,0,0,0,0.0,0.0,1.0,0.0,,,0,0,0,Helius verified first buyer,2026-08-20 04:37:00
7Ppi7GF9SCB6QBqLozWDe91g1U3trS6S61G3dxRJse43,,,1700509071,0.0,0.0,0.0,0,0,0,0.0,0.0,1.0,0.0,,,0,0,0,Helius verified first buyer,2026-08-20 04:36:22
FUcKstD9SE2UKYAJX2n8Db9Gr6g5sjXzJhPMQPEQE7iG,,,1700510070,0.0,0.0,0.0,0,0,0,0.0,0.0,1.0,0.0,,,0,0,0,Helius verified first buyer,2026-08-20 04:36:23
7csc6e2VazZ4YU6JjMLQKU7jV6iTTDTZRwMMLvNwK9s4,,,1700510070,0.0,0.0,0.0,0,0,0,0.0,0.0,1.0,0.0,,,0,0,0,Helius verified first buyer,2026-08-20 04:36:23
CJNGq9Sa9CakUSvZDVVuYqD1A71y8Q5hcX1bavRZra2G,,,1700510070,0.0,0.0,0.0,0,0,0,0.0,0.0,1.0,0.0,,,0,0,0,Helius verified first buyer,2026-08-20 04:36:23
QHhLJkmJZKivveFNHHuCsTeNZ5TtXajTA58VcFS6Bx8,,,1700510071,0.0,0.0,0.0,0,0,0,0.0,0.0,1.0,0.0,,,0,0,0,Helius verified first buyer,2026-08-20 04:36:23
FSbiqUm3XCqQYqZ1mGugJcPArd18WvCbupVMpj3obXsJ,,,1700510071,0.0,0.0,0.0,0,0,0,0.0,0.0,1.0,0.0,,,0,0,0,Helius verified first buyer,2026-08-20 04:36:24
5X7sXRpQ5ZruFvoChbdDhTVwrR5r7rp8ByBSoihvGFxC,,,1700510071,0.0,0.0,0.0,0,0,0,0.0,0.0,1.0,0.0,,,0,0,0,Helius verified first buyer,2026-08-20 04:36:24
F9v1KMX7J7nRPiubrCM6Jb5UhQzt65H8u8HfKdeAKZpV,,,1700510071,0.0,0.0,0.0,0,0,0,0.0,0.0,1.0,0.0,,,0,0,0,Helius verified first buyer,2026-08-20 04:36:24
tinyCgU6PedshRYvyrsNyPwe77xhzCnjSeRb9qW95C4,,,1700510071,0.0,0.0,0.0,0,0,0,0.0,0.0,1.0,0.0,,,0,0,0,Helius verified first buyer,2026-08-20 04:36:25
BRjhzBYhLFqPKi4BgPs8X1J5bGju7BXMCk26cgVWYXYx,,,1700510071,0.0,0.0,0.0,0,0,0,0.0,0.0,1.0,0.0,,,0,0,0,Helius verified first buyer,2026-08-20 04:36:25
6qC7z8eCinWBmuEqAFuSFiNYhyiygi9Fwqaj3w6SdSne,,,1700510071,0.0,0.0,0.0,0,0,0,0.0,0.0,1.0,0.0,,,0,0,0,Helius verified first buyer,2026-08-20 04:36:25
3Qru1Gjz9SFd4nESynRQytL65nXNcQGwc1eVbZz24ijG,,,1700510071,0.0,0.0,0.0,0,0,0,0.0,0.0,1.0,0.0,,,0,0,0,Helius verified first buyer,2026-08-20 04:36:25
EWpbwVNwhMFCqmsLpzzUcc1B5vTfUt1F7hatwBX5vzKa,,,1700510071,0.0,0.0,0.0,0,0,0,0.0,0.0,1.0,0.0,,,0,0,0,Helius verified first buyer,2026-08-20 04:36:25
5hr131V3nhEeGFo5TCrCdsMDij53mGfHJVY9HkpYgCRi,,,1700510071,0.0,0.0,0.0,0,0,0,0.0,0.0,1.0,0.0,,,0,0,0,Helius verified first buyer,2026-08-20 04:36:26
AKoPZMqF6rZZ14PbsapmbfUMmsQapmtup6vuH1VCKvJf,,,1700510071,0.0,0.0,0.0,0,0,0,0.0,0.0,1.0,0.0,,,0,0,0,Helius verified first buyer,2026-08-20 04:36:26
REDBUt2A3xz2jpncmJ4LyvEVHZYwRGPwyLAhtiskKSk,,,1700510071,0.0,0.0,0.0,0,0,0,0.0,0.0,1.0,0.3,,,0,0,0,Helius verified first buyer,2026-08-20 04:40:51
29yzEBCkRNkEF6yjdTMBNF14tVub2j1NjUqhZsyyxnG6,,,1700510071,0.0,0.0,0.0,0,0,0,0.0,0.0,1.0,0.0,,,0,0,0,Helius verified first buyer,2026-08-20 04:36:27
CuiraWud3eiUVc2mNCHsgE5PNQaWHQYCR95rULAHEXGK,,,1700510071,0.0,0.0,0.0,0,0,0,0.0,0.0,1.0,0.0,,,0,0,0,Helius verified first buyer,2026-08-20 04:36:27
65xAzKozVfk6cHkVWAd4BsoBpP8BHRBgFR4vXZjRUbGh,,,1700510071,0.0,0.0,0.0,0,0,0,0.0,0.0,1.0,0.0,,,0,0,0,Helius verified first buyer,2026-08-20 04:36:27
5fgxh55VnmjRNNDsuAT6K8Kgm9C8tKoKfcXwCfsxXh1S,,,1700510071,0.0,0.0,0.0,0,0,0,0.0,0.0,1.0,0.0,,,0,0,0,Helius verified first buyer,2026-08-20 04:36:27
HPhHdJus8TPKvs9DgikWJMTJncgZyVEm9uZ9C48vdnK9,,,1700510071,0.0,0.0,0.0,0,0,0,0.0,0.0,1.0,0.0,,,0,0,0,Helius verified first buyer,2026-08-20 04:36:28
HRxfxcqd9eXvV2fwWazdsLi13zFG1vjX9yihp8vAXonG,,,1700510071,0.0,0.0,0.0,0,0,0,0.0,0.0,1.0,0.0,,,0,0,0,Helius verified first buyer,2026-08-20 04:36:28
6DFgQYJXxteqzC37fAKGFb6zXYbZnh473jyefV6eF9Y5,,,1700510071,0.0,0.0,0.0,0,0,0,0.0,0.0,1.0,0.0,,,0,0,0,Helius verified first buyer,2026-08-20 04:36:28
71ES2geUX6bAqUTYxwog8e47dktDnJWgauMK83Bt3ZRR,,,1700510071,0.0,0.0,0.0,0,0,0,0.0,0.0,1.0,0.0,,,0,0,0,Helius verified first buyer,2026-08-20 04:36:29
4zHk7XqMGV4ivfq8ub4XdVS4RBBrMZZ9rdnEFmmgD4Rr,,,1700510071,0.0,0.0,0.0,0,0,0,0.0,0.0,1.0,0.0,,,0,0,0,Helius verified first buyer,2026-08-20 04:36:29
4vkqLPNC1MHFGKWsTsdRxrKbZxYQHKgzMiPsXeAdYa5M,,,1700510071,0.0,0.0,0.0,0,0,0,0.0,0.0,1.0,0.0,,,0,0,0,Helius verified first buyer,2026-08-20 04:36:29
77Baq76LbELec4dzJnTRybt3qcT3L8f89TgAfWVVZtgk,,,1700510071,0.0,0.0,0.0,0,0,0,0.0,0.0,1.0,0.0,,,0,0,0,Helius verified first buyer,2026-08-20 04:36:29
6bnQX1C2dANXHuhRJaciuY2B5uxRXjgsNQuapoW5ZZPP,,,1700510071,0.0,0.0,0.0,0,0,0,0.0,0.0,1.0,0.0,,,0,0,0,Helius verified first buyer,2026-08-20 04:36:29
9mYtczHWfiHp5AVXpo9CfXzG6dQAGbAa1s4sUmeYvXKX,,,1700510071,0.0,0.0,0.0,0,0,0,0.0,0.0,1.0,0.0,,,0,0,0,Helius verified first buyer,2026-08-20 04:36:30
CPTkjLzAU6KdPDBBdk8PaiCXhXtqLwWen8J2mzY2NiMd,,,1700510071,0.0,0.0,0.0,0,0,0,0.0,0.0,1.0,0.0,,,0,0,0,Helius verified first buyer,2026-08-20 04:36:30
DcessCjqGHuvzsZrRweQ9HDCQPtFgYxisQJV8N5WRnLG,,,1700510071,0.0,0.0,0.0,0,0,0,0.0,0.0,1.0,0.0,,,0,0,0,Helius verified first buyer,2026-08-20 04:36:30
C836mgErExCLda1Fv9NqfpuzMyRoh8tZ86rDPDYF2XGc,,,1700510071,0.0,0.0,0.0,0,0,0,0.0,0.0,1.0,0.0,,,0,0,0,Helius verified first buyer,2026-08-20 04:36:30
Bqofjuj5RUGzvFEKHzvaPUQVjFQEarcEFosE7R6hXgu,,,1700510071,0.0,0.0,0.0,0,0,0,0.0,0.0,1.0,0.0,,,0,0,0,Helius verified first buyer,2026-08-20 04:36:30
AqA3cFDeFVQQ8ZR75BqVkKNqL6PbufK1JkBJ476gPrAE,,,1700510071,0.0,0.0,0.0,0,0,0,0.0,0.0,1.0,0.0,,,0,0,0,Helius verified first buyer,2026-08-20 04:36:31
96t7u6M9uJnr8KZK3tf4anNsxYxNQMjk5M2ZvDetzPHL,,,1700510071,0.0,0.0,0.0,0,0,0,0.0,0.0,1.0,0.0,,,0,0,0,Helius verified first buyer,2026-08-20 04:36:31
A9uTx3MDxHu2HnvmvaJ1h7YdzrwtTjizmSVnNH4rNf8P,,,1700510071,0.0,0.0,0.0,0,0,0,0.0,0.0,1.0,0.0,,,0,0,0,Helius verified first buyer,2026-08-20 04:36:31
EckLsguuHRGcwbbxwzjf97VEiWousakMvUH3cYmdc2XK,,,1700510071,0.0,0.0,0.0,0,0,0,0.0,0.0,1.0,0.3,,,0,0,0,Helius verified first buyer,2026-08-20 04:45:10
Ds1LMyJYwwGnFCJ4mB4vo3VbNJ86SUa7H7Ef5eUJCr41,,,1700510071,0.0,0.0,0.0,0,0,0,0.0,0.0,1.0,0.0,,,0,0,0,Helius verified first buyer,2026-08-20 04:36:31
9j4KQAfyvpHjT9p3xWmiKTWxRUVwbJPaUrb7VWZXyAS5,,,1700510071,0.0,0.0,0.0,0,0,0,0.0,0.0,1.0,0.0,,,0,0,0,Helius verified first buyer,2026-08-20 04:36:32
CAPTG6LahfPwnZ3zaJmbyNPeHrQCn6WhMVqxN3V2CKYk,,,1700510071,0.0,0.0,0.0,0,0,0,0.0,0.0,1.0,0.0,,,0,0,0,Helius verified first buyer,2026-08-20 04:36:32
3gC7vhxLAmKxcpRGKgszX3BTyi9x8jQjpVaCZruzmjgG,,,1700510071,0.0,0.0,0.0,0,0,0,0.0,0.0,1.0,0.0,,,0,0,0,Helius verified first buyer,2026-08-20 04:36:32
DASTCHwNnkvL7sg85XwqL1qberjXowDxytu6xvKy1RXR,,,1700510071,0.0,0.0,0.0,0,0,0,0.0,0.0,1.0,0.0,,,0,0,0,Helius verified first buyer,2026-08-20 04:36:32
AcBvyRVZJduyASUhhtyFzEuvSxSfAMBeRdW9t3Ajjdug,,,1700510071,0.0,0.0,0.0,0,0,0,0.0,0.0,1.0,0.3,,,0,0,0,Helius verified first buyer,2026-08-20 04:40:52
HmUZJPD7y4cagm3uni21cQGydtNfCPa6fpWwH6WsLboC,,,1700510071,0.0,0.0,0.0,0,0,0,0.0,0.0,1.0,0.0,,,0,0,0,Helius verified first buyer,2026-08-20 04:36:33
8zoszuMfGLZnzkJt1KAg3pEdXK4SeRUf3nQM1pNaXheS,,,1700510071,0.0,0.0,0.0,0,0,0,0.0,0.0,1.0,0.0,,,0,0,0,Helius verified first buyer,2026-08-20 04:36:33
GVpS6gqmpzFCftCkz7rGTdxdSHhaE3aKwKe5jqxpQWFE,,,1700510071,0.0,0.0,0.0,0,0,0,0.0,0.0,1.0,0.0,,,0,0,0,Helius verified first buyer,2026-08-20 04:36:33
5Gw1Nqw5CpN5KrAKskuBAFAJkCoAXJSRMwCajmwRzGMk,,,1700510071,0.0,0.0,0.0,0,0,0,0.0,0.0,1.0,0.0,,,0,0,0,Helius verified first buyer,2026-08-20 04:36:34
5HVptuf4JBA1vByfq4VvrpkqBPuEsd2CKgNQr9Rh3dHL,,,1700510072,0.0,0.0,0.0,0,0,0,0.0,0.0,1.0,0.0,,,0,0,0,Helius verified first buyer,2026-08-20 04:36:34
6AadypEndSBbAjUJRYQzyUgUwaX2W5CzbsPiyENtFoa7,,,1700510072,0.0,0.0,0.0,0,0,0,0.0,0.0,1.0,0.0,,,0,0,0,Helius verified first buyer,2026-08-20 04:36:34
J8v4yVqXEgAJrZC5sCrEP9BhQvPmcsCBcZWBoCG126uv,,,1700510073,0.0,0.0,0.0,0,0,0,0.0,0.0,1.0,0.0,,,0,0,0,Helius verified first buyer,2026-08-20 04:36:35
8zgNG8fp9ytQmfedciBTVpU7UXUJJ2zJLLLJeWpwrzhg,,,1700510073,0.0,0.0,0.0,0,0,0,0.0,0.0,1.0,0.0,,,0,0,0,Helius verified first buyer,2026-08-20 04:36:35
8kJ7QJp87kJ7MH5pWT4E9mVPX21LtV6UQASu5R9nwAPF,,,1700510073,0.0,0.0,0.0,0,0,0,0.0,0.0,1.0,0.0,,,0,0,0,Helius verified first buyer,2026-08-20 04:36:35
J4WuTaRot2cXd87jykjHFQ95zofYhwQ3RLCxHKwhJCUM,,,1700510076,0.0,0.0,0.0,0,0,0,0.0,0.0,1.0,0.3,,,0,0,0,Helius verified first buyer,2026-08-20 04:40:55
7RzwjhVTNFccnd3cziRzxwCBWFdungp9jmsesYZDgXC9,,,1700510076,0.0,0.0,0.0,0,0,0,0.0,0.0,1.0,0.0,,,0,0,0,Helius verified first buyer,2026-08-20 04:40:07
7DH7DxEFcavc1o9HrhDq4SPfzEBndRTKg3R23erNAFgt,,,1700510077,0.0,0.0,0.0,0,0,0,0.0,0.0,1.0,0.0,,,0,0,0,Helius verified first buyer,2026-08-20 04:36:36
AgdsbHCqgbbLoqJDg8ib1HwUYK2YQJxhzcStXN3hNBTG,,,1700510077,0.0,0.0,0.0,0,0,0,0.0,0.0,1.0,0.0,,,0,0,0,Helius verified first buyer,2026-08-20 04:36:36
5fsZfjxTf5tmLuAobzzhkk2QXdtBEab9JMYahkDH3LWT,,,1700510079,0.0,0.0,0.0,0,0,0,0.0,0.0,1.0,0.0,,,0,0,0,Helius verified first buyer,2026-08-20 04:36:36
FFidPdmHnSVWEHoX6PfTG1DTUjzw4jexpCComf2QBrrh,,,1700510079,0.0,0.0,0.0,0,0,0,0.0,0.0,1.0,0.0,,,0,0,0,Helius verified first buyer,2026-08-20 04:36:37
BzicN3uANL3MEx1E6U74aeCyhkEoDPYiEsofdRxvtQgw,,,1700510080,0.0,0.0,0.0,0,0,0,0.0,0.0,1.0,0.0,,,0,0,0,Helius verified first buyer,2026-08-20 04:36:37
DLiydUJbqubZ7maPWUxA9bjtZ6rWccMazbzRuGMGqyiT,,,1700510080,0.0,0.0,0.0,0,0,0,0.0,0.0,1.0,0.0,,,0,0,0,Helius verified first buyer,2026-08-20 04:36:37
4WpKexsF7FKQ58XRKpDt3d5hgnS7ZaCE3EZGdqv4QHBk,,,1700510080,0.0,0.0,0.0,0,0,0,0.0,0.0,1.0,0.0,,,0,0,0,Helius verified first buyer,2026-08-20 04:36:37
G1scq4txvrsk6a1Mh35c377B3TWj85QLfgJG2UeY57td,,,1700510081,0.0,0.0,0.0,0,0,0,0.0,0.0,1.0,0.0,,,0,0,0,Helius verified first buyer,2026-08-20 04:36:38
5Up4MmHXtdVuvGMFskw8WWoTCsdiRfbck372sDSVekMc,,,1700510085,0.0,0.0,0.0,0,0,0,0.0,0.0,1.0,0.0,,,0,0,0,Helius verified first buyer,2026-08-20 04:36:38
DwxzzaSis1AFw4X8JruYBLZrpxegVaKPnFZSVKgAQBN1,,,1700510090,0.0,0.0,0.0,0,0,0,0.0,0.0,1.0,0.0,,,0,0,0,Helius verified first buyer,2026-08-20 04:36:38
GUJhPqVgEZzCtRgR7itrDhB2mFdJozpTSdNN1MMkyHy1,,,1700510091,0.0,0.0,0.0,0,0,0,0.0,0.0,1.0,0.0,,,0,0,0,Helius verified first buyer,2026-08-20 04:36:38
8VvhhFLqRJ3rCyyYZAL4eCjfhqjJDvdzbhGjfPGryDxE,,,1700510091,0.0,0.0,0.0,0,0,0,0.0,0.0,1.0,0.0,,,0,0,0,Helius verified first buyer,2026-08-20 04:36:39
4hcj4nnEfc18emZ3cfEYQmrzSKGGiGGp7KYbymt7xijM,,,1700510091,0.0,0.0,0.0,0,0,0,0.0,0.0,1.0,0.0,,,0,0,0,Helius verified first buyer,2026-08-20 04:36:39
3vJz9vEcAZrZ9SFf4ECT1ttL1GFGaX766nFxfyKeDFzu,,,1700510091,0.0,0.0,0.0,0,0,0,0.0,0.0,1.0,0.0,,,0,0,0,Helius verified first buyer,2026-08-20 04:36:40
66XByihN84Gt7gpvpRHr6N1rjTYesWyRM5tniytLhBEv,,,1700510094,0.0,0.0,0.0,0,0,0,0.0,0.0,1.0,0.0,,,0,0,0,Helius verified first buyer,2026-08-20 04:36:40
373umP1cXwdmoqJzNX7QEPPShUaKhrf4vYkKQXjm6tb4,,,1700510094,0.0,0.0,0.0,0,0,0,0.0,0.0,1.0,0.0,,,0,0,0,Helius verified first buyer,2026-08-20 04:36:40
GbogZFabBaqpP4CRqzJ652oMqH3KYCdvsECHjwu5XqCt,,,1700510095,0.0,0.0,0.0,0,0,0,0.0,0.0,1.0,0.0,,,0,0,0,Helius verified first buyer,2026-08-20 04:36:40
4qniRT2ztYeVAr7pzdNBbTxoLhAhNxRznLrdxqh6ajnj,,,1700510098,0.0,0.0,0.0,0,0,0,0.0,0.0,1.0,0.0,,,0,0,0,Helius verified first buyer,2026-08-20 04:40:05
CRfuvUUfopRJwqqUrN75688rmsXJfhDE5QAb7xddtDzm,,,1700510099,0.0,0.0,0.0,0,0,0,0.0,0.0,1.0,0.0,,,0,0,0,Helius verified first buyer,2026-08-20 04:36:41
Db3wwPnqatNEsMMxPUfqVM1CV9jDZAasu5oSSanB3QAQ,,,1700510100,0.0,0.0,0.0,0,0,0,0.0,0.0,1.0,0.0,,,0,0,0,Helius verified first buyer,2026-08-20 04:36:41
5abSzmDdMmkWYtM1KLeabZLwVc83fQn87nwELaQDmSnP,,,1700510102,0.0,0.0,0.0,0,0,0,0.0,0.0,1.0,0.0,,,0,0,0,Helius verified first buyer,2026-08-20 04:36:41
3pJgjuBvh8Kq5i5hqvkNTQU9xpnJJK2T464EgigztqpB,,,1700510105,0.0,0.0,0.0,0,0,0,0.0,0.0,1.0,0.0,,,0,0,0,Helius verified first buyer,2026-08-20 04:36:59
G1CWfqYoU4CtC28uQ4RtANXWYnLobq2u78ndRasZYzDb,,,1700510105,0.0,0.0,0.0,0,0,0,0.0,0.0,1.0,0.0,,,0,0,0,Helius verified first buyer,2026-08-20 04:36:46
HG5mHCExDaGvoxJp5bRhexhmuv9zKPsDSifkkTZUtsQg,,,1700510110,0.0,0.0,0.0,0,0,0,0.0,0.0,1.0,0.0,,,0,0,0,Helius verified first buyer,2026-08-20 04:36:44
7cnvQ77FDhVo8PZ8NqDn51qo5YJ4NLzR8zkiYH8DouZN,,,1700510113,0.0,0.0,0.0,0,0,0,0.0,0.0,1.0,0.3,,,0,0,0,Helius verified first buyer,2026-08-20 04:41:22
E4WDtxAhTM2TKdjqMFmKCLsBXxE81zRU6z45E52KZxPb,,,1700510113,0.0,0.0,0.0,0,0,0,0.0,0.0,1.0,0.0,,,0,0,0,Helius verified first buyer,2026-08-20 04:36:53
DM6n697itkKwHxL5DvDgLJSJPdqNeqNtCjaAkHSKqK5f,,,1700510116,0.0,0.0,0.0,0,0,0,0.0,0.0,1.0,0.0,,,0,0,0,Helius verified first buyer,2026-08-20 04:36:44
5yVEKieYqLVpb7jm811vhzSJu1vCeDjeQCqBaskRfiWf,,,1700510116,0.0,0.0,0.0,0,0,0,0.0,0.0,1.0,0.0,,,0,0,0,Helius verified first buyer,2026-08-20 04:36:44
ETjK6DwgCpztRsXHCGfEBE1YqdWaxkHoiyNCD4ydvkhb,,,1700510120,0.0,0.0,0.0,0,0,0,0.0,0.0,1.0,0.0,,,0,0,0,Helius verified first buyer,2026-08-20 04:36:44
DEuYoYtNy9XMFH19sufp1ZnfKtpZ7nT9smPrpWg26wAC,,,1700510120,0.0,0.0,0.0,0,0,0,0.0,0.0,1.0,0.0,,,0,0,0,Helius verified first buyer,2026-08-20 04:36:45
AkfuuCi1j5jbT6k4gmLpmGRo2PvRwWVeRDS1B6wy2o6M,,,1700510120,0.0,0.0,0.0,0,0,0,0.0,0.0,1.0,0.0,,,0,0,0,Helius verified first buyer,2026-08-20 04:36:45
GJQGFNPXTX67KcaTBRK46yzUkqkm5Cm4d6kDDYUSrKFx,,,1700510123,0.0,0.0,0.0,0,0,0,0.0,0.0,1.0,0.0,,,0,0,0,Helius verified first buyer,2026-08-20 04:37:12
CnuiHgCcKArB8iLeWoPWwGXauRaxx9JkkaDzcPu4DZw2,,,1700510128,0.0,0.0,0.0,0,0,0,0.0,0.0,1.0,0.0,,,0,0,0,Helius verified first buyer,2026-08-20 04:36:46
BxThujSHHZaiJh3RTTtNhJN35wxyXTFFLMfvro2fEdX2,,,1700510132,0.0,0.0,0.0,0,0,0,0.0,0.0,1.0,0.0,,,0,0,0,Helius verified first buyer,2026-08-20 04:36:47
EEwqMoGNZWRknUNKZe2e4zqexHE48XeZn7TqxQ3qCHzg,,,1700510133,0.0,0.0,0.0,0,0,0,0.0,0.0,1.0,0.0,,,0,0,0,Helius verified first buyer,2026-08-20 04:36:47
2VJfwX1y6HN1rvNXY2RpDDBrTwpg987Mv6o6vsJoNePW,,,1700510134,0.0,0.0,0.0,0,0,0,0.0,0.0,1.0,0.0,,,0,0,0,Helius verified first buyer,2026-08-20 04:36:47
HJTX7pvYX2B2JT256dqKpbTiZ5j3EQy3hXZk68huoZCb,,,1700510137,0.0,0.0,0.0,0,0,0,0.0,0.0,1.0,0.0,,,0,0,0,Helius verified first buyer,2026-08-20 04:36:47
2hCFPgfx7JJUeKjdgmiuToGJnTPCNG5pTsrYbufpncdM,,,1700510137,0.0,0.0,0.0,0,0,0,0.0,0.0,1.0,0.0,,,0,0,0,Helius verified first buyer,2026-08-20 04:36:49
4PJFKShK9N6r5j5S3S63wdduDV7TtvCwpTsx3PtyA7fb,,,1700510139,0.0,0.0,0.0,0,0,0,0.0,0.0,1.0,0.0,,,0,0,0,Helius verified first buyer,2026-08-20 04:39:49
DSUbKUmKgRhTbiRNx5dyUtdKzYCyTPfvsfFAjuU1wV5p,,,1700510139,0.0,0.0,0.0,0,0,0,0.0,0.0,1.0,0.0,,,0,0,0,Helius verified first buyer,2026-08-20 04:36:48
9qAEPdrvpYdVfXLQqATYQrnVrpGhG79hR1XM781AxFBc,,,1700510142,0.0,0.0,0.0,0,0,0,0.0,0.0,1.0,0.0,,,0,0,0,Helius verified first buyer,2026-08-20 04:36:48
7SaWht9iWBe5xdJGEVDyAQuMwdmUR7T9UdSt1vQbSn2Q,,,1700510142,0.0,0.0,0.0,0,0,0,0.0,0.0,1.0,0.0,,,0,0,0,Helius verified first buyer,2026-08-20 04:36:49
7Rj3XjkaZR3uZbgjFxBh9MW1BqS6zjADwi1FT1Y4ZV5p,,,1700510143,0.0,0.0,0.0,0,0,0,0.0,0.0,1.0,0.0,,,0,0,0,Helius verified first buyer,2026-08-20 04:36:49
9EsYYuQBQyDaqDk3KewNk3D5Tt43GuZm5PgxToMVcewC,,,1700510146,0.0,0.0,0.0,0,0,0,0.0,0.0,1.0,0.0,,,0,0,0,Helius verified first buyer,2026-08-20 04:36:49
9n2snLwz6gkpwEJUGGFeLXAzL1EeXQHFnmTBy6i97dvn,,,1700510146,0.0,0.0,0.0,0,0,0,0.0,0.0,1.0,0.0,,,0,0,0,Helius verified first buyer,2026-08-20 04:36:50
CxSaRAjcTk74VFoPX4vP6kMucHhpzRPj2pkWyVUY155h,,,1700510146,0.0,0.0,0.0,0,0,0,0.0,0.0,1.0,0.0,,,0,0,0,Helius verified first buyer,2026-08-20 04:39:50
3y291hM1W5cNXtVdW5znuzANXtDSspdjeVirBkZfB94M,,,1700510146,0.0,0.0,0.0,0,0,0,0.0,0.0,1.0,0.0,,,0,0,0,Helius verified first buyer,2026-08-20 04:36:50
HNoAt1s1RwzrSbUUThr8xJnV6spjGEYn4AuapEYbTXkq,,,1700510147,0.0,0.0,0.0,0,0,0,0.0,0.0,1.0,0.0,,,0,0,0,Helius verified first buyer,2026-08-20 04:36:51
8aUJcTzBmra8MpFzDBuLNVdA6yTJXe14JBijivr7a1DQ,,,1700510150,0.0,0.0,0.0,0,0,0,0.0,0.0,1.0,0.0,,,0,0,0,Helius verified first buyer,2026-08-20 04:36:51
EvYkfAmUdHJ7MDYyGXqKBz7UUdJZfX14ZeGD8QBD3bnz,,,1700510151,0.0,0.0,0.0,0,0,0,0.0,0.0,1.0,0.0,,,0,0,0,Helius verified first buyer,2026-08-20 04:36:51
4aeiWyjttqKufpUeMRqa3R351omZW1kqTYekfYKXGNTH,,,1700510151,0.0,0.0,0.0,0,0,0,0.0,0.0,1.0,0.0,,,0,0,0,Helius verified first buyer,2026-08-20 04:36:51
2kT63EvNKBnHXiH2rsAGeb5sQVDqAZCYGAvbiPCG5bC4,,,1700510151,0.0,0.0,0.0,0,0,0,0.0,0.0,1.0,0.0,,,0,0,0,Helius verified first buyer,2026-08-20 04:36:52
BzVMozq6s3uHXfRrRcFYxbdFf65q1r9nUbK9B45RDVhc,,,1700510151,0.0,0.0,0.0,0,0,0,0.0,0.0,1.0,0.3,,,0,0,0,Helius verified first buyer,2026-08-20 04:43:49
9UFcRdqiWLqWEZazQ5ATKSHvJmDSmSwjvppTdSpLPPQq,,,1700510151,0.0,0.0,0.0,0,0,0,0.0,0.0,1.0,0.0,,,0,0,0,Helius verified first buyer,2026-08-20 04:36:52
9m7zSVfWu9jvKUToBhu5Lc5z5SsAMR9KYtDQaT2JDZYC,,,1700510154,0.0,0.0,0.0,0,0,0,0.0,0.0,1.0,0.0,,,0,0,0,Helius verified first buyer,2026-08-20 04:36:52
6rogtpsZCRWFEJzZWDPenCsa1Sc9zxvAqsB2PDQFRtHg,,,1700510154,0.0,0.0,0.0,0,0,0,0.0,0.0,1.0,0.0,,,0,0,0,Helius verified first buyer,2026-08-20 04:37:20
4WbfbgfbvDT9DLLASZ7GmKKHR9Z4NFpaQUfgoamEvsDg,,,1700510156,0.0,0.0,0.0,0,0,0,0.0,0.0,1.0,0.0,,,0,0,0,Helius verified first buyer,2026-08-20 04:36:53
5aC36tLH2zebLcZDnm2B4KFAUp9VzvtNCkRxPf33s6tV,,,1700510156,0.0,0.0,0.0,0,0,0,0.0,0.0,1.0,0.0,,,0,0,0,Helius verified first buyer,2026-08-20 04:36:53
BjFiZecC17mcGQw2ozG2Fc6srCz96kHwktyufZU9QHyx,,,1700510157,0.0,0.0,0.0,0,0,0,0.0,0.0,1.0,0.0,,,0,0,0,Helius verified first buyer,2026-08-20 04:36:54
62AnA8JDk2qoy6g9dzmaQAAMyrgRqMcWYBSG6gNayDac,,,1700510158,0.0,0.0,0.0,0,0,0,0.0,0.0,1.0,0.0,,,0,0,0,Helius verified first buyer,2026-08-20 04:40:29
F8hgFAB51eCfrx9WgGMbiMmkmWfdWPwrJnoTX5QYqFrq,,,1700510159,0.0,0.0,0.0,0,0,0,0.0,0.0,1.0,0.0,,,0,0,0,Helius verified first buyer,2026-08-20 04:36:54
DKAQr1NJgwV24f8Vu67GCzthTv2KZk8kvbyk6C74ieRQ,,,1700510159,0.0,0.0,0.0,0,0,0,0.0,0.0,1.0,0.0,,,0,0,0,Helius verified first buyer,2026-08-20 04:36:55
7XRfApSMzQSpcnCjQbGeoWQu4dyy5PJT5tAr8XS4Qrqi,,,1700510160,0.0,0.0,0.0,0,0,0,0.0,0.0,1.0,0.0,,,0,0,0,Helius verified first buyer,2026-08-20 04:37:17
6wBw6DNKCzbyYCz5a5WPwuvxMhQPNoh2oqKGdKKQmVgf,,,1700510160,0.0,0.0,0.0,0,0,0,0.0,0.0,1.0,0.0,,,0,0,0,Helius verified first buyer,2026-08-20 04:36:55
DgHKFWujF2HDdWkd8UEPhdGHHRSz1VADHu5uteV7TEjq,,,1700510161,0.0,0.0,0.0,0,0,0,0.0,0.0,1.0,0.0,,,0,0,0,Helius verified first buyer,2026-08-20 04:36:55
FeXvE9rgsXcj7B5thPdCxLL2C3dxBNw761zmoMxT2gjn,,,1700510163,0.0,0.0,0.0,0,0,0,0.0,0.0,1.0,0.0,,,0,0,0,Helius verified first buyer,2026-08-20 04:36:56
2uUJ4z4wp5c4uLbtNDPHoQaCjuzAyyJYpqdJ1oBZZA5k,,,1700510163,0.0,0.0,0.0,0,0,0,0.0,0.0,1.0,0.0,,,0,0,0,Helius verified first buyer,2026-08-20 04:36:56
AiEujPB2GrrYYJWxxWbfuLtA5bYo6nXDemWkQUHoPb9u,,,1700510164,0.0,0.0,0.0,0,0,0,0.0,0.0,1.0,0.0,,,0,0,0,Helius verified first buyer,2026-08-20 04:40:26
GUFUdZJQLm1NaNQgXr1cTUr9TxqfBPi7i8572rMtSzCK,,,1700510164,0.0,0.0,0.0,0,0,0,0.0,0.0,1.0,0.0,,,0,0,0,Helius verified first buyer,2026-08-20 04:40:27
65MwXNcDsu3wN7jFgEqzcuU6hnuDqxCiXFJeAyp66EE9,,,1700510165,0.0,0.0,0.0,0,0,0,0.0,0.0,1.0,0.0,,,0,0,0,Helius verified first buyer,2026-08-20 04:36:57
8RkqCKcknVKjAtSjcpEAzoCZqQ43jgbfQ4xTuD7175AC,,,1700510166,0.0,0.0,0.0,0,0,0,0.0,0.0,1.0,0.0,,,0,0,0,Helius verified first buyer,2026-08-20 04:36:57
7gxMAbLoNgaNp9nrTbzZXbHRHzd1j4cyZf88KA3NxLRL,,,1700510167,0.0,0.0,0.0,0,0,0,0.0,0.0,1.0,0.9,,,0,0,0,Helius verified first buyer,2026-08-20 04:42:03
fFAR1Fe7zZjwNjcEeLnh7KQGQECaMs3J2VH6ahThWiN,,,1700510170,0.0,0.0,0.0,0,0,0,0.0,0.0,1.0,0.0,,,0,0,0,Helius verified first buyer,2026-08-20 04:36:57
DMMuujNm4NgvbVdywJaSY1VmeowvbAeZt2YyQBUZQBuk,,,1700510170,0.0,0.0,0.0,0,0,0,0.0,0.0,1.0,0.3,,,0,0,0,Helius verified first buyer,2026-08-20 04:42:18
9ugdqhj6oQL3x6cS1zswrpvkaTDuZvbPbC6dwty1dqAi,,,1700510173,0.0,0.0,0.0,0,0,0,0.0,0.0,1.0,0.0,,,0,0,0,Helius verified first buyer,2026-08-20 04:36:58
7231PU7EnRvkXCDAALHn4aa1n8BMaB9JBek94KopLW4s,,,1700510173,0.0,0.0,0.0,0,0,0,0.0,0.0,1.0,0.0,,,0,0,0,Helius verified first buyer,2026-08-20 04:36:58
4GPpF8eJJmDfqU4eZdhGTTdNmPiFbEuH1GAny5ygHRwK,,,1700510174,0.0,0.0,0.0,0,0,0,0.0,0.0,1.0,0.0,,,0,0,0,Helius verified first buyer,2026-08-20 04:37:18
7iuPrnR3Er3EXpaJL1xB4FyWs7vPiBuCY4iMzyhQWs9L,,,1700510174,0.0,0.0,0.0,0,0,0,0.0,0.0,1.0,0.0,,,0,0,0,Helius verified first buyer,2026-08-20 04:38:24
4QUB6aA13HjLtGxTJpfwM2vVn8YEpacikt9GdfBudnUr,,,1700510174,0.0,0.0,0.0,0,0,0,0.0,0.0,1.0,0.0,,,0,0,0,Helius verified first buyer,2026-08-20 04:36:59
87cjKjexgT4YAQpRJEVEH8g9fXuJbUtLi5MxVecvzcVH,,,1700510176,0.0,0.0,0.0,0,0,0,0.0,0.0,1.0,0.0,,,0,0,0,Helius verified first buyer,2026-08-20 04:39:29
DFSQM3HCqJKnKXBXRVEBeHJiVxhVnaJofd6SuyK2iwS,,,1700510176,0.0,0.0,0.0,0,0,0,0.0,0.0,1.0,0.0,,,0,0,0,Helius verified first buyer,2026-08-20 04:36:59
3rKKovWcn8G2c8vYk5zWNmdWsC9EGoGciQV6Ucs6zYjc,,,1700510180,0.0,0.0,0.0,0,0,0,0.0,0.0,1.0,0.0,,,0,0,0,Helius verified first buyer,2026-08-20 04:37:00
d1Wh22WRHEhjkXmdQBJ47aoh6JR4AjemKHDVw5GZjDo,,,1700510180,0.0,0.0,0.0,0,0,0,0.0,0.0,1.0,0.0,,,0,0,0,Helius verified first buyer,2026-08-20 04:37:00
FyEtwR562j8qw6nqaruFyfeRKHMZ1jxwy4zhWQzCqpWP,,,1700510181,0.0,0.0,0.0,0,0,0,0.0,0.0,1.0,0.0,,,0,0,0,Helius verified first buyer,2026-08-20 04:37:00
3esjwmS5L8x5cMUatEiWwXMa7NT35ANRsCDy1JAZhL8X,,,1700510181,0.0,0.0,0.0,0,0,0,0.0,0.0,1.0,0.0,,,0,0,0,Helius verified first buyer,2026-08-20 04:37:00
EdPSA7mfbigZdgMLP322KMamwAhVchLAg3JCyVwoHQaV,,,1700510186,0.0,0.0,0.0,0,0,0,0.0,0.0,1.0,0.0,,,0,0,0,Helius verified first buyer,2026-08-20 04:39:51
24SyYqrUYXh3FHqMtUMv9BoExC6fo6ovVGMdES1dsd1e,,,1700510186,0.0,0.0,0.0,0,0,0,0.0,0.0,1.0,0.0,,,0,0,0,Helius verified first buyer,2026-08-20 04:37:01
HU466N1Bgos7B9p8irJ2tqtXXkcypNwWYYADm6mHiuX4,,,1700510186,0.0,0.0,0.0,0,0,0,0.0,0.0,1.0,0.0,,,0,0,0,Helius verified first buyer,2026-08-20 04:37:01
Asqu2363yHa74ZafU3BXpV8eBwWGS4jV1voddJ9JusAw,,,1700510186,0.0,0.0,0.0,0,0,0,0.0,0.0,1.0,0.0,,,0,0,0,Helius verified first buyer,2026-08-20 04:37:01
Bv97z6Cr7RFouErfPqXguY3Q7JH8ekjs6quod9ycm8b9,,,1700510186,0.0,0.0,0.0,0,0,0,0.0,0.0,1.0,0.0,,,0,0,0,Helius verified first buyer,2026-08-20 04:37:02
AHQkgoSPfMjo79jE6njhhrvNCGLa2bc6b3iof5EstMqJ,,,1700510188,0.0,0.0,0.0,0,0,0,0.0,0.0,1.0,0.0,,,0,0,0,Helius verified first buyer,2026-08-20 04:37:02
AgZh8qqRMU92rerjup55tnKStM53aM59onavpgM7YwpA,,,1700510188,0.0,0.0,0.0,0,0,0,0.0,0.0,1.0,0.0,,,0,0,0,Helius verified first buyer,2026-08-20 04:40:26
AyJ6GrKSnmCAGMU9E4h2u1EBV4KxYDQgxZAn2vAo8qNj,,,1700510188,0.0,0.0,0.0,0,0,0,0.0,0.0,1.0,0.0,,,0,0,0,Helius verified first buyer,2026-08-20 04:37:02
Dvp5jJvNMFYBixFDCTCeJuw9Z9NR9kwS4f8dQTpXV4wY,,,1700510189,0.0,0.0,0.0,0,0,0,0.0,0.0,1.0,0.0,,,0,0,0,Helius verified first buyer,2026-08-20 04:37:03
x2oNbSd9rBr93Lq5zzqhV7ntThxtutrvvSrcjP8hiRY,,,1700510189,0.0,0.0,0.0,0,0,0,0.0,0.0,1.0,0.0,,,0,0,0,Helius verified first buyer,2026-08-20 04:39:58
jBFjFBDN2pkd5C6p9mNDvvpvcaAGonZJfTZevDJkAgM,,,1700510189,0.0,0.0,0.0,0,0,0,0.0,0.0,1.0,0.0,,,0,0,0,Helius verified first buyer,2026-08-20 04:39:52
63mS2RJ9hw5niuMY1ttV4i2PqEU9NNPZtYEPrUwzGuS7,,,1700510192,0.0,0.0,0.0,0,0,0,0.0,0.0,1.0,0.0,,,0,0,0,Helius verified first buyer,2026-08-20 04:37:03
CDAyxm3xNUTm95jLYzHwxGs2UpGMhT6JeyC8Wn4XnSmV,,,1700510192,0.0,0.0,0.0,0,0,0,0.0,0.0,1.0,0.0,,,0,0,0,Helius verified first buyer,2026-08-20 04:37:03
GmkPgKEk9bWcXNeC1SSk3EVWqM9DWAD2s3tsmjyfEfYC,,,1700510194,0.0,0.0,0.0,0,0,0,0.0,0.0,1.0,0.0,,,0,0,0,Helius verified first buyer,2026-08-20 04:39:30
5wVmLRqrxdBkfFwxoM6PF1EUv1Uj8hs65SBuq1nhQXL9,,,1700510194,0.0,0.0,0.0,0,0,0,0.0,0.0,1.0,0.0,,,0,0,0,Helius verified first buyer,2026-08-20 04:37:04
AvUUQnaTWUBs7Yqho1tGbdWsH3W1MsC4MCyqRDtXhxd5,,,1700510196,0.0,0.0,0.0,0,0,0,0.0,0.0,1.0,0.0,,,0,0,0,Helius verified first buyer,2026-08-20 04:37:04
DjeCiLGuVS3PRhL6mpfHYFqVRBBJFXn1cb17MNVkBVyB,,,1700510196,0.0,0.0,0.0,0,0,0,0.0,0.0,1.0,0.0,,,0,0,0,Helius verified first buyer,2026-08-20 04:40:30
AeYCy1NHAb4C3ZP7qGvdTgjLP7xSdqr6KrBRWK2SRCY,,,1700510198,0.0,0.0,0.0,0,0,0,0.0,0.0,1.0,0.0,,,0,0,0,Helius verified first buyer,2026-08-20 04:37:05
481gJFc8Ajwjr4kgsoBUv63S7o27FMozfh4NNCGqTFi8,,,1700510199,0.0,0.0,0.0,0,0,0,0.0,0.0,1.0,0.0,,,0,0,0,Helius verified first buyer,2026-08-20 04:37:05
Bakmh8XVYijGUGCEPHW5GKzEVZY5zBjCENtbQaX3fNZ2,,,1700510199,0.0,0.0,0.0,0,0,0,0.0,0.0,1.0,0.0,,,0,0,0,Helius verified first buyer,2026-08-20 04:37:05
8VoBSbUFCLgbCaG5SdP9496H9fv4CCSfyTUwGXzf8byL,,,1700510199,0.0,0.0,0.0,0,0,0,0.0,0.0,1.0,0.0,,,0,0,0,Helius verified first buyer,2026-08-20 04:37:05
A8risY1eJ3yeE7cvvTY7TLd5HgUHPvH8MiGfTAxn2GbE,,,1700510200,0.0,0.0,0.0,0,0,0,0.0,0.0,1.0,0.0,,,0,0,0,Helius verified first buyer,2026-08-20 04:37:06
D7PvjAyDqJg818DA7ZbkMmMn4VVzLnpGC1pD1RYF18oA,,,1700510201,0.0,0.0,0.0,0,0,0,0.0,0.0,1.0,0.0,,,0,0,0,Helius verified first buyer,2026-08-20 04:37:07
8VS8HdiHfd3LXxQ3VnBm88P5DkCBuEhzUxCcncCZ3MLj,,,1700510201,0.0,0.0,0.0,0,0,0,0.0,0.0,1.0,0.0,,,0,0,0,Helius verified first buyer,2026-08-20 04:37:07
6XPTbtHSx538ue8EgACgkfBwLN66W9aUPuBnRpNRxPgN,,,1700510202,0.0,0.0,0.0,0,0,0,0.0,0.0,1.0,0.0,,,0,0,0,Helius verified first buyer,2026-08-20 04:40:00
F3d8ZhqSfwDwfBC3P7CFBcn8QwoBBocDBZDoJjs8pcz3,,,1700510202,0.0,0.0,0.0,0,0,0,0.0,0.0,1.0,0.3,,,0,0,0,Helius verified first buyer,2026-08-20 04:44:01
BP7xdNKHjaWKg1gxwd9Twj1aMAHPKv2HpKuRpkxZbZBJ,,,1700510203,0.0,0.0,0.0,0,0,0,0.0,0.0,1.0,0.0,,,0,0,0,Helius verified first buyer,2026-08-20 04:37:08
F7vZFur9guGFf1D4kYvojyZJn5GurmZDG3zEJwuqaB5R,,,1700510204,0.0,0.0,0.0,0,0,0,0.0,0.0,1.0,0.0,,,0,0,0,Helius verified first buyer,2026-08-20 04:37:08
EqY79m8W7HouAvrTmjJJdsF6f1CbNRhEJa5f3AdrpP2Z,,,1700510205,0.0,0.0,0.0,0,0,0,0.0,0.0,1.0,0.3,,,0,0,0,Helius verified first buyer,2026-08-20 04:42:21
6LadVodRwFHmtuFV7vSdQSDWhKo651B3o3hsyLW8pze6,,,1700510209,0.0,0.0,0.0,0,0,0,0.0,0.0,1.0,0.3,,,0,0,0,Helius verified first buyer,2026-08-20 04:43:32
BD5W96pRPEbYuRcAw6frgiJtSbRYATHkHJRqv9LumFnF,,,1700510209,0.0,0.0,0.0,0,0,0,0.0,0.0,1.0,0.0,,,0,0,0,Helius verified first buyer,2026-08-20 04:37:08
2WiRmLthhoHUs8RMLiE3hNWN6RKYPiMAfio2DsMbMY39,,,1700510209,0.0,0.0,0.0,0,0,0,0.0,0.0,1.0,0.0,,,0,0,0,Helius verified first buyer,2026-08-20 04:37:09
AW53trBK3S1GKPF7SarchDXfj3nsXZnQVicUmjruK3BU,,,1700510213,0.0,0.0,0.0,0,0,0,0.0,0.0,1.0,0.0,,,0,0,0,Helius verified first buyer,2026-08-20 04:39:16
EUEdiH9i7y3Vz7DKVxrp97eyXXG3JTmvcNkvLeBTuX9R,,,1700510213,0.0,0.0,0.0,0,0,0,0.0,0.0,1.0,0.0,,,0,0,0,Helius verified first buyer,2026-08-20 04:39:53
2fBmMzmCCCtq9jHrM1XyGJfdW5kTotoeFVaCikD56HQV,,,1700510213,0.0,0.0,0.0,0,0,0,0.0,0.0,1.0,0.0,,,0,0,0,Helius verified first buyer,2026-08-20 04:37:10
Ga2ofCvAYhc3jhF8Pwv79ujyjiZawvPuckKfjmsGaAdV,,,1700510213,0.0,0.0,0.0,0,0,0,0.0,0.0,1.0,0.0,,,0,0,0,Helius verified first buyer,2026-08-20 04:37:10
8PpomYXbb55zji7n3sunURfTw5TZN9Gps459nF12P18i,,,1700510213,0.0,0.0,0.0,0,0,0,0.0,0.0,1.0,0.0,,,0,0,0,Helius verified first buyer,2026-08-20 04:37:10
Fn4wMQh9Up7EUoSdeqcNdtrtqhq9Ta44jVSc9ehzKaC4,,,1700510213,0.0,0.0,0.0,0,0,0,0.0,0.0,1.0,0.0,,,0,0,0,Helius verified first buyer,2026-08-20 04:37:28
WjRotdAnjPE2RhuZExCHDYmBnZxR8kEqvbXDVrjabxX,,,1700510215,0.0,0.0,0.0,0,0,0,0.0,0.0,1.0,0.0,,,0,0,0,Helius verified first buyer,2026-08-20 04:37:10
4yPZtdX7SLmxhcX8pW1xhKkFqDqaMV4FvpZ22GHdWtQx,,,1700510215,0.0,0.0,0.0,0,0,0,0.0,0.0,1.0,0.0,,,0,0,0,Helius verified first buyer,2026-08-20 04:37:11
141TfbhU9E9pEAxpgBrUX8ZNfz2M1YqLgSwbhYKJcFKe,,,1700510216,0.0,0.0,0.0,0,0,0,0.0,0.0,1.0,0.0,,,0,0,0,Helius verified first buyer,2026-08-20 04:37:11
frTGuygRRftm9u5hjH46LqpdKsv5F4oJEZP8naFS7Rx,,,1700510223,0.0,0.0,0.0,0,0,0,0.0,0.0,1.0,0.0,,,0,0,0,Helius verified first buyer,2026-08-20 04:37:12
3DNKTCDRqaWQ99P1ugE9v5ApedSPZR7XK8YtqYJ7wHpf,,,1700510224,0.0,0.0,0.0,0,0,0,0.0,0.0,1.0,0.3,,,0,0,0,Helius verified first buyer,2026-08-20 04:42:25
Fu6BcjLj776WDp2Ca5MnqUJByTqmWWi3kxA6uJdiLLhq,,,1700510224,0.0,0.0,0.0,0,0,0,0.0,0.0,1.0,0.0,,,0,0,0,Helius verified first buyer,2026-08-20 04:37:17
Gb5Yo5RobW4XGjcpXyKVdFxuWyAdsZUzwjsC1dC3CgXH,,,1700510224,0.0,0.0,0.0,0,0,0,0.0,0.0,1.0,0.0,,,0,0,0,Helius verified first buyer,2026-08-20 04:37:12
7CaTBkKuKJDeXcrtzmU7gTRdLevSWsZ3MiQKab3MkPPk,,,1700510225,0.0,0.0,0.0,0,0,0,0.0,0.0,1.0,0.0,,,0,0,0,Helius verified first buyer,2026-08-20 04:37:49
Hed2YVuRrVL8Rs6N36rpMfjnodiBRqMX9z1VnVYwGuyu,,,1700510225,0.0,0.0,0.0,0,0,0,0.0,0.0,1.0,0.0,,,0,0,0,Helius verified first buyer,2026-08-20 04:37:13
5tNHm14Nt5g1NS4YxvHGwwhdrTLmL1RU2itNpGt9snD,,,1700510225,0.0,0.0,0.0,0,0,0,0.0,0.0,1.0,0.0,,,0,0,0,Helius verified first buyer,2026-08-20 04:37:13
Tw125LsBr2iWWiRbjMmocQTkwVYTcmwSa2f3CVD4cgS,,,1700510226,0.0,0.0,0.0,0,0,0,0.0,0.0,1.0,0.0,,,0,0,0,Helius verified first buyer,2026-08-20 04:37:38
C1Y95WKh2UGt3Q8162XiQ2ak2FdM31NWbLwpw3LHUEYQ,,,1700510226,0.0,0.0,0.0,0,0,0,0.0,0.0,1.0,0.3,,,0,0,0,Helius verified first buyer,2026-08-20 04:42:24
2S3Bb1nesK838J8EhhpTn4auiMMtezoUPkgqFGFC3MSP,,,1700510228,0.0,0.0,0.0,0,0,0,0.0,0.0,1.0,0.0,,,0,0,0,Helius verified first buyer,2026-08-20 04:37:14
32dWYkv5hTmPa3gSRKLB8qBLhanuunYikCQyJ9qCJczd,,,1700510230,0.0,0.0,0.0,0,0,0,0.0,0.0,1.0,0.0,,,0,0,0,Helius verified first buyer,2026-08-20 04:37:14
XYTe8y6anQtc6gD5a1svSaAh8BF15T52Z9iHGWYUvbi,,,1700510230,0.0,0.0,0.0,0,0,0,0.0,0.0,1.0,0.0,,,0,0,0,Helius verified first buyer,2026-08-20 04:39:50
Dc6Fy8YHHHEQgSqRFXwGqShvhHUzBtxL45tfQ2Cz4cQu,,,1700510230,0.0,0.0,0.0,0,0,0,0.0,0.0,1.0,0.0,,,0,0,0,Helius verified first buyer,2026-08-20 04:37:15
2xiSX3hpGpqjTHid8NveWbewZhDViyBgepCSzAJ1VRxa,,,1700510230,0.0,0.0,0.0,0,0,0,0.0,0.0,1.0,0.0,,,0,0,0,Helius verified first buyer,2026-08-20 04:37:15
GEDUv2KaB2xDeA4drGZC7D7dG4dNWjQvfFFqtRQy5KQh,,,1700510231,0.0,0.0,0.0,0,0,0,0.0,0.0,1.0,0.0,,,0,0,0,Helius verified first buyer,2026-08-20 04:37:15
GbSPvBSSMPnWQ7JyruWVXfD3jWASFR8fiGpmhXXzewcJ,,,1700510231,0.0,0.0,0.0,0,0,0,0.0,0.0,1.0,0.0,,,0,0,0,Helius verified first buyer,2026-08-20 04:39:27
DcHxwYzK3jPDwx7n7Kakp5y7MMmXFGUDX9q22KPQQnSD,,,1700510231,0.0,0.0,0.0,0,0,0,0.0,0.0,1.0,0.0,,,0,0,0,Helius verified first buyer,2026-08-20 04:38:12
GnmjyfiULNNW1XVMidFC75StKvjxG5pwftGf93XZScyQ,,,1700510231,0.0,0.0,0.0,0,0,0,0.0,0.0,1.0,0.0,,,0,0,0,Helius verified first buyer,2026-08-20 04:37:16
CKcrDjvQzumt5XPfB7mrP8mSbxyUkq9TmCLwDuPZdfA5,,,1700510234,0.0,0.0,0.0,0,0,0,0.0,0.0,1.0,0.0,,,0,0,0,Helius verified first buyer,2026-08-20 04:37:16
9NxPxnAJSvSeNBauC8E3mQ8wGoDoBqsTMGaAqCZ6i7W2,,,1700510234,0.0,0.0,0.0,0,0,0,0.0,0.0,1.0,0.0,,,0,0,0,Helius verified first buyer,2026-08-20 04:37:16
99V5sENoQ2McspuzgjsSbDcC95uQqnyK9VjbiLppCfMm,,,1700510234,0.0,0.0,0.0,0,0,0,0.0,0.0,1.0,0.0,,,0,0,0,Helius verified first buyer,2026-08-20 04:37:16
BQkyLAJkXR9WCEEY9C5DzCUtSCxUugux9iT2nFXZgeNA,,,1700510237,0.0,0.0,0.0,0,0,0,0.0,0.0,1.0,0.0,,,0,0,0,Helius verified first buyer,2026-08-20 04:37:17
Ex8uGUWGU67L4KqyN7HxNccDbQq2r37uFenFGeRnjpmD,,,1700510240,0.0,0.0,0.0,0,0,0,0.0,0.0,1.0,0.0,,,0,0,0,Helius verified first buyer,2026-08-20 04:37:17
AeKHESDtKxjS6kpWVPbnMAePAvSUiUTmBywumMzKk5QE,,,1700510241,0.0,0.0,0.0,0,0,0,0.0,0.0,1.0,0.0,,,0,0,0,Helius verified first buyer,2026-08-20 04:37:17
CnXbNJNT2UtqhRJ1M896KiwkwCRaGAskgEudjukws2ks,,,1700510241,0.0,0.0,0.0,0,0,0,0.0,0.0,1.0,0.0,,,0,0,0,Helius verified first buyer,2026-08-20 04:37:18
FHHXuY9HjjQgL6E8vFSSQxYG2Kb7tyJht9NH58KfvwVf,,,1700510243,0.0,0.0,0.0,0,0,0,0.0,0.0,1.0,0.0,,,0,0,0,Helius verified first buyer,2026-08-20 04:37:18
3SQe6VnvKRZd3MBFonxBUTShyWCVmBj4NPkRdG2Dxtfe,,,1700510243,0.0,0.0,0.0,0,0,0,0.0,0.0,1.0,0.0,,,0,0,0,Helius verified first buyer,2026-08-20 04:37:59
HmatKao2oixvpYe9Vq5rRPALyxqRMUjYs8R9L9XJRxXx,,,1700510243,0.0,0.0,0.0,0,0,0,0.0,0.0,1.0,0.0,,,0,0,0,Helius verified first buyer,2026-08-20 04:37:19
Cvb1qjbCSzug6nSbJGonj2gUxtQkKNa5FLTF2XneyzzP,,,1700510243,0.0,0.0,0.0,0,0,0,0.0,0.0,1.0,0.0,,,0,0,0,Helius verified first buyer,2026-08-20 04:37:19
CGKpHAihYTgkQ9qm1GrPtnMk8P5hTWZD6ybUC2jzgfYj,,,1700510243,0.0,0.0,0.0,0,0,0,0.0,0.0,1.0,0.0,,,0,0,0,Helius verified first buyer,2026-08-20 04:37:20
72Lktqpv873zf9HDAYzoNGxW3EePiMH9sysy3q5m9rod,,,1700510244,0.0,0.0,0.0,0,0,0,0.0,0.0,1.0,0.0,,,0,0,0,Helius verified first buyer,2026-08-20 04:37:20
5ZUQMrb7d9NKoYE93HKfG4w3RvUbzyJaRtJhPXnJdbNu,,,1700510244,0.0,0.0,0.0,0,0,0,0.0,0.0,1.0,0.0,,,0,0,0,Helius verified first buyer,2026-08-20 04:37:20
HTHgMT6EAsWgK7WPJBmCuDNPEJHHjpdBLb4nj1FcL6ws,,,1700510245,0.0,0.0,0.0,0,0,0,0.0,0.0,1.0,0.0,,,0,0,0,Helius verified first buyer,2026-08-20 04:37:20
DZzsKdkVtpH88C1WRKcha2h6F4jw8SfjuMdvRAsPK2y8,,,1700510245,0.0,0.0,0.0,0,0,0,0.0,0.0,1.0,0.0,,,0,0,0,Helius verified first buyer,2026-08-20 04:37:21
CUKgpvDs4Myoo7tXqHQdge5MF8hX2nwC8ErbMw5VM3BX,,,1700510246,0.0,0.0,0.0,0,0,0,0.0,0.0,1.0,0.0,,,0,0,0,Helius verified first buyer,2026-08-20 04:37:21
WcpprVSQqt7ZEWwsCi1y95g6vnPBcfR8Sy3mGDPzhyK,,,1700510246,0.0,0.0,0.0,0,0,0,0.0,0.0,1.0,0.0,,,0,0,0,Helius verified first buyer,2026-08-20 04:37:21
6vfCF1iMk2AN6XKiSrsWVW3KHMwvSQw6ya5pTtNRBHqA,,,1700510247,0.0,0.0,0.0,0,0,0,0.0,0.0,1.0,0.0,,,0,0,0,Helius verified first buyer,2026-08-20 04:37:21
FzmdD1vgK4ZDBM2gHBKg5gGDTY6UVKCHaNZdAghTedWK,,,1700510247,0.0,0.0,0.0,0,0,0,0.0,0.0,1.0,0.0,,,0,0,0,Helius verified first buyer,2026-08-20 04:37:22
6coUrYZJm4WVCwkF3DMSirkPoGVg37vWb3SNETgZNMS2,,,1700510249,0.0,0.0,0.0,0,0,0,0.0,0.0,1.0,0.0,,,0,0,0,Helius verified first buyer,2026-08-20 04:37:22
794krp8cGzJEEKdpSK9Sjagb7n1gFY88DyVMt8nnLWZB,,,1700510250,0.0,0.0,0.0,0,0,0,0.0,0.0,1.0,0.0,,,0,0,0,Helius verified first buyer,2026-08-20 04:37:22
CDDcUg4TdPmKVWjNkJaXgHaxQzjbtZWr1YwjVis2XbHS,,,1700510250,0.0,0.0,0.0,0,0,0,0.0,0.0,1.0,0.0,,,0,0,0,Helius verified first buyer,2026-08-20 04:40:09
HSiTYDX2XAecgHj6HaLXjE9jodQvM8RsSrsXm8TpJ9VU,,,1700510250,0.0,0.0,0.0,0,0,0,0.0,0.0,1.0,0.0,,,0,0,0,Helius verified first buyer,2026-08-20 04:37:23
BCjZ9eDXHLhqHh8r8SseKzXnV8D22v9HCsxaMCvzSPYH,,,1700510250,0.0,0.0,0.0,0,0,0,0.0,0.0,1.0,0.0,,,0,0,0,Helius verified first buyer,2026-08-20 04:37:23
7NYaufXTt9V3ZT27aPBTP2GTaUTK1ZS5FhLj8vP5BBTE,,,1700510250,0.0,0.0,0.0,0,0,0,0.0,0.0,1.0,0.0,,,0,0,0,Helius verified first buyer,2026-08-20 04:37:23
DLei5REjqR5rjD43NKRT9dgJMoeJbh3UFpock6cXkAHt,,,1700510253,0.0,0.0,0.0,0,0,0,0.0,0.0,1.0,0.0,,,0,0,0,Helius verified first buyer,2026-08-20 04:40:09
518ftMU8asFbKeHkf1nd9SUjrMiuN8G8n6bubrPv731w,,,1700510256,0.0,0.0,0.0,0,0,0,0.0,0.0,1.0,0.0,,,0,0,0,Helius verified first buyer,2026-08-20 04:37:23
Bv32UijzLBdRxMTwfMEjofVXtbAHLGXvmVu3ui9MbDyf,,,1700510258,0.0,0.0,0.0,0,0,0,0.0,0.0,1.0,0.0,,,0,0,0,Helius verified first buyer,2026-08-20 04:37:24
2QWbPZX8Zj5CSmvby82eyvTNFVniv2vfzVcwR2Ud8ksc,,,1700510258,0.0,0.0,0.0,0,0,0,0.0,0.0,1.0,0.0,,,0,0,0,Helius verified first buyer,2026-08-20 04:37:24
HgXSBcVVympPAvsuTvRpix4DZMNbvvaHHCePTqFy8JVi,,,1700510259,0.0,0.0,0.0,0,0,0,0.0,0.0,1.0,0.0,,,0,0,0,Helius verified first buyer,2026-08-20 04:40:17
FAgSGZSH4Kdr5b45VQcwgsKhKp5xmv3YKd9Gz8BnHEEL,,,1700510259,0.0,0.0,0.0,0,0,0,0.0,0.0,1.0,0.0,,,0,0,0,Helius verified first buyer,2026-08-20 04:40:29
6N8xfKEaqibLGmKCJqEWkwsiXiPmAy3zVCawBFAbxB8P,,,1700510259,0.0,0.0,0.0,0,0,0,0.0,0.0,1.0,0.0,,,0,0,0,Helius verified first buyer,2026-08-20 04:37:25
8Jbzs5iX5UAjWqxRFRSKXVbvmg17dMQYBBPake6F359D,,,1700510260,0.0,0.0,0.0,0,0,0,0.0,0.0,1.0,0.0,,,0,0,0,Helius verified first buyer,2026-08-20 04:37:25
GEQCtagiqV5toxWWjR9FAFgiaF234Dry1gjwJD62oxX3,,,1700510262,0.0,0.0,0.0,0,0,0,0.0,0.0,1.0,0.0,,,0,0,0,Helius verified first buyer,2026-08-20 04:37:25
4BJ8awFR3ufmatFteG7v8xBRBtnBGLYSd1sUJnHv7u4T,,,1700510263,0.0,0.0,0.0,0,0,0,0.0,0.0,1.0,0.0,,,0,0,0,Helius verified first buyer,2026-08-20 04:37:25
EM1K8QuPHnJNGLvoiFB5PpBePj2j6pUY64LFv3uEgFGJ,,,1700510263,0.0,0.0,0.0,0,0,0,0.0,0.0,1.0,0.0,,,0,0,0,Helius verified first buyer,2026-08-20 04:37:26
8gQC22DfUfUjRuKR1fNqF6zsYTUdAJ46kcmjbzcU8mnM,,,1700510263,0.0,0.0,0.0,0,0,0,0.0,0.0,1.0,0.0,,,0,0,0,Helius verified first buyer,2026-08-20 04:37:26
BxogGJzqcDPoyTLh3YZfRQwJ7R2uMLy6m3KPuWgWxRFy,,,1700510263,0.0,0.0,0.0,0,0,0,0.0,0.0,1.0,0.0,,,0,0,0,Helius verified first buyer,2026-08-20 04:39:44
83XwGxno8czEgmRgqLDNTQEuHC1nfJcjuNPyBznvGCjT,,,1700510264,0.0,0.0,0.0,0,0,0,0.0,0.0,1.0,0.0,,,0,0,0,Helius verified first buyer,2026-08-20 04:37:26
3yz2GrjeCQhcRAdL2UnLBeeDWxHPoFUnwbmgCeaWucp8,,,1700510264,0.0,0.0,0.0,0,0,0,0.0,0.0,1.0,0.0,,,0,0,0,Helius verified first buyer,2026-08-20 04:37:27
BdmtNVdN7K1iMgYpAbNGwmjYpUFqL9eXJh7niKMWEAqS,,,1700510264,0.0,0.0,0.0,0,0,0,0.0,0.0,1.0,0.0,,,0,0,0,Helius verified first buyer,2026-08-20 04:37:27
7BaVQGwXncqgDNkT78Mn9wXuBvPCydoeDcyxREndo1Rm,,,1700510264,0.0,0.0,0.0,0,0,0,0.0,0.0,1.0,0.0,,,0,0,0,Helius verified first buyer,2026-08-20 04:37:27
9Z9CjvRqzM7SeFMpCXbF3gbhR8nSSsxTYLNRVyV5gHx8,,,1700510264,0.0,0.0,0.0,0,0,0,0.0,0.0,1.0,0.0,,,0,0,0,Helius verified first buyer,2026-08-20 04:37:27
GnZfegAFEPbgrhX1Z7uK4cQbwps7Rn5xMaecTToLn1WW,,,1700510265,0.0,0.0,0.0,0,0,0,0.0,0.0,1.0,0.3,,,0,0,0,Helius verified first buyer,2026-08-20 04:41:05
5cdvMAFiai9Mug36Uq762i6j67BHXJNm6zja81fSoTpF,,,1700510268,0.0,0.0,0.0,0,0,0,0.0,0.0,1.0,0.0,,,0,0,0,Helius verified first buyer,2026-08-20 04:37:28
A17ifcqjbGdeje1dQZXBe5ncBCB7XpQG9F22aE1SrDvy,,,1700510268,0.0,0.0,0.0,0,0,0,0.0,0.0,1.0,0.0,,,0,0,0,Helius verified first buyer,2026-08-20 04:37:28
HCsbHBwZDtzDAr1JNzmeVcTy34TjtUx4LcYXm5JYmQgA,,,1700510268,0.0,0.0,0.0,0,0,0,0.0,0.0,1.0,0.0,,,0,0,0,Helius verified first buyer,2026-08-20 04:37:29
GT5CEHPv12bHA5L2KHBfd5a8MwPrkFV1LtaPsMQ2Lj2o,,,1700510268,0.0,0.0,0.0,0,0,0,0.0,0.0,1.0,0.0,,,0,0,0,Helius verified first buyer,2026-08-20 04:37:29
A7kM3rnK4dPHm72bfMzbwyegNGxPY4K3NELs32qCyXVz,,,1700510269,0.0,0.0,0.0,0,0,0,0.0,0.0,1.0,0.0,,,0,0,0,Helius verified first buyer,2026-08-20 04:37:29
A5gbTKEgiRF81PiVc1AiGivASyiiwhVCMbzvtLqa81Qf,,,1700510269,0.0,0.0,0.0,0,0,0,0.0,0.0,1.0,0.0,,,0,0,0,Helius verified first buyer,2026-08-20 04:37:30
Hzp6V6WZFMLRmWeu6GDaL3nUA5LDdcTucuAQ6jmKSsQJ,,,1700510270,0.0,0.0,0.0,0,0,0,0.0,0.0,1.0,0.0,,,0,0,0,Helius verified first buyer,2026-08-20 04:37:31
HeV52eV4ApfNTpyusv7nWiSYKLDB8dyvApsxmd95Axdt,,,1700510270,0.0,0.0,0.0,0,0,0,0.0,0.0,1.0,0.0,,,0,0,0,Helius verified first buyer,2026-08-20 04:39:55
3MPgbeCvCd4mU7ZP94LwuYUbiF4fZNjgrsVnwjwSdxPv,,,1700510270,0.0,0.0,0.0,0,0,0,0.0,0.0,1.0,0.0,,,0,0,0,Helius verified first buyer,2026-08-20 04:37:31
8wwvWGfkvpfvETKQwbe9vw4jTenrnySqvTU8MWLxwNeg,,,1700510272,0.0,0.0,0.0,0,0,0,0.0,0.0,1.0,0.0,,,0,0,0,Helius verified first buyer,2026-08-20 04:37:31
DGit5xzvCT5fjHtai2uhdEQwEsJm6bkTEgkPqLNkHMiw,,,1700510273,0.0,0.0,0.0,0,0,0,0.0,0.0,1.0,0.0,,,0,0,0,Helius verified first buyer,2026-08-20 04:37:32
2RbPnmfxhYaEq3mPZReJmND2ZGPexoFXGoZWTKWNC86q,,,1700510274,0.0,0.0,0.0,0,0,0,0.0,0.0,1.0,0.0,,,0,0,0,Helius verified first buyer,2026-08-20 04:37:47
8Gpc1oZTCktkZCSpqUFKsWhHyr2UBmnt37bBUk6XdfBT,,,1700510276,0.0,0.0,0.0,0,0,0,0.0,0.0,1.0,0.0,,,0,0,0,Helius verified first buyer,2026-08-20 04:37:32
FG9JuxaybWXjbyxqBfggDmp77SHSEFbobiZLrwr3hcFU,,,1700510277,0.0,0.0,0.0,0,0,0,0.0,0.0,1.0,0.0,,,0,0,0,Helius verified first buyer,2026-08-20 04:37:32
DHMYuuBqK756ZMHybcs2xMjK3PWcanzZvNZj5vxt4TGD,,,1700510277,0.0,0.0,0.0,0,0,0,0.0,0.0,1.0,0.0,,,0,0,0,Helius verified first buyer,2026-08-20 04:37:33
EpHUrBQfTi13WL8N1fXzcwy6YvaRUWFs1bcPUtvBURmk,,,1700510278,0.0,0.0,0.0,0,0,0,0.0,0.0,1.0,0.0,,,0,0,0,Helius verified first buyer,2026-08-20 04:37:33
A6AQBAHBAMLfLAp8Fc2mHePdBUHWsetMGmRh21oHf865,,,1700510278,0.0,0.0,0.0,0,0,0,0.0,0.0,1.0,0.0,,,0,0,0,Helius verified first buyer,2026-08-20 04:37:33
BayYXAZJPtH85hYk5rvHoeT26YFkyfKDaTHS9pzjs8Dz,,,1700510278,0.0,0.0,0.0,0,0,0,0.0,0.0,1.0,0.0,,,0,0,0,Helius verified first buyer,2026-08-20 04:37:33
AxjWtFBKMyVzRpgo581CQBiYeRdxBqqqSRphMGDGHk3E,,,1700510279,0.0,0.0,0.0,0,0,0,0.0,0.0,1.0,0.0,,,0,0,0,Helius verified first buyer,2026-08-20 04:37:33
FByeq2AAy18jccKjgB2bsV7kdtrsBRGubxH6AyAUoJkU,,,1700510282,0.0,0.0,0.0,0,0,0,0.0,0.0,1.0,0.0,,,0,0,0,Helius verified first buyer,2026-08-20 04:37:34
EFCGz2reGd1EC84C1XHVUSQsgo2ZQZYs7zinx59BDNYS,,,1700510282,0.0,0.0,0.0,0,0,0,0.0,0.0,1.0,0.0,,,0,0,0,Helius verified first buyer,2026-08-20 04:37:34
8M1EEkehMVAG9TMmeFmZic9n8dMuvee7eHWp3GeK2a58,,,1700510282,0.0,0.0,0.0,0,0,0,0.0,0.0,1.0,0.0,,,0,0,0,Helius verified first buyer,2026-08-20 04:37:34
8wGoELqsopxr4v1VKuRUdTE9k4n97BP9Nxc3cwvo2FPE,,,1700510282,0.0,0.0,0.0,0,0,0,0.0,0.0,1.0,0.3,,,0,0,0,Helius verified first buyer,2026-08-20 04:43:48
C1chh3MmGZtmBGrPKYinQsJstasfCd9R11zcSmHhAx5E,,,1700510283,0.0,0.0,0.0,0,0,0,0.0,0.0,1.0,0.0,,,0,0,0,Helius verified first buyer,2026-08-20 04:37:35
Fg4otaB2v89CJvfd3c5kJE7JBokfaXsGufBP1kE5QH9n,,,1700510283,0.0,0.0,0.0,0,0,0,0.0,0.0,1.0,0.0,,,0,0,0,Helius verified first buyer,2026-08-20 04:37:35
G8PonVqr2cFuUc4gbdBUk8oZTkB5sCSzxk55PSjzf1DX,,,1700510284,0.0,0.0,0.0,0,0,0,0.0,0.0,1.0,0.0,,,0,0,0,Helius verified first buyer,2026-08-20 04:37:35
Cv8zRXi8tKWH3yYUgxJTbhciYv6BiqTaAHENiUaErb7x,,,1700510284,0.0,0.0,0.0,0,0,0,0.0,0.0,1.0,0.0,,,0,0,0,Helius verified first buyer,2026-08-20 04:37:35
Edb2nEHgCMN9m4BJQi321LhGDzoV11pbiSTVCxtFCw1M,,,1700510284,0.0,0.0,0.0,0,0,0,0.0,0.0,1.0,0.0,,,0,0,0,Helius verified first buyer,2026-08-20 04:37:36
5G3H11MHYqhiyBrdsrxW5cs4MFnY8X479w5qFPt1YZNz,,,1700510285,0.0,0.0,0.0,0,0,0,0.0,0.0,1.0,0.0,,,0,0,0,Helius verified first buyer,2026-08-20 04:37:36
GFDUaX95gYz6MS93FQcvuC15cXscNCzXdDUFPqgXZAno,,,1700510285,0.0,0.0,0.0,0,0,0,0.0,0.0,1.0,0.0,,,0,0,0,Helius verified first buyer,2026-08-20 04:37:36
HLf6ydjEUfDmajQuh7rCDBQAmhuR3zTEuxLENdT9Yi5F,,,1700510285,0.0,0.0,0.0,0,0,0,0.0,0.0,1.0,0.0,,,0,0,0,Helius verified first buyer,2026-08-20 04:37:36
DVdnSQz9hUaDjKXUpww27ENGsSjJZHh9LF1WSxgrRjJa,,,1700510285,0.0,0.0,0.0,0,0,0,0.0,0.0,1.0,0.0,,,0,0,0,Helius verified first buyer,2026-08-20 04:39:32
EHQccAr5dFHi34Uj9PxJQyrmSHHELtY47k6HpaV2JXoe,,,1700510285,0.0,0.0,0.0,0,0,0,0.0,0.0,1.0,0.0,,,0,0,0,Helius verified first buyer,2026-08-20 04:37:37
3cMu7SRjBeTveQQxKUcRsz9fkj7VE3fpWXRjGkUqJUJv,,,1700510286,0.0,0.0,0.0,0,0,0,0.0,0.0,1.0,0.0,,,0,0,0,Helius verified first buyer,2026-08-20 04:39:54
85VpLCDWmjenBRZt9yFKo5nr8y9svSKPzjXDJkPBUbHZ,,,1700510286,0.0,0.0,0.0,0,0,0,0.0,0.0,1.0,0.0,,,0,0,0,Helius verified first buyer,2026-08-20 04:37:37
8ncZ88VXaDkBdJDLe6c5inR7PVyX1YwHjp42D5p1x5ts,,,1700510286,0.0,0.0,0.0,0,0,0,0.0,0.0,1.0,0.0,,,0,0,0,Helius verified first buyer,2026-08-20 04:38:00
G46ZXBVEg3kfNt9dnwPHmXK3LXWc6nJa3pZEzgMRvCjc,,,1700510286,0.0,0.0,0.0,0,0,0,0.0,0.0,1.0,0.0,,,0,0,0,Helius verified first buyer,2026-08-20 04:37:38
FNVF7KC4Ajoy37TZevmee8kTjtUtiLqj4epT8L5BnWQV,,,1700510286,0.0,0.0,0.0,0,0,0,0.0,0.0,1.0,0.0,,,0,0,0,Helius verified first buyer,2026-08-20 04:37:38
BfP4bN9DzPGLhhamGsrsaPWLJ9ZCnq6TdjGTzfZmJrkM,,,1700510286,0.0,0.0,0.0,0,0,0,0.0,0.0,1.0,0.0,,,0,0,0,Helius verified first buyer,2026-08-20 04:37:39
9QvfnPSoi18tDhCYzGNYpYbtLFdnVFcLxVqdHFTYxNZ7,,,1700510287,0.0,0.0,0.0,0,0,0,0.0,0.0,1.0,0.0,,,0,0,0,Helius verified first buyer,2026-08-20 04:37:39
655dy6ZZZo3bYzkDjiYDuvi7nNihZYHsM933bSSdzYjK,,,1700510288,0.0,0.0,0.0,0,0,0,0.0,0.0,1.0,0.0,,,0,0,0,Helius verified first buyer,2026-08-20 04:37:39
Bdc5XeTJp1uzbqW1RLZuvjwxZqEpyc9MM9zs3e8kbVTi,,,1700510288,0.0,0.0,0.0,0,0,0,0.0,0.0,1.0,0.0,,,0,0,0,Helius verified first buyer,2026-08-20 04:37:39
9NdPyLepc9ZNgdA3X9x4V5NwgLx27sSpmdj7TdNSvQtH,,,1700510288,0.0,0.0,0.0,0,0,0,0.0,0.0,1.0,0.0,,,0,0,0,Helius verified first buyer,2026-08-20 04:37:40
BUpGz95UPMDK295yyzojKzhdiK3nN8oemHbNacivvGpB,,,1700510292,0.0,0.0,0.0,0,0,0,0.0,0.0,1.0,0.0,,,0,0,0,Helius verified first buyer,2026-08-20 04:37:40
7HoPnnW15nToLQtfCBn5TZTK9dvizhP5HgTi67i3ymVS,,,1700510293,0.0,0.0,0.0,0,0,0,0.0,0.0,1.0,0.0,,,0,0,0,Helius verified first buyer,2026-08-20 04:37:40
5G8NnxJKYe3F9E3jfTZDj93ETpuFh91FQMVDRBcBgzyf,,,1700510293,0.0,0.0,0.0,0,0,0,0.0,0.0,1.0,0.0,,,0,0,0,Helius verified first buyer,2026-08-20 04:37:40
J26GaFPkPQDwJXVAhoqjckMArfji6kkUNDFNpX6vwW4t,,,1700510294,0.0,0.0,0.0,0,0,0,0.0,0.0,1.0,0.0,,,0,0,0,Helius verified first buyer,2026-08-20 04:37:40
FZ1LDExHeAxqDJLF3kWqGSDL6jmBNvRvwyWpDkhrRjtA,,,1700510294,0.0,0.0,0.0,0,0,0,0.0,0.0,1.0,0.0,,,0,0,0,Helius verified first buyer,2026-08-20 04:37:41
8F7QFacoPxkswT7KFvVHsgB5Ls2kJNE1PiFbRyWAEvXb,,,1700510294,0.0,0.0,0.0,0,0,0,0.0,0.0,1.0,0.0,,,0,0,0,Helius verified first buyer,2026-08-20 04:40:37
ELjGFSoRbDVjN6N4dLMZAb54JsAWpmXE1sDY4eiTorVF,,,1700510295,0.0,0.0,0.0,0,0,0,0.0,0.0,1.0,0.0,,,0,0,0,Helius verified first buyer,2026-08-20 04:37:41
uMsCqVyMtxpdH2ssM1wNLmWuXwMrYmBjo5Ajie9WsSk,,,1700510295,0.0,0.0,0.0,0,0,0,0.0,0.0,1.0,0.0,,,0,0,0,Helius verified first buyer,2026-08-20 04:37:41
HtH5UH2DMbeddaUDvpoapeXJHE3VqS6tMKXsebAiuaTn,,,1700510296,0.0,0.0,0.0,0,0,0,0.0,0.0,1.0,0.0,,,0,0,0,Helius verified first buyer,2026-08-20 04:37:42
2FeSE51N7fgfA8VWBrqB8wiMgtxb9vZXvRBU4uFAK76M,,,1700510296,0.0,0.0,0.0,0,0,0,0.0,0.0,1.0,0.0,,,0,0,0,Helius verified first buyer,2026-08-20 04:37:42
2g22b6gtqYEmgR1Co7sL4MNQSMXa5xNTqyAWK17kbXJk,,,1700510296,0.0,0.0,0.0,0,0,0,0.0,0.0,1.0,0.0,,,0,0,0,Helius verified first buyer,2026-08-20 04:37:42
KAe1owj3B4E9uCJY8VPFR7m9c7rJXCbAVpJNpZCt2he,,,1700510297,0.0,0.0,0.0,0,0,0,0.0,0.0,1.0,0.0,,,0,0,0,Helius verified first buyer,2026-08-20 04:37:42
4qPKcNT8oNVYMXZ2FfhA3LeUArvJkqhWX5dbokSEf26x,,,1700510297,0.0,0.0,0.0,0,0,0,0.0,0.0,1.0,0.0,,,0,0,0,Helius verified first buyer,2026-08-20 04:37:42
BomMtfnv2wsrVGo5UxY2bK4B4EeFABRP7wdUPw39Xa8k,,,1700510298,0.0,0.0,0.0,0,0,0,0.0,0.0,1.0,0.0,,,0,0,0,Helius verified first buyer,2026-08-20 04:37:43
ALmfCk6AtsMTpfoCp11mjcGnDyJcVayux5EURRAaTjDd,,,1700510299,0.0,0.0,0.0,0,0,0,0.0,0.0,1.0,0.3,,,0,0,0,Helius verified first buyer,2026-08-20 04:43:09
6QsgPfm49svHA9D1pgADPCQUNNhzUtEyLJCVn56ReXHN,,,1700510299,0.0,0.0,0.0,0,0,0,0.0,0.0,1.0,0.0,,,0,0,0,Helius verified first buyer,2026-08-20 04:37:44
9hUxK8oMzU6R2kYYNg3UwkbqdiHxyyYEcsXuheYUtzdP,,,1700510299,0.0,0.0,0.0,0,0,0,0.0,0.0,1.0,0.0,,,0,0,0,Helius verified first buyer,2026-08-20 04:40:03
AzyVGDcCRy1mufgWPV8Jzb3Tsmv7x4tJans91dhiy1jC,,,1700510301,0.0,0.0,0.0,0,0,0,0.0,0.0,1.0,0.0,,,0,0,0,Helius verified first buyer,2026-08-20 04:37:44
8H3PjffrRhuYW9KLdHTBHNiajF9y1N6AvuSDFRJUF3vi,,,1700510301,0.0,0.0,0.0,0,0,0,0.0,0.0,1.0,0.0,,,0,0,0,Helius verified first buyer,2026-08-20 04:37:45
BBUp66weP21qCyZb4FLx1JoB6bf2voSA3UxuE2cWmH9H,,,1700510301,0.0,0.0,0.0,0,0,0,0.0,0.0,1.0,0.0,,,0,0,0,Helius verified first buyer,2026-08-20 04:37:45
8sY4477X4ZEyrDpxjgW9pXxxSFz6zdgFMBApmxyLHq3G,,,1700510301,0.0,0.0,0.0,0,0,0,0.0,0.0,1.0,0.0,,,0,0,0,Helius verified first buyer,2026-08-20 04:37:45
98bivnzkyCBZRtdTea9CYs7H6i1WFsutJtE5T7Ckji69,,,1700510301,0.0,0.0,0.0,0,0,0,0.0,0.0,1.0,0.0,,,0,0,0,Helius verified first buyer,2026-08-20 04:37:45
96UxTcwjst875yUa4XJMgsM7J3m2My8iVFK4qGJMXsFs,,,1700510302,0.0,0.0,0.0,0,0,0,0.0,0.0,1.0,0.0,,,0,0,0,Helius verified first buyer,2026-08-20 04:37:45
GW9uWjhxJxdwcR499w9bS9DdYV8oyKxd46rSASBGrTXy,,,1700510302,0.0,0.0,0.0,0,0,0,0.0,0.0,1.0,0.0,,,0,0,0,Helius verified first buyer,2026-08-20 04:37:46
2UBsDoKsZaE77Lbq84t94FJr8ufsGBkMPD1eTMDcSzZL,,,1700510302,0.0,0.0,0.0,0,0,0,0.0,0.0,1.0,0.0,,,0,0,0,Helius verified first buyer,2026-08-20 04:39:32
6hg7EFpy8QC3bFJvo5fn3NSLy7vGrzqosAfTtJPBMRqS,,,1700510302,0.0,0.0,0.0,0,0,0,0.0,0.0,1.0,0.0,,,0,0,0,Helius verified first buyer,2026-08-20 04:37:46
2BxKG5aAnn3p7UPr4G4diBVrgap3sbQFtidZvEzGV8Hc,,,1700510302,0.0,0.0,0.0,0,0,0,0.0,0.0,1.0,0.0,,,0,0,0,Helius verified first buyer,2026-08-20 04:37:46
6CxLREB6VbQarG9LgorHuJTTb8xZLHpBqrQPGHUkb4J1,,,1700510302,0.0,0.0,0.0,0,0,0,0.0,0.0,1.0,0.3,,,0,0,0,Helius verified first buyer,2026-08-20 04:42:38
9EovPaGrRL7UKG4m7og3Vxfx5vmz8hHRtEoZkgiAekg5,,,1700510304,0.0,0.0,0.0,0,0,0,0.0,0.0,1.0,0.0,,,0,0,0,Helius verified first buyer,2026-08-20 04:37:47
p1isaj5XKpHsUk5s676RsAb1L19PHcKqjPorH8YyqqC,,,1700510304,0.0,0.0,0.0,0,0,0,0.0,0.0,1.0,0.0,,,0,0,0,Helius verified first buyer,2026-08-20 04:37:47
DTvTMRhJ33z1nYtFGFiXti4XWpzVW5fzBnWRfDvZDZft,,,1700510305,0.0,0.0,0.0,0,0,0,0.0,0.0,1.0,0.0,,,0,0,0,Helius verified first buyer,2026-08-20 04:37:48
8pZLbhy4X9FwDFu9YQYLXLJwgvcp8aiWJgBUBnkr3cAm,,,1700510306,0.0,0.0,0.0,0,0,0,0.0,0.0,1.0,0.0,,,0,0,0,Helius verified first buyer,2026-08-20 04:37:48
4TDWz3B5uzXut3H7RZXtsrJ2N2bJuUnhKKW18YYYTkvU,,,1700510306,0.0,0.0,0.0,0,0,0,0.0,0.0,1.0,0.0,,,0,0,0,Helius verified first buyer,2026-08-20 04:37:49
HZQ2JyjvqgaxdWTzkZ7YVsZZeLyPcYHHQqQhiEa4KjxJ,,,1700510306,0.0,0.0,0.0,0,0,0,0.0,0.0,1.0,0.0,,,0,0,0,Helius verified first buyer,2026-08-20 04:37:49
Bc8SDhTQQ8irFXR9BnaaexaxkVcTdGDDi99ZDqbYqNbu,,,1700510306,0.0,0.0,0.0,0,0,0,0.0,0.0,1.0,0.0,,,0,0,0,Helius verified first buyer,2026-08-20 04:40:20
BiH3RGrg7XjHuNbnQ48jo152Bu5FRmazhqQN9zzr5VHR,,,1700510307,0.0,0.0,0.0,0,0,0,0.0,0.0,1.0,0.0,,,0,0,0,Helius verified first buyer,2026-08-20 04:37:50
CRfxtHuxfrZjcEzgtaT7AibPNuBWx2Ro7ntHc6uFYPGY,,,1700510308,0.0,0.0,0.0,0,0,0,0.0,0.0,1.0,0.0,,,0,0,0,Helius verified first buyer,2026-08-20 04:37:50
Bewd9T3KBUfGmDnL4C5u4QJvwHde8YRHE121bR3v9TyW,,,1700510308,0.0,0.0,0.0,0,0,0,0.0,0.0,1.0,0.0,,,0,0,0,Helius verified first buyer,2026-08-20 04:37:50
7QCiXCg34xXmP1L32WnNgqvvrrWqNMnRtkhvWXkn18tE,,,1700510310,0.0,0.0,0.0,0,0,0,0.0,0.0,1.0,0.0,,,0,0,0,Helius verified first buyer,2026-08-20 04:37:51
2gUk8gbmzYm9KP5d3EmJtUZUNSqPZNEEYaVM2kts4Qb7,,,1700510310,0.0,0.0,0.0,0,0,0,0.0,0.0,1.0,0.0,,,0,0,0,Helius verified first buyer,2026-08-20 04:37:51
4rdM9dpNDaivjFGARgx6EgBJL3AtGcnuU6DEcBTSGnTG,,,1700510310,0.0,0.0,0.0,0,0,0,0.0,0.0,1.0,0.0,,,0,0,0,Helius verified first buyer,2026-08-20 04:37:51
3AKtmPKDxpKghj3sZXxhRobNoqZWsE1f7xyBmoBsm2cP,,,1700510311,0.0,0.0,0.0,0,0,0,0.0,0.0,1.0,0.0,,,0,0,0,Helius verified first buyer,2026-08-20 04:37:51
uRAkvbYp9vrHWaauadCCggYo9Vx1N47n7B8GFTXvPVk,,,1700510311,0.0,0.0,0.0,0,0,0,0.0,0.0,1.0,0.0,,,0,0,0,Helius verified first buyer,2026-08-20 04:37:52
2VYixXaEd1wU88qVbz1A9Maf4odwYWohPB2Luu4eeueJ,,,1700510311,0.0,0.0,0.0,0,0,0,0.0,0.0,1.0,0.0,,,0,0,0,Helius verified first buyer,2026-08-20 04:40:14
2szozLfNTJ21MEB8ZveBPQNzRFTvKEypaxMi3rfd2moC,,,1700510311,0.0,0.0,0.0,0,0,0,0.0,0.0,1.0,0.0,,,0,0,0,Helius verified first buyer,2026-08-20 04:37:52
8mHVYgzLpPNXPwq6DUL1rjVcBGnByGD9JYJt5z6gz2UR,,,1700510311,0.0,0.0,0.0,0,0,0,0.0,0.0,1.0,0.0,,,0,0,0,Helius verified first buyer,2026-08-20 04:37:53
2LcKMF8wPRAPexXQdXiCmFyK2xct6F8m8H8o6FhKKgz4,,,1700510312,0.0,0.0,0.0,0,0,0,0.0,0.0,1.0,0.0,,,0,0,0,Helius verified first buyer,2026-08-20 04:38:10
E3oaN6Uc23zpwvpphQikHRKTfZKyBVsGqRPS7rxExHVV,,,1700510313,0.0,0.0,0.0,0,0,0,0.0,0.0,1.0,0.0,,,0,0,0,Helius verified first buyer,2026-08-20 04:37:53
6tg8ufSkDsGbV2Rf8tJvSd5ny5ZErAAerQUfJ6RM7vdk,,,1700510314,0.0,0.0,0.0,0,0,0,0.0,0.0,1.0,0.0,,,0,0,0,Helius verified first buyer,2026-08-20 04:37:54
3vhqPzfugsCKunE8AKKkhdDrxa3dcJrxcbRi8PqWLpC6,,,1700510314,0.0,0.0,0.0,0,0,0,0.0,0.0,1.0,0.0,,,0,0,0,Helius verified first buyer,2026-08-20 04:37:54
UyMgTaRv49Xjng7UsxUazqAhmKvxEzdWabfYdn9tNPm,,,1700510314,0.0,0.0,0.0,0,0,0,0.0,0.0,1.0,0.0,,,0,0,0,Helius verified first buyer,2026-08-20 04:37:54
HSLbwBByWUTD9JAsmBJvy4ek7jwTqzyBZg1p7Z7rJKwt,,,1700510314,0.0,0.0,0.0,0,0,0,0.0,0.0,1.0,0.0,,,0,0,0,Helius verified first buyer,2026-08-20 04:37:54
4NidCMFE48EoTpEw1mzkZZmg9Unt7AioJnkpHJQrRJ1b,,,1700510319,0.0,0.0,0.0,0,0,0,0.0,0.0,1.0,0.0,,,0,0,0,Helius verified first buyer,2026-08-20 04:37:56
3VLz4WqkYjCQSHahWufrz1hEtacj17PcLRgqYvE4pvGk,,,1700510319,0.0,0.0,0.0,0,0,0,0.0,0.0,1.0,0.0,,,0,0,0,Helius verified first buyer,2026-08-20 04:37:56
98zWtfLtYY9tfhRYzr42bCmVTy3RjomVkLsLqqi171vm,,,1700510320,0.0,0.0,0.0,0,0,0,0.0,0.0,1.0,0.0,,,0,0,0,Helius verified first buyer,2026-08-20 04:37:56
EqVeY5yM2aLuM9Tsbni1redW84QfZ17KNXBd79S1WbUB,,,1700510321,0.0,0.0,0.0,0,0,0,0.0,0.0,1.0,0.0,,,0,0,0,Helius verified first buyer,2026-08-20 04:37:56
9gXFFiN3BTH2P83cYVBQB6kYYgaQqu8NuEHgVtN9WjRe,,,1700510321,0.0,0.0,0.0,0,0,0,0.0,0.0,1.0,0.0,,,0,0,0,Helius verified first buyer,2026-08-20 04:37:56
98GbguH5cvk9GV2HAWCq4xVjZfvoc1iCWqFQ64Y1zyzF,,,1700510322,0.0,0.0,0.0,0,0,0,0.0,0.0,1.0,0.0,,,0,0,0,Helius verified first buyer,2026-08-20 04:37:57
E4cs1vichVQYw5YTBLXMwBNM7QzY4w8AVeW6UTeBx3EF,,,1700510323,0.0,0.0,0.0,0,0,0,0.0,0.0,1.0,0.0,,,0,0,0,Helius verified first buyer,2026-08-20 04:37:57
8LehducFm512YFTsbC645N9HKppz2PCCtHsrwzwPHA9V,,,1700510324,0.0,0.0,0.0,0,0,0,0.0,0.0,1.0,0.0,,,0,0,0,Helius verified first buyer,2026-08-20 04:37:57
22H1WK1ha5gNPFHv9mJvKeiQ2moZw6R84uhDEGHyjmKB,,,1700510325,0.0,0.0,0.0,0,0,0,0.0,0.0,1.0,0.0,,,0,0,0,Helius verified first buyer,2026-08-20 04:40:08
F4VsPFEvPjTpenqajXakEJD9zdrHGZrSisoThwmMdRZs,,,1700510327,0.0,0.0,0.0,0,0,0,0.0,0.0,1.0,0.0,,,0,0,0,Helius verified first buyer,2026-08-20 04:37:58
2K1c2jRFp7ptEzRG6BWxDJBzEUqKwDFPqj2vjKrk8tRy,,,1700510327,0.0,0.0,0.0,0,0,0,0.0,0.0,1.0,0.0,,,0,0,0,Helius verified first buyer,2026-08-20 04:37:58
8uV7NRkgWn3aoWS1jjQH8exTh7X1KyZSxTGGQLVbEpFk,,,1700510331,0.0,0.0,0.0,0,0,0,0.0,0.0,1.0,0.0,,,0,0,0,Helius verified first buyer,2026-08-20 04:37:58
Fm7azZVLLLHmq2uGrPRdkZTbitBFYr8T5zGzkJGhYHW,,,1700510331,0.0,0.0,0.0,0,0,0,0.0,0.0,1.0,0.0,,,0,0,0,Helius verified first buyer,2026-08-20 04:37:58
G3CYgcdtQt5vyxgroTEwk7cGC8ECh7EdkVLph2HfvtUj,,,1700510332,0.0,0.0,0.0,0,0,0,0.0,0.0,1.0,0.0,,,0,0,0,Helius verified first buyer,2026-08-20 04:37:59
Ew598tWAanTQBfS9CzXktuLQRrBNkPgregoosTLZYkb1,,,1700510332,0.0,0.0,0.0,0,0,0,0.0,0.0,1.0,0.0,,,0,0,0,Helius verified first buyer,2026-08-20 04:39:06
BTrACugSiNZmrnHJuB76vaRpypnJ2caz6qVVnFdSUiEV,,,1700510332,0.0,0.0,0.0,0,0,0,0.0,0.0,1.0,0.0,,,0,0,0,Helius verified first buyer,2026-08-20 04:37:59
BvGPr1NCEicqVjMoAjgkT1cFsewdHus4QTp99nbWNjEP,,,1700510332,0.0,0.0,0.0,0,0,0,0.0,0.0,1.0,0.0,,,0,0,0,Helius verified first buyer,2026-08-20 04:37:59
329hnfRacwfbHd3iZsTp2mR551phx9v3PiiU3PrrEwCw,,,1700510333,0.0,0.0,0.0,0,0,0,0.0,0.0,1.0,0.0,,,0,0,0,Helius verified first buyer,2026-08-20 04:38:00
8hfWTyGZZyh1PXnH7Tg7ZLz69PsVSAsDs4p1ErYN4grC,,,1700510333,0.0,0.0,0.0,0,0,0,0.0,0.0,1.0,0.0,,,0,0,0,Helius verified first buyer,2026-08-20 04:38:00
7j65T48dW1stFgYf2J518itM2R3HYZVXSMaxQS3mNWh,,,1700510333,0.0,0.0,0.0,0,0,0,0.0,0.0,1.0,0.0,,,0,0,0,Helius verified first buyer,2026-08-20 04:38:00
7usQ7T1sfJxpaNn8wkbqn3HVkdDoBKFhN8KZD2vNKq7b,,,1700510338,0.0,0.0,0.0,0,0,0,0.0,0.0,1.0,0.0,,,0,0,0,Helius verified first buyer,2026-08-20 04:38:01
ABVHfeMcjGZ5tAAHWnvTZW3bzXvm8vti2ZpCepUryUKT,,,1700510342,0.0,0.0,0.0,0,0,0,0.0,0.0,1.0,0.0,,,0,0,0,Helius verified first buyer,2026-08-20 04:38:01
B2dj7zjCcPGpnWtDSyRDfgDQSb8HTvgGTTrcMN5JT3kU,,,1700510342,0.0,0.0,0.0,0,0,0,0.0,0.0,1.0,0.0,,,0,0,0,Helius verified first buyer,2026-08-20 04:38:01
9Vfm8v8imXtUqQmCu21sHJEi7Urr6S7LLYXPX9kaWkkX,,,1700510344,0.0,0.0,0.0,0,0,0,0.0,0.0,1.0,0.0,,,0,0,0,Helius verified first buyer,2026-08-20 04:38:01
AvqKWihsvNy1em9GK3YYsNkkMgBmt1kTqxGUvfK9JMAH,,,1700510346,0.0,0.0,0.0,0,0,0,0.0,0.0,1.0,0.0,,,0,0,0,Helius verified first buyer,2026-08-20 04:38:01
s6G7svnPrYXGcL8vepxJTAhS2BMZNijgLXa8zvBmcYr,,,1700510348,0.0,0.0,0.0,0,0,0,0.0,0.0,1.0,0.0,,,0,0,0,Helius verified first buyer,2026-08-20 04:38:02
DhVNFC4NB8GnNpEKd9M7gYCAv2KGKsCnjCG24iQbnzom,,,1700510350,0.0,0.0,0.0,0,0,0,0.0,0.0,1.0,0.0,,,0,0,0,Helius verified first buyer,2026-08-20 04:38:02
4wtjPeSKgPZjCEApuvY5565sAF8wTqU3tU2dyAzTPpnx,,,1700510350,0.0,0.0,0.0,0,0,0,0.0,0.0,1.0,0.0,,,0,0,0,Helius verified first buyer,2026-08-20 04:38:02
4DbwNshT6FQhmd1G1XBs1mPnhqbyjM1zmRB55jPQQJdF,,,1700510351,0.0,0.0,0.0,0,0,0,0.0,0.0,1.0,0.0,,,0,0,0,Helius verified first buyer,2026-08-20 04:38:03
A4koRYH14iH35wAFY74jecm8RfAyCjzcQFenjnx6Fh51,,,1700510352,0.0,0.0,0.0,0,0,0,0.0,0.0,1.0,0.0,,,0,0,0,Helius verified first buyer,2026-08-20 04:38:03
HWZ91r5LMSysK9VmdpYDGQLqiAvv1aytrKHowF3ypmBf,,,1700510352,0.0,0.0,0.0,0,0,0,0.0,0.0,1.0,0.0,,,0,0,0,Helius verified first buyer,2026-08-20 04:38:03
Am2SptNqhBRwfB3cWHiVzynETNpV8AFYLgnvsm3bMSC9,,,1700510352,0.0,0.0,0.0,0,0,0,0.0,0.0,1.0,0.0,,,0,0,0,Helius verified first buyer,2026-08-20 04:38:04
EPgroXapVxGtwVbVdPZo8CL5n4b28KTuK9LDXx5Yfo5B,,,1700510355,0.0,0.0,0.0,0,0,0,0.0,0.0,1.0,0.0,,,0,0,0,Helius verified first buyer,2026-08-20 04:38:04
AiHk8pzJ69gaPboTWBptGra5NHYWFZ5Ew8GqH7A3iPJ2,,,1700510356,0.0,0.0,0.0,0,0,0,0.0,0.0,1.0,0.0,,,0,0,0,Helius verified first buyer,2026-08-20 04:38:04
9zimUgKbNd3NFipxksZPqkabo7bWLnTphr5s8UDnhQoq,,,1700510356,0.0,0.0,0.0,0,0,0,0.0,0.0,1.0,0.0,,,0,0,0,Helius verified first buyer,2026-08-20 04:38:04
JDXGDxR8qpPaEcQuBtbp2eCRPDFqzdCoPYX3eEvRxM9,,,1700510356,0.0,0.0,0.0,0,0,0,0.0,0.0,1.0,0.0,,,0,0,0,Helius verified first buyer,2026-08-20 04:38:05
BMtsc9tnawZMEwH7iMtYmz4sBmY1KVmCGFWXB7xDj2Z,,,1700510358,0.0,0.0,0.0,0,0,0,0.0,0.0,1.0,0.3,,,0,0,0,Helius verified first buyer,2026-08-20 04:41:30
HnGZpAUH5ebocSpYTxVMfDiS1ctD9iQahQ2oBKoFdx5v,,,1700510359,0.0,0.0,0.0,0,0,0,0.0,0.0,1.0,0.0,,,0,0,0,Helius verified first buyer,2026-08-20 04:38:05
GWqPW9FeZxHKMwg9gEYa2fehfzAsyHxUDkSECoU3oyLm,,,1700510360,0.0,0.0,0.0,0,0,0,0.0,0.0,1.0,0.0,,,0,0,0,Helius verified first buyer,2026-08-20 04:38:05
67btYL3KUmcYJg5hvcGH3ev5Y6KZxU449HmNX9Kd3ip4,,,1700510361,0.0,0.0,0.0,0,0,0,0.0,0.0,1.0,0.0,,,0,0,0,Helius verified first buyer,2026-08-20 04:38:06
HvXqaN8k66FLS9JDTChEaMg5zUHUpSqyznW8hvnemnZQ,,,1700510363,0.0,0.0,0.0,0,0,0,0.0,0.0,1.0,0.0,,,0,0,0,Helius verified first buyer,2026-08-20 04:38:06
whyysd6UGj7pstMLb4CAwbFK155jwsKLvSsVazH8s2Y,,,1700510363,0.0,0.0,0.0,0,0,0,0.0,0.0,1.0,0.0,,,0,0,0,Helius verified first buyer,2026-08-20 04:38:06
2QVuH2xDQpncis95vrmdDwS6PxPekg5ecJVT5yvs3xmx,,,1700510363,0.0,0.0,0.0,0,0,0,0.0,0.0,1.0,0.0,,,0,0,0,Helius verified first buyer,2026-08-20 04:38:06
G2scoC5Ey3UyGdrfmtRsdvLHTacfH4yaSwGKs1tSEFxw,,,1700510363,0.0,0.0,0.0,0,0,0,0.0,0.0,1.0,0.3,,,0,0,0,Helius verified first buyer,2026-08-20 04:47:46
HTmM7zr4oXhDDawFEaJKCSZiQzThBTF7HkvmSCW8F9UC,,,1700510365,0.0,0.0,0.0,0,0,0,0.0,0.0,1.0,0.0,,,0,0,0,Helius verified first buyer,2026-08-20 04:38:07
Eob3XPgcjBaekt4QxSr5A3DGsLR9VaCUQiRDYRzDfeiT,,,1700510365,0.0,0.0,0.0,0,0,0,0.0,0.0,1.0,0.0,,,0,0,0,Helius verified first buyer,2026-08-20 04:38:07
ARG5tAATAEwHz9jAvG1juJUVy33TNDFdVV8we1nM2E43,,,1700510365,0.0,0.0,0.0,0,0,0,0.0,0.0,1.0,0.0,,,0,0,0,Helius verified first buyer,2026-08-20 04:38:07
CWYdwNE7bYpiT8aWyrBHcMWcag9F4LAkPQ34JHtjvYpS,,,1700510366,0.0,0.0,0.0,0,0,0,0.0,0.0,1.0,0.0,,,0,0,0,Helius verified first buyer,2026-08-20 04:38:08
3rifrbSvsd2YMydAD9sg4yuGsPPVrW8KZLVnFg64tQNr,,,1700510366,0.0,0.0,0.0,0,0,0,0.0,0.0,1.0,0.3,,,0,0,0,Helius verified first buyer,2026-08-20 04:45:02
DQU4wLJYNKigKTXuYHxqCndYQrWbFNDR12PTiLJSMjqZ,,,1700510367,0.0,0.0,0.0,0,0,0,0.0,0.0,1.0,0.0,,,0,0,0,Helius verified first buyer,2026-08-20 04:38:08
AiE29K5DAHoE7DPUQfrUhggru1aDuAvkXt1bkW1CpyvA,,,1700510367,0.0,0.0,0.0,0,0,0,0.0,0.0,1.0,0.0,,,0,0,0,Helius verified first buyer,2026-08-20 04:38:08
4CJi6Cs7cH583FwK5Gk7rmGY2n5cmGqxKfnqAWptH8ZW,,,1700510367,0.0,0.0,0.0,0,0,0,0.0,0.0,1.0,0.0,,,0,0,0,Helius verified first buyer,2026-08-20 04:38:09
HeQHn1GyZhCbY3AvwJvr1VunmsktUetat7SiT2s83PtE,,,1700510368,0.0,0.0,0.0,0,0,0,0.0,0.0,1.0,0.0,,,0,0,0,Helius verified first buyer,2026-08-20 04:38:09
54mhnkCKNyAzf1TvS25sUTytvwFkqYKkWsC2kNirafaH,,,1700510369,0.0,0.0,0.0,0,0,0,0.0,0.0,1.0,0.3,,,0,0,0,Helius verified first buyer,2026-08-20 04:42:20
Au59EfQbiG6riF7zYFU3widayKfqYGyt5CRgfzmEdxMY,,,1700510374,0.0,0.0,0.0,0,0,0,0.0,0.0,1.0,0.0,,,0,0,0,Helius verified first buyer,2026-08-20 04:38:09
Hoed3ZugbsVXMrJwaXsbXigovBsDLdPjughXfZS1eEB7,,,1700510375,0.0,0.0,0.0,0,0,0,0.0,0.0,1.0,0.0,,,0,0,0,Helius verified first buyer,2026-08-20 04:38:10
3E9jLD3t57YD6u6mSrSZ2ccC22D9oQXoPKsX1WdNcuP5,,,1700510375,0.0,0.0,0.0,0,0,0,0.0,0.0,1.0,0.0,,,0,0,0,Helius verified first buyer,2026-08-20 04:38:10
uju5MtosevpfH9xG6ToLR7kSY7gNA2asTZ1iHzBD95u,,,1700510376,0.0,0.0,0.0,0,0,0,0.0,0.0,1.0,0.0,,,0,0,0,Helius verified first buyer,2026-08-20 04:38:10
43MQJhqnwhNiTdH4moPg2AAnLbV9iqYyJQdrvvKVeDog,,,1700510378,0.0,0.0,0.0,0,0,0,0.0,0.0,1.0,0.0,,,0,0,0,Helius verified first buyer,2026-08-20 04:38:10
3mQmKRVa5upCZrPmS4rvA7vbsFkVptThwZqjfyy87mA1,,,1700510383,0.0,0.0,0.0,0,0,0,0.0,0.0,1.0,0.0,,,0,0,0,Helius verified first buyer,2026-08-20 04:38:11
Hwsj6WJBvcPF6e5qghTHBkGW2289kYF5TQy2QQggxUfp,,,1700510384,0.0,0.0,0.0,0,0,0,0.0,0.0,1.0,0.0,,,0,0,0,Helius verified first buyer,2026-08-20 04:38:11
HdhdAn2XGxtxeY1yY11Hc3y1fUVyWC4S6qpsHoJ3NpdS,,,1700510386,0.0,0.0,0.0,0,0,0,0.0,0.0,1.0,0.0,,,0,0,0,Helius verified first buyer,2026-08-20 04:38:11
Bu5SREn3wiNjtUKJdVqCa5TVhYtMauXDAaQtiNprzYbT,,,1700510387,0.0,0.0,0.0,0,0,0,0.0,0.0,1.0,0.0,,,0,0,0,Helius verified first buyer,2026-08-20 04:39:32
5ysxeNNJ6yCuz5UM5WDqCv7xUNexuQPoMB35FoX3RZVM,,,1700510390,0.0,0.0,0.0,0,0,0,0.0,0.0,1.0,0.0,,,0,0,0,Helius verified first buyer,2026-08-20 04:38:12
6YZaXqQH77DxnkATeND5XdgZNW4M2FWpUtopmLbzjitP,,,1700510394,0.0,0.0,0.0,0,0,0,0.0,0.0,1.0,0.0,,,0,0,0,Helius verified first buyer,2026-08-20 04:38:12
9EwyPkDEnAjYrMYRpv82YxNnD3CQAumTkKuiY3pFaKYR,,,1700510394,0.0,0.0,0.0,0,0,0,0.0,0.0,1.0,0.0,,,0,0,0,Helius verified first buyer,2026-08-20 04:38:12
3qy2RyMuMzctbfbPs8ZBNEqXkT9BkW33SiCoHaBHDWzK,,,1700510394,0.0,0.0,0.0,0,0,0,0.0,0.0,1.0,0.0,,,0,0,0,Helius verified first buyer,2026-08-20 04:38:12
9sqikPML4YdNgfTz7GRwANstWRZ6dHjmQTAh7269k5a1,,,1700510396,0.0,0.0,0.0,0,0,0,0.0,0.0,1.0,0.0,,,0,0,0,Helius verified first buyer,2026-08-20 04:38:13
5beHoXSiJJ4bFoPSQPePnuhw8eoDXkHhULR4AJMnstnv,,,1700510397,0.0,0.0,0.0,0,0,0,0.0,0.0,1.0,0.0,,,0,0,0,Helius verified first buyer,2026-08-20 04:38:13
7rsjBuZqtxbdYAA9zCp8N7yCiosVUpBe8eG9CAfHukgZ,,,1700510397,0.0,0.0,0.0,0,0,0,0.0,0.0,1.0,0.0,,,0,0,0,Helius verified first buyer,2026-08-20 04:40:37
89JiAKAH971xHKKW86nM2Ebxt2umTdxfUhDk9us2o2Gj,,,1700510397,0.0,0.0,0.0,0,0,0,0.0,0.0,1.0,0.0,,,0,0,0,Helius verified first buyer,2026-08-20 04:38:13
CngA3ekDphA64a6M4MMYoucX7JrNWSWtztHQuxveZeX2,,,1700510401,0.0,0.0,0.0,0,0,0,0.0,0.0,1.0,0.0,,,0,0,0,Helius verified first buyer,2026-08-20 04:38:14
gcrTfQPKVFepMFP9xSAuwo52qS52RGgChg24K9prrdx,,,1700510403,0.0,0.0,0.0,0,0,0,0.0,0.0,1.0,0.0,,,0,0,0,Helius verified first buyer,2026-08-20 04:39:45
GV8n7t7hwFHTnhQLG6VGWpMTZr4et76vG9KLib26j2C1,,,1700510403,0.0,0.0,0.0,0,0,0,0.0,0.0,1.0,0.0,,,0,0,0,Helius verified first buyer,2026-08-20 04:38:15
BgQwcJiFgzJMpb7h3QL7MwNSbVbkrpf47jjj4XW7q2oL,,,1700510403,0.0,0.0,0.0,0,0,0,0.0,0.0,1.0,0.0,,,0,0,0,Helius verified first buyer,2026-08-20 04:38:15
51jGuVo9hzt8rzsGasxJNviSgVoz6W3weuTo9SkPb43R,,,1700510403,0.0,0.0,0.0,0,0,0,0.0,0.0,1.0,0.0,,,0,0,0,Helius verified first buyer,2026-08-20 04:38:15
tnddmL6DwMez6JcbuJnbCTavPqb8nG4AJRRZkVUqH1K,,,1700510407,0.0,0.0,0.0,0,0,0,0.0,0.0,1.0,0.0,,,0,0,0,Helius verified first buyer,2026-08-20 04:38:16
BsE9xGrwdF1AjwT68cHWRxhs7ejkzXLKDzUyFXGkafYB,,,1700510408,0.0,0.0,0.0,0,0,0,0.0,0.0,1.0,0.0,,,0,0,0,Helius verified first buyer,2026-08-20 04:40:14
BW448H36WUQpqQGxmk24LZKva3LGDhneKY5FHSg9LDZQ,,,1700510408,0.0,0.0,0.0,0,0,0,0.0,0.0,1.0,0.0,,,0,0,0,Helius verified first buyer,2026-08-20 04:38:17
EdAFyo6v5uGxinTrzN1BBFUxMfnVDME883VnwmwquJS,,,1700510408,0.0,0.0,0.0,0,0,0,0.0,0.0,1.0,0.3,,,0,0,0,Helius verified first buyer,2026-08-20 04:41:54
3SRgwtRFJAbx1YknfJnjDwEVBMGEZokJmCyMmtjb55aV,,,1700510408,0.0,0.0,0.0,0,0,0,0.0,0.0,1.0,0.0,,,0,0,0,Helius verified first buyer,2026-08-20 04:38:17
49hBf2MzYuhvQns1MDSaZXro3kyEByHfAmgRs4wRk7qR,,,1700510409,0.0,0.0,0.0,0,0,0,0.0,0.0,1.0,0.0,,,0,0,0,Helius verified first buyer,2026-08-20 04:38:17
AbQjnSNAdaJ1g9qsM2DomxaWFraGp4pH2FF27rns9Zfr,,,1700510409,0.0,0.0,0.0,0,0,0,0.0,0.0,1.0,0.0,,,0,0,0,Helius verified first buyer,2026-08-20 04:38:18
GXHjeezQCS5YW5WmiMJS6id7WM4vYjw8PX4Q5XkUxyrk,,,1700510409,0.0,0.0,0.0,0,0,0,0.0,0.0,1.0,0.0,,,0,0,0,Helius verified first buyer,2026-08-20 04:38:18
EyJzqvvLeMgD7vxXYtUybfHat5TbU6xCXbBmmv4MSaXv,,,1700510410,0.0,0.0,0.0,0,0,0,0.0,0.0,1.0,0.0,,,0,0,0,Helius verified first buyer,2026-08-20 04:38:18
79axbzveE3SkCVxTyrd66biSAT55eu5kkXdW21TJkHrN,,,1700510410,0.0,0.0,0.0,0,0,0,0.0,0.0,1.0,0.0,,,0,0,0,Helius verified first buyer,2026-08-20 04:38:18
HaThFV5cdw8iA9D4zBZdawnJLnjqp6fgsiY19FG7VLAe,,,1700510410,0.0,0.0,0.0,0,0,0,0.0,0.0,1.0,0.0,,,0,0,0,Helius verified first buyer,2026-08-20 04:38:20
7MaNB39swLDTGafMs5Au2PDUR2XEtGPvzooBLsfHxoev,,,1700510411,0.0,0.0,0.0,0,0,0,0.0,0.0,1.0,0.0,,,0,0,0,Helius verified first buyer,2026-08-20 04:38:20
CohaLKcNdGezTjekMaxsYUNieG3Cr8s8WQSjc4NkqbFo,,,1700510411,0.0,0.0,0.0,0,0,0,0.0,0.0,1.0,0.0,,,0,0,0,Helius verified first buyer,2026-08-20 04:38:20
CdbpYt4tiUWXncQS5dVBgta1az5qsQdguSMHr9rG4N8Y,,,1700510411,0.0,0.0,0.0,0,0,0,0.0,0.0,1.0,0.0,,,0,0,0,Helius verified first buyer,2026-08-20 04:38:20
D6bRDHx2P8hVscRvBwpwvzvqPTEe8Ys1f7wBPiE2emmu,,,1700510412,0.0,0.0,0.0,0,0,0,0.0,0.0,1.0,0.0,,,0,0,0,Helius verified first buyer,2026-08-20 04:38:21
YYepJ5WYjsxMNLrqm9tanDDBxGdGZb9KFu715g4qDPE,,,1700510412,0.0,0.0,0.0,0,0,0,0.0,0.0,1.0,0.0,,,0,0,0,Helius verified first buyer,2026-08-20 04:38:21
D6Su6LyJTyaKmzYorFkDmGJLRjbQVf9KRvRkJe7E8LH3,,,1700510414,0.0,0.0,0.0,0,0,0,0.0,0.0,1.0,0.0,,,0,0,0,Helius verified first buyer,2026-08-20 04:38:26
5KD5dGgxbc4WTYGXa2baqkZ3mjvLFbTZpEJwqtTDSusc,,,1700510414,0.0,0.0,0.0,0,0,0,0.0,0.0,1.0,0.0,,,0,0,0,Helius verified first buyer,2026-08-20 04:38:21
HTEFC2ENd1cXKyqV5w8nKeLnBfWMcvoGKrkmzTgLxnVj,,,1700510415,0.0,0.0,0.0,0,0,0,0.0,0.0,1.0,0.0,,,0,0,0,Helius verified first buyer,2026-08-20 04:38:22
DEBmMeW6UunF9k4R4tMsmZB2C9CHNncj5SNY1GkMDv74,,,1700510416,0.0,0.0,0.0,0,0,0,0.0,0.0,1.0,0.0,,,0,0,0,Helius verified first buyer,2026-08-20 04:38:22
8YX5Xt9WZe91yiBsPPKwhTtcncDzY2MWqAMVNJ6ZKVQU,,,1700510417,0.0,0.0,0.0,0,0,0,0.0,0.0,1.0,0.0,,,0,0,0,Helius verified first buyer,2026-08-20 04:39:39
8J7cJ16GQ4e8ZFeiHwqT7t8zTRAsouucFRU7N8jkyr9u,,,1700510418,0.0,0.0,0.0,0,0,0,0.0,0.0,1.0,0.0,,,0,0,0,Helius verified first buyer,2026-08-20 04:38:22
3JP8H4mBgnn7z25pNmNEQJMMqvJnhWrXN3PDjczZHFhC,,,1700510420,0.0,0.0,0.0,0,0,0,0.0,0.0,1.0,0.0,,,0,0,0,Helius verified first buyer,2026-08-20 04:38:23
BmtwNcq2YsmaUuS7QyG1tF9egG3eahk1xAcUekiWMmPZ,,,1700510421,0.0,0.0,0.0,0,0,0,0.0,0.0,1.0,0.0,,,0,0,0,Helius verified first buyer,2026-08-20 04:38:23
5fmykYmfzfCgXtTMi2dySjHnyzxG7ShyrvumJTw22ez6,,,1700510422,0.0,0.0,0.0,0,0,0,0.0,0.0,1.0,0.0,,,0,0,0,Helius verified first buyer,2026-08-20 04:38:23
2iPxWx5ghFvQPz9F4V5ijazAxKhD22iWgM8ZXnivGQgy,,,1700510422,0.0,0.0,0.0,0,0,0,0.0,0.0,1.0,0.0,,,0,0,0,Helius verified first buyer,2026-08-20 04:38:24
7VZykJdGo9nu33guXCPrd9UYrh5b3FiBkK8D3eZkEW7,,,1700510424,0.0,0.0,0.0,0,0,0,0.0,0.0,1.0,0.0,,,0,0,0,Helius verified first buyer,2026-08-20 04:38:24
6BhsXZfjRc9Fhz4P2D6KXn1fCVdZWoAfk44sbjsAHkMo,,,1700510428,0.0,0.0,0.0,0,0,0,0.0,0.0,1.0,0.0,,,0,0,0,Helius verified first buyer,2026-08-20 04:38:24
5Jg3nJc75MxPpqA5ZCDWyM363FjkX5ivijk1D2VK3bCo,,,1700510430,0.0,0.0,0.0,0,0,0,0.0,0.0,1.0,0.0,,,0,0,0,Helius verified first buyer,2026-08-20 04:38:25
J8m3e5G7c77rj13H1zSPXExUvtzMLSyqq1i94duvwLz2,,,1700510431,0.0,0.0,0.0,0,0,0,0.0,0.0,1.0,0.3,,,0,0,0,Helius verified first buyer,2026-08-20 04:42:46
DxTUoDnWFmhmJ3zrByQLh7td2Qx8QkTJn2RinebRhiL8,,,1700510432,0.0,0.0,0.0,0,0,0,0.0,0.0,1.0,0.0,,,0,0,0,Helius verified first buyer,2026-08-20 04:38:25
FH5rvdrsuFmS3hRJotNcSPxNtHtqwa5KUEj1g9owaScc,,,1700510433,0.0,0.0,0.0,0,0,0,0.0,0.0,1.0,0.0,,,0,0,0,Helius verified first buyer,2026-08-20 04:38:26
HeaD71CGonLAS9xr6qtYTtTAb3vJmU2UD6fR6stYh1KH,,,1700510433,0.0,0.0,0.0,0,0,0,0.0,0.0,1.0,0.0,,,0,0,0,Helius verified first buyer,2026-08-20 04:38:26
SCaMrbx78vrpnTqWQciphGYKhLHCE9KfQrSWxdcZvHP,,,1700510433,0.0,0.0,0.0,0,0,0,0.0,0.0,1.0,0.0,,,0,0,0,Helius verified first buyer,2026-08-20 04:38:26
2fk9b3F3aJnBubZ9sFWqMbQ9e9AAdeVtXYFQZHmgEBWV,,,1700510435,0.0,0.0,0.0,0,0,0,0.0,0.0,1.0,0.0,,,0,0,0,Helius verified first buyer,2026-08-20 04:38:27
9oXRiXkV4WxZtXBgBEtdXCWJsGGRZ8sPvFCdYgWJZ9g8,,,1700510436,0.0,0.0,0.0,0,0,0,0.0,0.0,1.0,0.0,,,0,0,0,Helius verified first buyer,2026-08-20 04:38:27
2gztpTzSheStxHY2Ywic7z2tcdJJ4XnUwVfkmDiYkg2M,,,1700510436,0.0,0.0,0.0,0,0,0,0.0,0.0,1.0,0.0,,,0,0,0,Helius verified first buyer,2026-08-20 04:38:27
RkbC2YnMh2SaBjZzRVcnpaPPETmQFvGQykW3GRjgFXm,,,1700510437,0.0,0.0,0.0,0,0,0,0.0,0.0,1.0,0.0,,,0,0,0,Helius verified first buyer,2026-08-20 04:38:27
85u7qz8EoELknD5oNgZL9U98LxtwW6wxi6HpVrNHsWiK,,,1700510437,0.0,0.0,0.0,0,0,0,0.0,0.0,1.0,0.0,,,0,0,0,Helius verified first buyer,2026-08-20 04:38:28
EFJnhJ7Sb22KUAb5dZVcvWT9sog6mtEmYwg4k1GoQLtj,,,1700510437,0.0,0.0,0.0,0,0,0,0.0,0.0,1.0,0.0,,,0,0,0,Helius verified first buyer,2026-08-20 04:38:28
6cN5c8TBUSPnp15T7kEWiRSEsWG2aeasxUnjiRQkTy4A,,,1700510439,0.0,0.0,0.0,0,0,0,0.0,0.0,1.0,0.0,,,0,0,0,Helius verified first buyer,2026-08-20 04:38:28
A8vK3js1edbg6bZP7iGVfWsFmdkLwReh7yfayXHp7TzX,,,1700510440,0.0,0.0,0.0,0,0,0,0.0,0.0,1.0,0.0,,,0,0,0,Helius verified first buyer,2026-08-20 04:38:28
59VeXSec7sx4gh1XHPRn1eyCd5KFHZRPEiyWFjK1WpGp,,,1700510441,0.0,0.0,0.0,0,0,0,0.0,0.0,1.0,0.0,,,0,0,0,Helius verified first buyer,2026-08-20 04:38:29
HuGAErioRJvNTUDaK4wvo24JwjmUE3rBLVdHCZeWLHcn,,,1700510442,0.0,0.0,0.0,0,0,0,0.0,0.0,1.0,0.0,,,0,0,0,Helius verified first buyer,2026-08-20 04:38:29
Di37NiHHbYiDwr6AKDgcWGTWJD66VGbkJDduGY3tjkS4,,,1700510447,0.0,0.0,0.0,0,0,0,0.0,0.0,1.0,0.0,,,0,0,0,Helius verified first buyer,2026-08-20 04:38:29
2cSsWeb3v7uD4dGgcqoCNWBwBcos9iK7jEEfyVTH2LSZ,,,1700510449,0.0,0.0,0.0,0,0,0,0.0,0.0,1.0,0.0,,,0,0,0,Helius verified first buyer,2026-08-20 04:38:30
C528QLC281j3BY8ruqYGsjqJVdo72Hsu5EeHVRWUswnd,,,1700510450,0.0,0.0,0.0,0,0,0,0.0,0.0,1.0,0.0,,,0,0,0,Helius verified first buyer,2026-08-20 04:38:30
9K2VG9PXjTz2E1wuJnXLRQeKVCayMDHt4k9gDLdq5Mzq,,,1700510450,0.0,0.0,0.0,0,0,0,0.0,0.0,1.0,0.0,,,0,0,0,Helius verified first buyer,2026-08-20 04:38:30
A2vkuASMaWageEoBduyBWh6KUZQ7eoZZ3ffg37DAS2h4,,,1700510450,0.0,0.0,0.0,0,0,0,0.0,0.0,1.0,0.0,,,0,0,0,Helius verified first buyer,2026-08-20 04:38:30
HhQJ2DTJPMT7DR2Tg7xRPHuTWBNmZJ85Gw41cgqqXrop,,,1700510450,0.0,0.0,0.0,0,0,0,0.0,0.0,1.0,0.0,,,0,0,0,Helius verified first buyer,2026-08-20 04:38:30
47um6NJAzHPMWnEcXcwG12LKXkkro2uYgvxGXYa36yfR,,,1700510453,0.0,0.0,0.0,0,0,0,0.0,0.0,1.0,0.0,,,0,0,0,Helius verified first buyer,2026-08-20 04:38:31
GyWDFgRbYeefQr8k7EPn9mzcMNFvKWdQLkokVqujGQeW,,,1700510457,0.0,0.0,0.0,0,0,0,0.0,0.0,1.0,0.3,,,0,0,0,Helius verified first buyer,2026-08-20 04:45:05
6qecSffSrbYDzJoonaCFwakTmBdikHR9m74owBe5qpBM,,,1700510457,0.0,0.0,0.0,0,0,0,0.0,0.0,1.0,0.0,,,0,0,0,Helius verified first buyer,2026-08-20 04:38:31
Ee94RBKmEdM4Po8jK5Nu1Er8EM4Rgjqnyg3bgrUMe5QD,,,1700510458,0.0,0.0,0.0,0,0,0,0.0,0.0,1.0,0.0,,,0,0,0,Helius verified first buyer,2026-08-20 04:38:31
7YUMBcBoHnkm2e9kopotQXbnJVaefvNiTzyRDtMeTdem,,,1700510458,0.0,0.0,0.0,0,0,0,0.0,0.0,1.0,0.0,,,0,0,0,Helius verified first buyer,2026-08-20 04:38:32
BnofW8ncoLthFp4Xu3KFDoSRy5KNEcd8Ycvi9H97Vz6y,,,1700510459,0.0,0.0,0.0,0,0,0,0.0,0.0,1.0,0.0,,,0,0,0,Helius verified first buyer,2026-08-20 04:38:32
AuRNTGEsoC4GnWUMJkJx5HKU3669WdmgmQxbbyoEJesM,,,1700510460,0.0,0.0,0.0,0,0,0,0.0,0.0,1.0,0.0,,,0,0,0,Helius verified first buyer,2026-08-20 04:38:32
G9KGvCFGSTHSB1pzdc38S6FCZmjQ3Y6gK1GLWjdUHX35,,,1700510460,0.0,0.0,0.0,0,0,0,0.0,0.0,1.0,0.0,,,0,0,0,Helius verified first buyer,2026-08-20 04:38:32
DGT9gVWDJyv8C4qRD6ffqyRyWNeje4Pa5mbgRbfkbjLM,,,1700510462,0.0,0.0,0.0,0,0,0,0.0,0.0,1.0,0.0,,,0,0,0,Helius verified first buyer,2026-08-20 04:38:32
ARxzW9chM1wNFFGMWxvakCP86JB1KUiHm31dCEvJcJyx,,,1700510463,0.0,0.0,0.0,0,0,0,0.0,0.0,1.0,0.0,,,0,0,0,Helius verified first buyer,2026-08-20 04:38:33
GLf82418u3jtRDrbZeCm2p2xNrq1M38NgejuCe8XhXdh,,,1700510466,0.0,0.0,0.0,0,0,0,0.0,0.0,1.0,0.0,,,0,0,0,Helius verified first buyer,2026-08-20 04:38:33
7n7h83VCkX4K8dBg8wAMzBxoJzzUNhKmJRE7hMDLfdX3,,,1700510467,0.0,0.0,0.0,0,0,0,0.0,0.0,1.0,0.0,,,0,0,0,Helius verified first buyer,2026-08-20 04:38:33
5VtYZoXN26rrBD4dM8f6AznkNnbwhhiiwTViMfy8h8nh,,,1700510467,0.0,0.0,0.0,0,0,0,0.0,0.0,1.0,0.0,,,0,0,0,Helius verified first buyer,2026-08-20 04:38:33
DRt43hu6YtMGtf4WgZZeptPSmZxHgTJSCQQTpa1YY9Bt,,,1700510468,0.0,0.0,0.0,0,0,0,0.0,0.0,1.0,0.0,,,0,0,0,Helius verified first buyer,2026-08-20 04:38:33
DRVpHoBCWMEC5Nmw2xtxWRBXpy2upqysm12KtXHtMWM4,,,1700510468,0.0,0.0,0.0,0,0,0,0.0,0.0,1.0,0.0,,,0,0,0,Helius verified first buyer,2026-08-20 04:38:34
ERCqkou2e4UWjkXC2NP8HKDeepdBAAW8q38WD9CTotZp,,,1700510468,0.0,0.0,0.0,0,0,0,0.0,0.0,1.0,0.0,,,0,0,0,Helius verified first buyer,2026-08-20 04:38:34
HCTz1JVf6uHKWaL5rRbi5uPjEjQw9zEp7T4yVnqh51K,,,1700510472,0.0,0.0,0.0,0,0,0,0.0,0.0,1.0,0.0,,,0,0,0,Helius verified first buyer,2026-08-20 04:38:34
92U2aHu7E755gtTkNmu29XvgViwMxVHurD7AKZpsBJ7D,,,1700510472,0.0,0.0,0.0,0,0,0,0.0,0.0,1.0,0.0,,,0,0,0,Helius verified first buyer,2026-08-20 04:38:34
Dw1ztTrgbzQmM16Vokm3j9wq1M99PqEY49CCZMN2gPjC,,,1700510472,0.0,0.0,0.0,0,0,0,0.0,0.0,1.0,0.0,,,0,0,0,Helius verified first buyer,2026-08-20 04:38:34
HVxuhkUWJzjnj4D3YYqUGGHQVFLq2vL5zWzNYcku76X5,,,1700510472,0.0,0.0,0.0,0,0,0,0.0,0.0,1.0,0.0,,,0,0,0,Helius verified first buyer,2026-08-20 04:38:35
BaaHxAQkxXAwhqPC16wKbycr9SrGqU1s4VTM4CxrTsib,,,1700510473,0.0,0.0,0.0,0,0,0,0.0,0.0,1.0,0.0,,,0,0,0,Helius verified first buyer,2026-08-20 04:38:35
FMiper3Upxo2PpddSmgQtDjBwUs9uZQfhWESE6LMHWpr,,,1700510474,0.0,0.0,0.0,0,0,0,0.0,0.0,1.0,0.0,,,0,0,0,Helius verified first buyer,2026-08-20 04:38:35
HXQiQe8T6ceq3W7AA3xarQCbP47fsFJMGTBpGjsgvZ11,,,1700510476,0.0,0.0,0.0,0,0,0,0.0,0.0,1.0,0.0,,,0,0,0,Helius verified first buyer,2026-08-20 04:38:36
984TXBzBqFwqqJ4iaK91EUZQzka2X2aTm7MGT7RbYUEL,,,1700510477,0.0,0.0,0.0,0,0,0,0.0,0.0,1.0,0.0,,,0,0,0,Helius verified first buyer,2026-08-20 04:38:36
J9uuTTC5XZKdTLX9SzYcJ5gLUDqMykcGXVcfmbdgU3cP,,,1700510477,0.0,0.0,0.0,0,0,0,0.0,0.0,1.0,0.0,,,0,0,0,Helius verified first buyer,2026-08-20 04:38:36
3J7hJ35kPYR7FAf92z8ejysFCyg9Lb8K93BN4Qi4DoCw,,,1700510481,0.0,0.0,0.0,0,0,0,0.0,0.0,1.0,0.0,,,0,0,0,Helius verified first buyer,2026-08-20 04:38:36
75JHsay1trh2sm5AX9iFgFHZUWHbQqMkwpYsAKTK8222,,,1700510481,0.0,0.0,0.0,0,0,0,0.0,0.0,1.0,0.0,,,0,0,0,Helius verified first buyer,2026-08-20 04:38:37
F1X2cuivco9tq2oLqWVPkVDM1QaouUcoP4pkTNYR5WC6,,,1700510481,0.0,0.0,0.0,0,0,0,0.0,0.0,1.0,0.0,,,0,0,0,Helius verified first buyer,2026-08-20 04:38:37
EU3hjkZzYsZqksivDoTPrPAhA4P4KmqfpsB9rqXRDoQU,,,1700510481,0.0,0.0,0.0,0,0,0,0.0,0.0,1.0,0.0,,,0,0,0,Helius verified first buyer,2026-08-20 04:38:37
HZyizQb6G5p7jkPS4iPfGpr4Pw7gMUAanygs7AA3Ww2t,,,1700510484,0.0,0.0,0.0,0,0,0,0.0,0.0,1.0,0.0,,,0,0,0,Helius verified first buyer,2026-08-20 04:38:37
7Rw2AgtEgoi4PGi1QqyT5rBK5udGmPRp7v3FTwVWoHfZ,,,1700510484,0.0,0.0,0.0,0,0,0,0.0,0.0,1.0,0.0,,,0,0,0,Helius verified first buyer,2026-08-20 04:38:38
9ryQWDNKiKSuGuZXSHombhAVvtJ6cKL4XQHDgLZh7zR7,,,1700510485,0.0,0.0,0.0,0,0,0,0.0,0.0,1.0,0.0,,,0,0,0,Helius verified first buyer,2026-08-20 04:38:38
3Jei5xrVTQ2i977nnH3tkkWkfMcYTeBFc1F8U6vauBHt,,,1700510487,0.0,0.0,0.0,0,0,0,0.0,0.0,1.0,0.0,,,0,0,0,Helius verified first buyer,2026-08-20 04:38:38
C3NhBpgxRjKp1P6kXgj1eaNsPgUF3AEwYtcWsFDCtuVc,,,1700510488,0.0,0.0,0.0,0,0,0,0.0,0.0,1.0,0.0,,,0,0,0,Helius verified first buyer,2026-08-20 04:38:38
5h8oCXmVYk5J7y1umqjnrnAdxi1DPouBEf4Nno65SRqB,,,1700510496,0.0,0.0,0.0,0,0,0,0.0,0.0,1.0,0.0,,,0,0,0,Helius verified first buyer,2026-08-20 04:38:38
HXYRFMRf7EsHGwKdc2jZMVcaXYcC1yVQpD5bJjhMG97B,,,1700510496,0.0,0.0,0.0,0,0,0,0.0,0.0,1.0,0.0,,,0,0,0,Helius verified first buyer,2026-08-20 04:38:39
5NmiPr1iiGG4kVfmtzSuYAz8SpKZaEWzDNKYtigG7K2b,,,1700510497,0.0,0.0,0.0,0,0,0,0.0,0.0,1.0,0.0,,,0,0,0,Helius verified first buyer,2026-08-20 04:38:39
9eBTkn4SQBdrL8bN2BMUriUAwWVaAuhbo5tfn6yvaEAr,,,1700510497,0.0,0.0,0.0,0,0,0,0.0,0.0,1.0,0.0,,,0,0,0,Helius verified first buyer,2026-08-20 04:38:55
D8UbLupyAcYbL9sHyP3MjD7Ta4QEieFAmDtnBtBPybmt,,,1700510499,0.0,0.0,0.0,0,0,0,0.0,0.0,1.0,0.0,,,0,0,0,Helius verified first buyer,2026-08-20 04:38:39
2Sysszu59epqKTp1iUh8wKKKtbUvP7AkSsVoxMrcPFAJ,,,1700510499,0.0,0.0,0.0,0,0,0,0.0,0.0,1.0,0.0,,,0,0,0,Helius verified first buyer,2026-08-20 04:38:40
BxWdJHFZWbcByEfZoSGL9Cgeb63qPBk6vMNLp3VbqKH4,,,1700510499,0.0,0.0,0.0,0,0,0,0.0,0.0,1.0,0.0,,,0,0,0,Helius verified first buyer,2026-08-20 04:38:40
85fxfGddccVt6kFJdLXdnE3a6JbUufaxegorXciqYu2H,,,1700510502,0.0,0.0,0.0,0,0,0,0.0,0.0,1.0,0.0,,,0,0,0,Helius verified first buyer,2026-08-20 04:38:40
5VpYwXUkZyLmnaBDXkVjwuBPBzbht46NCkSFUAP4MC2s,,,1700510503,0.0,0.0,0.0,0,0,0,0.0,0.0,1.0,0.0,,,0,0,0,Helius verified first buyer,2026-08-20 04:38:40
GuV2R4nAkdhjjLT93Rhb3wwDmBDPU4frDnST7FE6d1xg,,,1700510504,0.0,0.0,0.0,0,0,0,0.0,0.0,1.0,0.0,,,0,0,0,Helius verified first buyer,2026-08-20 04:38:41
CzQapqmuw1KtD3GK2hGn4AUwqh3d1dagAseqhQMK4tdU,,,1700510504,0.0,0.0,0.0,0,0,0,0.0,0.0,1.0,0.0,,,0,0,0,Helius verified first buyer,2026-08-20 04:38:41
ABBHnZHKoe3Vq7kYhpU3JEX8gB3xRKCZnxAXe37MtRqG,,,1700510504,0.0,0.0,0.0,0,0,0,0.0,0.0,1.0,0.0,,,0,0,0,Helius verified first buyer,2026-08-20 04:38:41
9q667SDd7s5rLWRWaySH6Qx7fiPi1keXtH7mZdHWJZVB,,,1700510504,0.0,0.0,0.0,0,0,0,0.0,0.0,1.0,0.9,,,0,0,0,Helius verified first buyer,2026-08-20 04:45:05
6rg7Pq1dQFNDyGbtuFTsjtuMkDLEey53X344ncEi8XRW,,,1700510504,0.0,0.0,0.0,0,0,0,0.0,0.0,1.0,0.0,,,0,0,0,Helius verified first buyer,2026-08-20 04:38:42
FEwnD26d71DNEULTwGxv6HXC8TGEhapegyb6fhipjEgJ,,,1700510505,0.0,0.0,0.0,0,0,0,0.0,0.0,1.0,0.0,,,0,0,0,Helius verified first buyer,2026-08-20 04:38:49
EpHJdfXzP6NdQhow9WSkQkLPvRJqsVLodVJX9366NErv,,,1700510509,0.0,0.0,0.0,0,0,0,0.0,0.0,1.0,0.0,,,0,0,0,Helius verified first buyer,2026-08-20 04:38:42
4fAZ6LQvK4ptwaAGDKeXConzYmGNVLQNBDPFRxTeXfs3,,,1700510509,0.0,0.0,0.0,0,0,0,0.0,0.0,1.0,0.0,,,0,0,0,Helius verified first buyer,2026-08-20 04:38:44
GsApFBmrymWFu35rqDUmd18VwgUwYjMtDxSk1EEkvCF,,,1700510512,0.0,0.0,0.0,0,0,0,0.0,0.0,1.0,0.0,,,0,0,0,Helius verified first buyer,2026-08-20 04:38:44
4jXLXSzZdaErJS79AV8f9bjshHhj1gyF9Zz6LsHru61u,,,1700510512,0.0,0.0,0.0,0,0,0,0.0,0.0,1.0,0.0,,,0,0,0,Helius verified first buyer,2026-08-20 04:38:44
4MTsZak7dkvrUKcAgJxQ1Q79wxNdJjDWfbcoysHLw1H2,,,1700510513,0.0,0.0,0.0,0,0,0,0.0,0.0,1.0,0.0,,,0,0,0,Helius verified first buyer,2026-08-20 04:38:44
CGvgDjohXpVMf6sPVGQuCWq236CAd4EEYYcxuFfe7yWo,,,1700510513,0.0,0.0,0.0,0,0,0,0.0,0.0,1.0,0.0,,,0,0,0,Helius verified first buyer,2026-08-20 04:38:45
CPXR6hfrFTorx94AgAFbgy7zRwW4fhsaR9114X1CFKH6,,,1700510513,0.0,0.0,0.0,0,0,0,0.0,0.0,1.0,0.0,,,0,0,0,Helius verified first buyer,2026-08-20 04:38:45
BvKM52yUzcmDAfQai6bBYetJQB6hytqnimdEh1GcWzJ2,,,1700510513,0.0,0.0,0.0,0,0,0,0.0,0.0,1.0,0.0,,,0,0,0,Helius verified first buyer,2026-08-20 04:38:46
472ARXag3jxjmoxqcws2SGMuKuQQ8XTDY1e19GAwngGF,,,1700510514,0.0,0.0,0.0,0,0,0,0.0,0.0,1.0,0.0,,,0,0,0,Helius verified first buyer,2026-08-20 04:38:46
B3Qt17d8i3vXLVpK4FCb7nbDmJdo98YmrS6mWvYoa8JW,,,1700510514,0.0,0.0,0.0,0,0,0,0.0,0.0,1.0,0.0,,,0,0,0,Helius verified first buyer,2026-08-20 04:38:46
2pKKhcFCcMhkG4RozyszcF1Sc6Ti6k5t2sJsBmRpQP3S,,,1700510515,0.0,0.0,0.0,0,0,0,0.0,0.0,1.0,0.0,,,0,0,0,Helius verified first buyer,2026-08-20 04:38:47
2vGxT1oKFi3yXeV8hV5tajbE7kW9XWrbdkVTCXVaJJGP,,,1700510515,0.0,0.0,0.0,0,0,0,0.0,0.0,1.0,0.0,,,0,0,0,Helius verified first buyer,2026-08-20 04:38:47
dSKHhVhvrPXu86EpFw8u2c4xPSstFus5EzXXaNLYkFv,,,1700510516,0.0,0.0,0.0,0,0,0,0.0,0.0,1.0,0.0,,,0,0,0,Helius verified first buyer,2026-08-20 04:38:47
8PR9KLjM8ugQXnghBRbEpJCRk9SFD9SoZu32d4rNdzqr,,,1700510518,0.0,0.0,0.0,0,0,0,0.0,0.0,1.0,0.9,,,0,0,0,Helius verified first buyer,2026-08-20 04:45:04
2uTREk7QPDCuNNHuXvKRzvXUWVhAuB1Wmzmj3b3p2iHi,,,1700510519,0.0,0.0,0.0,0,0,0,0.0,0.0,1.0,0.0,,,0,0,0,Helius verified first buyer,2026-08-20 04:39:58
9FfxMGSfdwDjiCz4YJ6ewdw4FcGp49ePEAEtAjvd9WRL,,,1700510520,0.0,0.0,0.0,0,0,0,0.0,0.0,1.0,0.0,,,0,0,0,Helius verified first buyer,2026-08-20 04:38:48
4rvBqTt32bHXYTCHTGhZZ77bMWkNCDbtT7NizKVozqZp,,,1700510524,0.0,0.0,0.0,0,0,0,0.0,0.0,1.0,0.0,,,0,0,0,Helius verified first buyer,2026-08-20 04:38:49
Dmbt6DS2KGPo9hiJYFnNG1w6yUvu7REExzST7rGqRoUg,,,1700510525,0.0,0.0,0.0,0,0,0,0.0,0.0,1.0,0.0,,,0,0,0,Helius verified first buyer,2026-08-20 04:38:49
3yxxm6f4kuAwRanE5qvFccHN29Y3cPmtfJZG9qpeeKfx,,,1700510526,0.0,0.0,0.0,0,0,0,0.0,0.0,1.0,0.0,,,0,0,0,Helius verified first buyer,2026-08-20 04:38:49
25Sr5jdyvUAhLwJCCiQf6Jn4eXa6KqjgyDLB8qfDmjPt,,,1700510527,0.0,0.0,0.0,0,0,0,0.0,0.0,1.0,0.0,,,0,0,0,Helius verified first buyer,2026-08-20 04:38:50
7MJxU1SyLxCD7nX27KpfkAApVBPZsFc16XvW1ej5aCak,,,1700510528,0.0,0.0,0.0,0,0,0,0.0,0.0,1.0,0.0,,,0,0,0,Helius verified first buyer,2026-08-20 04:38:50
G1Y1FcDyAqyyWKeeeGq7o61gXMcLWffjpeSdu3NaywQD,,,1700510528,0.0,0.0,0.0,0,0,0,0.0,0.0,1.0,0.0,,,0,0,0,Helius verified first buyer,2026-08-20 04:38:50
BLkVEPYJcyP4o3PzqfaJPKetmNpbXemas3VdxRo7DPQx,,,1700510529,0.0,0.0,0.0,0,0,0,0.0,0.0,1.0,0.0,,,0,0,0,Helius verified first buyer,2026-08-20 04:38:51
58brYzJgWom3ZBzx1myDsrvuv6ZZbCTY9SraWsoA58VD,,,1700510529,0.0,0.0,0.0,0,0,0,0.0,0.0,1.0,0.0,,,0,0,0,Helius verified first buyer,2026-08-20 04:38:51
TLGfbnpUJtY3W3Vaqm8FfTTjZosoTzs5Fni9RdpLTd2,,,1700510530,0.0,0.0,0.0,0,0,0,0.0,0.0,1.0,0.0,,,0,0,0,Helius verified first buyer,2026-08-20 04:38:51
CPTjRRbF8zdvhsvxwEtrPUkY3yUuEG4ZsHAn9pEBGyb5,,,1700510530,0.0,0.0,0.0,0,0,0,0.0,0.0,1.0,0.0,,,0,0,0,Helius verified first buyer,2026-08-20 04:38:51
5x4mL4XRbUU8S25asbgCtbF1Cf1fPKw2sA9pZanUDk8C,,,1700510531,0.0,0.0,0.0,0,0,0,0.0,0.0,1.0,0.0,,,0,0,0,Helius verified first buyer,2026-08-20 04:38:52
3j7CzmafrvjoTD22LCiV784X2obdCjxcMF39a5EmGjUe,,,1700510532,0.0,0.0,0.0,0,0,0,0.0,0.0,1.0,0.0,,,0,0,0,Helius verified first buyer,2026-08-20 04:38:52
HZkH2bQVTkbf8teE2RQRam6S76AHGDGXhJLE53LTFh34,,,1700510532,0.0,0.0,0.0,0,0,0,0.0,0.0,1.0,0.0,,,0,0,0,Helius verified first buyer,2026-08-20 04:38:52
CB3yY9eg3NXRpQgdFv64QfU8Aoaprug6u9w5b3ofoTP,,,1700510535,0.0,0.0,0.0,0,0,0,0.0,0.0,1.0,0.0,,,0,0,0,Helius verified first buyer,2026-08-20 04:38:59
E97JW7BKv7VwdZfCdqwhboAmCCSJbFJSx6HhAmNDNJsc,,,1700510535,0.0,0.0,0.0,0,0,0,0.0,0.0,1.0,0.0,,,0,0,0,Helius verified first buyer,2026-08-20 04:38:53
CsfCAsrfBFBSwrcasM7QyHGucQ2qEVdpxdt4RsSPyW9r,,,1700510539,0.0,0.0,0.0,0,0,0,0.0,0.0,1.0,0.0,,,0,0,0,Helius verified first buyer,2026-08-20 04:38:53
7t2rbwafTqPKjtGzHDQ1feGQ6h8FtNF8uxjPqQc5iszU,,,1700510542,0.0,0.0,0.0,0,0,0,0.0,0.0,1.0,0.0,,,0,0,0,Helius verified first buyer,2026-08-20 04:38:53
D1o9nEUJbEnSQ6tjqZy3NBRkGTgc7CNJ7woBzwxjh3tU,,,1700510542,0.0,0.0,0.0,0,0,0,0.0,0.0,1.0,0.0,,,0,0,0,Helius verified first buyer,2026-08-20 04:40:19
8G6AQXAT5o4GQ9kchMZY63JAs9qRo8FB9wcn8nvUaZZU,,,1700510546,0.0,0.0,0.0,0,0,0,0.0,0.0,1.0,0.0,,,0,0,0,Helius verified first buyer,2026-08-20 04:38:54
HzRJquVLTzmV2RFPRGcqu6cv6hczcxcwpz2zYs1LeKNW,,,1700510547,0.0,0.0,0.0,0,0,0,0.0,0.0,1.0,0.0,,,0,0,0,Helius verified first buyer,2026-08-20 04:38:54
CefAkbEehDoqU1FfLF5Ju81QpSrpJ5bYemjxqggy1ctE,,,1700510551,0.0,0.0,0.0,0,0,0,0.0,0.0,1.0,0.0,,,0,0,0,Helius verified first buyer,2026-08-20 04:38:54
2JSaxzhKQSiZEmbthcXsfvaw9LgLug5ntMC56mnHz7df,,,1700510554,0.0,0.0,0.0,0,0,0,0.0,0.0,1.0,0.0,,,0,0,0,Helius verified first buyer,2026-08-20 04:38:54
7HwGobhsGG3ZxXTvJaJKFtZfFyZk1uXkAMpqckYEKSVm,,,1700510555,0.0,0.0,0.0,0,0,0,0.0,0.0,1.0,0.0,,,0,0,0,Helius verified first buyer,2026-08-20 04:38:55
C8JVPF5CiCgbKcgGenb71t54gbkJQnXKiyCPnknuHwWd,,,1700510557,0.0,0.0,0.0,0,0,0,0.0,0.0,1.0,0.0,,,0,0,0,Helius verified first buyer,2026-08-20 04:38:55
AkBu5LFUdLpUFyzoRdbqwCBf9HCfFAhJfXGzkCVn4Zyp,,,1700510558,0.0,0.0,0.0,0,0,0,0.0,0.0,1.0,0.0,,,0,0,0,Helius verified first buyer,2026-08-20 04:38:56
J4oqB1L5a9dm3TWXHgZVEeUPF6posgsn1taEjUj2LseV,,,1700510562,0.0,0.0,0.0,0,0,0,0.0,0.0,1.0,0.0,,,0,0,0,Helius verified first buyer,2026-08-20 04:38:56
9AbFQ6PKy9UqfTgQNcfDMozW4es3Rr8FGTCE2afgo7QJ,,,1700510562,0.0,0.0,0.0,0,0,0,0.0,0.0,1.0,0.0,,,0,0,0,Helius verified first buyer,2026-08-20 04:40:04
BLAckYHc9FKJPfv71Cb37f5YpcfYjaaHei9VTUDEMN3x,,,1700510563,0.0,0.0,0.0,0,0,0,0.0,0.0,1.0,0.0,,,0,0,0,Helius verified first buyer,2026-08-20 04:38:56
2DTvT8Qt7mQ5Y2XeLZ2ovfoHTmSD7kv6ZnRz1zNSxiR4,,,1700510565,0.0,0.0,0.0,0,0,0,0.0,0.0,1.0,0.0,,,0,0,0,Helius verified first buyer,2026-08-20 04:38:57
D16VCErG9f1rngFzf7h5AY28AaLQCw4jMfA9qRDcU2FF,,,1700510569,0.0,0.0,0.0,0,0,0,0.0,0.0,1.0,0.0,,,0,0,0,Helius verified first buyer,2026-08-20 04:38:57
3dGrbu11UqsaBL9QKpQNjLidHE7fZbcVigk3CmXqkbDY,,,1700510569,0.0,0.0,0.0,0,0,0,0.0,0.0,1.0,0.0,,,0,0,0,Helius verified first buyer,2026-08-20 04:38:57
6tVY1RA9Xvzdg1esyteihbcrsQa8Nxzj16KUvjMiZHG2,,,1700510570,0.0,0.0,0.0,0,0,0,0.0,0.0,1.0,0.0,,,0,0,0,Helius verified first buyer,2026-08-20 04:38:57
ppGRG7vAiEZfPmdQFYSpEhUQPy1HDzHJsgnka4s6ymi,,,1700510574,0.0,0.0,0.0,0,0,0,0.0,0.0,1.0,0.0,,,0,0,0,Helius verified first buyer,2026-08-20 04:38:58
AifUHooNzUWgUcASJGWRATivrvqmVo9DLUouWDMv1XVz,,,1700510577,0.0,0.0,0.0,0,0,0,0.0,0.0,1.0,0.0,,,0,0,0,Helius verified first buyer,2026-08-20 04:38:58
F56BXJ8HhsBJQibir83PEimiTTnFztbXJWiHCgeJoNCJ,,,1700510577,0.0,0.0,0.0,0,0,0,0.0,0.0,1.0,0.0,,,0,0,0,Helius verified first buyer,2026-08-20 04:40:10
82cq9zdZs4yjbBUvoBffzJtqUuF2vF1MDu58M9PqQi5h,,,1700510579,0.0,0.0,0.0,0,0,0,0.0,0.0,1.0,0.0,,,0,0,0,Helius verified first buyer,2026-08-20 04:38:59
BvGoBABDUvxt8PWsRVgzcSudXKuPAxDMq1DzX8yTm2WE,,,1700510587,0.0,0.0,0.0,0,0,0,0.0,0.0,1.0,0.0,,,0,0,0,Helius verified first buyer,2026-08-20 04:38:59
2gdQyrp7ruaFWG25Kv9hhUTckLpjhDJiUyqfn7G6JR6T,,,1700510589,0.0,0.0,0.0,0,0,0,0.0,0.0,1.0,0.0,,,0,0,0,Helius verified first buyer,2026-08-20 04:38:59
Cgu5KEGKjAoXvL6bhHcwCZsLhoi5RraUsirFLCSnW77J,,,1700510591,0.0,0.0,0.0,0,0,0,0.0,0.0,1.0,0.0,,,0,0,0,Helius verified first buyer,2026-08-20 04:39:00
mB6CEdQ47MvSyHuEWu1YMknxuqFbRkFGQDvg5h1fmTH,,,1700510591,0.0,0.0,0.0,0,0,0,0.0,0.0,1.0,0.0,,,0,0,0,Helius verified first buyer,2026-08-20 04:39:00
7cxtdiDsvgs7F2t8RAaUQX7n2GgfnGKjTsKyPqBLYhy3,,,1700510591,0.0,0.0,0.0,0,0,0,0.0,0.0,1.0,0.0,,,0,0,0,Helius verified first buyer,2026-08-20 04:39:00
B89qHNDzBsYdvrhB8Hv9a2zauRaiP9nyWtJ3AZTnKDU7,,,1700510592,0.0,0.0,0.0,0,0,0,0.0,0.0,1.0,0.0,,,0,0,0,Helius verified first buyer,2026-08-20 04:39:04
Fbhm3uyHibVkjfpNQ4RCRWSyxMueLSuMDx7hb48vfhmn,,,1700510592,0.0,0.0,0.0,0,0,0,0.0,0.0,1.0,0.0,,,0,0,0,Helius verified first buyer,2026-08-20 04:39:01
EeconxoA44xDFJPrsdfhFPLt7xkrLNQMish1tZ8CqHqW,,,1700510592,0.0,0.0,0.0,0,0,0,0.0,0.0,1.0,0.0,,,0,0,0,Helius verified first buyer,2026-08-20 04:39:01
HR5SmrXRRtDgKTvViqstYAYRALMPtmcSH3efAfEkLWRD,,,1700510592,0.0,0.0,0.0,0,0,0,0.0,0.0,1.0,0.0,,,0,0,0,Helius verified first buyer,2026-08-20 04:39:01
D85t31JuAe8tgjQVQRPQCSRCVHmfUkBAXvao2EL6gZL4,,,1700510592,0.0,0.0,0.0,0,0,0,0.0,0.0,1.0,0.0,,,0,0,0,Helius verified first buyer,2026-08-20 04:39:02
2thhDbhz8avfwkzSmK3VMpUFwJjVFdWzKqq1SR47UBLR,,,1700510593,0.0,0.0,0.0,0,0,0,0.0,0.0,1.0,0.0,,,0,0,0,Helius verified first buyer,2026-08-20 04:39:02
ETVUEZrULn5RxjfbX2o6RecNHCNmM6KNuLveAXshPXDo,,,1700510593,0.0,0.0,0.0,0,0,0,0.0,0.0,1.0,0.0,,,0,0,0,Helius verified first buyer,2026-08-20 04:39:02
9pNj45mHUSwrhmascqtbZwdjKB3iP3oiwqtfR1Uq4YnQ,,,1700510593,0.0,0.0,0.0,0,0,0,0.0,0.0,1.0,0.0,,,0,0,0,Helius verified first buyer,2026-08-20 04:39:03
5K96tJ9EVbcu9XKHdTMoSvtFLQqmghFoDdSWSY34xeBc,,,1700510594,0.0,0.0,0.0,0,0,0,0.0,0.0,1.0,0.0,,,0,0,0,Helius verified first buyer,2026-08-20 04:39:03
4bHWQrt6sskKEhypUrKkiA494FkhaWKTXDGBYazonBKz,,,1700510594,0.0,0.0,0.0,0,0,0,0.0,0.0,1.0,0.0,,,0,0,0,Helius verified first buyer,2026-08-20 04:39:03
Cc1ThUAzcSppdNrveio9YB4k523XwqLpBknHjKZtmPvD,,,1700510596,0.0,0.0,0.0,0,0,0,0.0,0.0,1.0,0.0,,,0,0,0,Helius verified first buyer,2026-08-20 04:39:03
ARKJX8DKm1BJ2cfgNRLbC7xAjBPMUk7pw6Msd1ebf57L,,,1700510598,0.0,0.0,0.0,0,0,0,0.0,0.0,1.0,0.0,,,0,0,0,Helius verified first buyer,2026-08-20 04:39:04
4QQvx4sXtD8sGgpVNNCWME6pqMtJto1Er2tZxdhW2zbk,,,1700510600,0.0,0.0,0.0,0,0,0,0.0,0.0,1.0,0.0,,,0,0,0,Helius verified first buyer,2026-08-20 04:39:04
2wWBaUwi3LPnwysUaHyzJH1dtFERSP9hN8XVqzLjGxoS,,,1700510601,0.0,0.0,0.0,0,0,0,0.0,0.0,1.0,0.0,,,0,0,0,Helius verified first buyer,2026-08-20 04:39:05
5yYLimamiUgdQ5f3YmetaW4XVfpz793Nnz22pMsxSULG,,,1700510604,0.0,0.0,0.0,0,0,0,0.0,0.0,1.0,0.0,,,0,0,0,Helius verified first buyer,2026-08-20 04:39:05
BwqGfGuAtvTjjfFm2vKyKbLdgtpK32oX6B5yrj5EHKuk,,,1700510606,0.0,0.0,0.0,0,0,0,0.0,0.0,1.0,0.0,,,0,0,0,Helius verified first buyer,2026-08-20 04:39:05
74QgXZXLkuYxHNhQW4QwsrkEGmQybQaRh9iRe1uHaBXE,,,1700510607,0.0,0.0,0.0,0,0,0,0.0,0.0,1.0,0.0,,,0,0,0,Helius verified first buyer,2026-08-20 04:39:05
HkTPnEz1gx9qAgy8sAfAM6Stqf2wGAXXM4GjhTbLHtm6,,,1700510610,0.0,0.0,0.0,0,0,0,0.0,0.0,1.0,0.0,,,0,0,0,Helius verified first buyer,2026-08-20 04:39:06
DMNKeqWrPBix4i3ZYgndaBeD8vRemWsnhPinGiDrv4RX,,,1700510613,0.0,0.0,0.0,0,0,0,0.0,0.0,1.0,0.0,,,0,0,0,Helius verified first buyer,2026-08-20 04:39:06
29PgAnfcSucVF5tm1fZ4ndMPbxq98TatUdMDzZznUB8B,,,1700510615,0.0,0.0,0.0,0,0,0,0.0,0.0,1.0,0.0,,,0,0,0,Helius verified first buyer,2026-08-20 04:39:06
2PFrfpxEKTs4Xa2gP2wS9ZAECsoLtzHGt2zodwdGWVRH,,,1700510616,0.0,0.0,0.0,0,0,0,0.0,0.0,1.0,0.0,,,0,0,0,Helius verified first buyer,2026-08-20 04:39:07
D6iCGTLioa1mKdN1mPp2DGh4eGw6vaTUCJbfjm8zFGPN,,,1700510618,0.0,0.0,0.0,0,0,0,0.0,0.0,1.0,0.0,,,0,0,0,Helius verified first buyer,2026-08-20 04:39:07
HJK2jfpfzW2kw2uzA3dtmBHyxFFXPgMoNfiPmmk8XQTd,,,1700510630,0.0,0.0,0.0,0,0,0,0.0,0.0,1.0,0.0,,,0,0,0,Helius verified first buyer,2026-08-20 04:39:07
GLRWhjd6K2bfnE7FjyfPPVGRpBmdzKwCGMquDaKdcVrN,,,1700510631,0.0,0.0,0.0,0,0,0,0.0,0.0,1.0,0.0,,,0,0,0,Helius verified first buyer,2026-08-20 04:39:07
95rdbNkPtmTZrAGCBJ8wZSBg4QSYg8kB4T3UZ1G37VDm,,,1700510631,0.0,0.0,0.0,0,0,0,0.0,0.0,1.0,0.0,,,0,0,0,Helius verified first buyer,2026-08-20 04:39:08
BGNHKoTnud4akft5RjrxsoNYAAiqr3mq387fGRDnb4yV,,,1700510632,0.0,0.0,0.0,0,0,0,0.0,0.0,1.0,0.0,,,0,0,0,Helius verified first buyer,2026-08-20 04:39:08
HSjsvLywwoTPLuG13XwkmehTTc22iyonfAcibUev2wns,,,1700510632,0.0,0.0,0.0,0,0,0,0.0,0.0,1.0,0.0,,,0,0,0,Helius verified first buyer,2026-08-20 04:39:08
ER5n9z9A9cRvBqSCYT9tzVc7udChQZf8roV8j8ZbuHcu,,,1700510637,0.0,0.0,0.0,0,0,0,0.0,0.0,1.0,0.0,,,0,0,0,Helius verified first buyer,2026-08-20 04:39:09
6WZrYvpeDLyfvPwRtQeXQT2XgQc9cg78uRtU7y8P8JEw,,,1700510637,0.0,0.0,0.0,0,0,0,0.0,0.0,1.0,0.0,,,0,0,0,Helius verified first buyer,2026-08-20 04:39:09
4j51pQx4CRLX7bEAGMSksoZ4x6XTN8vn7xgZrQq3V3kP,,,1700510639,0.0,0.0,0.0,0,0,0,0.0,0.0,1.0,0.0,,,0,0,0,Helius verified first buyer,2026-08-20 04:39:09
DXY5cbnwwxS2LMps613RmreTAp5hSVovqk9CshNcUoc6,,,1700510640,0.0,0.0,0.0,0,0,0,0.0,0.0,1.0,0.0,,,0,0,0,Helius verified first buyer,2026-08-20 04:39:11
cXKqMh4FnSKrEzcKaWLyc7SUXPJk5sKTfDyR7FimfgK,,,1700510640,0.0,0.0,0.0,0,0,0,0.0,0.0,1.0,0.0,,,0,0,0,Helius verified first buyer,2026-08-20 04:39:11
4t7DGEk2fLqvvyyBJViqvkxpsTykgqMcRZRkMnCRnAWu,,,1700510641,0.0,0.0,0.0,0,0,0,0.0,0.0,1.0,0.0,,,0,0,0,Helius verified first buyer,2026-08-20 04:39:11
GWo81V5XYoi9eLnfuJ17tKFUG3xKm6vZXb6MwSPLzYXw,,,1700510641,0.0,0.0,0.0,0,0,0,0.0,0.0,1.0,0.0,,,0,0,0,Helius verified first buyer,2026-08-20 04:39:11
Dmv8iWkSozgM61UBpVEkkdwfgwEeKdubVHuEAGdBKBFm,,,1700510642,0.0,0.0,0.0,0,0,0,0.0,0.0,1.0,0.0,,,0,0,0,Helius verified first buyer,2026-08-20 04:39:12
7LKagGYNJ9x3FhZXgGyAYWHuCjKFrsmPJoU9JBSRq8D4,,,1700510642,0.0,0.0,0.0,0,0,0,0.0,0.0,1.0,0.0,,,0,0,0,Helius verified first buyer,2026-08-20 04:39:12
BgaSRFSJLc6BFATzWA5RAA8pK2zBPgX9yAeCBBitCVuX,,,1700510644,0.0,0.0,0.0,0,0,0,0.0,0.0,1.0,0.0,,,0,0,0,Helius verified first buyer,2026-08-20 04:39:12
9rTivnoUA5uaRQ1oGhX3BHGwp3kXj9JDdDhH7L4BkKSq,,,1700510644,0.0,0.0,0.0,0,0,0,0.0,0.0,1.0,0.0,,,0,0,0,Helius verified first buyer,2026-08-20 04:39:12
EvSHz72JbNnF6rRD8pjmxXXqpjJLAYtdH9YKWoxRXqY2,,,1700510644,0.0,0.0,0.0,0,0,0,0.0,0.0,1.0,0.0,,,0,0,0,Helius verified first buyer,2026-08-20 04:39:13
6vWHyDcTip952bpPX6HmNNQ7GsYBMb2ugKMxwjLCcCWG,,,1700510647,0.0,0.0,0.0,0,0,0,0.0,0.0,1.0,0.0,,,0,0,0,Helius verified first buyer,2026-08-20 04:39:13
XHfgE7BGCxE13ETwH3CAkB665VFEEMSQQx5bvYN4ipG,,,1700510647,0.0,0.0,0.0,0,0,0,0.0,0.0,1.0,0.0,,,0,0,0,Helius verified first buyer,2026-08-20 04:39:13
EXEZuvEBmtjuc71tcEvY6F2iJJsqLdmfSMnoo7BP1E8J,,,1700510648,0.0,0.0,0.0,0,0,0,0.0,0.0,1.0,0.0,,,0,0,0,Helius verified first buyer,2026-08-20 04:39:13
7ofjdjVpzBuxZcuDwq3g8Nvgf8L49vU8hNZPDEqMBer3,,,1700510650,0.0,0.0,0.0,0,0,0,0.0,0.0,1.0,0.0,,,0,0,0,Helius verified first buyer,2026-08-20 04:39:14
59LCqU5Uz5bUx7UZpEjr6PQGdZhef8JkvvEw5TB2UJNT,,,1700510651,0.0,0.0,0.0,0,0,0,0.0,0.0,1.0,0.0,,,0,0,0,Helius verified first buyer,2026-08-20 04:39:14
4mBDjpvaiGtpqmn98VocGo94EzfhbYtTLaUYNRSLbATA,,,1700510653,0.0,0.0,0.0,0,0,0,0.0,0.0,1.0,0.0,,,0,0,0,Helius verified first buyer,2026-08-20 04:39:14
B2u5YDSACQLKRUh67qRec8UCf9fVMm8U8aEqytQgNAV9,,,1700510657,0.0,0.0,0.0,0,0,0,0.0,0.0,1.0,0.0,,,0,0,0,Helius verified first buyer,2026-08-20 04:39:15
DvBJ2Ej8QqMeN2gtwx2zym3NUsKwUHGLGbfyEw6kHK6R,,,1700510657,0.0,0.0,0.0,0,0,0,0.0,0.0,1.0,0.0,,,0,0,0,Helius verified first buyer,2026-08-20 04:39:15
Pgv4keMobzEp23hnWshyDXRTZzo6tJtaVBL1eQ1MVpd,,,1700510661,0.0,0.0,0.0,0,0,0,0.0,0.0,1.0,0.0,,,0,0,0,Helius verified first buyer,2026-08-20 04:39:15
GLpz9c82o5tx2pau6qCGw1tQ51xzqxoLTaDWCTYgLYKh,,,1700510662,0.0,0.0,0.0,0,0,0,0.0,0.0,1.0,0.0,,,0,0,0,Helius verified first buyer,2026-08-20 04:39:15
Ar5oiFGCetMziQzT74kSixZv5iYCd3PSNdWVjYM3g7a7,,,1700510665,0.0,0.0,0.0,0,0,0,0.0,0.0,1.0,0.0,,,0,0,0,Helius verified first buyer,2026-08-20 04:39:16
HZkjpXnvXCtMgoZJubzvksG2GstaUNWXoBTSt5sA6x5e,,,1700510667,0.0,0.0,0.0,0,0,0,0.0,0.0,1.0,0.9,,,0,0,0,Helius verified first buyer,2026-08-20 04:44:42
64deABFSmmBnTGwwKk8oys2PoyZVUkXJNvLnzLfNSfPD,,,1700510668,0.0,0.0,0.0,0,0,0,0.0,0.0,1.0,0.0,,,0,0,0,Helius verified first buyer,2026-08-20 04:39:16
DH5admAH6STzXechPyB7xsC3ivtENR3bW4BioLmBhFYK,,,1700510673,0.0,0.0,0.0,0,0,0,0.0,0.0,1.0,0.0,,,0,0,0,Helius verified first buyer,2026-08-20 04:40:07
H6NhcetmMuZmoGVTs5bvAY7hniFQj3SrvG59hBs3N6jV,,,1700510673,0.0,0.0,0.0,0,0,0,0.0,0.0,1.0,0.0,,,0,0,0,Helius verified first buyer,2026-08-20 04:39:17
7kVp6H8gWTLJ84dyUFF63zWWdhuLoKytdiU5X7QQbXrM,,,1700510676,0.0,0.0,0.0,0,0,0,0.0,0.0,1.0,0.0,,,0,0,0,Helius verified first buyer,2026-08-20 04:39:17
As4gs6iz2LVryZM2gpxh9z3ARTwbgPCxuUysnRYU3RKp,,,1700510682,0.0,0.0,0.0,0,0,0,0.0,0.0,1.0,0.0,,,0,0,0,Helius verified first buyer,2026-08-20 04:39:18
EJvjei7AVJwV94ssSEn62MVoM7WNneUGuvmZzZuNAKom,,,1700510688,0.0,0.0,0.0,0,0,0,0.0,0.0,1.0,0.0,,,0,0,0,Helius verified first buyer,2026-08-20 04:39:18
9ShyX9WGQHgQmrNWagd4vykpaDeXDSyGCfB8Qtu5kGmp,,,1700510688,0.0,0.0,0.0,0,0,0,0.0,0.0,1.0,0.0,,,0,0,0,Helius verified first buyer,2026-08-20 04:39:18
A2uHyuBqxAPkNbt4uZhfYDqo4Txx3BKCn2TVKNQD9NNr,,,1700510692,0.0,0.0,0.0,0,0,0,0.0,0.0,1.0,0.0,,,0,0,0,Helius verified first buyer,2026-08-20 04:39:19
EpUBwySe8qacCgKocdsvKL7FWKybqfHEs9mxT17Bv3zy,,,1700510694,0.0,0.0,0.0,0,0,0,0.0,0.0,1.0,0.0,,,0,0,0,Helius verified first buyer,2026-08-20 04:39:19
5XycY4oNHLYNNDLrYdECH27y37jENNRzi1zEZc9c2iAr,,,1700510695,0.0,0.0,0.0,0,0,0,0.0,0.0,1.0,0.0,,,0,0,0,Helius verified first buyer,2026-08-20 04:39:19
8MK1ZhLpnvs1z2CBosQekhiTrPzjBVTZLUTpSixqMfji,,,1700510698,0.0,0.0,0.0,0,0,0,0.0,0.0,1.0,0.0,,,0,0,0,Helius verified first buyer,2026-08-20 04:39:19
AbkYQwRU8t6bUJbcQNjbuDokXPTjHTp2ptURh1yQpA5v,,,1700510699,0.0,0.0,0.0,0,0,0,0.0,0.0,1.0,0.0,,,0,0,0,Helius verified first buyer,2026-08-20 04:39:20
GRp3fdv8EBzSMeYajshEPrcAnX2CtJx9gmyNi1FphF4h,,,1700510703,0.0,0.0,0.0,0,0,0,0.0,0.0,1.0,0.0,,,0,0,0,Helius verified first buyer,2026-08-20 04:39:20
2uzH1wg5oRadM1c4tF2zkTf678yP9c17G3tjW4gCmFE1,,,1700510705,0.0,0.0,0.0,0,0,0,0.0,0.0,1.0,0.0,,,0,0,0,Helius verified first buyer,2026-08-20 04:39:20
cW9nMFSStCLg8NfUukezFajvKB8UZi3VTNq7jBu8yvU,,,1700510707,0.0,0.0,0.0,0,0,0,0.0,0.0,1.0,0.0,,,0,0,0,Helius verified first buyer,2026-08-20 04:39:20
2CJRYgeLaubvWVukvDx7KkT59tXByrQEvzKK3CsAi5DZ,,,1700510707,0.0,0.0,0.0,0,0,0,0.0,0.0,1.0,0.0,,,0,0,0,Helius verified first buyer,2026-08-20 04:39:21
9TdTgh7gA1TSKs8EPuTimiWbhugcwQpZ83tCSYmjYZoC,,,1700510708,0.0,0.0,0.0,0,0,0,0.0,0.0,1.0,0.0,,,0,0,0,Helius verified first buyer,2026-08-20 04:39:22
3xCbwCz1xkUbdWiPnaX1g2HZfDQshAmFnhwPZqjtSAuT,,,1700510720,0.0,0.0,0.0,0,0,0,0.0,0.0,1.0,0.0,,,0,0,0,Helius verified first buyer,2026-08-20 04:39:22
4VH8QAEr5P1WGYLjwyKVVdetoQVH5CQPU5mzPSb1wVFp,,,1700510721,0.0,0.0,0.0,0,0,0,0.0,0.0,1.0,0.0,,,0,0,0,Helius verified first buyer,2026-08-20 04:39:22
EbzQGaziL1LKeMtMdxMm1SmMZ9HxZDdnXEGDTRi2fT3H,,,1700510723,0.0,0.0,0.0,0,0,0,0.0,0.0,1.0,0.0,,,0,0,0,Helius verified first buyer,2026-08-20 04:39:22
HEmKoofiyHUjWXMHkoLYV9RCjLpJ4A6VaofhPSpDys23,,,1700510737,0.0,0.0,0.0,0,0,0,0.0,0.0,1.0,0.0,,,0,0,0,Helius verified first buyer,2026-08-20 04:39:23
7ciLrE8aR9SWsWKebHhNKzgpfKi3FTiMjRroTizZTLzn,,,1700510751,0.0,0.0,0.0,0,0,0,0.0,0.0,1.0,0.0,,,0,0,0,Helius verified first buyer,2026-08-20 04:39:23
C7KDDddCrN63AyZ8bBJQ8AWcts9xa2kV9PUJpTDYDxiz,,,1700510753,0.0,0.0,0.0,0,0,0,0.0,0.0,1.0,0.0,,,0,0,0,Helius verified first buyer,2026-08-20 04:39:23
9LtisGK51VsTeJrq4r4LD58GpNX4eNcLbjmNs59H63q3,,,1700510757,0.0,0.0,0.0,0,0,0,0.0,0.0,1.0,0.0,,,0,0,0,Helius verified first buyer,2026-08-20 04:39:23
3yFZiuv2ejVPC3F624JtNb3PyQHyJNj4SdtaQGFWX7vA,,,1700510759,0.0,0.0,0.0,0,0,0,0.0,0.0,1.0,0.0,,,0,0,0,Helius verified first buyer,2026-08-20 04:39:24
HknDmZqKSYm8GZqFn5VWSjAJcP6jwYKDFpu2FMkuC8E1,,,1700510761,0.0,0.0,0.0,0,0,0,0.0,0.0,1.0,0.0,,,0,0,0,Helius verified first buyer,2026-08-20 04:39:24
3GTjn9m1wXecs1FgzsywXke5cthqXzoq9Xj5GPytzjQx,,,1700510763,0.0,0.0,0.0,0,0,0,0.0,0.0,1.0,0.0,,,0,0,0,Helius verified first buyer,2026-08-20 04:39:24
65zi7aWaXqcvTaL5JwXdh6HhnZsRA2vgo6pppBvGAApx,,,1700510764,0.0,0.0,0.0,0,0,0,0.0,0.0,1.0,0.0,,,0,0,0,Helius verified first buyer,2026-08-20 04:39:24
BEWETAwS8fbgqvmEeMZKmRRUGm7nXped7sjEfrPDwzn5,,,1700510768,0.0,0.0,0.0,0,0,0,0.0,0.0,1.0,0.0,,,0,0,0,Helius verified first buyer,2026-08-20 04:39:25
Aa5Jy2cztUWTTcRhwoQ6pRkLMbyEnC8jGzaxATNGtHse,,,1700510774,0.0,0.0,0.0,0,0,0,0.0,0.0,1.0,0.0,,,0,0,0,Helius verified first buyer,2026-08-20 04:39:25
31HJdT4Wf41m587oJBUgVHQGv6pwkgsjsmcPZRdWaN6P,,,1700510785,0.0,0.0,0.0,0,0,0,0.0,0.0,1.0,0.0,,,0,0,0,Helius verified first buyer,2026-08-20 04:39:26
96dgRWxyXQJ6s65Wk5WjgABU1sTjjnxVMNyh93sg71hU,,,1700510786,0.0,0.0,0.0,0,0,0,0.0,0.0,1.0,0.0,,,0,0,0,Helius verified first buyer,2026-08-20 04:39:26
EEzmdzb68Bisc1Rh8eQ2NEWcNq4LS9UXTmq7tRsKC7Mf,,,1700510789,0.0,0.0,0.0,0,0,0,0.0,0.0,1.0,0.0,,,0,0,0,Helius verified first buyer,2026-08-20 04:39:26
GGasLpjxCWC43QNGRGH2XHUEN8Qz9ob1yQgxYsJNCB8c,,,1700510789,0.0,0.0,0.0,0,0,0,0.0,0.0,1.0,0.0,,,0,0,0,Helius verified first buyer,2026-08-20 04:39:26
E2eiiwAhagkaG9TxBibE9VXGMrh7XDBJCqRBPwiZvSEy,,,1700510793,0.0,0.0,0.0,0,0,0,0.0,0.0,1.0,0.0,,,0,0,0,Helius verified first buyer,2026-08-20 04:39:27
Cb5zC56DVH6JYAP9n99dkSmERVZmXXt285Lk4Jg3wo6,,,1700510796,0.0,0.0,0.0,0,0,0,0.0,0.0,1.0,0.0,,,0,0,0,Helius verified first buyer,2026-08-20 04:39:27
FCNunf47EzN8JpgE4YHyR9E4ds1DJXQDj5ztnEovEhrG,,,1700510796,0.0,0.0,0.0,0,0,0,0.0,0.0,1.0,0.0,,,0,0,0,Helius verified first buyer,2026-08-20 04:39:28
GgkTuq7Uu4hKAKsCBoewxXkgBKNnXQFrRCDJyaXzMycr,,,1700510797,0.0,0.0,0.0,0,0,0,0.0,0.0,1.0,0.0,,,0,0,0,Helius verified first buyer,2026-08-20 04:39:28
Ew3sVeHg3KntAvyE7smwEwuTjAwQTF3zsUk6Y7hSqjVn,,,1700510801,0.0,0.0,0.0,0,0,0,0.0,0.0,1.0,0.0,,,0,0,0,Helius verified first buyer,2026-08-20 04:39:28
HWRWGH5vm8eBPj1eNTX2fL4mcEKRjxUw6Tmext7hnnS1,,,1700510802,0.0,0.0,0.0,0,0,0,0.0,0.0,1.0,0.0,,,0,0,0,Helius verified first buyer,2026-08-20 04:39:28
6tEipYNfU7NTLJ3ZB55jTYeiHWQNxMFpnYRVPZJDkwYe,,,1700510804,0.0,0.0,0.0,0,0,0,0.0,0.0,1.0,0.0,,,0,0,0,Helius verified first buyer,2026-08-20 04:39:29
9io4kxsCBWWJP1G3kEZzsujPBMgKjAMr136GWMhKuTRA,,,1700510813,0.0,0.0,0.0,0,0,0,0.0,0.0,1.0,0.0,,,0,0,0,Helius verified first buyer,2026-08-20 04:39:29
F7r2ArrymkVMznEVahLaeR3xYorNKpqXBv1AkeUcu4k1,,,1700510820,0.0,0.0,0.0,0,0,0,0.0,0.0,1.0,0.0,,,0,0,0,Helius verified first buyer,2026-08-20 04:39:30
F8b2SvpaQEes8QbWZXxYgzYbk23Ed8pg1siiYb7HN3vq,,,1700510820,0.0,0.0,0.0,0,0,0,0.0,0.0,1.0,0.0,,,0,0,0,Helius verified first buyer,2026-08-20 04:39:30
4UV6V25QpNtCQkwN4xs8GCduYvztiZKkk9f1WLS9PQQW,,,1700510825,0.0,0.0,0.0,0,0,0,0.0,0.0,1.0,0.0,,,0,0,0,Helius verified first buyer,2026-08-20 04:39:30
2Ani3fwjKekqVBq2qtUJkCz4qvhfinWFjTm9xa9WyBcs,,,1700510827,0.0,0.0,0.0,0,0,0,0.0,0.0,1.0,0.0,,,0,0,0,Helius verified first buyer,2026-08-20 04:39:31
65gLv6RchjGGybuzSMhwnY7nhd9F3ZMQG7EPgArvsB4j,,,1700510835,0.0,0.0,0.0,0,0,0,0.0,0.0,1.0,0.0,,,0,0,0,Helius verified first buyer,2026-08-20 04:39:31
6Fm7KC6rkj3G2F7s7VTmmg9kYsmyw6VrZtuF174oDZ6T,,,1700510839,0.0,0.0,0.0,0,0,0,0.0,0.0,1.0,0.0,,,0,0,0,Helius verified first buyer,2026-08-20 04:39:31
K49SMrZDdhPRQpHSasA9GnH8wpAUpcMP5jRG28Ytzsm,,,1700510860,0.0,0.0,0.0,0,0,0,0.0,0.0,1.0,0.0,,,0,0,0,Helius verified first buyer,2026-08-20 04:39:32
7WXgtZEcKJwuE8WQ3YWYGP3BgfUX5XgzHFyzfWj9GWfX,,,1700510869,0.0,0.0,0.0,0,0,0,0.0,0.0,1.0,0.0,,,0,0,0,Helius verified first buyer,2026-08-20 04:39:33
9WmjHX36ALYVigbT1StPRn8iAxUUWEAMpmo8DvqiGWLz,,,1700510874,0.0,0.0,0.0,0,0,0,0.0,0.0,1.0,0.3,,,0,0,0,Helius verified first buyer,2026-08-20 04:42:01
GhgrWH1XTntXfYT3ZcMeTg6WESfY4wvKgJaGZJRdDrAT,,,1700510875,0.0,0.0,0.0,0,0,0,0.0,0.0,1.0,0.0,,,0,0,0,Helius verified first buyer,2026-08-20 04:39:33
3yFNwJK4HCne4nYwrGX3tr55McLMQU48kzUHbk2ovrTG,,,1700510886,0.0,0.0,0.0,0,0,0,0.0,0.0,1.0,0.0,,,0,0,0,Helius verified first buyer,2026-08-20 04:39:33
E9CDkp7okUt4pPDq2f49ddcdEHY1DtLJ7UuoPMkhPvWs,,,1700510887,0.0,0.0,0.0,0,0,0,0.0,0.0,1.0,0.0,,,0,0,0,Helius verified first buyer,2026-08-20 04:39:34
DPRDNUjeS9NrteMerwx8BbGreSxkWGPjE4788jqB2BSt,,,1700510887,0.0,0.0,0.0,0,0,0,0.0,0.0,1.0,0.0,,,0,0,0,Helius verified first buyer,2026-08-20 04:39:34
ASWWJ7XPtXVfZhNo3kuPQv1DrDYo9EYgoCW9zSiApKfY,,,1700510888,0.0,0.0,0.0,0,0,0,0.0,0.0,1.0,0.0,,,0,0,0,Helius verified first buyer,2026-08-20 04:39:34
9knPxTiqRrsPZvVyCdzBJmdtrj4TuiKBPF6KmnNijhrw,,,1700510888,0.0,0.0,0.0,0,0,0,0.0,0.0,1.0,0.0,,,0,0,0,Helius verified first buyer,2026-08-20 04:39:34
8kmTfqXedBQGUCYA3GobFH7Wi7n2rnUkfTqLNmDEvwag,,,1700510898,0.0,0.0,0.0,0,0,0,0.0,0.0,1.0,0.0,,,0,0,0,Helius verified first buyer,2026-08-20 04:39:35
8BmQMjEbZugX5eUnRPMaMjGbRDW26KDUYSVK2LZ5qxZE,,,1700510902,0.0,0.0,0.0,0,0,0,0.0,0.0,1.0,0.0,,,0,0,0,Helius verified first buyer,2026-08-20 04:39:36
AvvYbukTSniAShYMhr4MgcwYXH2ritreN7ZsVHhcF928,,,1700510902,0.0,0.0,0.0,0,0,0,0.0,0.0,1.0,0.0,,,0,0,0,Helius verified first buyer,2026-08-20 04:39:36
EPqAL1t9Daipxh9eFiRHSEQQ91Rap4REXTvQB4ad3iHx,,,1700510905,0.0,0.0,0.0,0,0,0,0.0,0.0,1.0,0.0,,,0,0,0,Helius verified first buyer,2026-08-20 04:39:36
EPrGB2AnWgYkMGyHewrSf3hiQfTxZrY2sdsRt98XQ2Gz,,,1700510908,0.0,0.0,0.0,0,0,0,0.0,0.0,1.0,0.0,,,0,0,0,Helius verified first buyer,2026-08-20 04:39:36
DogNxrtyStYmBvj1PgxNPTzkfQXr88wfm7RyTmUijrG8,,,1700510917,0.0,0.0,0.0,0,0,0,0.0,0.0,1.0,0.0,,,0,0,0,Helius verified first buyer,2026-08-20 04:39:36
HwhEQyPLWfeuFuKwakbxybFVtTNhZjoWVwxy7ZGQgF3W,,,1700510919,0.0,0.0,0.0,0,0,0,0.0,0.0,1.0,0.0,,,0,0,0,Helius verified first buyer,2026-08-20 04:39:37
3gHk2TdDd69KheNFtqPNZYdduAKYcyETCke7KCbE6yNJ,,,1700510921,0.0,0.0,0.0,0,0,0,0.0,0.0,1.0,0.0,,,0,0,0,Helius verified first buyer,2026-08-20 04:39:37
7FE49quVX8bcAQQgsrq3v5yz7JtmHyx4b4Pm4yS5RNag,,,1700510923,0.0,0.0,0.0,0,0,0,0.0,0.0,1.0,0.0,,,0,0,0,Helius verified first buyer,2026-08-20 04:39:37
At6d4LqpAvbqrUE343rJFsadyXFKh12ByfvbP5uQPBLx,,,1700510927,0.0,0.0,0.0,0,0,0,0.0,0.0,1.0,0.0,,,0,0,0,Helius verified first buyer,2026-08-20 04:39:38
BhrudQ3xwnuUAFBLPP521dqnj456AF5yKKW3gxehBjmG,,,1700510929,0.0,0.0,0.0,0,0,0,0.0,0.0,1.0,0.0,,,0,0,0,Helius verified first buyer,2026-08-20 04:39:38
CyDx36r3gsaEjbBGcDzec3WDR7n326npcG5jm1T7HKJD,,,1700510932,0.0,0.0,0.0,0,0,0,0.0,0.0,1.0,0.0,,,0,0,0,Helius verified first buyer,2026-08-20 04:39:38
FRCiLET8FfD2czh9Ldz7maBESdDcUpoWn37ePP5JQLEG,,,1700510939,0.0,0.0,0.0,0,0,0,0.0,0.0,1.0,0.0,,,0,0,0,Helius verified first buyer,2026-08-20 04:39:38
EFSfwNY1xrHit7mXYHjbmFuDeKm1U64EcbUxj5pLLd5b,,,1700510942,0.0,0.0,0.0,0,0,0,0.0,0.0,1.0,0.0,,,0,0,0,Helius verified first buyer,2026-08-20 04:39:39
DJsE8tiSjzvp1HcdWn4rRrqvTt2tivGGt6J3H3kdnZf4,,,1700510946,0.0,0.0,0.0,0,0,0,0.0,0.0,1.0,0.0,,,0,0,0,Helius verified first buyer,2026-08-20 04:39:39
E1M61YNdtj1ysU8G7QWuPBcjdmPhhcQZBSNhAXXtu22o,,,1700510949,0.0,0.0,0.0,0,0,0,0.0,0.0,1.0,0.0,,,0,0,0,Helius verified first buyer,2026-08-20 04:39:39
3eYjPpqemikx9Aku648dfTX323NAq8WcB88wTEpGWq7H,,,1700510954,0.0,0.0,0.0,0,0,0,0.0,0.0,1.0,0.0,,,0,0,0,Helius verified first buyer,2026-08-20 04:39:40
Ao5zXFfWzVqj6SVUppB8RSSZcmv1JMqjaAPvM2J1dXVm,,,1700510956,0.0,0.0,0.0,0,0,0,0.0,0.0,1.0,0.0,,,0,0,0,Helius verified first buyer,2026-08-20 04:39:40
DA555prWFcRajczPe2qi3KZUpqgTY51TQqcVAkdkBn8q,,,1700510959,0.0,0.0,0.0,0,0,0,0.0,0.0,1.0,0.0,,,0,0,0,Helius verified first buyer,2026-08-20 04:39:40
Eoc6XjNPCPNu64WPiAxHyr8PeBW6vsYtnh6t1vjKjRcF,,,1700510966,0.0,0.0,0.0,0,0,0,0.0,0.0,1.0,0.0,,,0,0,0,Helius verified first buyer,2026-08-20 04:39:40
BXGupR9s4Q42SeNUQTwWKprLaoJM6pJ7TLHqaaduhrRc,,,1700510970,0.0,0.0,0.0,0,0,0,0.0,0.0,1.0,0.0,,,0,0,0,Helius verified first buyer,2026-08-20 04:39:41
7usBRnxs8y5u7mzhqBCU9Psg29GEZY82mHmDfFhqgxwt,,,1700510975,0.0,0.0,0.0,0,0,0,0.0,0.0,1.0,0.0,,,0,0,0,Helius verified first buyer,2026-08-20 04:39:41
GQdnYz7yfNkdLpxDwwAHWwoNL8YgK72LicwcpFPQXzfC,,,1700510990,0.0,0.0,0.0,0,0,0,0.0,0.0,1.0,0.0,,,0,0,0,Helius verified first buyer,2026-08-20 04:39:41
ChNf5wRWcGkm1NPWBXgr6iewCy82fPL1Z7jyxkJmhGQt,,,1700510992,0.0,0.0,0.0,0,0,0,0.0,0.0,1.0,0.0,,,0,0,0,Helius verified first buyer,2026-08-20 04:39:41
FK7nXxdwmnSuG8eMeeoXuheT5TPUBzWHDwEUdjRg1j2H,,,1700510995,0.0,0.0,0.0,0,0,0,0.0,0.0,1.0,0.0,,,0,0,0,Helius verified first buyer,2026-08-20 04:40:34
8hXJqLmMJzSMVi98sTrfhWVHcLuUVYv8ax7jqzHm49nd,,,1700510997,0.0,0.0,0.0,0,0,0,0.0,0.0,1.0,0.0,,,0,0,0,Helius verified first buyer,2026-08-20 04:39:42
A24c17sjhF5G2iHNjvH66vMZJ5GhBk2LdmWgANwqWA7J,,,1700511003,0.0,0.0,0.0,0,0,0,0.0,0.0,1.0,0.0,,,0,0,0,Helius verified first buyer,2026-08-20 04:39:42
CACvVGduytEnNP9b5TFprzeEPMKZurwJ3coDJ1BJFJhM,,,1700511005,0.0,0.0,0.0,0,0,0,0.0,0.0,1.0,0.0,,,0,0,0,Helius verified first buyer,2026-08-20 04:39:43
4A9Nu2pNtjMzE5reTVmrRGiZ1Gw5Hu63CwqH5XhQ1dHQ,,,1700511007,0.0,0.0,0.0,0,0,0,0.0,0.0,1.0,0.0,,,0,0,0,Helius verified first buyer,2026-08-20 04:39:43
Fh8br52TCgWU7p513FbULdjGJ9MWpS87NQoV1aCpGN2J,,,1700511016,0.0,0.0,0.0,0,0,0,0.0,0.0,1.0,0.0,,,0,0,0,Helius verified first buyer,2026-08-20 04:39:43
8JLXs9tjXtdoLgZWFGbj6kEwRyUp1fcGVRWeScwyHDR2,,,1700511022,0.0,0.0,0.0,0,0,0,0.0,0.0,1.0,0.0,,,0,0,0,Helius verified first buyer,2026-08-20 04:39:43
GWssc8nQuKvipCwa67DBdkPykHu3yBsFQpzvSWhyDGgH,,,1700511022,0.0,0.0,0.0,0,0,0,0.0,0.0,1.0,0.0,,,0,0,0,Helius verified first buyer,2026-08-20 04:39:44
HzE9wTYK8wjNBXmfnctjsttnxybhWA5sAsj4CYAGFhBB,,,1700511025,0.0,0.0,0.0,0,0,0,0.0,0.0,1.0,0.0,,,0,0,0,Helius verified first buyer,2026-08-20 04:39:44
JBKBTneY5d2LiEBmZRqMsBENaKa5fE7cfurctsqUQfJT,,,1700511030,0.0,0.0,0.0,0,0,0,0.0,0.0,1.0,0.0,,,0,0,0,Helius verified first buyer,2026-08-20 04:40:21
G2ZJt9Ry2qvkUkUSZ5Q7GFAdwd3cw8NrSNZu9DQrwpA6,,,1700511030,0.0,0.0,0.0,0,0,0,0.0,0.0,1.0,0.0,,,0,0,0,Helius verified first buyer,2026-08-20 04:39:44
9FiA7vUp9sy8q4gxmajM2A5maubTUYDG1piCYgrXLmfj,,,1700511034,0.0,0.0,0.0,0,0,0,0.0,0.0,1.0,0.0,,,0,0,0,Helius verified first buyer,2026-08-20 04:40:08
GiHPpw7hs1Gvs8H44rpf9yPHWshUDnwCGsFSkGx2YT54,,,1700511039,0.0,0.0,0.0,0,0,0,0.0,0.0,1.0,0.0,,,0,0,0,Helius verified first buyer,2026-08-20 04:39:45
4WdJaumCQZFeH9FZR59KMksEXa9TEqcYQJz2hMvQU25V,,,1700511040,0.0,0.0,0.0,0,0,0,0.0,0.0,1.0,0.0,,,0,0,0,Helius verified first buyer,2026-08-20 04:39:45
CCV7P3D88gLG9iASP3yS28mic752tB4bYuSdZUye6vgY,,,1700511044,0.0,0.0,0.0,0,0,0,0.0,0.0,1.0,0.0,,,0,0,0,Helius verified first buyer,2026-08-20 04:39:45
2zPWW3p2TzV3Gt2pcVTV8kTw6DrbTtPhv67agztYSAa1,,,1700511048,0.0,0.0,0.0,0,0,0,0.0,0.0,1.0,0.0,,,0,0,0,Helius verified first buyer,2026-08-20 04:39:46
AGb6A4HvSEYZarhhGchTcCyz4EQj6ZSC7Hn1WS9NzfeC,,,1700511049,0.0,0.0,0.0,0,0,0,0.0,0.0,1.0,0.0,,,0,0,0,Helius verified first buyer,2026-08-20 04:39:46
FYa2TeQbRYa4oQ4M92hNL8HgWb1XSd88MV37sMvDQwzx,,,1700511058,0.0,0.0,0.0,0,0,0,0.0,0.0,1.0,0.0,,,0,0,0,Helius verified first buyer,2026-08-20 04:39:46
6DAzDYZrqr9R86bTq7bhXUco2ZXunWMz7JJ3znrzP57M,,,1700511060,0.0,0.0,0.0,0,0,0,0.0,0.0,1.0,0.0,,,0,0,0,Helius verified first buyer,2026-08-20 04:39:46
AGZzJ1gD5LVNKPS7dyqt4g3JeaV1ciisDw4AiLFSj7nb,,,1700511061,0.0,0.0,0.0,0,0,0,0.0,0.0,1.0,0.0,,,0,0,0,Helius verified first buyer,2026-08-20 04:39:47
EHh2iMYpw8tmVDe3t5HGQVUbPzEHW9mGAQC9biuQjBzA,,,1700511065,0.0,0.0,0.0,0,0,0,0.0,0.0,1.0,0.0,,,0,0,0,Helius verified first buyer,2026-08-20 04:39:57
HHXURH1KkKd9d9YxnXbkudHhzrpw4tKnV6hbPceDg88,,,1700511071,0.0,0.0,0.0,0,0,0,0.0,0.0,1.0,0.0,,,0,0,0,Helius verified first buyer,2026-08-20 04:39:47
51zrrGo6bQp69ioyu6BGgMWFfVtyF6ivWyHH6gMfTGij,,,1700511074,0.0,0.0,0.0,0,0,0,0.0,0.0,1.0,0.0,,,0,0,0,Helius verified first buyer,2026-08-20 04:39:47
fHfX2oqheW9BHAtkyDiFxzPcxXZCzBxqicQNKze2eC5,,,1700511075,0.0,0.0,0.0,0,0,0,0.0,0.0,1.0,0.0,,,0,0,0,Helius verified first buyer,2026-08-20 04:39:48
F9g4Vj67V2DUrDH1ApgpN7cEvwMhMskMzhgfodxiAk9a,,,1700511082,0.0,0.0,0.0,0,0,0,0.0,0.0,1.0,0.0,,,0,0,0,Helius verified first buyer,2026-08-20 04:39:48
JDxmKrFMTwCSQUcNmQVA9aWDZKkHstFQiVqvSGuD9jgN,,,1700511085,0.0,0.0,0.0,0,0,0,0.0,0.0,1.0,0.0,,,0,0,0,Helius verified first buyer,2026-08-20 04:39:48
YuruALZ9fbswR1FCY4wKDkKNt7K8evULkxfrqZMEL1n,,,1700511096,0.0,0.0,0.0,0,0,0,0.0,0.0,1.0,0.0,,,0,0,0,Helius verified first buyer,2026-08-20 04:39:49
E8fTDCQzuUMXDCujvAWSG8CpAjNSnWqYXhnvWNYHZYaF,,,1700511102,0.0,0.0,0.0,0,0,0,0.0,0.0,1.0,0.0,,,0,0,0,Helius verified first buyer,2026-08-20 04:39:49
2T7E2DXQ71v1xJ8iM2HJuPKarWGJXuJ7LF5xYn5ZYkvf,,,1700511112,0.0,0.0,0.0,0,0,0,0.0,0.0,1.0,0.0,,,0,0,0,Helius verified first buyer,2026-08-20 04:39:49
5xxscZXbyLUfnTvKDE55dU2W9Z3H6Q2JqWEqdYdW8Xcr,,,1700511113,0.0,0.0,0.0,0,0,0,0.0,0.0,1.0,0.0,,,0,0,0,Helius verified first buyer,2026-08-20 04:39:49
HJRGNEJLgX4mKdLowN1YaczZmKvWSPy6CKb84UWCe5xX,,,1700511119,0.0,0.0,0.0,0,0,0,0.0,0.0,1.0,0.0,,,0,0,0,Helius verified first buyer,2026-08-20 04:39:50
Gk5ZC7mAQHmQ9VLSR5oehDTgqyxJccQc6z7fSLhzg7i4,,,1700511125,0.0,0.0,0.0,0,0,0,0.0,0.0,1.0,0.0,,,0,0,0,Helius verified first buyer,2026-08-20 04:39:50
BAJBQoVhSEahd1tcA46Yi8VMMcJF3aizToLidMqmJdze,,,1700511126,0.0,0.0,0.0,0,0,0,0.0,0.0,1.0,0.0,,,0,0,0,Helius verified first buyer,2026-08-20 04:40:30
BjhGR3KkBynfqq2gWUtaZTCmWHJp3uVDp9qEeXzieiui,,,1700511129,0.0,0.0,0.0,0,0,0,0.0,0.0,1.0,0.0,,,0,0,0,Helius verified first buyer,2026-08-20 04:39:51
E87e4pnrzHsW4qxRY98rLyTMzAJw2oitTUp4XKkf3vc5,,,1700511131,0.0,0.0,0.0,0,0,0,0.0,0.0,1.0,0.0,,,0,0,0,Helius verified first buyer,2026-08-20 04:39:51
3MtDVcjgyhw53yCQNeiuvh7XTFzou44TNjt1HLJRufcm,,,1700511134,0.0,0.0,0.0,0,0,0,0.0,0.0,1.0,0.0,,,0,0,0,Helius verified first buyer,2026-08-20 04:39:51
3XouSj15ttmpMfhKzayqFtZUMqP4QJY3MJKEaVdop9nk,,,1700511135,0.0,0.0,0.0,0,0,0,0.0,0.0,1.0,0.0,,,0,0,0,Helius verified first buyer,2026-08-20 04:39:51
E36ybFXjvfVikuLePWDpZPbkfTa8PJJcTQJanKXTcMm7,,,1700511150,0.0,0.0,0.0,0,0,0,0.0,0.0,1.0,0.0,,,0,0,0,Helius verified first buyer,2026-08-20 04:39:52
GgwckHdopbSMgWbQP8x3BThEmfc1wNwznuXZ3rgyM4KV,,,1700511156,0.0,0.0,0.0,0,0,0,0.0,0.0,1.0,0.0,,,0,0,0,Helius verified first buyer,2026-08-20 04:39:52
4X49tAHk3z7TmoDp293Vft2yLgpqBc6SWotu2yer5hCB,,,1700511159,0.0,0.0,0.0,0,0,0,0.0,0.0,1.0,0.0,,,0,0,0,Helius verified first buyer,2026-08-20 04:39:52
8YwEsvUbfTJtifoCNzhk4G7AMYg4iGBjKvKUeyuZu3HM,,,1700511163,0.0,0.0,0.0,0,0,0,0.0,0.0,1.0,0.0,,,0,0,0,Helius verified first buyer,2026-08-20 04:39:53
4T6JVEihQNHXCuDANutpFSJ3xQGvpKWM4NqnSC6GSBdU,,,1700511166,0.0,0.0,0.0,0,0,0,0.0,0.0,1.0,0.0,,,0,0,0,Helius verified first buyer,2026-08-20 04:39:53
Gs6xyhPBb2368tumB1d3oXuWN5nYdYJc6KHggf5o91Sq,,,1700511173,0.0,0.0,0.0,0,0,0,0.0,0.0,1.0,0.0,,,0,0,0,Helius verified first buyer,2026-08-20 04:39:54
2Y76NJLqFsHLoV5w1dPvSxTD8mWXotKUdpTiTwRwuzYB,,,1700511181,0.0,0.0,0.0,0,0,0,0.0,0.0,1.0,0.0,,,0,0,0,Helius verified first buyer,2026-08-20 04:39:54
BL8J926CsFPvM9a4KmRUg35NHXwNwEipL1z3KXbU2tkC,,,1700511183,0.0,0.0,0.0,0,0,0,0.0,0.0,1.0,0.0,,,0,0,0,Helius verified first buyer,2026-08-20 04:39:55
CfHwy3Pmt7Yz9pxypaWvqvHLV3x8sGNffEPd49R1MzfL,,,1700511185,0.0,0.0,0.0,0,0,0,0.0,0.0,1.0,0.0,,,0,0,0,Helius verified first buyer,2026-08-20 04:39:55
HsmdUFZcvKUixHPRgT34T3z2RQX8cqJBQgcg23DfdLDk,,,1700511192,0.0,0.0,0.0,0,0,0,0.0,0.0,1.0,0.0,,,0,0,0,Helius verified first buyer,2026-08-20 04:39:56
B4fdRCRH5Re7sJMXGN8BLb9rjfaJLFurp3fccsWJwGq8,,,1700511202,0.0,0.0,0.0,0,0,0,0.0,0.0,1.0,0.0,,,0,0,0,Helius verified first buyer,2026-08-20 04:39:56
DegenWd41QUpN4fDL8pqUz855hqVqJZLGsji5hNZurhW,,,1700511202,0.0,0.0,0.0,0,0,0,0.0,0.0,1.0,0.0,,,0,0,0,Helius verified first buyer,2026-08-20 04:39:57
9FzqnEBPRHh6Q52TwGNKTqzktJU8EkfvWYBDB9CBH4Mf,,,1700511217,0.0,0.0,0.0,0,0,0,0.0,0.0,1.0,0.0,,,0,0,0,Helius verified first buyer,2026-08-20 04:39:57
6TxzCi7tR6FAKhb7A6cfmgGLaSTrE2kWnP25yyydfKik,,,1700511219,0.0,0.0,0.0,0,0,0,0.0,0.0,1.0,0.0,,,0,0,0,Helius verified first buyer,2026-08-20 04:39:57
CtiSYVn5ptVbNP1LeU5U8t96B3zxNn3ogq3GrphKZV2a,,,1700511219,0.0,0.0,0.0,0,0,0,0.0,0.0,1.0,0.0,,,0,0,0,Helius verified first buyer,2026-08-20 04:39:57
2JidyAnFrajQzpPyXCYZi88wFV6c5cxyNvUQMRX8yXNr,,,1700511220,0.0,0.0,0.0,0,0,0,0.0,0.0,1.0,0.0,,,0,0,0,Helius verified first buyer,2026-08-20 04:39:58
ZfK8pzTxjytoseEEDeTA7QpapYaZUupjJ4G53TYPFar,,,1700511223,0.0,0.0,0.0,0,0,0,0.0,0.0,1.0,0.0,,,0,0,0,Helius verified first buyer,2026-08-20 04:39:58
D2qu5tjBFE3DLxAwd3xRJoYrxDzuTwiehApXbcxNMKWe,,,1700511237,0.0,0.0,0.0,0,0,0,0.0,0.0,1.0,0.0,,,0,0,0,Helius verified first buyer,2026-08-20 04:40:00
c4F56yetEA8MquPJfRE3ua58TYZrNZAH4RTwb3xSMfy,,,1700511243,0.0,0.0,0.0,0,0,0,0.0,0.0,1.0,0.0,,,0,0,0,Helius verified first buyer,2026-08-20 04:40:00
DktncAoeVtxvk63Hwd5boRCwYMRtCAzHJLMPfvk2Fk49,,,1700511244,0.0,0.0,0.0,0,0,0,0.0,0.0,1.0,0.0,,,0,0,0,Helius verified first buyer,2026-08-20 04:40:00
AFgdL7ymAhosHBCuCBLHw7Xmzc8AohZBrRTfrLiS5bFJ,,,1700511253,0.0,0.0,0.0,0,0,0,0.0,0.0,1.0,0.0,,,0,0,0,Helius verified first buyer,2026-08-20 04:40:01
5ryTUEJZYzGHtA8946sEom5MRDMkfPPVQrQqrYR7etGP,,,1700511253,0.0,0.0,0.0,0,0,0,0.0,0.0,1.0,0.0,,,0,0,0,Helius verified first buyer,2026-08-20 04:40:01
3cRERFDbfEvBxyjfKivjPFMfqzR15oWnUGi3UFc9837f,,,1700511254,0.0,0.0,0.0,0,0,0,0.0,0.0,1.0,0.0,,,0,0,0,Helius verified first buyer,2026-08-20 04:40:01
tQbF1PMe82RX8y43rSXDGDE1nW7S13N1uBoYU6iNNad,,,1700511255,0.0,0.0,0.0,0,0,0,0.0,0.0,1.0,0.0,,,0,0,0,Helius verified first buyer,2026-08-20 04:40:01
FUYv1R7AD9GihhN95zztttu3ATEwLsJgzdHy8UfVb1yG,,,1700511256,0.0,0.0,0.0,0,0,0,0.0,0.0,1.0,0.0,,,0,0,0,Helius verified first buyer,2026-08-20 04:40:01
EjsktsYk56A4rp6ePpnWT2jvBJZnd7kjQzpZPsbcXKnm,,,1700511257,0.0,0.0,0.0,0,0,0,0.0,0.0,1.0,0.0,,,0,0,0,Helius verified first buyer,2026-08-20 04:40:02
5M7aU8Uxpi8BhUKpcd1Y9mXGFb8npMB2Q89QoYjvJD8N,,,1700511261,0.0,0.0,0.0,0,0,0,0.0,0.0,1.0,0.0,,,0,0,0,Helius verified first buyer,2026-08-20 04:40:02
5qKKSecZZQkrrSg5LwpfZzBoB62FCQuK9FSCec74F1tW,,,1700511275,0.0,0.0,0.0,0,0,0,0.0,0.0,1.0,0.0,,,0,0,0,Helius verified first buyer,2026-08-20 04:40:02
GnpbdgqtzJQ6v5D2j7RNWZvB9MvwVBkzD1KpJEsKa4WK,,,1700511281,0.0,0.0,0.0,0,0,0,0.0,0.0,1.0,0.0,,,0,0,0,Helius verified first buyer,2026-08-20 04:40:03
GdhcyrbXmcsb1A9gJ6bwv3jiHDhVeoT2jbGDn18acJSV,,,1700511287,0.0,0.0,0.0,0,0,0,0.0,0.0,1.0,0.0,,,0,0,0,Helius verified first buyer,2026-08-20 04:40:03
56Fw8U1oNBpP8fRgQEjAMgkL5ZtfH2tUZRSiyfeLcrph,,,1700511292,0.0,0.0,0.0,0,0,0,0.0,0.0,1.0,0.0,,,0,0,0,Helius verified first buyer,2026-08-20 04:40:03
BPjBSRXXh2YPD1VSU1bWkoWGPM34FxUb5z64nGbYp88b,,,1700511297,0.0,0.0,0.0,0,0,0,0.0,0.0,1.0,0.0,,,0,0,0,Helius verified first buyer,2026-08-20 04:40:04
3npzShga821JDESVTaPaWBAgNewcFP1GNak7KZxPBETV,,,1700511298,0.0,0.0,0.0,0,0,0,0.0,0.0,1.0,0.0,,,0,0,0,Helius verified first buyer,2026-08-20 04:40:04
DwQUnZR7jVWwPSj8Za3gRBnETXFoRF9e59HSCFTzueis,,,1700511298,0.0,0.0,0.0,0,0,0,0.0,0.0,1.0,0.0,,,0,0,0,Helius verified first buyer,2026-08-20 04:40:04
7TK3NUZwM1sLXmPk9wfYMR2vq3v1Noy4Mey65wd8Y46m,,,1700511301,0.0,0.0,0.0,0,0,0,0.0,0.0,1.0,0.0,,,0,0,0,Helius verified first buyer,2026-08-20 04:40:05
4M29Ftk2NUZQbczMc1boteeMVvyRqUJqucux1Ur4N8fR,,,1700511304,0.0,0.0,0.0,0,0,0,0.0,0.0,1.0,0.0,,,0,0,0,Helius verified first buyer,2026-08-20 04:40:05
3txACwngmFU1gyED2JRCKY4aJ9XspzNBLj4opfa5fKFF,,,1700511312,0.0,0.0,0.0,0,0,0,0.0,0.0,1.0,0.0,,,0,0,0,Helius verified first buyer,2026-08-20 04:40:05
6QK4dbSyHYswCna6WkXms9e5HSDQFStq7TRfAs9y5KFj,,,1700511313,0.0,0.0,0.0,0,0,0,0.0,0.0,1.0,0.0,,,0,0,0,Helius verified first buyer,2026-08-20 04:40:06
GJdqJi1C7hq6dwnpXmngXcYEzRkw3rFrBwskaVHoHNXa,,,1700511314,0.0,0.0,0.0,0,0,0,0.0,0.0,1.0,0.0,,,0,0,0,Helius verified first buyer,2026-08-20 04:40:06
Ef9Sioi4msqLyf6sykA5a7cc6DGzJx7tgWFoN3QrsZqz,,,1700511325,0.0,0.0,0.0,0,0,0,0.0,0.0,1.0,0.0,,,0,0,0,Helius verified first buyer,2026-08-20 04:40:06
4v5xC5HThSVQhmu6maPHf6F2cvh9AJ6DwHYKfpb8GUCW,,,1700511343,0.0,0.0,0.0,0,0,0,0.0,0.0,1.0,0.0,,,0,0,0,Helius verified first buyer,2026-08-20 04:40:07
8qpyw5RcC8BcK3ZG31eBZ4QZLwPALk6HohDYy3VAG1Ex,,,1700511354,0.0,0.0,0.0,0,0,0,0.0,0.0,1.0,0.0,,,0,0,0,Helius verified first buyer,2026-08-20 04:40:07
H5nHmPtjN7TA1PerfZ2oTTtqcyAsVGGCzyLuvjgBT8bb,,,1700511384,0.0,0.0,0.0,0,0,0,0.0,0.0,1.0,0.0,,,0,0,0,Helius verified first buyer,2026-08-20 04:40:08
262q8CA9otLbdxXukAPbDjnLF6EnEuHzKmoDthJq42pY,,,1700511385,0.0,0.0,0.0,0,0,0,0.0,0.0,1.0,0.0,,,0,0,0,Helius verified first buyer,2026-08-20 04:40:08
eTpYZwyaPHpNv4dEojVvwF1DTjoWSjSDjxuCFC3jr8F,,,1700511391,0.0,0.0,0.0,0,0,0,0.0,0.0,1.0,0.0,,,0,0,0,Helius verified first buyer,2026-08-20 04:40:08
BZXAHnn4G3r2CaZdsr1BuRSN3NrZNMeWLmXqE1TNHPvE,,,1700511398,0.0,0.0,0.0,0,0,0,0.0,0.0,1.0,0.0,,,0,0,0,Helius verified first buyer,2026-08-20 04:40:09
APbXb4Nd5cvqs8sjwXGt6p2NwoyfSE9YAgeuXhpWmdSS,,,1700511408,0.0,0.0,0.0,0,0,0,0.0,0.0,1.0,0.0,,,0,0,0,Helius verified first buyer,2026-08-20 04:40:09
J8jwAj9KppTNJdxmqq7omLLZ4obNUCz6GuMHCbPLosYw,,,1700511426,0.0,0.0,0.0,0,0,0,0.0,0.0,1.0,0.0,,,0,0,0,Helius verified first buyer,2026-08-20 04:40:10
tKqwiEbwLtkXDbJNVgBrPobp7wKEeFQuWKnTaEM3aRe,,,1700511427,0.0,0.0,0.0,0,0,0,0.0,0.0,1.0,0.0,,,0,0,0,Helius verified first buyer,2026-08-20 04:40:10
27swZTZWJxb2bfTufLdbej5QZwqmsZHGR3TNPAW9Zuk6,,,1700511435,0.0,0.0,0.0,0,0,0,0.0,0.0,1.0,0.0,,,0,0,0,Helius verified first buyer,2026-08-20 04:40:10
AhNRLHRrhBjq3KKxZhVZcWX3qgRi4DD4CGRxtY2EGBmP,,,1700511439,0.0,0.0,0.0,0,0,0,0.0,0.0,1.0,0.0,,,0,0,0,Helius verified first buyer,2026-08-20 04:40:11
DBQZzhV4nzk68nxAMUs1PkdwMQJ59XTSySosPhqpcPzJ,,,1700511442,0.0,0.0,0.0,0,0,0,0.0,0.0,1.0,0.0,,,0,0,0,Helius verified first buyer,2026-08-20 04:40:11
4Gbpa63rmTRo3KpqncAdJoDp2U6U1zmyHrJwHTs6YrsR,,,1700511444,0.0,0.0,0.0,0,0,0,0.0,0.0,1.0,0.0,,,0,0,0,Helius verified first buyer,2026-08-20 04:40:11
FBSohXDTTpFs7cjTKfuaypVfBzY8FVemfEML8okUFV5Z,,,1700511459,0.0,0.0,0.0,0,0,0,0.0,0.0,1.0,0.0,,,0,0,0,Helius verified first buyer,2026-08-20 04:40:12
6r8XdMEyZiqeJEW5oPiiYRcTCHcKFSy9akvrQQ4niHWC,,,1700511461,0.0,0.0,0.0,0,0,0,0.0,0.0,1.0,0.0,,,0,0,0,Helius verified first buyer,2026-08-20 04:40:12
E37whN24UWBwzowzbVYPpVSWPZqXUWTQysccK3JhzD3u,,,1700511481,0.0,0.0,0.0,0,0,0,0.0,0.0,1.0,0.0,,,0,0,0,Helius verified first buyer,2026-08-20 04:40:12
BsbaXq7wS39MGziG7o8XozXCAgRACzjGbp5QGHvLdC26,,,1700511486,0.0,0.0,0.0,0,0,0,0.0,0.0,1.0,0.0,,,0,0,0,Helius verified first buyer,2026-08-20 04:40:12
A2cDhjXqKbvjPc6ncNR76S4cFpLnzwpkqQVAVuBPtBQu,,,1700511486,0.0,0.0,0.0,0,0,0,0.0,0.0,1.0,0.0,,,0,0,0,Helius verified first buyer,2026-08-20 04:40:42
5PCnNanwwbwsd1Ry75oUPV1kajozudxu4nfPP4UaAuPm,,,1700511496,0.0,0.0,0.0,0,0,0,0.0,0.0,1.0,0.0,,,0,0,0,Helius verified first buyer,2026-08-20 04:40:13
BeM9TK928rpETXXnqTjVx49EidVYaixf3sqRANcaVe5K,,,1700511497,0.0,0.0,0.0,0,0,0,0.0,0.0,1.0,0.0,,,0,0,0,Helius verified first buyer,2026-08-20 04:40:13
Rk1u8snaJi5WXKEHkpY3z6Z81ipHU5Agtc9UkSC2q3o,,,1700511499,0.0,0.0,0.0,0,0,0,0.0,0.0,1.0,0.0,,,0,0,0,Helius verified first buyer,2026-08-20 04:40:13
DYarCTVBHyZ5gUFgMivAHkGQJYBv72dpZJmRx9dPPRA,,,1700511499,0.0,0.0,0.0,0,0,0,0.0,0.0,1.0,0.0,,,0,0,0,Helius verified first buyer,2026-08-20 04:40:13
5L2R1mqvgocuvLMbaQGvV7wB3tu7Vx6kyjeXrZtmDzY3,,,1700511514,0.0,0.0,0.0,0,0,0,0.0,0.0,1.0,0.0,,,0,0,0,Helius verified first buyer,2026-08-20 04:40:14
F3M568xzzhLvsayAuoDqZVJ6ukT3BrQiQA3Bb1TcJAYf,,,1700511522,0.0,0.0,0.0,0,0,0,0.0,0.0,1.0,0.0,,,0,0,0,Helius verified first buyer,2026-08-20 04:40:15
D11zXVjdHMYk1sQhzZKvtbakhg7gWbXt4hsomKMaQChn,,,1700511527,0.0,0.0,0.0,0,0,0,0.0,0.0,1.0,0.0,,,0,0,0,Helius verified first buyer,2026-08-20 04:40:15
98LcyS84M9kqBRPErnS1sMkPdLkAT6oFxRB7p7o2Fzqq,,,1700511544,0.0,0.0,0.0,0,0,0,0.0,0.0,1.0,0.0,,,0,0,0,Helius verified first buyer,2026-08-20 04:40:15
H37xag5GxmGp6oN8K9cuY12dTvHPpq3qLyttFR9MbY5L,,,1700511552,0.0,0.0,0.0,0,0,0,0.0,0.0,1.0,0.0,,,0,0,0,Helius verified first buyer,2026-08-20 04:40:15
HPKRUiAvZgDcqWbokaLazN951ioxzHBNANXj3H9QcM5K,,,1700511559,0.0,0.0,0.0,0,0,0,0.0,0.0,1.0,0.0,,,0,0,0,Helius verified first buyer,2026-08-20 04:40:16
Ego5E7ym1AvYMNjWcARQ9fLbrdU76fC3YJE2VCfp8sgU,,,1700511563,0.0,0.0,0.0,0,0,0,0.0,0.0,1.0,0.0,,,0,0,0,Helius verified first buyer,2026-08-20 04:40:16
68D5ec4Dr7i3T2m7hDpmJ2SZ6qGw2zB4dv32dCx9YGmx,,,1700511570,0.0,0.0,0.0,0,0,0,0.0,0.0,1.0,0.0,,,0,0,0,Helius verified first buyer,2026-08-20 04:40:16
AiKfB4SoyrwDxUEW3GVoLiD5vy6UydnKAtuLRBzA3gfy,,,1700511571,0.0,0.0,0.0,0,0,0,0.0,0.0,1.0,0.0,,,0,0,0,Helius verified first buyer,2026-08-20 04:40:16
58CnF1MLi8HZfZG1uMYovpkb53H6punCWa7dFoHBKw4t,,,1700511597,0.0,0.0,0.0,0,0,0,0.0,0.0,1.0,0.0,,,0,0,0,Helius verified first buyer,2026-08-20 04:40:17
HNCbqEZEv1dWw1GHqvdh1XWn1zTQ2boXVibaY6BFa9iy,,,1700511601,0.0,0.0,0.0,0,0,0,0.0,0.0,1.0,0.0,,,0,0,0,Helius verified first buyer,2026-08-20 04:40:17
CXBnFMzCKvSJMgXqYna9hVfFWp1iMe6FVxUXmAXkkcYX,,,1700511602,0.0,0.0,0.0,0,0,0,0.0,0.0,1.0,0.0,,,0,0,0,Helius verified first buyer,2026-08-20 04:40:17
DefexgzpqjRuJwi5KEpp6F7hrPB1stw16VhR6PFaM6aK,,,1700511615,0.0,0.0,0.0,0,0,0,0.0,0.0,1.0,0.0,,,0,0,0,Helius verified first buyer,2026-08-20 04:40:18
Hncy3xYJikpg18TKBtQWpFvmpLYuamAo2C9Q3j7jewNG,,,1700511618,0.0,0.0,0.0,0,0,0,0.0,0.0,1.0,0.0,,,0,0,0,Helius verified first buyer,2026-08-20 04:40:18
BXcwWZcDUNsLgafFfVMKYxXGmGkVsHPugB1sBgWv38v8,,,1700511619,0.0,0.0,0.0,0,0,0,0.0,0.0,1.0,0.0,,,0,0,0,Helius verified first buyer,2026-08-20 04:40:18
ApMLdyy2xEpPz4UrTs2oqDEDSXYF29FwbWTErsL2zj2q,,,1700511633,0.0,0.0,0.0,0,0,0,0.0,0.0,1.0,0.0,,,0,0,0,Helius verified first buyer,2026-08-20 04:40:18
HrkKSjn85yagzDe8YqcKFo3SKbvcvSVRRTTQjeUxKYTU,,,1700511640,0.0,0.0,0.0,0,0,0,0.0,0.0,1.0,0.0,,,0,0,0,Helius verified first buyer,2026-08-20 04:40:19
8sdjFHW9mXMMLxwGMZSDTiDxufmUcYHr4RsJTePZhawQ,,,1700511656,0.0,0.0,0.0,0,0,0,0.0,0.0,1.0,0.0,,,0,0,0,Helius verified first buyer,2026-08-20 04:40:19
8tbvDmwykU7zniopn9L1M5UepYg5tFTWEZxGGi2Qm6Jw,,,1700511659,0.0,0.0,0.0,0,0,0,0.0,0.0,1.0,0.0,,,0,0,0,Helius verified first buyer,2026-08-20 04:40:20
3TbGcstSVJAhQkfAbeQVNnLwwVQaJELvEdRzNdTHBqF7,,,1700511661,0.0,0.0,0.0,0,0,0,0.0,0.0,1.0,0.0,,,0,0,0,Helius verified first buyer,2026-08-20 04:40:20
6q9gRoFTSD2Jx7S6mx8AiWaTSgX7atunuka2BwtNnMo9,,,1700511668,0.0,0.0,0.0,0,0,0,0.0,0.0,1.0,0.0,,,0,0,0,Helius verified first buyer,2026-08-20 04:40:21
6eyhRk9gLoHNhTp6cCzcebX88HDxmzevFMHpGuKrd5CA,,,1700511673,0.0,0.0,0.0,0,0,0,0.0,0.0,1.0,0.0,,,0,0,0,Helius verified first buyer,2026-08-20 04:40:21
4eK7BiCBNmzW4239jzWYscMeEkXPxG8LQUspS5A6iiMY,,,1700511691,0.0,0.0,0.0,0,0,0,0.0,0.0,1.0,0.0,,,0,0,0,Helius verified first buyer,2026-08-20 04:40:22
Drxim3AawvexV8qqw8SjCWgMHcx7hpa22foqvJkPZEH6,,,1700511695,0.0,0.0,0.0,0,0,0,0.0,0.0,1.0,0.0,,,0,0,0,Helius verified first buyer,2026-08-20 04:40:22
5JzABCFtJoALGW12bed2vYWw8XJsR7VAp94Pz6ptKxtt,,,1700511700,0.0,0.0,0.0,0,0,0,0.0,0.0,1.0,0.0,,,0,0,0,Helius verified first buyer,2026-08-20 04:40:27
B94daZsYtrdvMcwr5nwcxPYs8RmqSoGKWxihcGjSuawc,,,1700511706,0.0,0.0,0.0,0,0,0,0.0,0.0,1.0,0.0,,,0,0,0,Helius verified first buyer,2026-08-20 04:40:23
7AbmaLkg7Bb6qAXVFQqThRS2veKQqEKHUGW5FVuxkGvM,,,1700511706,0.0,0.0,0.0,0,0,0,0.0,0.0,1.0,0.0,,,0,0,0,Helius verified first buyer,2026-08-20 04:40:23
54vNJhRKPg3m7QWjEMuL99UPEtLhZiuSfFv3UyDMNsuo,,,1700511717,0.0,0.0,0.0,0,0,0,0.0,0.0,1.0,0.0,,,0,0,0,Helius verified first buyer,2026-08-20 04:40:24
o3zJQn8uCGtcBD9MB41umjSQqQszrKmB5DLY4rsL4ds,,,1700511719,0.0,0.0,0.0,0,0,0,0.0,0.0,1.0,0.0,,,0,0,0,Helius verified first buyer,2026-08-20 04:40:24
BcVc2CAy4F1UErwRxQnUPzL6PdBZG9HcBMcTPoYiy7TF,,,1700511721,0.0,0.0,0.0,0,0,0,0.0,0.0,1.0,0.0,,,0,0,0,Helius verified first buyer,2026-08-20 04:40:24
DiLnXEhd6kQ1cr9NTmKS9YTHNUUQV2zFcrvSpW9scdb7,,,1700511742,0.0,0.0,0.0,0,0,0,0.0,0.0,1.0,0.0,,,0,0,0,Helius verified first buyer,2026-08-20 04:40:24
GaJmrR5peiWVQatPhDM1ku1kFaWqrkohjJX1ejYfDtE,,,1700511749,0.0,0.0,0.0,0,0,0,0.0,0.0,1.0,0.0,,,0,0,0,Helius verified first buyer,2026-08-20 04:40:25
6oCUsUf6b6Lg7QqHB3Sw6gkP6uyX4zqa8GoCUNvY5mnh,,,1700511753,0.0,0.0,0.0,0,0,0,0.0,0.0,1.0,0.0,,,0,0,0,Helius verified first buyer,2026-08-20 04:40:25
65nmMrx8eYeAkEQaiircrrcizf53J3niS4f8n5rmm6hG,,,1700511757,0.0,0.0,0.0,0,0,0,0.0,0.0,1.0,0.0,,,0,0,0,Helius verified first buyer,2026-08-20 04:40:25
AN9W7Pw3kSEeoeX3Zb3KyRfYBzg1JaHCjJg9EmJTYUJ3,,,1700511770,0.0,0.0,0.0,0,0,0,0.0,0.0,1.0,0.0,,,0,0,0,Helius verified first buyer,2026-08-20 04:40:25
ECbyAejxPmq9jyCvut983et88s8d4cVPyJCbqtWynRPF,,,1700511842,0.0,0.0,0.0,0,0,0,0.0,0.0,1.0,0.0,,,0,0,0,Helius verified first buyer,2026-08-20 04:40:27
3U65eKCFwTubr9yJfVA8Dr48NjtTUSsJuKzMidyoRMjb,,,1700511846,0.0,0.0,0.0,0,0,0,0.0,0.0,1.0,0.0,,,0,0,0,Helius verified first buyer,2026-08-20 04:40:28
88368gbrGCBNSew9uJGhSuVprQBX5pvELoPX2DKA8qG9,,,1700511857,0.0,0.0,0.0,0,0,0,0.0,0.0,1.0,0.0,,,0,0,0,Helius verified first buyer,2026-08-20 04:40:28
G9Ecru3jDNHsFXz1x5E6RMJxKpuLv6GxGNebySso6Dk1,,,1700511859,0.0,0.0,0.0,0,0,0,0.0,0.0,1.0,0.0,,,0,0,0,Helius verified first buyer,2026-08-20 04:40:28
J5TFw2bm2HJmCK89Z1qjuFC4MHLeNaDL189CLRMyvAdS,,,1700511860,0.0,0.0,0.0,0,0,0,0.0,0.0,1.0,0.0,,,0,0,0,Helius verified first buyer,2026-08-20 04:40:28
7Ao34kzergbZqDQCbGbXPGMraj21pe6xFSGTS3c7vtr7,,,1700511863,0.0,0.0,0.0,0,0,0,0.0,0.0,1.0,0.0,,,0,0,0,Helius verified first buyer,2026-08-20 04:40:29
66MibzdT4v43PvJtyw4pSNCegfS5fuw5nszKMxnnEt6D,,,1700511872,0.0,0.0,0.0,0,0,0,0.0,0.0,1.0,0.0,,,0,0,0,Helius verified first buyer,2026-08-20 04:40:29
5zsak61FmocEm86f4H7MTqnL5G9YQFAMt7PwEWb3rmrq,,,1700511920,0.0,0.0,0.0,0,0,0,0.0,0.0,1.0,0.0,,,0,0,0,Helius verified first buyer,2026-08-20 04:40:30
AFgQ1dqqBH3sPdPfpjXkK1gfTZybL9DoHdpgsCgLwPh,,,1700511920,0.0,0.0,0.0,0,0,0,0.0,0.0,1.0,0.0,,,0,0,0,Helius verified first buyer,2026-08-20 04:40:30
6aFWJCtTPPNRtryEK8mXnbTq6S9mxrWJtvxNJujQ4oXL,,,1700511922,0.0,0.0,0.0,0,0,0,0.0,0.0,1.0,0.0,,,0,0,0,Helius verified first buyer,2026-08-20 04:40:31
Ejp6tGuozZcbzbG8FXAcPHGuLjV6mtNGzsmu7WBZpDKH,,,1700511933,0.0,0.0,0.0,0,0,0,0.0,0.0,1.0,0.0,,,0,0,0,Helius verified first buyer,2026-08-20 04:40:31
FqFwNEEnL92kZZgC1wgXwWN24PGXiFiVzbjG5bnQBMZy,,,1700511945,0.0,0.0,0.0,0,0,0,0.0,0.0,1.0,0.0,,,0,0,0,Helius verified first buyer,2026-08-20 04:40:31
9LbmrBc15oBLFU6bHfhm4cKBuZP1GACvWvSFjgdUYRsB,,,1700511948,0.0,0.0,0.0,0,0,0,0.0,0.0,1.0,0.0,,,0,0,0,Helius verified first buyer,2026-08-20 04:40:31
6MxvssU6RxLXPcR5TV8deDXySnx2dUmAZKHfqQz4L97o,,,1700511957,0.0,0.0,0.0,0,0,0,0.0,0.0,1.0,0.0,,,0,0,0,Helius verified first buyer,2026-08-20 04:40:32
NWKir4sLXx9p5FGerpSKAMPYzFaKVmKzQJJWS4357e1,,,1700511964,0.0,0.0,0.0,0,0,0,0.0,0.0,1.0,0.0,,,0,0,0,Helius verified first buyer,2026-08-20 04:40:32
DoBvQJCPT2W3gmcAUudBNp6g6douY1abqvVrCtYaoJvq,,,1700511965,0.0,0.0,0.0,0,0,0,0.0,0.0,1.0,0.0,,,0,0,0,Helius verified first buyer,2026-08-20 04:40:32
3N6Sfo4XAEW9ZrRoWSyiAkLKn2wiQoEsjinJrbDnMFnB,,,1700511970,0.0,0.0,0.0,0,0,0,0.0,0.0,1.0,0.0,,,0,0,0,Helius verified first buyer,2026-08-20 04:40:33
GxffPAkzREW3kFzkXt7xYpfTNqC69ny4MoypYThZtqB9,,,1700511987,0.0,0.0,0.0,0,0,0,0.0,0.0,1.0,0.0,,,0,0,0,Helius verified first buyer,2026-08-20 04:40:33
BF2j9jJnhX6WfRXFKhYirvzXExPVVjTkbzu3K9x5YjMz,,,1700511990,0.0,0.0,0.0,0,0,0,0.0,0.0,1.0,0.0,,,0,0,0,Helius verified first buyer,2026-08-20 04:40:33
8BLNoQZW8paU9RoRS1W8SNqRqFcmr7hW5SLTCnJ5Wfvw,,,1700511995,0.0,0.0,0.0,0,0,0,0.0,0.0,1.0,0.0,,,0,0,0,Helius verified first buyer,2026-08-20 04:40:33
DW5d9d1uVQawFFbQKsykZGsx7LFnCJ3PBjqme8Ho59ek,,,1700512014,0.0,0.0,0.0,0,0,0,0.0,0.0,1.0,0.0,,,0,0,0,Helius verified first buyer,2026-08-20 04:40:34
Aha6B7Fdz5YWaj6sFqYvXexxf1bPHKKxqAHHacMwzcR4,,,1700512015,0.0,0.0,0.0,0,0,0,0.0,0.0,1.0,0.0,,,0,0,0,Helius verified first buyer,2026-08-20 04:40:34
GAnitLus8nEho49muijxxS8Yb2Mq3Pzxc6ktSDcRuwJm,,,1700512035,0.0,0.0,0.0,0,0,0,0.0,0.0,1.0,0.0,,,0,0,0,Helius verified first buyer,2026-08-20 04:40:34
AkhE5J6swqErLSJ86uYWCPB889GQDZW9eWvgrY3nTpNV,,,1700512036,0.0,0.0,0.0,0,0,0,0.0,0.0,1.0,0.0,,,0,0,0,Helius verified first buyer,2026-08-20 04:40:35
3EqdiWjyG5YX6z8wYs872nvYAHWfGAsKXm7eXZE8pqSP,,,1700512043,0.0,0.0,0.0,0,0,0,0.0,0.0,1.0,0.0,,,0,0,0,Helius verified first buyer,2026-08-20 04:40:35
DqqC5BiCEvgYbzv1XQmWEpsVXAawVLi14z1cwP5hd9PZ,,,1700512044,0.0,0.0,0.0,0,0,0,0.0,0.0,1.0,0.0,,,0,0,0,Helius verified first buyer,2026-08-20 04:40:35
CscyyLNVN9pqveETKrQUKBFhp6dy7s4WTQP1cqfgKqCr,,,1700512052,0.0,0.0,0.0,0,0,0,0.0,0.0,1.0,0.0,,,0,0,0,Helius verified first buyer,2026-08-20 04:40:36
3zmFrQEr798iaPaxmpzto6YQQEPYTAQjXykSUN9kQSNV,,,1700512061,0.0,0.0,0.0,0,0,0,0.0,0.0,1.0,0.0,,,0,0,0,Helius verified first buyer,2026-08-20 04:40:36
EdFhbb6RcfaDbQygC5KVeK54MEvgpFSvZ2eTov81hwvp,,,1700512066,0.0,0.0,0.0,0,0,0,0.0,0.0,1.0,0.0,,,0,0,0,Helius verified first buyer,2026-08-20 04:40:36
3iRedv9mNF2zNRTj4xdJijhiesJT2NoqjmDgRisK2xLS,,,1700512066,0.0,0.0,0.0,0,0,0,0.0,0.0,1.0,0.0,,,0,0,0,Helius verified first buyer,2026-08-20 04:40:36
CzrbmsNmERnifrS6WtKjrR8dNqVqX9Fry6Syg7Nb22BE,,,1700512073,0.0,0.0,0.0,0,0,0,0.0,0.0,1.0,0.0,,,0,0,0,Helius verified first buyer,2026-08-20 04:40:37
g3AxEpcbi2CqBYkjwF92fEzRiQC39rz9Y3FfgaLiGFM,,,1700512091,0.0,0.0,0.0,0,0,0,0.0,0.0,1.0,0.0,,,0,0,0,Helius verified first buyer,2026-08-20 04:40:37
9TKQRJQAir8SSo5mUAi1kTjSz6XEDxyaTiEVmbZAukdb,,,1700512093,0.0,0.0,0.0,0,0,0,0.0,0.0,1.0,0.0,,,0,0,0,Helius verified first buyer,2026-08-20 04:40:37
CfM4z2nbv1fdg71C68KtmNqcai9jtxK6cNzK5N54GpV3,,,1700512097,0.0,0.0,0.0,0,0,0,0.0,0.0,1.0,0.0,,,0,0,0,Helius verified first buyer,2026-08-20 04:40:38
62f8hfB6Ct7CJYxxLzQZK4YtpxQgXb1veLNxNiJqC8GL,,,1700512097,0.0,0.0,0.0,0,0,0,0.0,0.0,1.0,0.0,,,0,0,0,Helius verified first buyer,2026-08-20 04:40:38
7Mpo21aZATk3kevkUSRMtXyiE3Jc7GxMCk6PMRtgDv7k,,,1700512115,0.0,0.0,0.0,0,0,0,0.0,0.0,1.0,0.0,,,0,0,0,Helius verified first buyer,2026-08-20 04:40:38
EeKoPBsBsykUwssX7vjSKuHj8rUifaTCiuncTM1pWeZq,,,1700512128,0.0,0.0,0.0,0,0,0,0.0,0.0,1.0,0.0,,,0,0,0,Helius verified first buyer,2026-08-20 04:40:38
Am2tos4iZSUaR4KLxkS55GP1LYbp4bwZxQ122E5Lic91,,,1700512163,0.0,0.0,0.0,0,0,0,0.0,0.0,1.0,0.0,,,0,0,0,Helius verified first buyer,2026-08-20 04:40:39
1HyLCZcZYqRamjDSBymcwL5MRbH9iArx1MR4G8QXyJv,,,1700512176,0.0,0.0,0.0,0,0,0,0.0,0.0,1.0,0.0,,,0,0,0,Helius verified first buyer,2026-08-20 04:40:39
2yZ7UkkU4HLeqnMGUWjXYJM15D6CFXQ9KQ12xrYVLMqg,,,1700512184,0.0,0.0,0.0,0,0,0,0.0,0.0,1.0,0.0,,,0,0,0,Helius verified first buyer,2026-08-20 04:40:39
EwhnBf7Ktz3WdfzWvh5MqPbuy9z2H31DjF8JMcDZEC34,,,1700512198,0.0,0.0,0.0,0,0,0,0.0,0.0,1.0,0.0,,,0,0,0,Helius verified first buyer,2026-08-20 04:40:39
F9zBzytuqdra4ajHZeZY3sJoVTSoApPeyA5LyYiwLN3P,,,1700512199,0.0,0.0,0.0,0,0,0,0.0,0.0,1.0,0.0,,,0,0,0,Helius verified first buyer,2026-08-20 04:40:40
7Ca6SmjeQ4UAgpiX82VwFnjyGJxh7XUADAQk3QeHzDFQ,,,1700512200,0.0,0.0,0.0,0,0,0,0.0,0.0,1.0,0.0,,,0,0,0,Helius verified first buyer,2026-08-20 04:40:40
3PGV9bWbKhyC5BXrqLfjXo3aWA38fuE2q4d7UgQfKk7r,,,1700512201,0.0,0.0,0.0,0,0,0,0.0,0.0,1.0,0.0,,,0,0,0,Helius verified first buyer,2026-08-20 04:40:40
C9mdtaACxw56e2V7CXN9voP4TF92BdVcJj8EierWSZJw,,,1700512202,0.0,0.0,0.0,0,0,0,0.0,0.0,1.0,0.0,,,0,0,0,Helius verified first buyer,2026-08-20 04:40:40
EXvw1T43DNuZYi3FypRyG4CqhFhoB7eBMuY5p5Sae8kH,,,1700512215,0.0,0.0,0.0,0,0,0,0.0,0.0,1.0,0.0,,,0,0,0,Helius verified first buyer,2026-08-20 04:40:41
GeBrGADRAznWQxtfhjh1uTMvBcKQZTfLZ1jBejxPyMcu,,,1700512215,0.0,0.0,0.0,0,0,0,0.0,0.0,1.0,0.0,,,0,0,0,Helius verified first buyer,2026-08-20 04:40:41
m4fCGnSTvRiZxXuGkL5pYEykWCSnD4NiTPVuMNgzMvc,,,1700512216,0.0,0.0,0.0,0,0,0,0.0,0.0,1.0,0.0,,,0,0,0,Helius verified first buyer,2026-08-20 04:40:41
5BLHmRLef7hjtgxZ8K1xAxK3NZ8oyoQZAvhuHejNa1Hg,,,1700512224,0.0,0.0,0.0,0,0,0,0.0,0.0,1.0,0.0,,,0,0,0,Helius verified first buyer,2026-08-20 04:40:41
FqHtDVaYbJWGymmnd6EPHzrVeZtjWmeG1Xi6NcXK7HCi,,,1700512234,0.0,0.0,0.0,0,0,0,0.0,0.0,1.0,0.0,,,0,0,0,Helius verified first buyer,2026-08-20 04:40:42
4tDgMr6zhUXwQan1KXMHxXE3j742gYMSFZk2TmSV38Mr,,,1700512239,0.0,0.0,0.0,0,0,0,0.0,0.0,1.0,0.0,,,0,0,0,Helius verified first buyer,2026-08-20 04:40:42
Gda3vwfRN62ambyyvRN7uSwpUVPzsAVJy7Zk5ue3BuuD,,,1702413767,0.0,0.0,0.0,0,0,0,0.0,0.0,1.0,0.0,,,0,0,0,Helius verified first buyer,2026-08-20 04:40:44
CXWFSQPCvJzr3mjk2frqkZiHHu5LceRkKnS13ACqAw1K,,,1702414950,0.0,0.0,0.0,0,0,0,0.0,0.0,1.0,0.0,,,0,0,0,Helius verified first buyer,2026-08-20 04:40:44
BsD3gXhLVsM1K65TEWuuXGBHDNAuJwko2PnfXyqLLdXK,,,1702414976,0.0,0.0,0.0,0,0,0,0.0,0.0,1.0,0.0,,,0,0,0,Helius verified first buyer,2026-08-20 04:40:44
WjqWbdmv81gr8C9ipLUAXg9GwNVcnEM6r8S8eUb1ood,,,1702415044,0.0,0.0,0.0,0,0,0,0.0,0.0,1.0,0.0,,,0,0,0,Helius verified first buyer,2026-08-20 04:40:45
9Ri8BUpktvHQtwa89Yyknec3wsvtLy9GzfetJ1dX9uie,,,1702415044,0.0,0.0,0.0,0,0,0,0.0,0.0,1.0,0.0,,,0,0,0,Helius verified first buyer,2026-08-20 04:40:45
9N5CnB2ceUq6C4ozHnzp7aD5j3U1j1oZxg2v5mFqSjDG,,,1702415044,0.0,0.0,0.0,0,0,0,0.0,0.0,1.0,0.0,,,0,0,0,Helius verified first buyer,2026-08-20 04:40:46
3ixCgdnKCX6ebBKz37ohczd1v9WaKNArJcWnPq4dEzDx,,,1702415044,0.0,0.0,0.0,0,0,0,0.0,0.0,1.0,0.0,,,0,0,0,Helius verified first buyer,2026-08-20 04:40:46
DS4jnL4zbCyAJgmpPXUga8VvjfX3bqvS7kTxkU4Sw32M,,,1702415045,0.0,0.0,0.0,0,0,0,0.0,0.0,1.0,0.0,,,0,0,0,Helius verified first buyer,2026-08-20 04:40:46
Arsj3Fpd2xcr5faf97ezAcb5Ugm1i3Mxdk2PWTWrsmFo,,,1702415045,0.0,0.0,0.0,0,0,0,0.0,0.0,1.0,0.0,,,0,0,0,Helius verified first buyer,2026-08-20 04:40:46
DEez3GowwcddYLWAgLWTD4yUAM4EenPMYK6jm9EcdEEz,,,1702415045,0.0,0.0,0.0,0,0,0,0.0,0.0,1.0,0.0,,,0,0,0,Helius verified first buyer,2026-08-20 04:40:46
Hy9zVN8nEkV2RZLrdp5jSA8FLJHzXoC6xycfiR2y8MEa,,,1702415047,0.0,0.0,0.0,0,0,0,0.0,0.0,1.0,0.0,,,0,0,0,Helius verified first buyer,2026-08-20 04:40:47
7VeSG5ZrqqfSpLJUYrqrnovmmqsAGx71p92uUgeHGh7j,,,1702415047,0.0,0.0,0.0,0,0,0,0.0,0.0,1.0,0.0,,,0,0,0,Helius verified first buyer,2026-08-20 04:40:47
4mNDfUxkMbGHBYuusoHystYZhJKWPopAbhUHDAMy7YXE,,,1702415047,0.0,0.0,0.0,0,0,0,0.0,0.0,1.0,0.0,,,0,0,0,Helius verified first buyer,2026-08-20 04:40:47
7r7J9Y3pbqdxZhVT7r2SCd9Gda4QG8wz1EY3nQgijGuv,,,1702415047,0.0,0.0,0.0,0,0,0,0.0,0.0,1.0,0.0,,,0,0,0,Helius verified first buyer,2026-08-20 04:40:48
REDBUcou7rv5M435b7zz9nsgWHbfNZqSrfdJxFasKrN,,,1702415047,0.0,0.0,0.0,0,0,0,0.0,0.0,1.0,0.0,,,0,0,0,Helius verified first buyer,2026-08-20 04:40:48
DEypy2UST6NehfDwzxTiR8WuKzJFjn2KgCXmnvesXUJD,,,1702415047,0.0,0.0,0.0,0,0,0,0.0,0.0,1.0,0.0,,,0,0,0,Helius verified first buyer,2026-08-20 04:40:48
GS3ETH1hGSQzyEbWW2a3gmRS9TLFuv8G4wKcckYd6K97,,,1702415047,0.0,0.0,0.0,0,0,0,0.0,0.0,1.0,0.0,,,0,0,0,Helius verified first buyer,2026-08-20 04:40:48
68gNtB57dgxr1zCgugnG8RjnXnUX7D2XnYufW1RGQJMk,,,1702415047,0.0,0.0,0.0,0,0,0,0.0,0.0,1.0,0.0,,,0,0,0,Helius verified first buyer,2026-08-20 04:40:49
CPED41JMYms7KQVDjEwikof8Bm75y1y4v7GgYNfQBCKH,,,1702415047,0.0,0.0,0.0,0,0,0,0.0,0.0,1.0,0.0,,,0,0,0,Helius verified first buyer,2026-08-20 04:40:49
4qVt2rRKqJtNyNdbMkhC48SWJi8CyNk5sJGg2ffJxh5y,,,1702415047,0.0,0.0,0.0,0,0,0,0.0,0.0,1.0,0.0,,,0,0,0,Helius verified first buyer,2026-08-20 04:40:49
4NP8gK8hRNVKV6Lj9gmyP8dvwxTpLPrGXHaNMDhDEKhz,,,1702415047,0.0,0.0,0.0,0,0,0,0.0,0.0,1.0,0.0,,,0,0,0,Helius verified first buyer,2026-08-20 04:40:50
HYySiLRZuHJGMuvF1N6tgEwSUXmmcwWvoFfMNut5sCUQ,,,1702415047,0.0,0.0,0.0,0,0,0,0.0,0.0,1.0,0.0,,,0,0,0,Helius verified first buyer,2026-08-20 04:40:50
7XDXZMNWgNTi2VhE2xEx1jMxYLp1oN4Wbu3e9hWS6wtm,,,1702415047,0.0,0.0,0.0,0,0,0,0.0,0.0,1.0,0.0,,,0,0,0,Helius verified first buyer,2026-08-20 04:40:50
H2rZVt1b2KsP9AcivGxHXwhbe5ULw6T5r8pbAfu6GSRq,,,1702415048,0.0,0.0,0.0,0,0,0,0.0,0.0,1.0,0.0,,,0,0,0,Helius verified first buyer,2026-08-20 04:40:51
AKHbfVmqUbF6w3kpgxuJjwzJpqDUit8UCTZBfHKAZZK,,,1702415048,0.0,0.0,0.0,0,0,0,0.0,0.0,1.0,0.0,,,0,0,0,Helius verified first buyer,2026-08-20 04:40:51
4c4D6fw44ztXGg79DVwTTktPP48QUySN9pnz3YynrrXa,,,1702415048,0.0,0.0,0.0,0,0,0,0.0,0.0,1.0,0.0,,,0,0,0,Helius verified first buyer,2026-08-20 04:40:51
4Ck8m7CqR5ovX7RSK9wt22Fsw7R9pXU5HSDGuH8eQKCX,,,1702415049,0.0,0.0,0.0,0,0,0,0.0,0.0,1.0,0.0,,,0,0,0,Helius verified first buyer,2026-08-20 04:40:52
EhrjhZxktU45gFsN1Y3M7UUx3qRp1hXFkNTDVHejiPzJ,,,1702415049,0.0,0.0,0.0,0,0,0,0.0,0.0,1.0,0.0,,,0,0,0,Helius verified first buyer,2026-08-20 04:40:52
6Jq9LN4Nd5UgqjBUdyQ8XP1QhhenCTHaQFkgQNjZyZJJ,,,1702415050,0.0,0.0,0.0,0,0,0,0.0,0.0,1.0,0.0,,,0,0,0,Helius verified first buyer,2026-08-20 04:40:53
71To2fr6ViwjiyQvo1QjfKZ2bAbrnBwFJhZCcrTPQKQ4,,,1702415050,0.0,0.0,0.0,0,0,0,0.0,0.0,1.0,0.0,,,0,0,0,Helius verified first buyer,2026-08-20 04:40:53
CTVXZJxHbqsfeVBvvbWsgSWRDtM9Kg5pSmiBuZjWkS6T,,,1702415050,0.0,0.0,0.0,0,0,0,0.0,0.0,1.0,0.0,,,0,0,0,Helius verified first buyer,2026-08-20 04:40:53
9v5V6EPZLvED8oC6eGEKWfTYVRHVqBqysWpWCxvh4esg,,,1702415051,0.0,0.0,0.0,0,0,0,0.0,0.0,1.0,0.0,,,0,0,0,Helius verified first buyer,2026-08-20 04:40:53
5k2TDssXi9vKhCprHA4FHRdzsEbhXSmw2hdkGRZ8FEAL,,,1702415051,0.0,0.0,0.0,0,0,0,0.0,0.0,1.0,0.0,,,0,0,0,Helius verified first buyer,2026-08-20 04:41:03
6iYbtvfBuDxuNWEfZRoyY69UTwd325qN1CmQNWvVwjmy,,,1702415051,0.0,0.0,0.0,0,0,0,0.0,0.0,1.0,0.0,,,0,0,0,Helius verified first buyer,2026-08-20 04:40:54
9gxBDddAvsVUmcLAwJWhnKr5dMN8rWkdqn8ZZ4V272bo,,,1702415051,0.0,0.0,0.0,0,0,0,0.0,0.0,1.0,0.0,,,0,0,0,Helius verified first buyer,2026-08-20 04:40:54
Hf8Rqj9srJU5Wqufd28wzzTBaWmAraxkG1WgGnantkMr,,,1702415051,0.0,0.0,0.0,0,0,0,0.0,0.0,1.0,0.0,,,0,0,0,Helius verified first buyer,2026-08-20 04:40:55
GKxXrhfytczdawPrLXUGdPsGAAagnzJwx1rcVvekY9Ss,,,1702415051,0.0,0.0,0.0,0,0,0,0.0,0.0,1.0,0.0,,,0,0,0,Helius verified first buyer,2026-08-20 04:40:55
BvLnxFcaigQfCPWShiaH6ihH1T7sBo7zpf3RmqyiFZ9v,,,1702415052,0.0,0.0,0.0,0,0,0,0.0,0.0,1.0,0.0,,,0,0,0,Helius verified first buyer,2026-08-20 04:40:55
fuBEE1cArso4GqHE4NDz9d4pMSFDSJkadPesBMiMP12,,,1702415056,0.0,0.0,0.0,0,0,0,0.0,0.0,1.0,0.0,,,0,0,0,Helius verified first buyer,2026-08-20 04:40:56
HH1sj53AeKkKa1NBoA6kAdjWN2n86DamCuQ1KtBqh1n1,,,1702415059,0.0,0.0,0.0,0,0,0,0.0,0.0,1.0,0.0,,,0,0,0,Helius verified first buyer,2026-08-20 04:40:56
9Uk6dkJv5hjF4AX9c2T7UEdU1RuaTiAKqBngDBMAUq7,,,1702415059,0.0,0.0,0.0,0,0,0,0.0,0.0,1.0,0.0,,,0,0,0,Helius verified first buyer,2026-08-20 04:40:56
B4oGZzjKVW41x1jrDi7NNBheGM8vhin6P3YKGuew1G9t,,,1702415059,0.0,0.0,0.0,0,0,0,0.0,0.0,1.0,0.0,,,0,0,0,Helius verified first buyer,2026-08-20 04:40:56
AP8Zb1VrDHTpHWhWQYG3mNXeS9L4xtyEAkGrFE2EmWeb,,,1702415059,0.0,0.0,0.0,0,0,0,0.0,0.0,1.0,0.0,,,0,0,0,Helius verified first buyer,2026-08-20 04:40:57
EzoUM1yNfL2YUwMWAU8JNBhdzCpxxvYj47Ycks56uZrC,,,1702415059,0.0,0.0,0.0,0,0,0,0.0,0.0,1.0,0.0,,,0,0,0,Helius verified first buyer,2026-08-20 04:40:57
F6sMAAmgUWqqjRnWDaZbUAPYMq7ezXPXrHdEA6gATRGx,,,1702415059,0.0,0.0,0.0,0,0,0,0.0,0.0,1.0,0.0,,,0,0,0,Helius verified first buyer,2026-08-20 04:40:57
BRAK52HZXLKD25aJ1USrEqLcyHRfoXB1PnuTdeoPRpgE,,,1702415059,0.0,0.0,0.0,0,0,0,0.0,0.0,1.0,0.0,,,0,0,0,Helius verified first buyer,2026-08-20 04:40:59
4dHfL1yq2XodAQgC1ovZEJkAMHis2caknjspLKrbHMcx,,,1702415059,0.0,0.0,0.0,0,0,0,0.0,0.0,1.0,0.0,,,0,0,0,Helius verified first buyer,2026-08-20 04:40:58
CrEMCf1Wpk2wjZHbYhEC6nur15h44NQ3tBPkKRHiEqPd,,,1702415059,0.0,0.0,0.0,0,0,0,0.0,0.0,1.0,0.0,,,0,0,0,Helius verified first buyer,2026-08-20 04:40:59
7NFYc1zR7bL12ww6z5uFvwDP1za9Ej1mf2H9pSSLRJKA,,,1702415059,0.0,0.0,0.0,0,0,0,0.0,0.0,1.0,0.0,,,0,0,0,Helius verified first buyer,2026-08-20 04:41:00
GMuYwpiiJwbKbNiYcRpaDPbnarYagCkbXEQAB8dvycPu,,,1702415060,0.0,0.0,0.0,0,0,0,0.0,0.0,1.0,0.0,,,0,0,0,Helius verified first buyer,2026-08-20 04:41:00
7ULs97DzT6MGVMLFTRNpewrUzN9o9vrmGVzejpczQYhR,,,1702415063,0.0,0.0,0.0,0,0,0,0.0,0.0,1.0,0.0,,,0,0,0,Helius verified first buyer,2026-08-20 04:41:00
B7Coejt78CjL7hLShWGBSFF7m4fW5RTqvbwXwBkxwmxe,,,1702415067,0.0,0.0,0.0,0,0,0,0.0,0.0,1.0,0.0,,,0,0,0,Helius verified first buyer,2026-08-20 04:41:00
47M6tnNSPpQGMJPjafvCb8jbjEcqRhbGHkTCPSYMhJ4w,,,1702415068,0.0,0.0,0.0,0,0,0,0.0,0.0,1.0,0.0,,,0,0,0,Helius verified first buyer,2026-08-20 04:41:01
6rSGg8WrUPhiYBaJ2iVAGcqRMn5C4LSmsuDrsfnXfAMs,,,1702415068,0.0,0.0,0.0,0,0,0,0.0,0.0,1.0,0.0,,,0,0,0,Helius verified first buyer,2026-08-20 04:41:44
6YW8aVUQo73df2ZfNsCEi77fKiFursqWpShmnFxeyS56,,,1702415070,0.0,0.0,0.0,0,0,0,0.0,0.0,1.0,0.0,,,0,0,0,Helius verified first buyer,2026-08-20 04:41:01
7CHySc6RkiHxhP7BneL5NKzuHgTyQ5uZg6UxHqrNZBy7,,,1702415071,0.0,0.0,0.0,0,0,0,0.0,0.0,1.0,0.0,,,0,0,0,Helius verified first buyer,2026-08-20 04:41:01
8gGfEak7J3qeLjnYjBbZWfygwjKLbSGL7GqjfDYzNyM2,,,1702415073,0.0,0.0,0.0,0,0,0,0.0,0.0,1.0,0.0,,,0,0,0,Helius verified first buyer,2026-08-20 04:41:02
6Pvak41kgw2EF94bBYuvnajXTKL5FydR3dVEh19rYPuJ,,,1702415073,0.0,0.0,0.0,0,0,0,0.0,0.0,1.0,0.0,,,0,0,0,Helius verified first buyer,2026-08-20 04:41:02
BXQZ13LUUzdHzWeVjqAxy1WJGHU7FhWoomYgqjj4sdpQ,,,1702415075,0.0,0.0,0.0,0,0,0,0.0,0.0,1.0,0.0,,,0,0,0,Helius verified first buyer,2026-08-20 04:41:03
H1ximHUNnhKtdBJxx4bygSetjFsZuMaumr6cVmXdkcV8,,,1702415075,0.0,0.0,0.0,0,0,0,0.0,0.0,1.0,0.0,,,0,0,0,Helius verified first buyer,2026-08-20 04:41:15
C36otRe6Kx85XiUYkpwoKAtzznoiYMgtd3SZe2eAJqoD,,,1702415076,0.0,0.0,0.0,0,0,0,0.0,0.0,1.0,0.0,,,0,0,0,Helius verified first buyer,2026-08-20 04:41:03
47ZAWHwQMkyFxFWNFNxmdNEnh1TA8dTS2QZjjKoDGfco,,,1702415079,0.0,0.0,0.0,0,0,0,0.0,0.0,1.0,0.0,,,0,0,0,Helius verified first buyer,2026-08-20 04:44:37
FtdbqQfPeC76bbmmttADZfPbLk7GsVcC7Pk7vhRmMEhc,,,1702415081,0.0,0.0,0.0,0,0,0,0.0,0.0,1.0,0.0,,,0,0,0,Helius verified first buyer,2026-08-20 04:44:55
B5h8iMshrhVZWELrTeJK7BjHGm83ZKK1Ru4VuencBF4m,,,1702415081,0.0,0.0,0.0,0,0,0,0.0,0.0,1.0,0.0,,,0,0,0,Helius verified first buyer,2026-08-20 04:41:04
EZ1djh64dQdwzS8At6s15DgKxmPDairyVNFn5Gxgkftf,,,1702415083,0.0,0.0,0.0,0,0,0,0.0,0.0,1.0,0.0,,,0,0,0,Helius verified first buyer,2026-08-20 04:44:37
JA6pd9ef8gRRfo3ouoHuCY3YZoQfKXRi6ixAp25yzKXg,,,1702415083,0.0,0.0,0.0,0,0,0,0.0,0.0,1.0,0.0,,,0,0,0,Helius verified first buyer,2026-08-20 04:41:17
9H1QfWwEqNqDuGaQutgDzHpbghd9WkrsPAWkJanLER1o,,,1702415083,0.0,0.0,0.0,0,0,0,0.0,0.0,1.0,0.0,,,0,0,0,Helius verified first buyer,2026-08-20 04:44:40
8ubFrzFQtPEARsqDxhmRYKCeSrcMv3w8pb9UKUT5iYhE,,,1702415085,0.0,0.0,0.0,0,0,0,0.0,0.0,1.0,0.0,,,0,0,0,Helius verified first buyer,2026-08-20 04:41:05
9kqxuvmWGTjas1GLcRzuhG3ikKFD7wBdQjoo4i431Ao5,,,1702415085,0.0,0.0,0.0,0,0,0,0.0,0.0,1.0,0.0,,,0,0,0,Helius verified first buyer,2026-08-20 04:41:05
7Rj8d3E5erTHGy7iBQLvCrrEX2J7nur2VpKaZ3ZDxu2t,,,1702415085,0.0,0.0,0.0,0,0,0,0.0,0.0,1.0,0.0,,,0,0,0,Helius verified first buyer,2026-08-20 04:41:06
5qXCd6ug2wVwRkdVXYG9MogXbcE9fvY8zYpqbRFrog4W,,,1702415085,0.0,0.0,0.0,0,0,0,0.0,0.0,1.0,0.0,,,0,0,0,Helius verified first buyer,2026-08-20 04:42:00
241BE1n7i4VyH92khyCHHcT8suduDdkXeCuBuU3nQ9eC,,,1702415088,0.0,0.0,0.0,0,0,0,0.0,0.0,1.0,0.0,,,0,0,0,Helius verified first buyer,2026-08-20 04:41:07
47XfH8X2e7pPY8t97CDsk3veoaG7u47LNCFmnAwaJre3,,,1702415089,0.0,0.0,0.0,0,0,0,0.0,0.0,1.0,0.0,,,0,0,0,Helius verified first buyer,2026-08-20 04:44:50
Csx7F2NqsCiEvJ7p12T2cR74qXArNHgsLCvYgbKBTMiv,,,1702415098,0.0,0.0,0.0,0,0,0,0.0,0.0,1.0,0.0,,,0,0,0,Helius verified first buyer,2026-08-20 04:41:08
CmAAYPzng1jDgVFktq8oea1nEh9u9jJX9xfWDsNVyDEr,,,1702415098,0.0,0.0,0.0,0,0,0,0.0,0.0,1.0,0.0,,,0,0,0,Helius verified first buyer,2026-08-20 04:44:40
4ssCJpMJcAecy64kH6KB4KFkVDTpGZKqa5RNrAL6DeAB,,,1702415098,0.0,0.0,0.0,0,0,0,0.0,0.0,1.0,0.0,,,0,0,0,Helius verified first buyer,2026-08-20 04:41:08
5KEj3CSQA8iGvGB2MoCqvAjZQu119i1MzTiV8xxcX4qd,,,1702415100,0.0,0.0,0.0,0,0,0,0.0,0.0,1.0,0.0,,,0,0,0,Helius verified first buyer,2026-08-20 04:41:09
YKwb2A1KqkNmxU66yxXT7DuWhYRkQMmk5UcaEYEDoJa,,,1702415101,0.0,0.0,0.0,0,0,0,0.0,0.0,1.0,0.0,,,0,0,0,Helius verified first buyer,2026-08-20 04:43:09
EdPQXGZKGeTX5Pp9fEAYSQsnahBwykaLfKfauD2oY5Hg,,,1702415102,0.0,0.0,0.0,0,0,0,0.0,0.0,1.0,0.0,,,0,0,0,Helius verified first buyer,2026-08-20 04:42:23
9GMVR4Q5Z679za6aumh28EVJtB5G9LZkRXFJuYd7WatB,,,1702415103,0.0,0.0,0.0,0,0,0,0.0,0.0,1.0,0.0,,,0,0,0,Helius verified first buyer,2026-08-20 04:41:10
8mXJNdFGi8RPRiiQFrnZvsQTy9uARKzroHSrHKs2mhdU,,,1702415103,0.0,0.0,0.0,0,0,0,0.0,0.0,1.0,0.0,,,0,0,0,Helius verified first buyer,2026-08-20 04:43:07
EhuhNBWkAi4ebot1ZyWQKcjicLAMG9Y6mZ9yXK7LK1Ff,,,1702415104,0.0,0.0,0.0,0,0,0,0.0,0.0,1.0,0.0,,,0,0,0,Helius verified first buyer,2026-08-20 04:41:11
89mVEYSYohjAa6DTUxZYW2SVUP4L7BaLtk6bmQ1jUbH9,,,1702415104,0.0,0.0,0.0,0,0,0,0.0,0.0,1.0,0.0,,,0,0,0,Helius verified first buyer,2026-08-20 04:41:50
7nPQPAGfpVs9fE3tQfAL5m5UrwbtQZry6fZjwy15y6BT,,,1702415104,0.0,0.0,0.0,0,0,0,0.0,0.0,1.0,0.0,,,0,0,0,Helius verified first buyer,2026-08-20 04:41:11
AAtAzU7atYeNWVofwFKvdbSRq2ehJr1vfvr22oBSrKjJ,,,1702415104,0.0,0.0,0.0,0,0,0,0.0,0.0,1.0,0.0,,,0,0,0,Helius verified first buyer,2026-08-20 04:41:11
CajwqwxW8WxnuYzwSBvGMAgvvXPeeq1HpxUJVpCxnmmc,,,1702415114,0.0,0.0,0.0,0,0,0,0.0,0.0,1.0,0.0,,,0,0,0,Helius verified first buyer,2026-08-20 04:41:12
9GQSmAcQ2wCgsuzUpzAi6aCe3LvPoMxBYMwK2sYGHekP,,,1702415116,0.0,0.0,0.0,0,0,0,0.0,0.0,1.0,0.0,,,0,0,0,Helius verified first buyer,2026-08-20 04:43:55
BPVkLrN4SmQnYz9qGt4bFq8A41UfThNPQgSKecqt8L79,,,1702415116,0.0,0.0,0.0,0,0,0,0.0,0.0,1.0,0.0,,,0,0,0,Helius verified first buyer,2026-08-20 04:41:45
NvQ3E7UnK6GHcP6k677k65EipUKLQuKQfHdLcrcknXe,,,1702415116,0.0,0.0,0.0,0,0,0,0.0,0.0,1.0,0.0,,,0,0,0,Helius verified first buyer,2026-08-20 04:41:12
G5CapxxwJjWHPkiUNLCEQTiDsPu6gmjgQVUJykoA8dMG,,,1702415118,0.0,0.0,0.0,0,0,0,0.0,0.0,1.0,0.0,,,0,0,0,Helius verified first buyer,2026-08-20 04:41:24
AbYwbBSeeq4pWQxtcEGSVxXyyJEXkgQq9Z8A7spz8AVu,,,1702415127,0.0,0.0,0.0,0,0,0,0.0,0.0,1.0,0.0,,,0,0,0,Helius verified first buyer,2026-08-20 04:43:16
GuFW78sSUiVzww3eCffPMqEU2Wh5pK7nactB7eJNLqRJ,,,1702415129,0.0,0.0,0.0,0,0,0,0.0,0.0,1.0,0.0,,,0,0,0,Helius verified first buyer,2026-08-20 04:41:13
Fa7spHQvNanTSyv39G9vJKJ4pfd82vWWDNnZQHNQoDio,,,1702415134,0.0,0.0,0.0,0,0,0,0.0,0.0,1.0,0.0,,,0,0,0,Helius verified first buyer,2026-08-20 04:41:14
6o3wwDnH9dqNrKCnDmKGYNEt3Ubu1kgZzWgVT2zb8uB4,,,1702415135,0.0,0.0,0.0,0,0,0,0.0,0.0,1.0,0.0,,,0,0,0,Helius verified first buyer,2026-08-20 04:41:14
2sJB1n2NsPZZ2Fe8hz8YLV4R9g1wftsSp7xU2ZpJKaAA,,,1702415135,0.0,0.0,0.0,0,0,0,0.0,0.0,1.0,0.0,,,0,0,0,Helius verified first buyer,2026-08-20 04:41:14
JAET6fJs7wAAk2WrUJcypqURDXPqfowPhwBuRNfy7QS5,,,1702415137,0.0,0.0,0.0,0,0,0,0.0,0.0,1.0,0.0,,,0,0,0,Helius verified first buyer,2026-08-20 04:41:14
9czzLa6uM89W2y3XofrXWamJMqxspjtJNotKgFAoDyBJ,,,1702415140,0.0,0.0,0.0,0,0,0,0.0,0.0,1.0,0.0,,,0,0,0,Helius verified first buyer,2026-08-20 04:41:15
4nxETCpKcNhPMRQJn2L6KyrDv1xWbFwsSWMD8E1k6dgf,,,1702415140,0.0,0.0,0.0,0,0,0,0.0,0.0,1.0,0.0,,,0,0,0,Helius verified first buyer,2026-08-20 04:41:15
DK12tg8C1VHwS6u3U7NkMnhp5fYHznY2fWnEMoN1TzZV,,,1702415140,0.0,0.0,0.0,0,0,0,0.0,0.0,1.0,0.0,,,0,0,0,Helius verified first buyer,2026-08-20 04:42:12
EogrLcXMegnWVewx6HPPTU6o3yqTTvN96Zanodhn7Cum,,,1702415143,0.0,0.0,0.0,0,0,0,0.0,0.0,1.0,0.0,,,0,0,0,Helius verified first buyer,2026-08-20 04:42:54
BuEqW7aUUfXBrFoALe4motYJAZwPLCBVp7Q1dcCcAjq2,,,1702415144,0.0,0.0,0.0,0,0,0,0.0,0.0,1.0,0.0,,,0,0,0,Helius verified first buyer,2026-08-20 04:41:54
8WYJXVAwmSGCh1S5vWXwN9CPgC3EznUk5Gh118uQipR7,,,1702415146,0.0,0.0,0.0,0,0,0,0.0,0.0,1.0,0.0,,,0,0,0,Helius verified first buyer,2026-08-20 04:41:17
CSbpBrJJXxiNHxQbFcmQ4T8XeBJUxZ8Cn6ho5bhvX2ct,,,1702415146,0.0,0.0,0.0,0,0,0,0.0,0.0,1.0,0.0,,,0,0,0,Helius verified first buyer,2026-08-20 04:41:17
AEkSUL4oV6cz3HXexU5Yxz6wR8Cab2G4Y8moN14L3AS2,,,1702415146,0.0,0.0,0.0,0,0,0,0.0,0.0,1.0,0.0,,,0,0,0,Helius verified first buyer,2026-08-20 04:42:07
4WW6sra7VNBR561oXndNqGYwCeGgMqLtBKSjDX8jMfFS,,,1702415164,0.0,0.0,0.0,0,0,0,0.0,0.0,1.0,0.0,,,0,0,0,Helius verified first buyer,2026-08-20 04:41:19
BHZzPfwkaH1i5WNasuw6ExH76CdoG8jELNU6pfDsw6wA,,,1702415164,0.0,0.0,0.0,0,0,0,0.0,0.0,1.0,0.0,,,0,0,0,Helius verified first buyer,2026-08-20 04:41:19
6DNawnaV2PuNSVw638HYQrM9gPHKEXAb2bwgWH73Li3o,,,1702415167,0.0,0.0,0.0,0,0,0,0.0,0.0,1.0,0.0,,,0,0,0,Helius verified first buyer,2026-08-20 04:42:08
H3nJUzh5sr2RFrMwAZaLVvQgK8U2qNyGye6xZLZS749q,,,1702415169,0.0,0.0,0.0,0,0,0,0.0,0.0,1.0,0.0,,,0,0,0,Helius verified first buyer,2026-08-20 04:41:52
GmF7bDwzuXebSqmDQguF72qTAXcuF766Gdsu5T419jTp,,,1702415176,0.0,0.0,0.0,0,0,0,0.0,0.0,1.0,0.0,,,0,0,0,Helius verified first buyer,2026-08-20 04:41:24
DrE8Rma32tA5jD6dzG9yu8PYMFcX75a82WKwHXMCsTy4,,,1702415178,0.0,0.0,0.0,0,0,0,0.0,0.0,1.0,0.0,,,0,0,0,Helius verified first buyer,2026-08-20 04:41:20
9mRnV2HbWh7zC9rwPcveTh6YafVH5ChEja8WftKXUS9P,,,1702415179,0.0,0.0,0.0,0,0,0,0.0,0.0,1.0,0.0,,,0,0,0,Helius verified first buyer,2026-08-20 04:44:55
FodhoucARJhEy8qAFBwkfzFB8WoWyoHeTjuwwESfzcuy,,,1702415180,0.0,0.0,0.0,0,0,0,0.0,0.0,1.0,0.0,,,0,0,0,Helius verified first buyer,2026-08-20 04:41:25
4oHHAK3TJ8jEDfBMMajSXwkYChJCtHRtdHmHvdC9aFGY,,,1702415181,0.0,0.0,0.0,0,0,0,0.0,0.0,1.0,0.0,,,0,0,0,Helius verified first buyer,2026-08-20 04:41:21
EDMjYyptzeaWNvxDNBd3fEeytR2ReQTQyWMaKVQhvLe8,,,1702415182,0.0,0.0,0.0,0,0,0,0.0,0.0,1.0,0.0,,,0,0,0,Helius verified first buyer,2026-08-20 04:41:21
2fqviEjqUA7UzpSGZnRdJy1fKJ5gBovDKguxfaAtoXwS,,,1702415189,0.0,0.0,0.0,0,0,0,0.0,0.0,1.0,0.0,,,0,0,0,Helius verified first buyer,2026-08-20 04:41:22
HUF7sbra4bBBek25uyTcZmAGHLPJsVrRUepTAwSYNe2H,,,1702415189,0.0,0.0,0.0,0,0,0,0.0,0.0,1.0,0.0,,,0,0,0,Helius verified first buyer,2026-08-20 04:41:22
CMPEmNbESZg7xmgk5scpWCUFjCTvaYaSdJyNSzdzCFSX,,,1702415191,0.0,0.0,0.0,0,0,0,0.0,0.0,1.0,0.0,,,0,0,0,Helius verified first buyer,2026-08-20 04:41:22
5L7tmMqks5uhn9JXfqgKkhx6s1cf9pDhQaPTyowiEJyu,,,1702415192,0.0,0.0,0.0,0,0,0,0.0,0.0,1.0,0.0,,,0,0,0,Helius verified first buyer,2026-08-20 04:41:47
6vGqou28BoRsHfsbK8SLqJD7gABDoFJghNY1hMMre26x,,,1702415195,0.0,0.0,0.0,0,0,0,0.0,0.0,1.0,0.0,,,0,0,0,Helius verified first buyer,2026-08-20 04:41:23
WMYbAXe6htom1GKA6BHnAQhQKL5bShMhzUJHr9H64Jc,,,1702415203,0.0,0.0,0.0,0,0,0,0.0,0.0,1.0,0.0,,,0,0,0,Helius verified first buyer,2026-08-20 04:41:24
4FGQiPs6AqjQ5sC5kfo7PKtKPkfQenfkzyZhqmCVwnUN,,,1702415208,0.0,0.0,0.0,0,0,0,0.0,0.0,1.0,0.0,,,0,0,0,Helius verified first buyer,2026-08-20 04:42:04
Ak41MT8N3EBcZJsvSKg3piYQxnDrzCmoZzXk1LCabpWE,,,1702415217,0.0,0.0,0.0,0,0,0,0.0,0.0,1.0,0.0,,,0,0,0,Helius verified first buyer,2026-08-20 04:41:24
AUfX1LkpNcPwVe1ZRyWoCWGZNHwRLPDDpP2Vei2gqqcv,,,1702415229,0.0,0.0,0.0,0,0,0,0.0,0.0,1.0,0.0,,,0,0,0,Helius verified first buyer,2026-08-20 04:43:53
GcdhZRZkun8YgpyTtVF9sdUTzFu6MAe2Bpf8YEw4sR8M,,,1702415229,0.0,0.0,0.0,0,0,0,0.0,0.0,1.0,0.0,,,0,0,0,Helius verified first buyer,2026-08-20 04:41:25
GwpicnKqyrowBjoqa2W7WoFai33fFgsDPeT8YqMLaa2E,,,1702415231,0.0,0.0,0.0,0,0,0,0.0,0.0,1.0,0.0,,,0,0,0,Helius verified first buyer,2026-08-20 04:41:25
DYSCEQ7S5zz4U1eXAdBhTm4yhr9Zz7crg6xUu4U4xGo6,,,1702415236,0.0,0.0,0.0,0,0,0,0.0,0.0,1.0,0.0,,,0,0,0,Helius verified first buyer,2026-08-20 04:41:26
9Ua6CnV2SPnRZigau7UscZDXdsDvcWaF3pJeY6EVL1xi,,,1702415241,0.0,0.0,0.0,0,0,0,0.0,0.0,1.0,0.0,,,0,0,0,Helius verified first buyer,2026-08-20 04:41:26
2VSBGXsHpQfXn18ugncsjJdzg4Ln7tYQ5PqgcG3Cbf5t,,,1702415241,0.0,0.0,0.0,0,0,0,0.0,0.0,1.0,0.0,,,0,0,0,Helius verified first buyer,2026-08-20 04:41:26
GJ5D3ksfnfDuQXSjGtmQkDTXUpgCP7xMGh7jdgRh1fWe,,,1702415245,0.0,0.0,0.0,0,0,0,0.0,0.0,1.0,0.0,,,0,0,0,Helius verified first buyer,2026-08-20 04:41:27
AarMobC71GTqVcKuF4TqFtCM3xRydjjYJ1rGLtWHJAnz,,,1702415252,0.0,0.0,0.0,0,0,0,0.0,0.0,1.0,0.0,,,0,0,0,Helius verified first buyer,2026-08-20 04:41:27
3VEYgzs3Gr5ciCrWJbYRxyCaRbsUBjtFjmAqufjbioCy,,,1702415257,0.0,0.0,0.0,0,0,0,0.0,0.0,1.0,0.0,,,0,0,0,Helius verified first buyer,2026-08-20 04:41:27
CLk4qbG38pTydhzgbyGVMVYtEDD2ZzebHjWakfAG1egN,,,1702415257,0.0,0.0,0.0,0,0,0,0.0,0.0,1.0,0.0,,,0,0,0,Helius verified first buyer,2026-08-20 04:43:38
5pXNjKJyNReNznrEsXX65AXYXs7bK87DawEpgGbQVDNH,,,1702415265,0.0,0.0,0.0,0,0,0,0.0,0.0,1.0,0.0,,,0,0,0,Helius verified first buyer,2026-08-20 04:41:45
GhS1Tq1sR8ZmsH6HUfLB8HFLCHbCrcFRK5a58GSvuem1,,,1702415269,0.0,0.0,0.0,0,0,0,0.0,0.0,1.0,0.0,,,0,0,0,Helius verified first buyer,2026-08-20 04:41:28
2x9B5qUzWA9cP1hyzWKFF8uy2eZQVwobMRovzHEXYfsX,,,1702415270,0.0,0.0,0.0,0,0,0,0.0,0.0,1.0,0.0,,,0,0,0,Helius verified first buyer,2026-08-20 04:43:19
8qCqp81jhbw2BSCM1ngawbpmAsHH8zySd5L2ca18Tf1m,,,1702415287,0.0,0.0,0.0,0,0,0,0.0,0.0,1.0,0.0,,,0,0,0,Helius verified first buyer,2026-08-20 04:41:37
CFCYrZfDTLsZHN4wvSPLSCkWR4qx94CAB9NhBhGNTPQu,,,1702415289,0.0,0.0,0.0,0,0,0,0.0,0.0,1.0,0.0,,,0,0,0,Helius verified first buyer,2026-08-20 04:41:29
CDQ24Aztt7jEcQUjzFbu3omKDDY8duiRjWxmAzjcAHvy,,,1702415294,0.0,0.0,0.0,0,0,0,0.0,0.0,1.0,0.0,,,0,0,0,Helius verified first buyer,2026-08-20 04:41:29
5AW8jzRaPpbPH6sHmeTb61E2tq7jDFpiDrq5rV8TqvbK,,,1702415304,0.0,0.0,0.0,0,0,0,0.0,0.0,1.0,0.0,,,0,0,0,Helius verified first buyer,2026-08-20 04:41:30
FAdyyRvXuHeBTVLNMrSShD5TS6mvdd4S9gUXmzTFYfPs,,,1702415304,0.0,0.0,0.0,0,0,0,0.0,0.0,1.0,0.0,,,0,0,0,Helius verified first buyer,2026-08-20 04:41:30
51u49Y8ohemgSyvXbEH64PDGfFSopqqjYNS925BbPoSa,,,1702415306,0.0,0.0,0.0,0,0,0,0.0,0.0,1.0,0.0,,,0,0,0,Helius verified first buyer,2026-08-20 04:41:58
5h6CN4B6Zkct7yisdseN8LJSoh7QWrTkjPy2YVhkWdyW,,,1702415309,0.0,0.0,0.0,0,0,0,0.0,0.0,1.0,0.0,,,0,0,0,Helius verified first buyer,2026-08-20 04:41:32
BiajB6jEP7uYaQbktEseqkEpWJeHwFHbxZ39wTDbw3LG,,,1702415316,0.0,0.0,0.0,0,0,0,0.0,0.0,1.0,0.0,,,0,0,0,Helius verified first buyer,2026-08-20 04:41:32
CEKxwSGoEfYt7Zq3LibUMdXhqy4V58Hr798Cg4T3iTcR,,,1702415322,0.0,0.0,0.0,0,0,0,0.0,0.0,1.0,0.0,,,0,0,0,Helius verified first buyer,2026-08-20 04:45:02
A6GumPUqXiHrVaCp9kCE4FujatMfePXtBUWhqDCVkXSu,,,1702415325,0.0,0.0,0.0,0,0,0,0.0,0.0,1.0,0.0,,,0,0,0,Helius verified first buyer,2026-08-20 04:41:32
2SNJUXZvknRHvJmWrYfjAaPraqDsuaLpQdMYm4KzFmAo,,,1702415329,0.0,0.0,0.0,0,0,0,0.0,0.0,1.0,0.0,,,0,0,0,Helius verified first buyer,2026-08-20 04:41:33
GWGosHpznmcFHvJ538SG99KboZdF6HWp1EDyFaTna2y3,,,1702415334,0.0,0.0,0.0,0,0,0,0.0,0.0,1.0,0.0,,,0,0,0,Helius verified first buyer,2026-08-20 04:41:33
56JxhEbJKhfUPVbJrrc1KVw8SNEvXpC4TZKru2hn7M35,,,1702415348,0.0,0.0,0.0,0,0,0,0.0,0.0,1.0,0.0,,,0,0,0,Helius verified first buyer,2026-08-20 04:41:34
E5LgS8HFmdjpXizPei98FxKhXQuEbmvYAhgnaEmZCq5o,,,1702415353,0.0,0.0,0.0,0,0,0,0.0,0.0,1.0,0.0,,,0,0,0,Helius verified first buyer,2026-08-20 04:41:34
21oWA2jRgyq6V3J5rf49pdLqYkQJ1yMu4dFizkGv4iqr,,,1702415366,0.0,0.0,0.0,0,0,0,0.0,0.0,1.0,0.0,,,0,0,0,Helius verified first buyer,2026-08-20 04:41:35
3nDU8CfxKfbniC3PLQh6SQXYQ3S5Aktwhfu7EczCHzJS,,,1702415367,0.0,0.0,0.0,0,0,0,0.0,0.0,1.0,0.0,,,0,0,0,Helius verified first buyer,2026-08-20 04:41:35
H2irGaJ6Dy53DbRmsBpfTsL4C2Z6WPF9YGbh1mcb2TVL,,,1702415380,0.0,0.0,0.0,0,0,0,0.0,0.0,1.0,0.0,,,0,0,0,Helius verified first buyer,2026-08-20 04:41:35
5XjqFFcdTa1FGuboAbSd8CNdeH63YAEGayFRsiGkXbPJ,,,1702415383,0.0,0.0,0.0,0,0,0,0.0,0.0,1.0,0.0,,,0,0,0,Helius verified first buyer,2026-08-20 04:41:36
4Et63TnXzEJEvD5xix1rrFwhYXXUgXVgKgEuRWARPNjX,,,1702415387,0.0,0.0,0.0,0,0,0,0.0,0.0,1.0,0.0,,,0,0,0,Helius verified first buyer,2026-08-20 04:41:36
F9UGwbv6p2CXSdWBa2ov37WoU868iwr4rEzLWSbpHkF7,,,1702415387,0.0,0.0,0.0,0,0,0,0.0,0.0,1.0,0.0,,,0,0,0,Helius verified first buyer,2026-08-20 04:42:06
8QMMf393WiMiP2MPUarWcTnSc9Q7MRrt2xuvuopKXY9V,,,1702415397,0.0,0.0,0.0,0,0,0,0.0,0.0,1.0,0.0,,,0,0,0,Helius verified first buyer,2026-08-20 04:41:36
ALwCx4DfqdF9Qwvb9BU8XqiKsX9d1DDJsE1C8PSfdVRS,,,1702415398,0.0,0.0,0.0,0,0,0,0.0,0.0,1.0,0.0,,,0,0,0,Helius verified first buyer,2026-08-20 04:44:59
ACRM47ZAeXpQwHn5FndCfaWegfxaNzdzZBA71okv48HJ,,,1702415423,0.0,0.0,0.0,0,0,0,0.0,0.0,1.0,0.0,,,0,0,0,Helius verified first buyer,2026-08-20 04:41:37
9zAKsU2DapVjuW9BFmGZeJ9WxeNoHK2qZ8A5Vah2an4j,,,1702415448,0.0,0.0,0.0,0,0,0,0.0,0.0,1.0,0.0,,,0,0,0,Helius verified first buyer,2026-08-20 04:41:37
6NidTgeBcBXuSk2wmrzhbyWLhefmTTQxdKjaEi9NztrJ,,,1702415468,0.0,0.0,0.0,0,0,0,0.0,0.0,1.0,0.0,,,0,0,0,Helius verified first buyer,2026-08-20 04:41:37
DPEu7pEvXVzi4hvQgm3jmaQJ48o1Vt4K1ptk7WYVqPiL,,,1702415476,0.0,0.0,0.0,0,0,0,0.0,0.0,1.0,0.0,,,0,0,0,Helius verified first buyer,2026-08-20 04:41:38
2SggMzbJJw3B1LJQqpJAf6UiPaWg3PnqqbSv1ynMSacv,,,1702415493,0.0,0.0,0.0,0,0,0,0.0,0.0,1.0,0.0,,,0,0,0,Helius verified first buyer,2026-08-20 04:41:38
7Zh7LgiZuvXmKxaLUQ1y2WwEjJMQS2LVEEPJvTNbXKMk,,,1702415498,0.0,0.0,0.0,0,0,0,0.0,0.0,1.0,0.0,,,0,0,0,Helius verified first buyer,2026-08-20 04:41:38
GUY5ZqjedhJZxeUyxsLDjwT9qfBJEyivnZHyztLrKnk8,,,1702415503,0.0,0.0,0.0,0,0,0,0.0,0.0,1.0,0.0,,,0,0,0,Helius verified first buyer,2026-08-20 04:41:57
HcDfTd3SEb7bMRfGePRuNyfF67DYHco2dBtngLGYbM6M,,,1702415505,0.0,0.0,0.0,0,0,0,0.0,0.0,1.0,0.0,,,0,0,0,Helius verified first buyer,2026-08-20 04:41:39
BR38VaRXgCscrrt2DMETJzNotmfCFfRgDm8c14HiwRRP,,,1702415506,0.0,0.0,0.0,0,0,0,0.0,0.0,1.0,0.0,,,0,0,0,Helius verified first buyer,2026-08-20 04:41:39
9p2wZymew3Pk1LNkgrTLPqb2srZdg4HoEK6VA2kgyzT9,,,1702415509,0.0,0.0,0.0,0,0,0,0.0,0.0,1.0,0.0,,,0,0,0,Helius verified first buyer,2026-08-20 04:41:39
D5VLdrADP3j7De3dpitZZmos8inRSMLdeX8xJtB5sZvE,,,1702415509,0.0,0.0,0.0,0,0,0,0.0,0.0,1.0,0.0,,,0,0,0,Helius verified first buyer,2026-08-20 04:41:39
7CZKPododSoDaW6fwnRE3qcUZydDiSkXGk6uFP2kXGYd,,,1702415515,0.0,0.0,0.0,0,0,0,0.0,0.0,1.0,0.0,,,0,0,0,Helius verified first buyer,2026-08-20 04:41:56
77thNcE6EpyH7D63WfvxNdukRYmDcCWRed2riGHp2D2G,,,1702415535,0.0,0.0,0.0,0,0,0,0.0,0.0,1.0,0.0,,,0,0,0,Helius verified first buyer,2026-08-20 04:41:40
C4ehWBtenjAaLa8vQZxf2zjX3Q215wKsyMBrm7JY3Z9p,,,1702415537,0.0,0.0,0.0,0,0,0,0.0,0.0,1.0,0.0,,,0,0,0,Helius verified first buyer,2026-08-20 04:41:41
5eoXBpafmKYibtgKcpeE1qvLzUBCL4vca4zxGwjNVXKo,,,1702415541,0.0,0.0,0.0,0,0,0,0.0,0.0,1.0,0.0,,,0,0,0,Helius verified first buyer,2026-08-20 04:43:46
3kQxYeqcszeBq8e3HRo52MSZZp4w2FiNVQmydUoyuj4q,,,1702415545,0.0,0.0,0.0,0,0,0,0.0,0.0,1.0,0.0,,,0,0,0,Helius verified first buyer,2026-08-20 04:41:46
ARgqr7ZNTtNg7mEA2WHTMWE93iXWzDAEeP3v9eErVsqU,,,1702415550,0.0,0.0,0.0,0,0,0,0.0,0.0,1.0,0.0,,,0,0,0,Helius verified first buyer,2026-08-20 04:41:59
BAQL9EhsCdg6YNMc39ofbpomt4dFhb371qQYvmMuasND,,,1702415552,0.0,0.0,0.0,0,0,0,0.0,0.0,1.0,0.0,,,0,0,0,Helius verified first buyer,2026-08-20 04:41:42
FeADZUsc1d2pAkYvsBgoJwFaWAABG8aWJenCMKYSWyjs,,,1702415589,0.0,0.0,0.0,0,0,0,0.0,0.0,1.0,0.0,,,0,0,0,Helius verified first buyer,2026-08-20 04:41:42
46uaeWRjEwvnVnnryzUkdcvZPZm1Tb1HEhZyQGC3Mhq4,,,1702415593,0.0,0.0,0.0,0,0,0,0.0,0.0,1.0,0.0,,,0,0,0,Helius verified first buyer,2026-08-20 04:41:43
EQpbEsNHyyo7sdoqfDaUpPDtFyNq33C7QxeJNZsp5GXW,,,1702415612,0.0,0.0,0.0,0,0,0,0.0,0.0,1.0,0.0,,,0,0,0,Helius verified first buyer,2026-08-20 04:41:43
HCq8jKnA6kYiH9JFp3jffgcP5ppqJrsGkveUw14cax5n,,,1702415619,0.0,0.0,0.0,0,0,0,0.0,0.0,1.0,0.0,,,0,0,0,Helius verified first buyer,2026-08-20 04:41:43
9WN3qbWie94fnst9rmSe1N71XTy6dKeA7FcycRLtvAYa,,,1702415621,0.0,0.0,0.0,0,0,0,0.0,0.0,1.0,0.0,,,0,0,0,Helius verified first buyer,2026-08-20 04:41:43
CXCowYXuyZtMzv7gwsqtoVZLVGgSiu7V2W3XbEvxENvb,,,1702415637,0.0,0.0,0.0,0,0,0,0.0,0.0,1.0,0.0,,,0,0,0,Helius verified first buyer,2026-08-20 04:41:44
EjZhH48Lc9qAGYeNg56rJf2uCWmCUVqTBUiY2MG8kfJW,,,1702415643,0.0,0.0,0.0,0,0,0,0.0,0.0,1.0,0.0,,,0,0,0,Helius verified first buyer,2026-08-20 04:42:50
97uJY5cSdpnv2Dv8iaBBbdtxSna8osEovdX5DwRHhRH1,,,1702415645,0.0,0.0,0.0,0,0,0,0.0,0.0,1.0,0.0,,,0,0,0,Helius verified first buyer,2026-08-20 04:44:12
5UQmoVeAXJ2Z8DmwchADhs6PhgTrznZwvyfPd5eB8zyX,,,1702415665,0.0,0.0,0.0,0,0,0,0.0,0.0,1.0,0.0,,,0,0,0,Helius verified first buyer,2026-08-20 04:41:45
2Pg8ds43x8DuHtua5YJ9bPTdfhmxmw3wA7v4iST4VGa8,,,1702415679,0.0,0.0,0.0,0,0,0,0.0,0.0,1.0,0.0,,,0,0,0,Helius verified first buyer,2026-08-20 04:43:30
Amu3MKLEdpFRQcyF3UGZjniYg25BKtkqszBt9spFeXUs,,,1702415765,0.0,0.0,0.0,0,0,0,0.0,0.0,1.0,0.0,,,0,0,0,Helius verified first buyer,2026-08-20 04:41:46
BKPibjUxmPGDQdTmj98SZi7t23kGXiNyKcehxKe6zV7M,,,1702415789,0.0,0.0,0.0,0,0,0,0.0,0.0,1.0,0.0,,,0,0,0,Helius verified first buyer,2026-08-20 04:44:57
ByzJBuQgHnFiau8nV23odiqWanRNhj8q7B7gY3ZPdTPe,,,1702415791,0.0,0.0,0.0,0,0,0,0.0,0.0,1.0,0.0,,,0,0,0,Helius verified first buyer,2026-08-20 04:42:55
5HTjxcXfBBNrcBiUPhrZ4D2UKqkJcwvQYHBW2qvjUYpq,,,1702415812,0.0,0.0,0.0,0,0,0,0.0,0.0,1.0,0.0,,,0,0,0,Helius verified first buyer,2026-08-20 04:41:48
Es1DUjFU6a42e5EcuixNobJXk3VZWNeEPdz4xuvmVNtB,,,1702415833,0.0,0.0,0.0,0,0,0,0.0,0.0,1.0,0.0,,,0,0,0,Helius verified first buyer,2026-08-20 04:41:48
3nBcZsrZxRyijXsrQVKFfC3RF4rtS8dMhdHY4NWyJZVx,,,1702415834,0.0,0.0,0.0,0,0,0,0.0,0.0,1.0,0.0,,,0,0,0,Helius verified first buyer,2026-08-20 04:41:48
ZsGaD7GULt9iNx4PEW1CELiWG3HrWJwjfaWcRc7K7df,,,1702415838,0.0,0.0,0.0,0,0,0,0.0,0.0,1.0,0.0,,,0,0,0,Helius verified first buyer,2026-08-20 04:41:48
BH6St9okLDNWrvqckQKuViGPijA8ZqKx7VqULjxGQXsH,,,1702415859,0.0,0.0,0.0,0,0,0,0.0,0.0,1.0,0.0,,,0,0,0,Helius verified first buyer,2026-08-20 04:41:49
4QA3g7KH8YTLHTg235TkaYHZow6jdYCsQYX1w5bugUeh,,,1702415878,0.0,0.0,0.0,0,0,0,0.0,0.0,1.0,0.0,,,0,0,0,Helius verified first buyer,2026-08-20 04:41:49
Hwx6YoxwexeLeb9EJkBMV5pdPjpF7Dm4QCtZmr6cTxbd,,,1702415923,0.0,0.0,0.0,0,0,0,0.0,0.0,1.0,0.0,,,0,0,0,Helius verified first buyer,2026-08-20 04:45:06
9vR3XoikMJsZEvWMKQSehoG1gbSo1gVMtDEedsLcFN2z,,,1702415960,0.0,0.0,0.0,0,0,0,0.0,0.0,1.0,0.0,,,0,0,0,Helius verified first buyer,2026-08-20 04:44:44
CWL89XjWxxnQG4WcT1ghBYhewXYekhQ4aT6312EqT5JD,,,1702415963,0.0,0.0,0.0,0,0,0,0.0,0.0,1.0,0.0,,,0,0,0,Helius verified first buyer,2026-08-20 04:43:30
EAYtzATHJi5jnFk7EyGDxZFBe4Do5YD5WRFSJFigBSQn,,,1702415977,0.0,0.0,0.0,0,0,0,0.0,0.0,1.0,0.0,,,0,0,0,Helius verified first buyer,2026-08-20 04:41:51
CZLoTgyLmcuqzFNPDWpWoZfXshLMq5LLR2bCPCr1tTrb,,,1702415977,0.0,0.0,0.0,0,0,0,0.0,0.0,1.0,0.0,,,0,0,0,Helius verified first buyer,2026-08-20 04:41:51
2rQtt5ZzuVNyKfMkKtqUZRmt5BjiTV5RPkD9vcwvh8Wx,,,1702415980,0.0,0.0,0.0,0,0,0,0.0,0.0,1.0,0.0,,,0,0,0,Helius verified first buyer,2026-08-20 04:41:51
4cSgdibHh8zeenFhQMRLEi9gBkPd435Z4RzzRQasFri8,,,1702415981,0.0,0.0,0.0,0,0,0,0.0,0.0,1.0,0.0,,,0,0,0,Helius verified first buyer,2026-08-20 04:41:51
99sEJcsdz3ysz2e11QcRMfdsQ1e71qzFzFk3HqgfDMBS,,,1702416000,0.0,0.0,0.0,0,0,0,0.0,0.0,1.0,0.0,,,0,0,0,Helius verified first buyer,2026-08-20 04:41:52
4ZYh3bj5hFm1o9cqBygRdAZej8bX4DM38KQyGaLe16n3,,,1702416003,0.0,0.0,0.0,0,0,0,0.0,0.0,1.0,0.0,,,0,0,0,Helius verified first buyer,2026-08-20 04:41:54
9V8ULp9iMZJyjJCFYLRBXyUfixD8mxHiaYC2fXoYRy79,,,1702416042,0.0,0.0,0.0,0,0,0,0.0,0.0,1.0,0.0,,,0,0,0,Helius verified first buyer,2026-08-20 04:41:54
DPcP9LgMjtYchGtGZWGXxUBtSp5vStfXjLuMSKXPQrUz,,,1702416044,0.0,0.0,0.0,0,0,0,0.0,0.0,1.0,0.0,,,0,0,0,Helius verified first buyer,2026-08-20 04:45:06
BcSkyqtbeVNQGmM61jpfTtsYb4mRVmfQ17D4ZiJmSupp,,,1702416051,0.0,0.0,0.0,0,0,0,0.0,0.0,1.0,0.0,,,0,0,0,Helius verified first buyer,2026-08-20 04:43:59
Axi9Q61j27PB4ZJrtMrxfSPAowiHhCRHX6YKqrEyA3Qj,,,1702416088,0.0,0.0,0.0,0,0,0,0.0,0.0,1.0,0.0,,,0,0,0,Helius verified first buyer,2026-08-20 04:41:55
qNXzpRAXvs5Xr4rG7duKSStg8hwk2MBPq7iTjuRcWa4,,,1702416122,0.0,0.0,0.0,0,0,0,0.0,0.0,1.0,0.0,,,0,0,0,Helius verified first buyer,2026-08-20 04:41:56
4zRzBW2sXknjPA4aUgDRE8rTHU6wp2Hge7UCof7ZLts9,,,1702416127,0.0,0.0,0.0,0,0,0,0.0,0.0,1.0,0.0,,,0,0,0,Helius verified first buyer,2026-08-20 04:41:57
CLApwzc5NHABuw3szY97PSAmJECjmoSzN1AmKw5Rsn8d,,,1702416149,0.0,0.0,0.0,0,0,0,0.0,0.0,1.0,0.0,,,0,0,0,Helius verified first buyer,2026-08-20 04:41:57
5HsUGjVyXuZxRy5U17cPbmLFXDzx25583hnwHwAAcK14,,,1702416175,0.0,0.0,0.0,0,0,0,0.0,0.0,1.0,0.0,,,0,0,0,Helius verified first buyer,2026-08-20 04:42:12
5YxqQVQz21E4WLQKDbPDqC96Gmsssdb33knxsgFShJa2,,,1702416228,0.0,0.0,0.0,0,0,0,0.0,0.0,1.0,0.0,,,0,0,0,Helius verified first buyer,2026-08-20 04:41:58
5d2Fsu3n2WmauTzs5demRr5PZNkNLkR4BRWZHjv86xVt,,,1702416228,0.0,0.0,0.0,0,0,0,0.0,0.0,1.0,0.0,,,0,0,0,Helius verified first buyer,2026-08-20 04:45:03
BKSG5no9cLY8baKBamvtvrz7vgXUaoiieoSreaEh8fbY,,,1702416273,0.0,0.0,0.0,0,0,0,0.0,0.0,1.0,0.0,,,0,0,0,Helius verified first buyer,2026-08-20 04:41:58
8VCoD51kW3HjuHvcLF4wgHNktze8aMfdVkDt5J32SwAw,,,1702416292,0.0,0.0,0.0,0,0,0,0.0,0.0,1.0,0.0,,,0,0,0,Helius verified first buyer,2026-08-20 04:41:59
8Y4dqkqR2XA8Wn7YeYbVL1QjYgzDYZscPcKvv1r5WxyR,,,1702416297,0.0,0.0,0.0,0,0,0,0.0,0.0,1.0,0.0,,,0,0,0,Helius verified first buyer,2026-08-20 04:41:59
Csg3fe7CRD65XNknyQN22gpc1gQeukGgckARf3LoSviu,,,1702416374,0.0,0.0,0.0,0,0,0,0.0,0.0,1.0,0.0,,,0,0,0,Helius verified first buyer,2026-08-20 04:42:00
C5E6NkL1LxMWYMUz7HC5PHgLLbJHuiH6RDUYawbP3k8j,,,1702416392,0.0,0.0,0.0,0,0,0,0.0,0.0,1.0,0.0,,,0,0,0,Helius verified first buyer,2026-08-20 04:42:00
DWC9Csh9oxv7MYHnrj82wjv7FjiYnyHKJHLtVkAePJmZ,,,1702416431,0.0,0.0,0.0,0,0,0,0.0,0.0,1.0,0.0,,,0,0,0,Helius verified first buyer,2026-08-20 04:42:00
J2CPy9nmccDPf48LSguCAjFfEBJQy2xdknrXNHBiyNmh,,,1702416449,0.0,0.0,0.0,0,0,0,0.0,0.0,1.0,0.0,,,0,0,0,Helius verified first buyer,2026-08-20 04:42:01
G6p5PS3goSXK5p5HjRw3EdwYbSzCzs5JMBV4s826jgGX,,,1702416466,0.0,0.0,0.0,0,0,0,0.0,0.0,1.0,0.0,,,0,0,0,Helius verified first buyer,2026-08-20 04:42:01
FSxxZFsJcTtqUv4YjpBdGU9L9JtSkNVj9ndtQ6YpDJPn,,,1702416498,0.0,0.0,0.0,0,0,0,0.0,0.0,1.0,0.0,,,0,0,0,Helius verified first buyer,2026-08-20 04:42:02
ENzdjwLNPYTcTnY8SF16FQP1cSozMH5hPWnS1g4ewdzk,,,1702416498,0.0,0.0,0.0,0,0,0,0.0,0.0,1.0,0.0,,,0,0,0,Helius verified first buyer,2026-08-20 04:42:02
nsiWQu3oUtopjiTn3gMG8RkSRAm6NgZGcBDoxi6tL1a,,,1702416498,0.0,0.0,0.0,0,0,0,0.0,0.0,1.0,0.0,,,0,0,0,Helius verified first buyer,2026-08-20 04:42:07
J6TVhGBBLA4z5AtHXtZ22SJN6CLU7yxtSaaq5ngyzgxg,,,1702416506,0.0,0.0,0.0,0,0,0,0.0,0.0,1.0,0.0,,,0,0,0,Helius verified first buyer,2026-08-20 04:42:02
HCJnzZDNXHEfSaHCyBmBe6B7ybSmZGYmnGULmVeQarGd,,,1702416515,0.0,0.0,0.0,0,0,0,0.0,0.0,1.0,0.0,,,0,0,0,Helius verified first buyer,2026-08-20 04:45:03
9SngNwStRqU2HLXwbuMdwgv5hmzbccJfqs1Y9HyK2r5i,,,1702416534,0.0,0.0,0.0,0,0,0,0.0,0.0,1.0,0.0,,,0,0,0,Helius verified first buyer,2026-08-20 04:42:03
Gs7HwDgQ8QeN557CMjvKB5br7xpc9rq7rrpcX5k96eSx,,,1702416559,0.0,0.0,0.0,0,0,0,0.0,0.0,1.0,0.0,,,0,0,0,Helius verified first buyer,2026-08-20 04:44:28
AmN3GkYHXXbD96S2Cr8Eam1GYFmFRqXFvfW33iad72vY,,,1702416560,0.0,0.0,0.0,0,0,0,0.0,0.0,1.0,0.0,,,0,0,0,Helius verified first buyer,2026-08-20 04:42:04
Ar1NXxNRy9Hs5SdewBqrqq6yhyayGGSPqKcu3fVvw2Ag,,,1702416581,0.0,0.0,0.0,0,0,0,0.0,0.0,1.0,0.0,,,0,0,0,Helius verified first buyer,2026-08-20 04:42:05
67sbkY5jYJWJ26QjqpPNf9uB2N97Af6MSA4jKM5jRe6Z,,,1702416581,0.0,0.0,0.0,0,0,0,0.0,0.0,1.0,0.0,,,0,0,0,Helius verified first buyer,2026-08-20 04:42:05
58vprLsjQusWhgg22Q3kvmVh92Jm3qv8b2zuqGxx5gBk,,,1702416591,0.0,0.0,0.0,0,0,0,0.0,0.0,1.0,0.0,,,0,0,0,Helius verified first buyer,2026-08-20 04:42:05
ATrX25Zrmrt6VuuysWU1XhVNG1YgVwKEkMfxvc47tRSp,,,1702416602,0.0,0.0,0.0,0,0,0,0.0,0.0,1.0,0.0,,,0,0,0,Helius verified first buyer,2026-08-20 04:43:06
9ALZTJRM9644YDbNwxPpAs5vDD6ZYimnH5hUcSVTDcyZ,,,1702416643,0.0,0.0,0.0,0,0,0,0.0,0.0,1.0,0.0,,,0,0,0,Helius verified first buyer,2026-08-20 04:44:35
3y5Wzjx5ycE2zLGirX7Z3yyJzSdhj1dps7W2JnvZtfGU,,,1702416674,0.0,0.0,0.0,0,0,0,0.0,0.0,1.0,0.0,,,0,0,0,Helius verified first buyer,2026-08-20 04:42:06
3bDEy2uxv8YTJzifN85NikMKAxe3ZPVQA5JNSNa2rckv,,,1702416690,0.0,0.0,0.0,0,0,0,0.0,0.0,1.0,0.0,,,0,0,0,Helius verified first buyer,2026-08-20 04:42:07
3H9HWYgykFm61GjGGXAtEnEjFze29vzaKNXqtsBbhPUM,,,1702416711,0.0,0.0,0.0,0,0,0,0.0,0.0,1.0,0.0,,,0,0,0,Helius verified first buyer,2026-08-20 04:42:07
E9rHFCDucq9ArFRd9ZvUJSiZ7oZ9uJUTMyyJSR3yZPCd,,,1702416731,0.0,0.0,0.0,0,0,0,0.0,0.0,1.0,0.0,,,0,0,0,Helius verified first buyer,2026-08-20 04:42:08
3jX2WSiuw6tkWuFwxhr38z1ma9At73J88aQj9X6Us7kx,,,1702416735,0.0,0.0,0.0,0,0,0,0.0,0.0,1.0,0.0,,,0,0,0,Helius verified first buyer,2026-08-20 04:42:08
6smBKDhMPxf9AD3Na7GkXnt5trhwKkfSEf1aWT4y5Aka,,,1702416758,0.0,0.0,0.0,0,0,0,0.0,0.0,1.0,0.0,,,0,0,0,Helius verified first buyer,2026-08-20 04:42:08
HhB76VfXzuYZ66cceksVQTVjh4ndPZEUe6Me69puMABY,,,1702416778,0.0,0.0,0.0,0,0,0,0.0,0.0,1.0,0.0,,,0,0,0,Helius verified first buyer,2026-08-20 04:42:09
3RBwq5qVtNpuBN9ZZ2pYhw7juWJgUtXhbnHWF4eca6cR,,,1702416779,0.0,0.0,0.0,0,0,0,0.0,0.0,1.0,0.0,,,0,0,0,Helius verified first buyer,2026-08-20 04:44:54
B5CkQAXCFLt19eAg4MYX79CVUhZi3Rr97zLbBnXNTwPE,,,1702416799,0.0,0.0,0.0,0,0,0,0.0,0.0,1.0,0.0,,,0,0,0,Helius verified first buyer,2026-08-20 04:42:09
4u7MtRQJ1pndA7GQ5DqcrAvRwS8T2VKFSyZkXP9tFLgb,,,1702416807,0.0,0.0,0.0,0,0,0,0.0,0.0,1.0,0.0,,,0,0,0,Helius verified first buyer,2026-08-20 04:43:55
HpAHGGhkHdVe9ksFZaVaLdHbXjz7YPPVRTWDCTSBoswT,,,1702416810,0.0,0.0,0.0,0,0,0,0.0,0.0,1.0,0.0,,,0,0,0,Helius verified first buyer,2026-08-20 04:42:10
9p78qXrd6yJChm1JDXcgUvXBJQPY9seCivgsHYDijkt7,,,1702416834,0.0,0.0,0.0,0,0,0,0.0,0.0,1.0,0.0,,,0,0,0,Helius verified first buyer,2026-08-20 04:42:11
8NxUMiB52yXyEPUb6SZVeVVpv4nD7Du9mDVTTQy4Z7Tp,,,1702416839,0.0,0.0,0.0,0,0,0,0.0,0.0,1.0,0.0,,,0,0,0,Helius verified first buyer,2026-08-20 04:42:12
5nZMXUxkmfKpK7mPbXLVxRn7sidKKUz3Xc4KgXdMbeYj,,,1702416840,0.0,0.0,0.0,0,0,0,0.0,0.0,1.0,0.0,,,0,0,0,Helius verified first buyer,2026-08-20 04:44:54
CXHPSKb1rUHVWkVaJY5CTrY62zcC46CsAdnURoURsL4o,,,1702416847,0.0,0.0,0.0,0,0,0,0.0,0.0,1.0,0.0,,,0,0,0,Helius verified first buyer,2026-08-20 04:42:13
7gawjSwoMhSy1Y7jUfa78pq5i7TDyoH91qqFsXYhEci3,,,1702416847,0.0,0.0,0.0,0,0,0,0.0,0.0,1.0,0.0,,,0,0,0,Helius verified first buyer,2026-08-20 04:42:13
ATJa3akYeMxAoCfdJoPtFeWoZuHAM3AhtaDHcSXz8rHa,,,1702416850,0.0,0.0,0.0,0,0,0,0.0,0.0,1.0,0.0,,,0,0,0,Helius verified first buyer,2026-08-20 04:44:55
EMoKqWx4QWNCHrAWu5RBQvP82NNHAxpt9RcrHppRY3pe,,,1702416852,0.0,0.0,0.0,0,0,0,0.0,0.0,1.0,0.0,,,0,0,0,Helius verified first buyer,2026-08-20 04:43:08
B9dR5xw2hYsokjLJDs7kLazF7khuPqeAjn8uenyGLSzf,,,1702416855,0.0,0.0,0.0,0,0,0,0.0,0.0,1.0,0.0,,,0,0,0,Helius verified first buyer,2026-08-20 04:42:14
Cs7c5Tf9FybAJez3mntpwaEesNvHVjamgMX2WyRXBmhR,,,1702416856,0.0,0.0,0.0,0,0,0,0.0,0.0,1.0,0.0,,,0,0,0,Helius verified first buyer,2026-08-20 04:42:14
GXCCkQNvaU6sQgfJAe9gVVrwm1t82j79VFeAMyHSCUAU,,,1702416856,0.0,0.0,0.0,0,0,0,0.0,0.0,1.0,0.0,,,0,0,0,Helius verified first buyer,2026-08-20 04:42:15
ezob8ZJfE1ScXLMSVEZRvzXwBWEZNAQYvRkH5QQLbth,,,1702416856,0.0,0.0,0.0,0,0,0,0.0,0.0,1.0,0.0,,,0,0,0,Helius verified first buyer,2026-08-20 04:42:15
8LrbBr3CprSRKZJZCeskY8F5Xr76kwk8yZ42cLDaq1hr,,,1702416857,0.0,0.0,0.0,0,0,0,0.0,0.0,1.0,0.0,,,0,0,0,Helius verified first buyer,2026-08-20 04:42:15
FemjyGT8dbSV57oFiC7x6imZWWJhiwUZ79THXPt7L8GC,,,1702416861,0.0,0.0,0.0,0,0,0,0.0,0.0,1.0,0.0,,,0,0,0,Helius verified first buyer,2026-08-20 04:42:15
37GYsa3YVogihKCdUXZj2rUyXzTCohQ7kVdBmabu9QZX,,,1702416862,0.0,0.0,0.0,0,0,0,0.0,0.0,1.0,0.0,,,0,0,0,Helius verified first buyer,2026-08-20 04:42:16
EppS5uPJ2Mck377PauN8Yb9jZ4ZYYZj6xiPXLFEYGpwj,,,1702416862,0.0,0.0,0.0,0,0,0,0.0,0.0,1.0,0.0,,,0,0,0,Helius verified first buyer,2026-08-20 04:42:16
Dq6Dbo1dNdrCdoZR5gtD1MurFNwhjj1XAUTycBVkWrc3,,,1702416862,0.0,0.0,0.0,0,0,0,0.0,0.0,1.0,0.0,,,0,0,0,Helius verified first buyer,2026-08-20 04:42:29
AY9vmQz53cKZR6PsqSKEANvNCEfv3uCsZLA79i6UeFaS,,,1702416863,0.0,0.0,0.0,0,0,0,0.0,0.0,1.0,0.0,,,0,0,0,Helius verified first buyer,2026-08-20 04:42:16
71vGG7oKaGwf2AQS7WYbhR7qAXS8dyvmnLVTSQjpiJgu,,,1702416863,0.0,0.0,0.0,0,0,0,0.0,0.0,1.0,0.0,,,0,0,0,Helius verified first buyer,2026-08-20 04:42:17
HeDgwzG9ZshdRTsZC6dCM4Wk7AJ8UvZznaCgSPb5Tygd,,,1702416864,0.0,0.0,0.0,0,0,0,0.0,0.0,1.0,0.0,,,0,0,0,Helius verified first buyer,2026-08-20 04:42:17
4bYSts8FyT5muU6U7VHVVt6HAxs8zrinvhqfBj7tFyyd,,,1702416864,0.0,0.0,0.0,0,0,0,0.0,0.0,1.0,0.0,,,0,0,0,Helius verified first buyer,2026-08-20 04:42:17
EoE2Hs9dMKsK7nbKHusJoqLkrbNv4HRrStivz6r27L32,,,1702416865,0.0,0.0,0.0,0,0,0,0.0,0.0,1.0,0.0,,,0,0,0,Helius verified first buyer,2026-08-20 04:42:17
HJsE6hv2xjzc1SVvuj2J9jir4AcJSUzPBNNVMH8R3viX,,,1702416865,0.0,0.0,0.0,0,0,0,0.0,0.0,1.0,0.0,,,0,0,0,Helius verified first buyer,2026-08-20 04:42:18
7nipedy3wqVpA38ipz4dicdY7Ummu1PCiHBznsZ96RrV,,,1702416868,0.0,0.0,0.0,0,0,0,0.0,0.0,1.0,0.0,,,0,0,0,Helius verified first buyer,2026-08-20 04:42:18
7m6XYWzPbnTUfuRwRUhFaxdXbi3Ueyz4TePWrorQJuqU,,,1702416871,0.0,0.0,0.0,0,0,0,0.0,0.0,1.0,0.0,,,0,0,0,Helius verified first buyer,2026-08-20 04:42:18
6UbkRiMLDs2UFMp61hSpdP882pppR9VSmfbaqemzERhR,,,1702416871,0.0,0.0,0.0,0,0,0,0.0,0.0,1.0,0.0,,,0,0,0,Helius verified first buyer,2026-08-20 04:42:20
E1ySQLhZSbR47yRyKJQEYXR5TbULLdNaQLwucSsAaCC4,,,1702416874,0.0,0.0,0.0,0,0,0,0.0,0.0,1.0,0.0,,,0,0,0,Helius verified first buyer,2026-08-20 04:42:20
5Re17wLyFS8wQQN4mVpaWqSTPHfS5fGF4vEWmSVQ5cDE,,,1702416874,0.0,0.0,0.0,0,0,0,0.0,0.0,1.0,0.0,,,0,0,0,Helius verified first buyer,2026-08-20 04:42:21
3ES31cP8PmphhRfbgUqoMaoUUTffYMQnL2T3AqakusQj,,,1702416878,0.0,0.0,0.0,0,0,0,0.0,0.0,1.0,0.0,,,0,0,0,Helius verified first buyer,2026-08-20 04:42:21
4GMpLnqVN2q863o8DSncWASeSReZhwHjqy2suQwBGF6m,,,1702416878,0.0,0.0,0.0,0,0,0,0.0,0.0,1.0,0.0,,,0,0,0,Helius verified first buyer,2026-08-20 04:42:21
5qui7tuYjjJ4oEa6NpTD9sQitbRGwgJTGmiiFdMqbQw1,,,1702416882,0.0,0.0,0.0,0,0,0,0.0,0.0,1.0,0.0,,,0,0,0,Helius verified first buyer,2026-08-20 04:42:22
6BEwtSoZZaaQHm2BSeUtTCjk1C3NFUBAcWYUGuEW44J1,,,1702416882,0.0,0.0,0.0,0,0,0,0.0,0.0,1.0,0.0,,,0,0,0,Helius verified first buyer,2026-08-20 04:42:22
4xRpCDR3iokg4oKiEEXKZS8pqpNnv1biELZ9khBZRvZW,,,1702416886,0.0,0.0,0.0,0,0,0,0.0,0.0,1.0,0.0,,,0,0,0,Helius verified first buyer,2026-08-20 04:42:23
H5kuWwXJT76gMgChYc47Rhk5w6izxrSRcCSN3Fgc9ZHJ,,,1702416886,0.0,0.0,0.0,0,0,0,0.0,0.0,1.0,0.0,,,0,0,0,Helius verified first buyer,2026-08-20 04:42:23
F5TVXpWyUXds3CRBBds852CcyCL2nBgoPVESocizL7zK,,,1702416887,0.0,0.0,0.0,0,0,0,0.0,0.0,1.0,0.0,,,0,0,0,Helius verified first buyer,2026-08-20 04:42:24
6bTZCMzJ7uuNe222jzkC5JxKZL6Hs8GH7wPbz6rZggQY,,,1702416887,0.0,0.0,0.0,0,0,0,0.0,0.0,1.0,0.0,,,0,0,0,Helius verified first buyer,2026-08-20 04:42:24
EbSVeWCUE3HWjr8njAq3nTHu3CCWT1CquYjudfiWDu8C,,,1702416894,0.0,0.0,0.0,0,0,0,0.0,0.0,1.0,0.0,,,0,0,0,Helius verified first buyer,2026-08-20 04:42:25
4dreAoFLa6ZooaEu1PQLegXYTYtQj8LHhRfNfiNM27gp,,,1702416894,0.0,0.0,0.0,0,0,0,0.0,0.0,1.0,0.0,,,0,0,0,Helius verified first buyer,2026-08-20 04:42:25
7Ax83aiYQ1ZQq62zGQCXy1YXiFXHXMSSREKfzAWs6UUx,,,1702416894,0.0,0.0,0.0,0,0,0,0.0,0.0,1.0,0.0,,,0,0,0,Helius verified first buyer,2026-08-20 04:42:26
9TxcS1Hse6V6SBRF65JCMLtpCKa4CuasnmEFwuzr5CMa,,,1702416894,0.0,0.0,0.0,0,0,0,0.0,0.0,1.0,0.0,,,0,0,0,Helius verified first buyer,2026-08-20 04:42:26
99hgdQFQLzwuYeqDEsFxXxKgSUwhdpChBC2BXiH3nfs2,,,1702416894,0.0,0.0,0.0,0,0,0,0.0,0.0,1.0,0.0,,,0,0,0,Helius verified first buyer,2026-08-20 04:43:47
5cTUFotU9PXF9zkFKfCC44BRP2mQq3GAQVWYkjcqUixW,,,1702416901,0.0,0.0,0.0,0,0,0,0.0,0.0,1.0,0.0,,,0,0,0,Helius verified first buyer,2026-08-20 04:44:58
54hoeTTy6MCuPGW9S4kRSAMjoNdG1g9BRFqiUXWpEmFD,,,1702416901,0.0,0.0,0.0,0,0,0,0.0,0.0,1.0,0.0,,,0,0,0,Helius verified first buyer,2026-08-20 04:42:27
6RuvUKPsy4vum2dXLBDscfT66TzvMXmNhbhZ2bvVdEs2,,,1702416905,0.0,0.0,0.0,0,0,0,0.0,0.0,1.0,0.0,,,0,0,0,Helius verified first buyer,2026-08-20 04:42:27
2TzTMAdhbTEyYvfyznJsyDgMAPqrByY9wpYFwxJXsJoo,,,1702416905,0.0,0.0,0.0,0,0,0,0.0,0.0,1.0,0.0,,,0,0,0,Helius verified first buyer,2026-08-20 04:42:27
4DCLDqq7Wgqvt7kemx6WCh2bTtFQWzZ8tVg9CNvjaWzo,,,1702416906,0.0,0.0,0.0,0,0,0,0.0,0.0,1.0,0.0,,,0,0,0,Helius verified first buyer,2026-08-20 04:42:27
5CvVpLf4vdwTCbxKakDtfM7VmCBy4rp4B6DD2vvuYEX5,,,1702416907,0.0,0.0,0.0,0,0,0,0.0,0.0,1.0,0.0,,,0,0,0,Helius verified first buyer,2026-08-20 04:43:32
AriPi9VqxCoynh9jqgJmxjM8SxCLeWaRLGT5U2hkFT2r,,,1702416908,0.0,0.0,0.0,0,0,0,0.0,0.0,1.0,0.0,,,0,0,0,Helius verified first buyer,2026-08-20 04:42:28
5HGqUPKxk4UJStQnhNNXgbSP6xi2sCi5BfDJAnxsprwk,,,1702416919,0.0,0.0,0.0,0,0,0,0.0,0.0,1.0,0.0,,,0,0,0,Helius verified first buyer,2026-08-20 04:42:28
6ha3g8UEqFoJ6m1AdS2AmdxCnC9XcJRBhVvzm6CgDdEA,,,1702416919,0.0,0.0,0.0,0,0,0,0.0,0.0,1.0,0.0,,,0,0,0,Helius verified first buyer,2026-08-20 04:42:28
A7gZ11mHvHq38XBKo2CsWrXkGpecMLDc6jwdcdX2R5o2,,,1702416922,0.0,0.0,0.0,0,0,0,0.0,0.0,1.0,0.0,,,0,0,0,Helius verified first buyer,2026-08-20 04:42:29
Cd4DxhGUfa7S6iZyD2VYDgjqLHHxjWSys1SP4zhfz2ZB,,,1702416928,0.0,0.0,0.0,0,0,0,0.0,0.0,1.0,0.0,,,0,0,0,Helius verified first buyer,2026-08-20 04:42:30
RYi9HDp1vfhh2jeseXc3rdATenfVaY23yirYxi2YXNi,,,1702416928,0.0,0.0,0.0,0,0,0,0.0,0.0,1.0,0.0,,,0,0,0,Helius verified first buyer,2026-08-20 04:42:30
2zyizQ5dBvmDejJWAiUuPeDVX6GLBdm5V39aKvjPLuG4,,,1702416929,0.0,0.0,0.0,0,0,0,0.0,0.0,1.0,0.0,,,0,0,0,Helius verified first buyer,2026-08-20 04:42:30
6JWZXky4Q9Sbrqz3TmnRxeqTWoaTJciSpijUKP1MHzdS,,,1702416931,0.0,0.0,0.0,0,0,0,0.0,0.0,1.0,0.0,,,0,0,0,Helius verified first buyer,2026-08-20 04:42:31
53iZGnhfm1t2ed4AzP1YhgMeyycusgEUWNwdp2TeKXy,,,1702416936,0.0,0.0,0.0,0,0,0,0.0,0.0,1.0,0.0,,,0,0,0,Helius verified first buyer,2026-08-20 04:42:31
9URyFQVSnY44oxubPgrkWvAm3i7Vzg2yK2UsbsqRomrF,,,1702416939,0.0,0.0,0.0,0,0,0,0.0,0.0,1.0,0.0,,,0,0,0,Helius verified first buyer,2026-08-20 04:42:31
BSr7dMFYiCSr8fQqgxZM8PAmWwCkXMZHHrVdyY698BTU,,,1702416939,0.0,0.0,0.0,0,0,0,0.0,0.0,1.0,0.0,,,0,0,0,Helius verified first buyer,2026-08-20 04:42:32
2ngqS4TAbAcjiMkG8babFBSHZoXXkx9oMNhLjzbCWo8Y,,,1702416939,0.0,0.0,0.0,0,0,0,0.0,0.0,1.0,0.0,,,0,0,0,Helius verified first buyer,2026-08-20 04:42:49
GaAbCsm4wN3zbMVYNXHoUgy26ZVZGxzT7NbuPQx3n3bP,,,1702416942,0.0,0.0,0.0,0,0,0,0.0,0.0,1.0,0.0,,,0,0,0,Helius verified first buyer,2026-08-20 04:43:23
8ZvhLieKQrGTVEng84rTcLBLfL8WqZge7wAMo4b7ezJY,,,1702416942,0.0,0.0,0.0,0,0,0,0.0,0.0,1.0,0.0,,,0,0,0,Helius verified first buyer,2026-08-20 04:42:57
t8wU4Y9ZYYmv9ZcAxQt5u9EzAiGEP7nccQNaYnQK9d9,,,1702416943,0.0,0.0,0.0,0,0,0,0.0,0.0,1.0,0.0,,,0,0,0,Helius verified first buyer,2026-08-20 04:42:33
9e9jrMX8MvQTECM2APPA8KZMiaEKDhjbu436ZzubCMJV,,,1702416946,0.0,0.0,0.0,0,0,0,0.0,0.0,1.0,0.0,,,0,0,0,Helius verified first buyer,2026-08-20 04:43:13
FwKZAL832abzBZwvTPrVYAGrZPp5H5snVmLqBfyksgoo,,,1702416958,0.0,0.0,0.0,0,0,0,0.0,0.0,1.0,0.0,,,0,0,0,Helius verified first buyer,2026-08-20 04:42:34
46pxjKjJvi1obWMiHwa6Zy1ukcuFJAyoahdBzcrinoz5,,,1702416958,0.0,0.0,0.0,0,0,0,0.0,0.0,1.0,0.0,,,0,0,0,Helius verified first buyer,2026-08-20 04:42:34
D9CokzAACFEQ1Ppr6E7vaxmR62HaHP1iTpdvAqfN39BE,,,1702416960,0.0,0.0,0.0,0,0,0,0.0,0.0,1.0,0.0,,,0,0,0,Helius verified first buyer,2026-08-20 04:42:34
4fGUsfqWoQFwx4nywzgcSWrRmmvKWXdFWu2Uc9CupS83,,,1702416967,0.0,0.0,0.0,0,0,0,0.0,0.0,1.0,0.0,,,0,0,0,Helius verified first buyer,2026-08-20 04:42:44
CBWxaEizVm9gRUbei6iymCWi5S4zekEyLuZTjPC5jUun,,,1702416968,0.0,0.0,0.0,0,0,0,0.0,0.0,1.0,0.0,,,0,0,0,Helius verified first buyer,2026-08-20 04:42:35
FzLFHbgLbyN74skmCm1DQGTLC1J7RrUEXrLdjJb9X3BY,,,1702416970,0.0,0.0,0.0,0,0,0,0.0,0.0,1.0,0.0,,,0,0,0,Helius verified first buyer,2026-08-20 04:42:35
BbMJvhySinZ8vFcZnrjpzCDWTKpjFg6MuN35rWp9DMBR,,,1702416971,0.0,0.0,0.0,0,0,0,0.0,0.0,1.0,0.0,,,0,0,0,Helius verified first buyer,2026-08-20 04:44:49
8Mzg2vFUBQ3wxRTvpC8XTSpekdSXHehkf878YzwugwKq,,,1702416975,0.0,0.0,0.0,0,0,0,0.0,0.0,1.0,0.0,,,0,0,0,Helius verified first buyer,2026-08-20 04:42:36
AAVsiRGhoYdY3GoMKwn3Qp9fyYt777TweAHLLzSpAgm,,,1702416977,0.0,0.0,0.0,0,0,0,0.0,0.0,1.0,0.0,,,0,0,0,Helius verified first buyer,2026-08-20 04:44:21
HzWqWyt9o5EyC2TCehFUkv6jo8q48VNnYZWvc7WqZEkw,,,1702416978,0.0,0.0,0.0,0,0,0,0.0,0.0,1.0,0.0,,,0,0,0,Helius verified first buyer,2026-08-20 04:45:05
DEPxcTuBRjiNJtKN7xku69mN1pQpkAmfyWFue46YENmz,,,1702416980,0.0,0.0,0.0,0,0,0,0.0,0.0,1.0,0.0,,,0,0,0,Helius verified first buyer,2026-08-20 04:42:37
J5ctd4JBsWuubz1arUSyZQ6tCMkyC7qfR6ZSrtHpppA6,,,1702416982,0.0,0.0,0.0,0,0,0,0.0,0.0,1.0,0.0,,,0,0,0,Helius verified first buyer,2026-08-20 04:42:38
AiM5VdtpB1XwEmxmtt3udqjEb5XmX6g3sSc2Go5Na6xA,,,1702416983,0.0,0.0,0.0,0,0,0,0.0,0.0,1.0,0.0,,,0,0,0,Helius verified first buyer,2026-08-20 04:42:38
89L8nWxk9PEt3Ck2vWdZwTE5tLtiWWBULfwXLpAaM1JY,,,1702416991,0.0,0.0,0.0,0,0,0,0.0,0.0,1.0,0.0,,,0,0,0,Helius verified first buyer,2026-08-20 04:42:47
9iRajH4bfphqb2WPywxhCz3TjsJHZ1jQ8wosSWqRWf6D,,,1702416994,0.0,0.0,0.0,0,0,0,0.0,0.0,1.0,0.0,,,0,0,0,Helius verified first buyer,2026-08-20 04:42:39
DMPiM9v7dfJeEKVqUHSZNZLcHqZsHTNP16YiXUneGCb2,,,1702416999,0.0,0.0,0.0,0,0,0,0.0,0.0,1.0,0.0,,,0,0,0,Helius verified first buyer,2026-08-20 04:43:35
gqjRwsro4t7FgwJdKkApPLRPs2KTfCKekPGkCoDnbfE,,,1702417001,0.0,0.0,0.0,0,0,0,0.0,0.0,1.0,0.0,,,0,0,0,Helius verified first buyer,2026-08-20 04:42:40
5rV11BdXy2f8tJZXGbMpPP1SedMjhHLMmSzPpVk4acYk,,,1702417001,0.0,0.0,0.0,0,0,0,0.0,0.0,1.0,0.0,,,0,0,0,Helius verified first buyer,2026-08-20 04:42:40
6so4rDBTbGmg9Dzuj6p8hRbLeT1vLhAC44P6VPKfvfaB,,,1702417002,0.0,0.0,0.0,0,0,0,0.0,0.0,1.0,0.0,,,0,0,0,Helius verified first buyer,2026-08-20 04:42:40
82g4REwFTeMW56jsnz9VdrM4GA5YD1HpdL3QLDCah2KD,,,1702417005,0.0,0.0,0.0,0,0,0,0.0,0.0,1.0,0.0,,,0,0,0,Helius verified first buyer,2026-08-20 04:43:56
5cVZWeoqggfyN37pZkkBwVH4pzxUtvMSEe9bDsoUGYeW,,,1702417006,0.0,0.0,0.0,0,0,0,0.0,0.0,1.0,0.0,,,0,0,0,Helius verified first buyer,2026-08-20 04:43:44
2CYxuiooryDgPVromS9j48xMUqUESPWzmLGTJCrCsC7v,,,1702417006,0.0,0.0,0.0,0,0,0,0.0,0.0,1.0,0.0,,,0,0,0,Helius verified first buyer,2026-08-20 04:42:41
AxSvGbhmAjx81LRDk7oJEmUiGFaTscFbyJYPmSxCqTJi,,,1702417007,0.0,0.0,0.0,0,0,0,0.0,0.0,1.0,0.0,,,0,0,0,Helius verified first buyer,2026-08-20 04:42:42
ErvEmQWHfnvJX6D5VkPQorEWKYf2kKbVBemXLq8WzbKK,,,1702417012,0.0,0.0,0.0,0,0,0,0.0,0.0,1.0,0.0,,,0,0,0,Helius verified first buyer,2026-08-20 04:42:42
EGFSw8EHSkRSHWYHynTSMmYYjHMN5AStbnc65XSJE8t4,,,1702417013,0.0,0.0,0.0,0,0,0,0.0,0.0,1.0,0.0,,,0,0,0,Helius verified first buyer,2026-08-20 04:42:42
2mFDN7pqqm2qaQsxDqomfBnz5PExAkDMUiNJP2MgGp5J,,,1702417020,0.0,0.0,0.0,0,0,0,0.0,0.0,1.0,0.0,,,0,0,0,Helius verified first buyer,2026-08-20 04:42:43
B8odxECpbuVH17Ze43Lczgjw29mvXcHu6h7oNT7NqGUr,,,1702417020,0.0,0.0,0.0,0,0,0,0.0,0.0,1.0,0.0,,,0,0,0,Helius verified first buyer,2026-08-20 04:45:01
G9TXucczj3XB6iQGmxUH7PF7UmDJQiX2e7eDtkTG8Pd7,,,1702417027,0.0,0.0,0.0,0,0,0,0.0,0.0,1.0,0.0,,,0,0,0,Helius verified first buyer,2026-08-20 04:42:43
J4eKoEHFgnZWitZSeq2WkBnTB5XLf6WEumTzsybcco2G,,,1702417027,0.0,0.0,0.0,0,0,0,0.0,0.0,1.0,0.0,,,0,0,0,Helius verified first buyer,2026-08-20 04:42:43
FSMuWAsAEz8hPjLicibkAuThF2HNJZxKn8RTCJXgm3DY,,,1702417028,0.0,0.0,0.0,0,0,0,0.0,0.0,1.0,0.0,,,0,0,0,Helius verified first buyer,2026-08-20 04:42:44
BD4QUAo35vyXvKDxARjtDZquxonZB1supJWEcEg8aj11,,,1702417030,0.0,0.0,0.0,0,0,0,0.0,0.0,1.0,0.0,,,0,0,0,Helius verified first buyer,2026-08-20 04:42:44
32Ze6oDueWG71P1QcJLxmS4WAtjGtFoVUpTxWCahkk1P,,,1702417031,0.0,0.0,0.0,0,0,0,0.0,0.0,1.0,0.0,,,0,0,0,Helius verified first buyer,2026-08-20 04:44:24
6QnwUYvKMYXXhtfviBAzdWjsDLLPz9QZFXGXfB7iMRg8,,,1702417037,0.0,0.0,0.0,0,0,0,0.0,0.0,1.0,0.0,,,0,0,0,Helius verified first buyer,2026-08-20 04:42:44
A9CYDXm23UagDkbRnv2NYYuj8FvHQXn52WnFiXoA9woz,,,1702417039,0.0,0.0,0.0,0,0,0,0.0,0.0,1.0,0.0,,,0,0,0,Helius verified first buyer,2026-08-20 04:45:06
5FjzS3Dxco8FSqkCiWbzN6miw4wWanYLmisuzsAmXbrx,,,1702417046,0.0,0.0,0.0,0,0,0,0.0,0.0,1.0,0.0,,,0,0,0,Helius verified first buyer,2026-08-20 04:42:47
2ewxGGUGCSAHiBaXZwsShweWqCia3HyUunL71DaZWSp7,,,1702417048,0.0,0.0,0.0,0,0,0,0.0,0.0,1.0,0.0,,,0,0,0,Helius verified first buyer,2026-08-20 04:42:47
DotFUZUBNaoMakcFtuddKBDe51zNp1Mv484BuA9Bozb8,,,1702417048,0.0,0.0,0.0,0,0,0,0.0,0.0,1.0,0.0,,,0,0,0,Helius verified first buyer,2026-08-20 04:44:53
GFpQ7YF34jth8V5zKBmAYvBZuF1c1QAv21bs1twutoku,,,1702417050,0.0,0.0,0.0,0,0,0,0.0,0.0,1.0,0.0,,,0,0,0,Helius verified first buyer,2026-08-20 04:43:30
EaSaS4qbBkpPLW9ViuceYf1NDYUDYpLKvcr8b4HE7ePU,,,1702417056,0.0,0.0,0.0,0,0,0,0.0,0.0,1.0,0.0,,,0,0,0,Helius verified first buyer,2026-08-20 04:43:29
BQeR9owXVYCrzLxET1gyzs3CQmeDZ4S2sbJryW4YdbjF,,,1702417056,0.0,0.0,0.0,0,0,0,0.0,0.0,1.0,0.0,,,0,0,0,Helius verified first buyer,2026-08-20 04:42:48
Fm6suyPaWD8si33rbXur6PdVHXbSbBiLjhrgHFZSNgB3,,,1702417066,0.0,0.0,0.0,0,0,0,0.0,0.0,1.0,0.0,,,0,0,0,Helius verified first buyer,2026-08-20 04:42:49
CYiYup6ZbZhi3yQ1wwWAJppJ4m6uc1YpDrV5Mi8Gy8QC,,,1702417068,0.0,0.0,0.0,0,0,0,0.0,0.0,1.0,0.0,,,0,0,0,Helius verified first buyer,2026-08-20 04:42:49
DjWcaXSZF4BMqk5N7yodobpj3NBRt5JdvrRxxbjg4EAH,,,1702417069,0.0,0.0,0.0,0,0,0,0.0,0.0,1.0,0.0,,,0,0,0,Helius verified first buyer,2026-08-20 04:44:28
CFcUeEhjGsdvZeQYGFS17fSnLmrGijPvkaKctU4mBtmE,,,1702417070,0.0,0.0,0.0,0,0,0,0.0,0.0,1.0,0.0,,,0,0,0,Helius verified first buyer,2026-08-20 04:42:50
kPmETnF9GduBS9GmXTybWYYC7Tj2Dq3BWuMZnsLXBxr,,,1702417071,0.0,0.0,0.0,0,0,0,0.0,0.0,1.0,0.0,,,0,0,0,Helius verified first buyer,2026-08-20 04:42:50
8MhqGnzY62EC7wTPcL2QNzWpT7TeUAsQsat5Egq68cJn,,,1702417078,0.0,0.0,0.0,0,0,0,0.0,0.0,1.0,0.0,,,0,0,0,Helius verified first buyer,2026-08-20 04:43:09
3KNhUBbkUUmdERw8keDoDnZtMJF6ZLDaYyC2VwZ77hF3,,,1702417080,0.0,0.0,0.0,0,0,0,0.0,0.0,1.0,0.0,,,0,0,0,Helius verified first buyer,2026-08-20 04:42:51
4dbxGAa1z7L8g93Fa62KVCneUNbdQUtVJwjVhVMc2XXY,,,1702417086,0.0,0.0,0.0,0,0,0,0.0,0.0,1.0,0.0,,,0,0,0,Helius verified first buyer,2026-08-20 04:42:53
12g5AUu5yzYak59VeFq2NNXfLDDtvF457T9VHj8uGyrD,,,1702417092,0.0,0.0,0.0,0,0,0,0.0,0.0,1.0,0.0,,,0,0,0,Helius verified first buyer,2026-08-20 04:42:52
HWa1PUhPhp7zHM9PpKxVxsZjS4ZX2qDowsg9vLiAqBch,,,1702417092,0.0,0.0,0.0,0,0,0,0.0,0.0,1.0,0.0,,,0,0,0,Helius verified first buyer,2026-08-20 04:42:52
A9RQAtsfq7zBdrtjx1uDr2wCbXTF34kercYHVaK4R3em,,,1702417097,0.0,0.0,0.0,0,0,0,0.0,0.0,1.0,0.0,,,0,0,0,Helius verified first buyer,2026-08-20 04:42:52
Bb4jCG7DNySrLYsyMEwEaRbhirb2LnzzwyF1Vx2nrmxe,,,1702417097,0.0,0.0,0.0,0,0,0,0.0,0.0,1.0,0.0,,,0,0,0,Helius verified first buyer,2026-08-20 04:42:53
BP7RbmMxWg7VhUzbqTfGgbmRPyMcFdgLLwoF5ooGjwEb,,,1702417101,0.0,0.0,0.0,0,0,0,0.0,0.0,1.0,0.0,,,0,0,0,Helius verified first buyer,2026-08-20 04:42:53
Fs713wRgRJCvs6cnQCLH91U4weocxmQx1G7LLTZcqSd1,,,1702417110,0.0,0.0,0.0,0,0,0,0.0,0.0,1.0,0.0,,,0,0,0,Helius verified first buyer,2026-08-20 04:42:53
9ddbfA3xbKdBrhFDUyD7WRffLtr8KR95vn9jL7uGyisX,,,1702417115,0.0,0.0,0.0,0,0,0,0.0,0.0,1.0,0.0,,,0,0,0,Helius verified first buyer,2026-08-20 04:42:54
GdwqXSDqSQ2LCgoRcrix3eJaGq9SqhRUJFoXj2V1bczz,,,1702417115,0.0,0.0,0.0,0,0,0,0.0,0.0,1.0,0.0,,,0,0,0,Helius verified first buyer,2026-08-20 04:42:54
7TjccRXP95iA4vPn6rBkjeLMvPUW8a9JTAXi7NMAEtTq,,,1702417119,0.0,0.0,0.0,0,0,0,0.0,0.0,1.0,0.0,,,0,0,0,Helius verified first buyer,2026-08-20 04:43:45
4U5U8kax5hSFSRLSnVQUorcyaoCLPgr2GS51nV7MKTMa,,,1702417129,0.0,0.0,0.0,0,0,0,0.0,0.0,1.0,0.0,,,0,0,0,Helius verified first buyer,2026-08-20 04:43:29
8E1AXrLUizCdhFdt6AdCsCMeLCAM2gvbkL3GU8SRPzMx,,,1702417132,0.0,0.0,0.0,0,0,0,0.0,0.0,1.0,0.0,,,0,0,0,Helius verified first buyer,2026-08-20 04:42:55
F86EjknppMtXi4JVNBcyKE2yogPmRXKwX47JQjvgN5Lo,,,1702417141,0.0,0.0,0.0,0,0,0,0.0,0.0,1.0,0.0,,,0,0,0,Helius verified first buyer,2026-08-20 04:43:29
8wb2sQ19MyLPVSWHXdig8fd2ppcS9RZmpf6YJnQUoD71,,,1702417142,0.0,0.0,0.0,0,0,0,0.0,0.0,1.0,0.0,,,0,0,0,Helius verified first buyer,2026-08-20 04:42:56
D7rj6TNYaWn3tbnodm8bw7SSAMNHyMUcrVGRd9cENA6H,,,1702417155,0.0,0.0,0.0,0,0,0,0.0,0.0,1.0,0.0,,,0,0,0,Helius verified first buyer,2026-08-20 04:43:27
BVauZxLhuDjWor2kP3ahbctwBgRfLnRz9P8FQS5ZecPZ,,,1702417157,0.0,0.0,0.0,0,0,0,0.0,0.0,1.0,0.0,,,0,0,0,Helius verified first buyer,2026-08-20 04:42:57
6uipdFtxemPHnXLEE1cRodt1XWqDHJ18ET8iqiHRr3Er,,,1702417157,0.0,0.0,0.0,0,0,0,0.0,0.0,1.0,0.0,,,0,0,0,Helius verified first buyer,2026-08-20 04:42:58
9BmEbAEux5pTZMjYPt22PvkX1HNsCyXuWa5yhMMMGoKM,,,1702417158,0.0,0.0,0.0,0,0,0,0.0,0.0,1.0,0.0,,,0,0,0,Helius verified first buyer,2026-08-20 04:43:30
G7LdywoU4F1qrPgkymK7LjHuuiPNqQ7jvCLi7Xwc6rSr,,,1702417158,0.0,0.0,0.0,0,0,0,0.0,0.0,1.0,0.0,,,0,0,0,Helius verified first buyer,2026-08-20 04:42:58
4gkqfFijEzRqKZzXf9w5N8vPJo1UcYDQPXAtL5MUwc7R,,,1702417162,0.0,0.0,0.0,0,0,0,0.0,0.0,1.0,0.0,,,0,0,0,Helius verified first buyer,2026-08-20 04:42:58
3iLEt8aXj4gYBxdsS3rw9cjvJ1vEgFHuXrUZupsCsRFM,,,1702417170,0.0,0.0,0.0,0,0,0,0.0,0.0,1.0,0.0,,,0,0,0,Helius verified first buyer,2026-08-20 04:42:59
9YCN9keM3Wwz9Jbnk2GPDB37EwNuBeUqsGQ6zJKApqAv,,,1702417170,0.0,0.0,0.0,0,0,0,0.0,0.0,1.0,0.0,,,0,0,0,Helius verified first buyer,2026-08-20 04:42:59
93jsLT7ZuWmS3YzwZwmwiFhUFyJw3wVh4Em3jRNQWmND,,,1702417183,0.0,0.0,0.0,0,0,0,0.0,0.0,1.0,0.0,,,0,0,0,Helius verified first buyer,2026-08-20 04:42:59
BGFxSUvjwZiH33gHTA16Kgf1G4CRod2EcMtvbat7G6Bs,,,1702417183,0.0,0.0,0.0,0,0,0,0.0,0.0,1.0,0.0,,,0,0,0,Helius verified first buyer,2026-08-20 04:43:00
24CXnvAtqQVAimvUjwX9jRCBnDBG8zEouVyvy6bvSiq8,,,1702417185,0.0,0.0,0.0,0,0,0,0.0,0.0,1.0,0.0,,,0,0,0,Helius verified first buyer,2026-08-20 04:43:38
Es1D6MPqLA9rJezchEvXSv9qjbzjwc8CbPZduyyikqRm,,,1702417185,0.0,0.0,0.0,0,0,0,0.0,0.0,1.0,0.0,,,0,0,0,Helius verified first buyer,2026-08-20 04:43:01
BNMHoQXuG4Pz61QSdRpoXETb98rDcNnQhAV9wWxVuSPg,,,1702417193,0.0,0.0,0.0,0,0,0,0.0,0.0,1.0,0.0,,,0,0,0,Helius verified first buyer,2026-08-20 04:44:56
dbpaBt8EvN7pGauU5RMjDspEhXiRXd5zDofwDCvzmLe,,,1702417201,0.0,0.0,0.0,0,0,0,0.0,0.0,1.0,0.0,,,0,0,0,Helius verified first buyer,2026-08-20 04:43:02
GL9DgtMiErUwtkQjhGBFns27yNxrozRa1mxZVR8EqnGi,,,1702417203,0.0,0.0,0.0,0,0,0,0.0,0.0,1.0,0.0,,,0,0,0,Helius verified first buyer,2026-08-20 04:43:02
AsKBqjr8v5od7oLwNqgRFHKRkvv5asJFcxG4XWcsPSt,,,1702417203,0.0,0.0,0.0,0,0,0,0.0,0.0,1.0,0.0,,,0,0,0,Helius verified first buyer,2026-08-20 04:43:02
GGd2DGEupHLaPbkH14k2m3DoYqWMXx9dGfkFouSBA5Fd,,,1702417204,0.0,0.0,0.0,0,0,0,0.0,0.0,1.0,0.0,,,0,0,0,Helius verified first buyer,2026-08-20 04:43:02
xRszndq1wQvyGsxfmCci79tD2eG3BA95WUUBXUMDsGT,,,1702417210,0.0,0.0,0.0,0,0,0,0.0,0.0,1.0,0.0,,,0,0,0,Helius verified first buyer,2026-08-20 04:43:03
CVk8kCopZzCg5zGRVhevqE3qG95EttbEYYEi61UmPDFZ,,,1702417216,0.0,0.0,0.0,0,0,0,0.0,0.0,1.0,0.0,,,0,0,0,Helius verified first buyer,2026-08-20 04:43:03
2bCFwzwa3AyfRSzoUet4UEDhvzPfvYAi2z23D4Fg7U7j,,,1702417217,0.0,0.0,0.0,0,0,0,0.0,0.0,1.0,0.0,,,0,0,0,Helius verified first buyer,2026-08-20 04:44:52
GMsHiyEcuBq7kNvrSEB6W5whqsk8y9N444NTVRKAeqsU,,,1702417218,0.0,0.0,0.0,0,0,0,0.0,0.0,1.0,0.0,,,0,0,0,Helius verified first buyer,2026-08-20 04:44:56
4xPeUV6p9jsKCR1Gkhz8jiZVMe4XFPchz48dvUNcst5A,,,1702417228,0.0,0.0,0.0,0,0,0,0.0,0.0,1.0,0.0,,,0,0,0,Helius verified first buyer,2026-08-20 04:43:04
F1qXjxccE8CfLMVt1jmEdLWBLGXZrqgoLuTgEzVUsQNd,,,1702417228,0.0,0.0,0.0,0,0,0,0.0,0.0,1.0,0.0,,,0,0,0,Helius verified first buyer,2026-08-20 04:43:04
CRST8DkUvENLHFsbS5yazTUpXrw9pWwNyMB4rrhRT52N,,,1702417228,0.0,0.0,0.0,0,0,0,0.0,0.0,1.0,0.0,,,0,0,0,Helius verified first buyer,2026-08-20 04:43:04
73NrpSCtJwAH3hNBCEE6iZ8jj9t4iXKFyJ5Pt36y89mj,,,1702417236,0.0,0.0,0.0,0,0,0,0.0,0.0,1.0,0.0,,,0,0,0,Helius verified first buyer,2026-08-20 04:43:28
ETbnbeShLXfnEtomCHQB99nRWuozTn4t5FSCXRoRUjX,,,1702417245,0.0,0.0,0.0,0,0,0,0.0,0.0,1.0,0.0,,,0,0,0,Helius verified first buyer,2026-08-20 04:43:05
8m1UMABZ2fbDRMpNDsuSFsNZX3dKQsX8LRjz7cFr2TKT,,,1702417246,0.0,0.0,0.0,0,0,0,0.0,0.0,1.0,0.0,,,0,0,0,Helius verified first buyer,2026-08-20 04:43:05
ERCQEh5FB9VLL1VStq5TeE97uLD6TFkVtGFwSKmKU8HN,,,1702417253,0.0,0.0,0.0,0,0,0,0.0,0.0,1.0,0.0,,,0,0,0,Helius verified first buyer,2026-08-20 04:43:06
AX7c33tK2eV6Fi6r3nkZm412FyQWwp6cGDEwYPQrvG6S,,,1702417264,0.0,0.0,0.0,0,0,0,0.0,0.0,1.0,0.0,,,0,0,0,Helius verified first buyer,2026-08-20 04:43:08
BNYdSkKH9aZjKG3LE6zkBCFwncaFBjVyVGZ5fXjea3tK,,,1702417281,0.0,0.0,0.0,0,0,0,0.0,0.0,1.0,0.0,,,0,0,0,Helius verified first buyer,2026-08-20 04:43:10
8son6nC6jpa7tKva4UMBPWYTaaaci9UNFdFFcjNJzZxG,,,1702417286,0.0,0.0,0.0,0,0,0,0.0,0.0,1.0,0.0,,,0,0,0,Helius verified first buyer,2026-08-20 04:43:11
8hBVXiutEdAoTykTBm8S8ebxiSkYBLc929SyYMFCvmSP,,,1702417287,0.0,0.0,0.0,0,0,0,0.0,0.0,1.0,0.0,,,0,0,0,Helius verified first buyer,2026-08-20 04:43:11
5JLePhAf7moQk3bRzXCaoDZe55k4nvTGHkURTU7QkNqC,,,1702417287,0.0,0.0,0.0,0,0,0,0.0,0.0,1.0,0.0,,,0,0,0,Helius verified first buyer,2026-08-20 04:44:57
HQAKrAUDCkvYHVV8SWYDxC2BQHiCQ5zprDiwSGV9MpU3,,,1702417288,0.0,0.0,0.0,0,0,0,0.0,0.0,1.0,0.0,,,0,0,0,Helius verified first buyer,2026-08-20 04:43:12
BLjsze5tFv8WEdbRdywMHzfqbbg6DQBdKLCKPLrbPiZS,,,1702417298,0.0,0.0,0.0,0,0,0,0.0,0.0,1.0,0.0,,,0,0,0,Helius verified first buyer,2026-08-20 04:43:12
Cp8WeS9AVeh8X8kYHuYoFE5XYGojwDrBMv15vmeikzHy,,,1702417298,0.0,0.0,0.0,0,0,0,0.0,0.0,1.0,0.0,,,0,0,0,Helius verified first buyer,2026-08-20 04:43:56
7VYtfXKv7BJ8sAMPu83zjPVHPHCzGSZt9Wyvf7HPmKD3,,,1702417308,0.0,0.0,0.0,0,0,0,0.0,0.0,1.0,0.0,,,0,0,0,Helius verified first buyer,2026-08-20 04:44:58
EfqHtdivtUWDWJXrQcwat5RsFeLCtmWdnw1VjiMHyb5k,,,1702417314,0.0,0.0,0.0,0,0,0,0.0,0.0,1.0,0.0,,,0,0,0,Helius verified first buyer,2026-08-20 04:43:14
73QfjBaKuPLhPAJMyW8bWUm9ehtL1ekV94uLmpxkExxZ,,,1702417318,0.0,0.0,0.0,0,0,0,0.0,0.0,1.0,0.0,,,0,0,0,Helius verified first buyer,2026-08-20 04:43:14
4RaveF83UM5BcEfdaNFRd8riZfh14MKgSGkmqFcEGvYB,,,1702417325,0.0,0.0,0.0,0,0,0,0.0,0.0,1.0,0.0,,,0,0,0,Helius verified first buyer,2026-08-20 04:43:14
37xxxNLvNLRjcRBREZvnNdEP5CQeSZKBtmp5gjhHCShe,,,1702417327,0.0,0.0,0.0,0,0,0,0.0,0.0,1.0,0.0,,,0,0,0,Helius verified first buyer,2026-08-20 04:43:15
26SLjBSt13QntnqoXCTJjv6YMbKxNcmukFq1UMvbmSGy,,,1702417327,0.0,0.0,0.0,0,0,0,0.0,0.0,1.0,0.0,,,0,0,0,Helius verified first buyer,2026-08-20 04:43:15
14dap6bDrvkYehUPGi5JdnYiBKm1zcgUWxu5P6DgiLsQ,,,1702417329,0.0,0.0,0.0,0,0,0,0.0,0.0,1.0,0.0,,,0,0,0,Helius verified first buyer,2026-08-20 04:43:28
A31YszE8G3eW1izeDAMYGJAoQH5gF2gjAgZeYN6qinPu,,,1702417339,0.0,0.0,0.0,0,0,0,0.0,0.0,1.0,0.0,,,0,0,0,Helius verified first buyer,2026-08-20 04:44:58
32ZE3ULFn4bE1kF9BZu299N9W47Vffgtn9njBQTmkY3x,,,1702417340,0.0,0.0,0.0,0,0,0,0.0,0.0,1.0,0.0,,,0,0,0,Helius verified first buyer,2026-08-20 04:43:17
D1bqoVArFXEn5q2xiqLTKH2LXePdFEiyrfzpfQ62w18S,,,1702417347,0.0,0.0,0.0,0,0,0,0.0,0.0,1.0,0.0,,,0,0,0,Helius verified first buyer,2026-08-20 04:43:17
7Emwey1vpihvgo6D6PADMZeaYnLVZFoYDRn9JCE5uhCA,,,1702417355,0.0,0.0,0.0,0,0,0,0.0,0.0,1.0,0.0,,,0,0,0,Helius verified first buyer,2026-08-20 04:43:18
5YDmgYkMEQYC1xrDg4ucQnrEkuFFf8xvBNNvLChj4Tex,,,1702417356,0.0,0.0,0.0,0,0,0,0.0,0.0,1.0,0.0,,,0,0,0,Helius verified first buyer,2026-08-20 04:43:18
6HeKnmc7T2PerKtFrMCgjmSPXFhEFPhCjVWw5BDyBVv5,,,1702417361,0.0,0.0,0.0,0,0,0,0.0,0.0,1.0,0.0,,,0,0,0,Helius verified first buyer,2026-08-20 04:43:18
EzNezzt5WG2XR1PXAnYUkJpZvdneFB4FzvC55dPiqF75,,,1702417366,0.0,0.0,0.0,0,0,0,0.0,0.0,1.0,0.0,,,0,0,0,Helius verified first buyer,2026-08-20 04:44:30
6inqiHLKm7EBznWG13o6si6Y6Fj4abinboCkpojWbMjg,,,1702417380,0.0,0.0,0.0,0,0,0,0.0,0.0,1.0,0.0,,,0,0,0,Helius verified first buyer,2026-08-20 04:43:20
7Hsq7dFbKT42HPSFvgSh4y2cHwahatgkz6NSKAqsa9Wz,,,1702417381,0.0,0.0,0.0,0,0,0,0.0,0.0,1.0,0.0,,,0,0,0,Helius verified first buyer,2026-08-20 04:43:20
Ay9eRCP4y7BXoUq4oyxxmXpotSW1CWutizqmb4pCwNLL,,,1702417391,0.0,0.0,0.0,0,0,0,0.0,0.0,1.0,0.0,,,0,0,0,Helius verified first buyer,2026-08-20 04:44:19
CwUhhSTztbKCNhsqYK3m7ZzJYZbA897BSueNnUuHafjN,,,1702417393,0.0,0.0,0.0,0,0,0,0.0,0.0,1.0,0.0,,,0,0,0,Helius verified first buyer,2026-08-20 04:43:21
GeKe6gSYoKriCSMEdBM1x2X6c6uk28zsYz7QX7a7qxQU,,,1702417404,0.0,0.0,0.0,0,0,0,0.0,0.0,1.0,0.0,,,0,0,0,Helius verified first buyer,2026-08-20 04:43:21
8NnBJEfmfiiQkDbZAzQa3suT73F3oAcfsgzmG8m3bUMu,,,1702417410,0.0,0.0,0.0,0,0,0,0.0,0.0,1.0,0.0,,,0,0,0,Helius verified first buyer,2026-08-20 04:43:22
E8T4qB9iPqUiCT6xee1F4nEbWKw8iME3B3QZ3zmxXcr1,,,1702417423,0.0,0.0,0.0,0,0,0,0.0,0.0,1.0,0.0,,,0,0,0,Helius verified first buyer,2026-08-20 04:43:22
23xh7KfthaQctLGFrx7o1trRyAgdZk76BatPPFc9kErf,,,1702417450,0.0,0.0,0.0,0,0,0,0.0,0.0,1.0,0.0,,,0,0,0,Helius verified first buyer,2026-08-20 04:43:22
97NifP8d9vUTx1TxDCwyfs2h4C4gPBRDgsWEgUzaHgfH,,,1702417452,0.0,0.0,0.0,0,0,0,0.0,0.0,1.0,0.0,,,0,0,0,Helius verified first buyer,2026-08-20 04:43:23
35qhMRJBxPd1QGXBbtKhqYMHPttgrtHUJdDrE9o4xjkY,,,1702417455,0.0,0.0,0.0,0,0,0,0.0,0.0,1.0,0.0,,,0,0,0,Helius verified first buyer,2026-08-20 04:43:31
F55bNspQQDyBdCQBQjYUqTuTXSrEKiwkT7ptAr7s19YQ,,,1702417455,0.0,0.0,0.0,0,0,0,0.0,0.0,1.0,0.0,,,0,0,0,Helius verified first buyer,2026-08-20 04:44:28
CF1u6EbP8jLzwHm6DC1pQ36rMdTajcLWSuZrG3vM3Qbi,,,1702417467,0.0,0.0,0.0,0,0,0,0.0,0.0,1.0,0.0,,,0,0,0,Helius verified first buyer,2026-08-20 04:43:24
nBW1RQaX41YkLabpnoZ4JAdNDoGveUUVhqDF39H5VqL,,,1702417467,0.0,0.0,0.0,0,0,0,0.0,0.0,1.0,0.0,,,0,0,0,Helius verified first buyer,2026-08-20 04:43:25
DMSrbnkqwjSv6AKpFfPbaEi8DsHNeq1kpNC1pt9PLsgm,,,1702417472,0.0,0.0,0.0,0,0,0,0.0,0.0,1.0,0.0,,,0,0,0,Helius verified first buyer,2026-08-20 04:43:25
EzSwAqUMYEqLYHWRW9S3K9ByZR5iLNVZME1GPYdJ3NFF,,,1702417476,0.0,0.0,0.0,0,0,0,0.0,0.0,1.0,0.0,,,0,0,0,Helius verified first buyer,2026-08-20 04:43:26
458WkyuKih4wVswo8C6MeyLRH1TBJ2F5o2ayGgCyt8Tk,,,1702417477,0.0,0.0,0.0,0,0,0,0.0,0.0,1.0,0.0,,,0,0,0,Helius verified first buyer,2026-08-20 04:43:26
62PeoAYU5uWY2JQbxQ7i1VvmVQQM1aQjXvCUGZrxcFM4,,,1702417487,0.0,0.0,0.0,0,0,0,0.0,0.0,1.0,0.0,,,0,0,0,Helius verified first buyer,2026-08-20 04:43:26
7Cwqam9jtn4hk8YwvEivgGguxqk4vJcRHFMkRW1o5SoZ,,,1702417490,0.0,0.0,0.0,0,0,0,0.0,0.0,1.0,0.0,,,0,0,0,Helius verified first buyer,2026-08-20 04:43:26
BtCXSnEjbwso6fiiRAh3ee3CpzX9PLvv6TdRq2KXAShF,,,1702417490,0.0,0.0,0.0,0,0,0,0.0,0.0,1.0,0.0,,,0,0,0,Helius verified first buyer,2026-08-20 04:43:27
7p71HmCSTTrP8P3fBmrHavaKKTzJwm2Rb9nj82L9Qo6G,,,1702417495,0.0,0.0,0.0,0,0,0,0.0,0.0,1.0,0.0,,,0,0,0,Helius verified first buyer,2026-08-20 04:43:27
4QPEG1Q5EFbHnaQKaUjMya6jVnEg4uYAA8RMoK8ZctAQ,,,1702417497,0.0,0.0,0.0,0,0,0,0.0,0.0,1.0,0.0,,,0,0,0,Helius verified first buyer,2026-08-20 04:43:27
24BbdWrBwPQbAEAENGK5MS3iaK4txEz1ABssodauSDEC,,,1702417512,0.0,0.0,0.0,0,0,0,0.0,0.0,1.0,0.0,,,0,0,0,Helius verified first buyer,2026-08-20 04:43:28
6w8bDwFc3Lz6Kt7Zv3wDhdQryvy6LkpzJhEM9xoHPo42,,,1702417525,0.0,0.0,0.0,0,0,0,0.0,0.0,1.0,0.0,,,0,0,0,Helius verified first buyer,2026-08-20 04:43:28
3MZqyoENJhmhmnjgAuNCaaLPBijRR1z7kXo3pEiiugQT,,,1702417535,0.0,0.0,0.0,0,0,0,0.0,0.0,1.0,0.0,,,0,0,0,Helius verified first buyer,2026-08-20 04:43:29
FPuTURmbgwBxUJHiJaGavHUwGxuWBRzfwh5UpvAHc98U,,,1702417559,0.0,0.0,0.0,0,0,0,0.0,0.0,1.0,0.0,,,0,0,0,Helius verified first buyer,2026-08-20 04:44:41
GEViypYqmn8142iGAf4aPd1SZzjQCxMPAwCgeg8CfVC1,,,1702417566,0.0,0.0,0.0,0,0,0,0.0,0.0,1.0,0.0,,,0,0,0,Helius verified first buyer,2026-08-20 04:43:31
DTYXsiWXGtjeB2SyoCF2ZDUo8cmM1QyCiffZHQ3Ue2Eo,,,1702417599,0.0,0.0,0.0,0,0,0,0.0,0.0,1.0,0.0,,,0,0,0,Helius verified first buyer,2026-08-20 04:43:31
8h3SkAAcF7jzReVYnA8sZsKDazvzi34m5sUrCepAx2up,,,1702417630,0.0,0.0,0.0,0,0,0,0.0,0.0,1.0,0.0,,,0,0,0,Helius verified first buyer,2026-08-20 04:43:32
FmrYTPPoudmEhTpwxPiHYxek3XtKiE8bzReX2DhJq63q,,,1702417650,0.0,0.0,0.0,0,0,0,0.0,0.0,1.0,0.0,,,0,0,0,Helius verified first buyer,2026-08-20 04:43:32
HUcddKPKtbwcxCeErsCNLpMjfbC9ZNp8eCRoTPxFngma,,,1702417651,0.0,0.0,0.0,0,0,0,0.0,0.0,1.0,0.0,,,0,0,0,Helius verified first buyer,2026-08-20 04:43:32
qULQuX6DPS5uiFJjrXvGrkD3YP7vcW4wJFBhXawMtfb,,,1702417652,0.0,0.0,0.0,0,0,0,0.0,0.0,1.0,0.0,,,0,0,0,Helius verified first buyer,2026-08-20 04:43:33
8Q1rj6UvnKaFLHa2LBaU1shy1HdnY71GvFekuzwKDCV5,,,1702417662,0.0,0.0,0.0,0,0,0,0.0,0.0,1.0,0.0,,,0,0,0,Helius verified first buyer,2026-08-20 04:43:33
FXxUgRrqrU8cDNiiGvLPRcyPCqXFQenZmS2uUwo4HAz3,,,1702417665,0.0,0.0,0.0,0,0,0,0.0,0.0,1.0,0.0,,,0,0,0,Helius verified first buyer,2026-08-20 04:44:00
3Rr1DSFRQ7tnbAPMhtKDENg6WtQD8XHcrQGWqxcccdke,,,1702417667,0.0,0.0,0.0,0,0,0,0.0,0.0,1.0,0.0,,,0,0,0,Helius verified first buyer,2026-08-20 04:43:34
J58LW21NUVVR9JacgjzADTRvzQ3Z7hMw1hQu86u91JbF,,,1702417695,0.0,0.0,0.0,0,0,0,0.0,0.0,1.0,0.0,,,0,0,0,Helius verified first buyer,2026-08-20 04:43:35
CoM4etVaAuqMmBphANp8tZUrWsUydpRXwMEzeUUiqgas,,,1702417695,0.0,0.0,0.0,0,0,0,0.0,0.0,1.0,0.0,,,0,0,0,Helius verified first buyer,2026-08-20 04:43:36
MR6LNN1rYJWhp2is7rdKDpLseRJrQrRymYKQqSnD3Rg,,,1702417700,0.0,0.0,0.0,0,0,0,0.0,0.0,1.0,0.0,,,0,0,0,Helius verified first buyer,2026-08-20 04:43:36
GuVYvHswdNheYWrVVG7SUyKJeE864tvDEwMGxV7FhXkH,,,1702417710,0.0,0.0,0.0,0,0,0,0.0,0.0,1.0,0.0,,,0,0,0,Helius verified first buyer,2026-08-20 04:43:36
HDMfkW4Ft1rqS7pUkGYsBNrq9JsYhCW9ze75eeqFmMtu,,,1702417711,0.0,0.0,0.0,0,0,0,0.0,0.0,1.0,0.0,,,0,0,0,Helius verified first buyer,2026-08-20 04:43:36
HFLZ34D1kaFrqn3aREKEBwx6JQxthPweagc9K2K1JrLC,,,1702417712,0.0,0.0,0.0,0,0,0,0.0,0.0,1.0,0.0,,,0,0,0,Helius verified first buyer,2026-08-20 04:43:37
FqDJQP6MbkCcz8Rq6P63nC2Za7RVAupJDJFdcPy95XzJ,,,1702417714,0.0,0.0,0.0,0,0,0,0.0,0.0,1.0,0.0,,,0,0,0,Helius verified first buyer,2026-08-20 04:43:37
4Dc25xEVGcLz6QTC9n8vEHeH77CJgYZfJBEwJ1fDyDoe,,,1702417716,0.0,0.0,0.0,0,0,0,0.0,0.0,1.0,0.0,,,0,0,0,Helius verified first buyer,2026-08-20 04:43:37
2E8xfJjuFRF7dUyqcVGW4bz1xShh3pVWxBVdXccSVkdn,,,1702417728,0.0,0.0,0.0,0,0,0,0.0,0.0,1.0,0.0,,,0,0,0,Helius verified first buyer,2026-08-20 04:43:38
A2p83G1FXGHnXGwtWq32VoteoFNRd1m1ZZr9fJ1M6uXG,,,1702417729,0.0,0.0,0.0,0,0,0,0.0,0.0,1.0,0.0,,,0,0,0,Helius verified first buyer,2026-08-20 04:43:38
GSbyDNEjkeXJonnVEU9egTB97QHgC1vbBZRW4XPe4Fra,,,1702417735,0.0,0.0,0.0,0,0,0,0.0,0.0,1.0,0.0,,,0,0,0,Helius verified first buyer,2026-08-20 04:43:39
Hu7sj4H5kW6BiRVZurqvUrA7d8Hx1CHfa1aNbRqn9TUV,,,1702417737,0.0,0.0,0.0,0,0,0,0.0,0.0,1.0,0.0,,,0,0,0,Helius verified first buyer,2026-08-20 04:43:39
FTjgBesxnZT31azn1JjLNSorfxdcQZYViBxLAtbbWd4W,,,1702417737,0.0,0.0,0.0,0,0,0,0.0,0.0,1.0,0.0,,,0,0,0,Helius verified first buyer,2026-08-20 04:44:47
44VWwAtdjYwFTXFH8e6HLvn1S76ND9J25MpkEGQB8FwY,,,1702417751,0.0,0.0,0.0,0,0,0,0.0,0.0,1.0,0.0,,,0,0,0,Helius verified first buyer,2026-08-20 04:43:39
5e9t3qsVsfxo3f95k6ojZvVSpcRMVrKXzkZiaqhxFeHo,,,1702417757,0.0,0.0,0.0,0,0,0,0.0,0.0,1.0,0.0,,,0,0,0,Helius verified first buyer,2026-08-20 04:44:24
A4bWgRsr4BVqqNwdYnHcHVE3ikfbUMR8iva2ruFxdHdC,,,1702417780,0.0,0.0,0.0,0,0,0,0.0,0.0,1.0,0.0,,,0,0,0,Helius verified first buyer,2026-08-20 04:43:40
A9r9VpgL7vucz98sJhJve1Ls6g31SADKpwx1j4Ud7WJA,,,1702417787,0.0,0.0,0.0,0,0,0,0.0,0.0,1.0,0.0,,,0,0,0,Helius verified first buyer,2026-08-20 04:44:57
FazjrXKDGg717bYAVWWZkbps7p12mviabvdNYb5oK8G,,,1702417791,0.0,0.0,0.0,0,0,0,0.0,0.0,1.0,0.0,,,0,0,0,Helius verified first buyer,2026-08-20 04:44:39
2ffRfz8HxvQD2S3LxjaSZMSbMG4gpTqKwtQQJDkpZRx5,,,1702417792,0.0,0.0,0.0,0,0,0,0.0,0.0,1.0,0.0,,,0,0,0,Helius verified first buyer,2026-08-20 04:43:46
35WgY3bsPuaYVBXFg76jPp32gTfxA1hR8ebWofGpEgnN,,,1702417794,0.0,0.0,0.0,0,0,0,0.0,0.0,1.0,0.0,,,0,0,0,Helius verified first buyer,2026-08-20 04:43:42
5rJKZZMV1a5Qx9PHHVvU5GNhrrjnuv3z3JY9ZvbegbkM,,,1702417796,0.0,0.0,0.0,0,0,0,0.0,0.0,1.0,0.0,,,0,0,0,Helius verified first buyer,2026-08-20 04:43:42
4gYzZevsQShnzUdSFS7Pt3boATXKpPVbzBiZi3EA1e98,,,1702417800,0.0,0.0,0.0,0,0,0,0.0,0.0,1.0,0.0,,,0,0,0,Helius verified first buyer,2026-08-20 04:43:42
BwHTDyFCkWjBnstwPq9aaxdeZueuUZLk1quGuA1pN7ZB,,,1702417800,0.0,0.0,0.0,0,0,0,0.0,0.0,1.0,0.0,,,0,0,0,Helius verified first buyer,2026-08-20 04:43:43
3cprH4VCmFUCaBHLxYtUf5kAqeBAjAdTHJ3We95NkVt3,,,1702417801,0.0,0.0,0.0,0,0,0,0.0,0.0,1.0,0.0,,,0,0,0,Helius verified first buyer,2026-08-20 04:43:43
917FSmW6Fgq8B5z6U459WV6tS2wzrmoBmgk8A6ZGNW89,,,1702417802,0.0,0.0,0.0,0,0,0,0.0,0.0,1.0,0.0,,,0,0,0,Helius verified first buyer,2026-08-20 04:43:43
58qN62nKsZn5sEm9Mx2iKZtT8bU2FK1nj5sqNweKT9X7,,,1702417808,0.0,0.0,0.0,0,0,0,0.0,0.0,1.0,0.0,,,0,0,0,Helius verified first buyer,2026-08-20 04:43:44
Hk3Fwu5bg7WEgTMK7pbc7iTpe4gaocgKY2ZxxfcNpX9B,,,1702417810,0.0,0.0,0.0,0,0,0,0.0,0.0,1.0,0.0,,,0,0,0,Helius verified first buyer,2026-08-20 04:43:44
8VZec6dMJhsAh7iPkdUoDqPtge35yn22xibonAqAEhMZ,,,1702417812,0.0,0.0,0.0,0,0,0,0.0,0.0,1.0,0.0,,,0,0,0,Helius verified first buyer,2026-08-20 04:43:47
ERWrNgD8nJdtFahEFy5xcnMkarQeG6GJhykFX9gn2wzg,,,1702417814,0.0,0.0,0.0,0,0,0,0.0,0.0,1.0,0.0,,,0,0,0,Helius verified first buyer,2026-08-20 04:43:44
FF1dwiPvHeq6rgr8zquodxysnGTdXfZ8VVKCXdcv1TUo,,,1702417821,0.0,0.0,0.0,0,0,0,0.0,0.0,1.0,0.0,,,0,0,0,Helius verified first buyer,2026-08-20 04:43:45
AXx8jRg9RRs1YqHYihBB5DMase38LAECi3End7oBSb9L,,,1702417829,0.0,0.0,0.0,0,0,0,0.0,0.0,1.0,0.0,,,0,0,0,Helius verified first buyer,2026-08-20 04:43:45
7KdUAtxxANrEYF3NSUMXFcVsF2FF2Lfkk17TNGBYxnv9,,,1702417834,0.0,0.0,0.0,0,0,0,0.0,0.0,1.0,0.0,,,0,0,0,Helius verified first buyer,2026-08-20 04:43:46
2A4bn7inxSquorNpv1yiU2XdJWrLUh4uJbPiJEU7cWgS,,,1702417841,0.0,0.0,0.0,0,0,0,0.0,0.0,1.0,0.0,,,0,0,0,Helius verified first buyer,2026-08-20 04:43:47
4qCqyVGtMkotEKbzDMiYK9e3wkF7j87tRw4kBdtVSiVm,,,1702417845,0.0,0.0,0.0,0,0,0,0.0,0.0,1.0,0.0,,,0,0,0,Helius verified first buyer,2026-08-20 04:43:48
FuddQsuJ3J9nXdrDXKf31v8uPkEUJCvrTNFUSprxbx7J,,,1702417848,0.0,0.0,0.0,0,0,0,0.0,0.0,1.0,0.0,,,0,0,0,Helius verified first buyer,2026-08-20 04:43:48
51boxP4od7ghN8UCNbqEaCZp23ifhKVq36EmiCUA9uCe,,,1702417850,0.0,0.0,0.0,0,0,0,0.0,0.0,1.0,0.0,,,0,0,0,Helius verified first buyer,2026-08-20 04:43:48
BresFsArDopydzTwabAz6gPrdvt88eDDDt4TaAc3qys8,,,1702417850,0.0,0.0,0.0,0,0,0,0.0,0.0,1.0,0.0,,,0,0,0,Helius verified first buyer,2026-08-20 04:43:49
4NYYtBMsGassKLyLGoMjFP52NcDbjQ5u5QE9EWx6DE6K,,,1702417851,0.0,0.0,0.0,0,0,0,0.0,0.0,1.0,0.0,,,0,0,0,Helius verified first buyer,2026-08-20 04:43:49
Cxs3DXaRAwJCGXyZjpcdfo8jg6pVLs4dkZJJf18i88Po,,,1702417852,0.0,0.0,0.0,0,0,0,0.0,0.0,1.0,0.0,,,0,0,0,Helius verified first buyer,2026-08-20 04:43:50
4ateTG6XPGTdTCU7MTYZwhZPEdHyHMAtjExfdWYBSx31,,,1702417853,0.0,0.0,0.0,0,0,0,0.0,0.0,1.0,0.0,,,0,0,0,Helius verified first buyer,2026-08-20 04:43:50
89JEscW6BpEfhAvhK5p5NMG3CBgoULZNiAMzUxV7Zw8h,,,1702417857,0.0,0.0,0.0,0,0,0,0.0,0.0,1.0,0.0,,,0,0,0,Helius verified first buyer,2026-08-20 04:43:50
8tpsg6iD6TMLTQRKXG1eZJBz6p8Gmp9pMzdGV23jK76j,,,1702417859,0.0,0.0,0.0,0,0,0,0.0,0.0,1.0,0.0,,,0,0,0,Helius verified first buyer,2026-08-20 04:43:50
9GYTajDp7cq5zL3aoYU84jQManVXwZQzNqtnHRDXnUVe,,,1702417859,0.0,0.0,0.0,0,0,0,0.0,0.0,1.0,0.0,,,0,0,0,Helius verified first buyer,2026-08-20 04:43:51
HtH63VkwtQDpuTKBRqLcv4h6zqVEw4wvXt6LbLmVEfKZ,,,1702417859,0.0,0.0,0.0,0,0,0,0.0,0.0,1.0,0.0,,,0,0,0,Helius verified first buyer,2026-08-20 04:43:51
G2Z9ZmyrWAiq5s89Pr7gAVqSXZZUaEatB4rYqzr6aeUo,,,1702417859,0.0,0.0,0.0,0,0,0,0.0,0.0,1.0,0.0,,,0,0,0,Helius verified first buyer,2026-08-20 04:44:26
PMDRAPwJZsyDJDMpvRm44mJ2yHeRzE2z2bSz46gFeyC,,,1702417861,0.0,0.0,0.0,0,0,0,0.0,0.0,1.0,0.0,,,0,0,0,Helius verified first buyer,2026-08-20 04:43:51
9j4pz3JUFXR538Z2HVwzi5meeL4r8SGNRS1tEqrhsS1M,,,1702417870,0.0,0.0,0.0,0,0,0,0.0,0.0,1.0,0.0,,,0,0,0,Helius verified first buyer,2026-08-20 04:44:02
DFREjUPpNFBCxUaxzUKEwSp5aZdpLGVMBh2HVNXNzCCR,,,1702417875,0.0,0.0,0.0,0,0,0,0.0,0.0,1.0,0.0,,,0,0,0,Helius verified first buyer,2026-08-20 04:43:52
Fhqu7gVkbESattF5knk9uJt3FijCJKTLaN18Bj5ziRAu,,,1702417878,0.0,0.0,0.0,0,0,0,0.0,0.0,1.0,0.0,,,0,0,0,Helius verified first buyer,2026-08-20 04:43:53
HPBtbg2obFZYJh94DtKFtUjiZRV57b8B4DgFbYgvSNjQ,,,1702417880,0.0,0.0,0.0,0,0,0,0.0,0.0,1.0,0.0,,,0,0,0,Helius verified first buyer,2026-08-20 04:43:53
4XAcvtEVibTxsvPidmJyKsVr6yBV8yiwEayHjsKZ8Uz7,,,1702417886,0.0,0.0,0.0,0,0,0,0.0,0.0,1.0,0.0,,,0,0,0,Helius verified first buyer,2026-08-20 04:43:53
iMokGzJPRwzaQt3eNxwbGURjmF5w23XgQxWwFMXF2Pn,,,1702417886,0.0,0.0,0.0,0,0,0,0.0,0.0,1.0,0.0,,,0,0,0,Helius verified first buyer,2026-08-20 04:43:54
5jHomQAwLGAQFiysPRNdsYyYmgomufg1rcRRnH8azq99,,,1702417888,0.0,0.0,0.0,0,0,0,0.0,0.0,1.0,0.0,,,0,0,0,Helius verified first buyer,2026-08-20 04:43:54
FLo2fhpYeqNMGc4uGyKucQr1Za49szGk8BEUibfG78XR,,,1702417888,0.0,0.0,0.0,0,0,0,0.0,0.0,1.0,0.0,,,0,0,0,Helius verified first buyer,2026-08-20 04:43:54
H2qFpfXbF3xiTcsSiUMuVCpj8ErnVzfgP8tVy8y2hp7B,,,1702417890,0.0,0.0,0.0,0,0,0,0.0,0.0,1.0,0.0,,,0,0,0,Helius verified first buyer,2026-08-20 04:43:56
7DxBUFgcUtA2fXJv1Foy3AgXxhBmMJdZ2ix3CsYHRdDG,,,1702417892,0.0,0.0,0.0,0,0,0,0.0,0.0,1.0,0.0,,,0,0,0,Helius verified first buyer,2026-08-20 04:43:58
AK8vHa78WTk2rZrdYfixUFRx9J5NxGLoACh7xK3n2D3q,,,1702417892,0.0,0.0,0.0,0,0,0,0.0,0.0,1.0,0.0,,,0,0,0,Helius verified first buyer,2026-08-20 04:43:58
ENJeyDN7PCGepqxbr8Kx7qPajip4CiwEGdQebYcmTiVR,,,1702417892,0.0,0.0,0.0,0,0,0,0.0,0.0,1.0,0.0,,,0,0,0,Helius verified first buyer,2026-08-20 04:44:22
5Bze9beSQmGXAjNN7YPBMcyBYMVxJVtMBaFKUQmvVc5F,,,1702417896,0.0,0.0,0.0,0,0,0,0.0,0.0,1.0,0.0,,,0,0,0,Helius verified first buyer,2026-08-20 04:43:59
8xE9b1krmF6WDUmbYjErkMhghtxedtdwEUVHtqfhmBfq,,,1702417899,0.0,0.0,0.0,0,0,0,0.0,0.0,1.0,0.0,,,0,0,0,Helius verified first buyer,2026-08-20 04:43:59
7TBJXxKiPvreJFnNpeAsWg6i74pmCoUDrmDJ5d43n1a6,,,1702417903,0.0,0.0,0.0,0,0,0,0.0,0.0,1.0,0.0,,,0,0,0,Helius verified first buyer,2026-08-20 04:44:00
9SMt2xSGASeAeoggmduxFAtzhPdrn5JVhmrXnHAokSYp,,,1702417903,0.0,0.0,0.0,0,0,0,0.0,0.0,1.0,0.0,,,0,0,0,Helius verified first buyer,2026-08-20 04:45:03
8YUNsY8TipC4V14RfAQ7eN9i2jREkgF13FQcWyh4oUDJ,,,1702417907,0.0,0.0,0.0,0,0,0,0.0,0.0,1.0,0.0,,,0,0,0,Helius verified first buyer,2026-08-20 04:44:01
FDwZGSGqyPTjCR5LPqBZ4iBq4y8LLQxdN8UtZwoA2Kuu,,,1702417918,0.0,0.0,0.0,0,0,0,0.0,0.0,1.0,0.0,,,0,0,0,Helius verified first buyer,2026-08-20 04:44:01
4u2BSTPT2L3X4vQ5d5Jnn3wMhGezdt34Vkz5hvGTMShE,,,1702417926,0.0,0.0,0.0,0,0,0,0.0,0.0,1.0,0.0,,,0,0,0,Helius verified first buyer,2026-08-20 04:44:01
87yewsLXnKe5oLGqwLdYYwC8n5Tkxa28GfKLhusWbzNx,,,1702417927,0.0,0.0,0.0,0,0,0,0.0,0.0,1.0,0.0,,,0,0,0,Helius verified first buyer,2026-08-20 04:44:02
5W9VQoeGgkJ1BSq9YUq9cx5TvhrmVWrEzBJoMnUfaRvd,,,1702417927,0.0,0.0,0.0,0,0,0,0.0,0.0,1.0,0.0,,,0,0,0,Helius verified first buyer,2026-08-20 04:45:01
GTnguz8LQ36GcDXVCrm9ddRbrGTKH7cNmoGZhYUNRqJo,,,1702417932,0.0,0.0,0.0,0,0,0,0.0,0.0,1.0,0.0,,,0,0,0,Helius verified first buyer,2026-08-20 04:44:03
2K7Q8hrnaTvhriSy8gqB7bYukpmcvNWSeDxQkqBEzYsa,,,1702417944,0.0,0.0,0.0,0,0,0,0.0,0.0,1.0,0.0,,,0,0,0,Helius verified first buyer,2026-08-20 04:44:03
7nXVaDtjSeFGGiPhKodja9uXvqKLKWo5x52kBnETvhC,,,1702417949,0.0,0.0,0.0,0,0,0,0.0,0.0,1.0,0.0,,,0,0,0,Helius verified first buyer,2026-08-20 04:44:04
GRZyaDgMzD6uVMNrc2wFwNTQgnimrdaDCZDPnNxv2bwo,,,1702417959,0.0,0.0,0.0,0,0,0,0.0,0.0,1.0,0.0,,,0,0,0,Helius verified first buyer,2026-08-20 04:44:04
GHpn5USgxzoMMKYwqm4f6EZMd5cDuVgnpeB4gpCC2BNx,,,1702417961,0.0,0.0,0.0,0,0,0,0.0,0.0,1.0,0.0,,,0,0,0,Helius verified first buyer,2026-08-20 04:44:04
7SuL7xfMqhK1q9HiLx8u3iVmtT3QRPULCb7mL5AGPZXE,,,1702417975,0.0,0.0,0.0,0,0,0,0.0,0.0,1.0,0.0,,,0,0,0,Helius verified first buyer,2026-08-20 04:44:05
FLUXR4McuD2iXyP3wpP4XTjSWmB86ppMiyoA52UA9bKb,,,1702417979,0.0,0.0,0.0,0,0,0,0.0,0.0,1.0,0.0,,,0,0,0,Helius verified first buyer,2026-08-20 04:44:05
AdT5aaGeiazP91sPw8SLT3rPePJMpQurtWF32hekWwfh,,,1702417982,0.0,0.0,0.0,0,0,0,0.0,0.0,1.0,0.0,,,0,0,0,Helius verified first buyer,2026-08-20 04:44:12
726ECR8PKuPEcaDNrdcJN1T4f4R7ZQU1uWiskWRcbj1X,,,1702417984,0.0,0.0,0.0,0,0,0,0.0,0.0,1.0,0.0,,,0,0,0,Helius verified first buyer,2026-08-20 04:44:06
3DUZGio2LdWqmRTEdW1mW8WaE9w9N83Sg2mXAGqeFJ8J,,,1702417984,0.0,0.0,0.0,0,0,0,0.0,0.0,1.0,0.0,,,0,0,0,Helius verified first buyer,2026-08-20 04:44:06
AtfFrg6QopYk6xfxGj2YwKEo81BhmvWFwBAveTMC6uaP,,,1702417986,0.0,0.0,0.0,0,0,0,0.0,0.0,1.0,0.0,,,0,0,0,Helius verified first buyer,2026-08-20 04:44:06
9G174Uyd3VS8TAnafRGvHSYqunsX6WvJa5GZCW5z4ggY,,,1702417986,0.0,0.0,0.0,0,0,0,0.0,0.0,1.0,0.0,,,0,0,0,Helius verified first buyer,2026-08-20 04:44:07
Hj5oPBVNEJVBMLeAzvB6J1DZZ2VK8ZuTT4d4f9CsGZMg,,,1702417986,0.0,0.0,0.0,0,0,0,0.0,0.0,1.0,0.0,,,0,0,0,Helius verified first buyer,2026-08-20 04:44:07
Fk8cTDUFNsiqsz9aZ49Hf3m33SoGHTj8VtdL6r915vKG,,,1702417991,0.0,0.0,0.0,0,0,0,0.0,0.0,1.0,0.0,,,0,0,0,Helius verified first buyer,2026-08-20 04:44:07
GTkYPTdKF2DScQxyNebxrm79XpVFP99KeE2TE87bYzRe,,,1702417991,0.0,0.0,0.0,0,0,0,0.0,0.0,1.0,0.0,,,0,0,0,Helius verified first buyer,2026-08-20 04:44:07
gD9G9cjkW65h4zLyz3u9NMfZt46qTQqsgRdSd1YLeUm,,,1702417993,0.0,0.0,0.0,0,0,0,0.0,0.0,1.0,0.0,,,0,0,0,Helius verified first buyer,2026-08-20 04:44:08
77FFmCo6iCnTQgfc7XyE47ryoty2YCC2rpewdpuAVe87,,,1702417996,0.0,0.0,0.0,0,0,0,0.0,0.0,1.0,0.0,,,0,0,0,Helius verified first buyer,2026-08-20 04:44:08
H4taozqQckKHhXGoNSpVJZS73PMiWno4V7W88s5vXEGU,,,1702418008,0.0,0.0,0.0,0,0,0,0.0,0.0,1.0,0.0,,,0,0,0,Helius verified first buyer,2026-08-20 04:44:08
7RwrYkzLTkVQBvtH4KYesDnMYDT5JfEEXXk1muftMv7B,,,1702418009,0.0,0.0,0.0,0,0,0,0.0,0.0,1.0,0.0,,,0,0,0,Helius verified first buyer,2026-08-20 04:44:09
HudCY9RTDdsxuwJs7GcEV2XBa5A8M6YNU6axbBLFt7zF,,,1702418013,0.0,0.0,0.0,0,0,0,0.0,0.0,1.0,0.0,,,0,0,0,Helius verified first buyer,2026-08-20 04:44:09
BXUjnuGkHNEZp7C68vV4hER3doRt9VzThpEzpbSNtmw7,,,1702418019,0.0,0.0,0.0,0,0,0,0.0,0.0,1.0,0.0,,,0,0,0,Helius verified first buyer,2026-08-20 04:44:27
2gyFnV1S1iKju3UcGo65hfUAEyuxbDCNmV48ot71YBx6,,,1702418021,0.0,0.0,0.0,0,0,0,0.0,0.0,1.0,0.0,,,0,0,0,Helius verified first buyer,2026-08-20 04:44:10
CquLHeiyukMehc7n1ZqCyemwuv7sBuqgwwKxRMQegpYQ,,,1702418021,0.0,0.0,0.0,0,0,0,0.0,0.0,1.0,0.0,,,0,0,0,Helius verified first buyer,2026-08-20 04:44:10
GWQtnEvE5F3NCm1Be9R7iddR76CMMFrw5iLzpUsLDnmd,,,1702418022,0.0,0.0,0.0,0,0,0,0.0,0.0,1.0,0.0,,,0,0,0,Helius verified first buyer,2026-08-20 04:44:59
GGeupegTnCQw1fQ7EHAka3XrtKjSpm6ycDtEgTo9RTRB,,,1702418025,0.0,0.0,0.0,0,0,0,0.0,0.0,1.0,0.0,,,0,0,0,Helius verified first buyer,2026-08-20 04:44:11
CcdwZDmLyf66oLFLhSmUWGoYTxFEkpgsys2J27RjaPq7,,,1702418029,0.0,0.0,0.0,0,0,0,0.0,0.0,1.0,0.0,,,0,0,0,Helius verified first buyer,2026-08-20 04:44:11
9Bd7YUSBUwdBpTTRWBgXWQRvcmz5MLSYLWAvDUrRvFfT,,,1702418035,0.0,0.0,0.0,0,0,0,0.0,0.0,1.0,0.0,,,0,0,0,Helius verified first buyer,2026-08-20 04:44:51
3R6uchtNxjxss2bVa9up4fyNsTp8S8bj6Pv2Jd9sekYP,,,1702418038,0.0,0.0,0.0,0,0,0,0.0,0.0,1.0,0.0,,,0,0,0,Helius verified first buyer,2026-08-20 04:44:12
EK3qKqJkCwYLuarZ9daVEVGYPmodtdcsXGoyufSoyt7S,,,1702418045,0.0,0.0,0.0,0,0,0,0.0,0.0,1.0,0.0,,,0,0,0,Helius verified first buyer,2026-08-20 04:44:13
7td93mbUaD87C47PVkCA9k6p73NNhSvDKAnTeT2VzzHh,,,1702418049,0.0,0.0,0.0,0,0,0,0.0,0.0,1.0,0.0,,,0,0,0,Helius verified first buyer,2026-08-20 04:44:13
ESSy8ZnQteU5RMKWyNfExjXjvcqtEkYuXQ9SJyL2fj3J,,,1702418053,0.0,0.0,0.0,0,0,0,0.0,0.0,1.0,0.0,,,0,0,0,Helius verified first buyer,2026-08-20 04:44:14
2bSCyvjDi8bqq3MuC58EECTH4bjPx8TFTNPJrtAY52G5,,,1702418055,0.0,0.0,0.0,0,0,0,0.0,0.0,1.0,0.0,,,0,0,0,Helius verified first buyer,2026-08-20 04:44:14
7caDUvMEje1M8ig3xxVPVgpna6wxmDZFQby3aTHCYJh,,,1702418060,0.0,0.0,0.0,0,0,0,0.0,0.0,1.0,0.0,,,0,0,0,Helius verified first buyer,2026-08-20 04:44:15
EFzTfF392cSWK1idDTVGYRWPe9eKZDvULWkaaP5FkKak,,,1702418061,0.0,0.0,0.0,0,0,0,0.0,0.0,1.0,0.0,,,0,0,0,Helius verified first buyer,2026-08-20 04:44:15
4HLRfTmVbbNGcDwpxeQSjtAkeK1WHiJnCpS7mZrydDqa,,,1702418061,0.0,0.0,0.0,0,0,0,0.0,0.0,1.0,0.0,,,0,0,0,Helius verified first buyer,2026-08-20 04:44:15
6XsZZHuYc6tBzAcSpworuhdwRFhDYBt8eamcChRkLuB7,,,1702418062,0.0,0.0,0.0,0,0,0,0.0,0.0,1.0,0.0,,,0,0,0,Helius verified first buyer,2026-08-20 04:44:16
GR6VWneeRj28PcWtVsYwyWLwLHK1J9BwZvS5yR5gLu77,,,1702418063,0.0,0.0,0.0,0,0,0,0.0,0.0,1.0,0.0,,,0,0,0,Helius verified first buyer,2026-08-20 04:44:16
D7nb68bD9teVMto2h47MXD9XSkkzqF67GTCdSQgxar39,,,1702418064,0.0,0.0,0.0,0,0,0,0.0,0.0,1.0,0.0,,,0,0,0,Helius verified first buyer,2026-08-20 04:44:16
ypAcNV2YfjozTksUM1FjPYrvrp2b8qgshYG5Jji1EL7,,,1702418067,0.0,0.0,0.0,0,0,0,0.0,0.0,1.0,0.0,,,0,0,0,Helius verified first buyer,2026-08-20 04:44:17
CNLyoVJBL1ZxutX4r4Bw1fD5Vw3AyMQ4TgCEnhgnLEsj,,,1702418072,0.0,0.0,0.0,0,0,0,0.0,0.0,1.0,0.0,,,0,0,0,Helius verified first buyer,2026-08-20 04:44:17
B5phQaCbjBJcwbfDzYbEE4kL9WvMEnSQG7EM4x5eD1ko,,,1702418081,0.0,0.0,0.0,0,0,0,0.0,0.0,1.0,0.0,,,0,0,0,Helius verified first buyer,2026-08-20 04:44:18
2TyoPRhHTEF6FybKwZoakC5Le9jxsFZs85eWKs9fSTEJ,,,1702418096,0.0,0.0,0.0,0,0,0,0.0,0.0,1.0,0.0,,,0,0,0,Helius verified first buyer,2026-08-20 04:44:20
FSKhxBGsAAtv5Daggutyaox3GZ4CzzCF8vbR1oYJ459Y,,,1702418096,0.0,0.0,0.0,0,0,0,0.0,0.0,1.0,0.0,,,0,0,0,Helius verified first buyer,2026-08-20 04:44:20
7ywvw9xdN6zqSrAHY46of9N7aMyX4N8dZy89kFEgVbrD,,,1702418098,0.0,0.0,0.0,0,0,0,0.0,0.0,1.0,0.0,,,0,0,0,Helius verified first buyer,2026-08-20 04:44:20
J5rrngVpoJhdht1my3ghA866Sxj39495UB8hkd6uyUv9,,,1702418099,0.0,0.0,0.0,0,0,0,0.0,0.0,1.0,0.0,,,0,0,0,Helius verified first buyer,2026-08-20 04:44:20
B2JFxQGqjeQNxq9Rht3rCF1FvFdwRPTUvoWcWnwPgkfP,,,1702418113,0.0,0.0,0.0,0,0,0,0.0,0.0,1.0,0.0,,,0,0,0,Helius verified first buyer,2026-08-20 04:44:21
79NbsrhZDnt4QbshHB6zaZWJv4ASRAm86ZYBPJBcCm6N,,,1702418122,0.0,0.0,0.0,0,0,0,0.0,0.0,1.0,0.0,,,0,0,0,Helius verified first buyer,2026-08-20 04:44:29
8XdJUX61Jdrd1L47GiD864eynw9MibBih5XjRdATa25a,,,1702418126,0.0,0.0,0.0,0,0,0,0.0,0.0,1.0,0.0,,,0,0,0,Helius verified first buyer,2026-08-20 04:44:22
HP3ekBUkCu3kycnuRz9wXoVnEiaaJBoRQNgii6wqKb6F,,,1702418134,0.0,0.0,0.0,0,0,0,0.0,0.0,1.0,0.0,,,0,0,0,Helius verified first buyer,2026-08-20 04:44:41
7YS76ZYaSWnZ4TeXEJLvPtEw51ZnymdPzosRJD8vp5sL,,,1702418134,0.0,0.0,0.0,0,0,0,0.0,0.0,1.0,0.0,,,0,0,0,Helius verified first buyer,2026-08-20 04:44:24
48PH2PaYMUj57XFeva14pyAoiq3RVzicrk82JjthGdiP,,,1702418134,0.0,0.0,0.0,0,0,0,0.0,0.0,1.0,0.0,,,0,0,0,Helius verified first buyer,2026-08-20 04:44:24
C8gxmyrZ9QxC8ZeEdihVP7m1DMJycUhZwrGeQdbR4B3e,,,1702418144,0.0,0.0,0.0,0,0,0,0.0,0.0,1.0,0.0,,,0,0,0,Helius verified first buyer,2026-08-20 04:44:25
3Fqq9umPT71Lhjxj5Zxj5XTGRpLaMF8vLysQqCi2i31X,,,1702418144,0.0,0.0,0.0,0,0,0,0.0,0.0,1.0,0.0,,,0,0,0,Helius verified first buyer,2026-08-20 04:44:25
8WYzT3CHgTakgMAaA4RkyX6PsNnXR1SqYuXtVK3R98L3,,,1702418150,0.0,0.0,0.0,0,0,0,0.0,0.0,1.0,0.0,,,0,0,0,Helius verified first buyer,2026-08-20 04:44:26
6EK49J5Yj2857DxMPSCuwPNJG9VKZRBAj1thnjhWW6Zt,,,1702418151,0.0,0.0,0.0,0,0,0,0.0,0.0,1.0,0.0,,,0,0,0,Helius verified first buyer,2026-08-20 04:44:26
BWoW3Afjt2EXrU9TGA39shhGxjfURfgqXdcqnLTEvZ6G,,,1702418152,0.0,0.0,0.0,0,0,0,0.0,0.0,1.0,0.0,,,0,0,0,Helius verified first buyer,2026-08-20 04:44:26
79kzuKfGoj3thMJyeHT2PQ9Ujhj2NNESzzBgCYkYnGkb,,,1702418155,0.0,0.0,0.0,0,0,0,0.0,0.0,1.0,0.0,,,0,0,0,Helius verified first buyer,2026-08-20 04:44:27
s9KLPGWKZvbmMtyzy3UUXMfXF1jwXGFYNs2JUiTGSPV,,,1702418182,0.0,0.0,0.0,0,0,0,0.0,0.0,1.0,0.0,,,0,0,0,Helius verified first buyer,2026-08-20 04:44:27
DgZM1kqxFM8F1Do6He83aQ22ehE54Taky3ZDumuvEYEm,,,1702418182,0.0,0.0,0.0,0,0,0,0.0,0.0,1.0,0.0,,,0,0,0,Helius verified first buyer,2026-08-20 04:44:28
DPa2diCiCJQhcTmaYHUCd3A6kv7XhMK5GGqZMzTmqatn,,,1702418185,0.0,0.0,0.0,0,0,0,0.0,0.0,1.0,0.0,,,0,0,0,Helius verified first buyer,2026-08-20 04:44:43
3pAdLoPHWJ4b8Ht4FhonHE8TXhNz1LT4xDYVhiTjHhP5,,,1702418208,0.0,0.0,0.0,0,0,0,0.0,0.0,1.0,0.0,,,0,0,0,Helius verified first buyer,2026-08-20 04:44:29
DH1uJQWXtaEfaTBudwiJtYjHkgJ7P36575KyFGtuJtWE,,,1702418221,0.0,0.0,0.0,0,0,0,0.0,0.0,1.0,0.0,,,0,0,0,Helius verified first buyer,2026-08-20 04:44:30
ChhXbAEUjETpG62TJfv7YudhRYPdLytL9NZQrtmux6K8,,,1702418228,0.0,0.0,0.0,0,0,0,0.0,0.0,1.0,0.0,,,0,0,0,Helius verified first buyer,2026-08-20 04:44:40
6xRiELgXmmcS93bWYiW4DmzxjZW3sfUFVhamYmwqgRJV,,,1702418230,0.0,0.0,0.0,0,0,0,0.0,0.0,1.0,0.0,,,0,0,0,Helius verified first buyer,2026-08-20 04:44:31
8mCnUWzTKYUxWmBy3dptXhzRfUZ9QWzsNcKrswQRACRD,,,1702418232,0.0,0.0,0.0,0,0,0,0.0,0.0,1.0,0.0,,,0,0,0,Helius verified first buyer,2026-08-20 04:44:31
6yf2R3zsC5qDxSZVv7TrtGNbHF7cSt1ZqYpBrtRVDYcs,,,1702418235,0.0,0.0,0.0,0,0,0,0.0,0.0,1.0,0.0,,,0,0,0,Helius verified first buyer,2026-08-20 04:44:31
7HhCXamj966jbF2f1B1y7MMXuo9HWF4S7g1sAyQZpcKW,,,1702418235,0.0,0.0,0.0,0,0,0,0.0,0.0,1.0,0.0,,,0,0,0,Helius verified first buyer,2026-08-20 04:44:31
DvtdsMv6DWTokd6ejAkMAZcNQ5t6JxX95JrxqVJxedBY,,,1702418237,0.0,0.0,0.0,0,0,0,0.0,0.0,1.0,0.0,,,0,0,0,Helius verified first buyer,2026-08-20 04:44:32
3Qi7f8XDYYm4Nf9TBVESa7hbRHBTKbGKz4yzdWsRzfAY,,,1702418242,0.0,0.0,0.0,0,0,0,0.0,0.0,1.0,0.0,,,0,0,0,Helius verified first buyer,2026-08-20 04:44:32
FdZP8uApvctsdQJNZQzt8y2i9Mcpsu1icWm1tvK4zcrz,,,1702418244,0.0,0.0,0.0,0,0,0,0.0,0.0,1.0,0.0,,,0,0,0,Helius verified first buyer,2026-08-20 04:44:32
3w5vGKqpzmatDDpQLKiuc85UvNWv9QHbsd1VwYcu2hiv,,,1702418251,0.0,0.0,0.0,0,0,0,0.0,0.0,1.0,0.0,,,0,0,0,Helius verified first buyer,2026-08-20 04:44:33
8UBdK1nzDz1AxjL419nupiciv1ctyEM4imckRuZrByD1,,,1702418254,0.0,0.0,0.0,0,0,0,0.0,0.0,1.0,0.0,,,0,0,0,Helius verified first buyer,2026-08-20 04:44:33
gCHZYDEAoC3Vq5YKacqLs7wMvqU3DZC6NRiTh1smosg,,,1702418258,0.0,0.0,0.0,0,0,0,0.0,0.0,1.0,0.0,,,0,0,0,Helius verified first buyer,2026-08-20 04:44:56
C7gS8oHYxpKbyn3ouWsX9a7CYvg6eEojnsrbQpuXLW2C,,,1702418263,0.0,0.0,0.0,0,0,0,0.0,0.0,1.0,0.0,,,0,0,0,Helius verified first buyer,2026-08-20 04:44:34
4zSy7qc4v5VA37aNa8L2vvyz6zs1RtuupWfGSuXGyLsR,,,1702418263,0.0,0.0,0.0,0,0,0,0.0,0.0,1.0,0.0,,,0,0,0,Helius verified first buyer,2026-08-20 04:44:34
GL2qH5m56YaqtXbog8eHgJPSgA9LG2Rb6jV5GnmiwL2m,,,1702418269,0.0,0.0,0.0,0,0,0,0.0,0.0,1.0,0.0,,,0,0,0,Helius verified first buyer,2026-08-20 04:44:35
H5dccw69Rv67CMjhGj2z8KQqLZmkkj6Rre9hQRJqfGAH,,,1702418271,0.0,0.0,0.0,0,0,0,0.0,0.0,1.0,0.0,,,0,0,0,Helius verified first buyer,2026-08-20 04:44:35
GNipKr6nuVruYCBXDGUdjrzHgunt1Dp6J4DAkwRWrVAM,,,1702418287,0.0,0.0,0.0,0,0,0,0.0,0.0,1.0,0.0,,,0,0,0,Helius verified first buyer,2026-08-20 04:44:36
2CyKXVZdHNhSo1KTNBBDyEyKv7De1KxsdEmkxG5MRG1b,,,1702418300,0.0,0.0,0.0,0,0,0,0.0,0.0,1.0,0.0,,,0,0,0,Helius verified first buyer,2026-08-20 04:44:36
BTKx5n3kf1DcvmSwjUxPuMt5z98ozpnUa1wp4V6ACoqh,,,1702418300,0.0,0.0,0.0,0,0,0,0.0,0.0,1.0,0.0,,,0,0,0,Helius verified first buyer,2026-08-20 04:44:36
DCpNZ7fZjKqcK6izVmJUEVpHLobQziWWvyzzkFHj4bZm,,,1702418303,0.0,0.0,0.0,0,0,0,0.0,0.0,1.0,0.0,,,0,0,0,Helius verified first buyer,2026-08-20 04:44:37
Cng8uoUkGzWA3KePFBuyxM1g4dxa4PagyzKhMc8HvPX3,,,1702418310,0.0,0.0,0.0,0,0,0,0.0,0.0,1.0,0.0,,,0,0,0,Helius verified first buyer,2026-08-20 04:44:38
8fia2rXZJ92MxfyaWPUMJvQEna1fMYdbCCeEuzxTQSVX,,,1702418315,0.0,0.0,0.0,0,0,0,0.0,0.0,1.0,0.0,,,0,0,0,Helius verified first buyer,2026-08-20 04:44:38
GRbMiJC5RF4LeNHC9rNAPD9Qnb3vsmfMukxNUdaHVedB,,,1702418319,0.0,0.0,0.0,0,0,0,0.0,0.0,1.0,0.0,,,0,0,0,Helius verified first buyer,2026-08-20 04:44:38
FDRMrTLLKEK4EBWvHR86o7Z9oJXUiJhTj8gpfH73ZCq3,,,1702418321,0.0,0.0,0.0,0,0,0,0.0,0.0,1.0,0.0,,,0,0,0,Helius verified first buyer,2026-08-20 04:44:39
8Yg8c62CkfxBWMChzzU55ix4RRuG78RfWVZ77C8S5kmi,,,1702418321,0.0,0.0,0.0,0,0,0,0.0,0.0,1.0,0.0,,,0,0,0,Helius verified first buyer,2026-08-20 04:44:39
25pMMhzRfiTyfVx7PV42a7n76fp6GTLbEtZiASgPL4k2,,,1702418335,0.0,0.0,0.0,0,0,0,0.0,0.0,1.0,0.0,,,0,0,0,Helius verified first buyer,2026-08-20 04:44:41
6qDM43hrrvvMcMPFsTittzDrP8oXLB4TU3gcvhUsRNZ3,,,1702418339,0.0,0.0,0.0,0,0,0,0.0,0.0,1.0,0.0,,,0,0,0,Helius verified first buyer,2026-08-20 04:44:41
FQcEiHfbnThePjx75ybA26yjaZXnKDTs3WhkHntkyPjY,,,1702418340,0.0,0.0,0.0,0,0,0,0.0,0.0,1.0,0.0,,,0,0,0,Helius verified first buyer,2026-08-20 04:44:42
6RuXGgSCCwkPP1jVN2jnEubbwnRRqAzfwHck8wmxDdzX,,,1702418341,0.0,0.0,0.0,0,0,0,0.0,0.0,1.0,0.0,,,0,0,0,Helius verified first buyer,2026-08-20 04:44:42
JCPSNKa5R8gyszdPnej8MajQdEnP8gXSErtc7B5KV1dK,,,1702418344,0.0,0.0,0.0,0,0,0,0.0,0.0,1.0,0.0,,,0,0,0,Helius verified first buyer,2026-08-20 04:44:43
6K9Je5NV1U5EFENj2Bz4BP1qSBo8aeXfQYodMnEnuPaR,,,1702418346,0.0,0.0,0.0,0,0,0,0.0,0.0,1.0,0.0,,,0,0,0,Helius verified first buyer,2026-08-20 04:44:43
27Pm5KSKaBiAEKyCp23MwChuWL4f14GAsk3FWxoXAKyg,,,1702418350,0.0,0.0,0.0,0,0,0,0.0,0.0,1.0,0.0,,,0,0,0,Helius verified first buyer,2026-08-20 04:44:44
5Jg97UCtS8umtvmsB5YHvQe7ByiSAv7yZNsiGZJy7E7m,,,1702418358,0.0,0.0,0.0,0,0,0,0.0,0.0,1.0,0.0,,,0,0,0,Helius verified first buyer,2026-08-20 04:44:45
EE62HDdfgW4uNwVBz9XnSRJQVud1a2K1MA923y54rV45,,,1702418359,0.0,0.0,0.0,0,0,0,0.0,0.0,1.0,0.0,,,0,0,0,Helius verified first buyer,2026-08-20 04:44:45
FPdLQtY4SomivwRWdKV7jV9Y1nD6UwViBvGDguBr2tSv,,,1702418361,0.0,0.0,0.0,0,0,0,0.0,0.0,1.0,0.0,,,0,0,0,Helius verified first buyer,2026-08-20 04:44:47
9pQczYaWdGzcJdSQ88ZFsGq2bXVxCXGxztDWTgb5X8Ky,,,1702418365,0.0,0.0,0.0,0,0,0,0.0,0.0,1.0,0.0,,,0,0,0,Helius verified first buyer,2026-08-20 04:44:47
D1UFPwwrWWpa5j3KBf8BgSBrh3bLSRb8dYgKr5zEsZ1J,,,1702418365,0.0,0.0,0.0,0,0,0,0.0,0.0,1.0,0.0,,,0,0,0,Helius verified first buyer,2026-08-20 04:44:47
FMP3R2xGASBWy9Mxufzh1bPgTRFLk8s7FYe5eS7rxKM1,,,1702418374,0.0,0.0,0.0,0,0,0,0.0,0.0,1.0,0.0,,,0,0,0,Helius verified first buyer,2026-08-20 04:44:48
9rCKfWGGjvXwTwMhkgxrsrmQLoAUGAeqqtxqqVPmatVa,,,1702418375,0.0,0.0,0.0,0,0,0,0.0,0.0,1.0,0.0,,,0,0,0,Helius verified first buyer,2026-08-20 04:45:03
9u29VyeejibVDyYKsHt4xLWQuezq3cjeczAxdqRBv87i,,,1702418377,0.0,0.0,0.0,0,0,0,0.0,0.0,1.0,0.0,,,0,0,0,Helius verified first buyer,2026-08-20 04:44:48
25vtmqF1upsf61Q1cHqXkTJAFA7bnzNkhg9jdEonQjHH,,,1702418382,0.0,0.0,0.0,0,0,0,0.0,0.0,1.0,0.0,,,0,0,0,Helius verified first buyer,2026-08-20 04:44:49
DcZWamQ4V565TtdWijrYvWgRx4P77rAa3puQANtWfLCk,,,1702418389,0.0,0.0,0.0,0,0,0,0.0,0.0,1.0,0.0,,,0,0,0,Helius verified first buyer,2026-08-20 04:44:50
C8EV9Ntm1XEcAm4YTFcUphDvTHGy4aCvFWZhyWdnfd7a,,,1702418390,0.0,0.0,0.0,0,0,0,0.0,0.0,1.0,0.0,,,0,0,0,Helius verified first buyer,2026-08-20 04:44:50
5az9Ey7qXPWpqESMsgJUQa6q86c7uQy2tEM21qETVra1,,,1702418392,0.0,0.0,0.0,0,0,0,0.0,0.0,1.0,0.0,,,0,0,0,Helius verified first buyer,2026-08-20 04:44:51
22hGXRyM8Pzfm7xGv6UwhHTMACSkYRRzbTsqJkCUPtuW,,,1702418395,0.0,0.0,0.0,0,0,0,0.0,0.0,1.0,0.0,,,0,0,0,Helius verified first buyer,2026-08-20 04:44:51
6kgiTjZMbXWZcoEyWQjZUz8bBM9kRk6BZsnwbn9Vi62k,,,1702418396,0.0,0.0,0.0,0,0,0,0.0,0.0,1.0,0.0,,,0,0,0,Helius verified first buyer,2026-08-20 04:44:52
B8z7rjHQt12sqmzVv6Fa24gdtwqTiHCphRV95QJooMEu,,,1702418398,0.0,0.0,0.0,0,0,0,0.0,0.0,1.0,0.0,,,0,0,0,Helius verified first buyer,2026-08-20 04:44:59
GfKvTQUScewFXQc8Jpe42aR6b46WVgHRudTt1L5ZsSXD,,,1702418402,0.0,0.0,0.0,0,0,0,0.0,0.0,1.0,0.0,,,0,0,0,Helius verified first buyer,2026-08-20 04:44:59
GkaN9ZY72QNYSNUJRLEP5kVgrQrqek3jNNVmyox83X8f,,,1702418408,0.0,0.0,0.0,0,0,0,0.0,0.0,1.0,0.0,,,0,0,0,Helius verified first buyer,2026-08-20 04:44:53
77QGkg4iK94N4MChrsRmzx3krPB9v8L3vog5vmmDRSAx,,,1702418415,0.0,0.0,0.0,0,0,0,0.0,0.0,1.0,0.0,,,0,0,0,Helius verified first buyer,2026-08-20 04:44:54
48Zd4wGhkKLukRNh5Bjqm7q9ctnGFFZv6cDmY1zC2XvG,,,1702418415,0.0,0.0,0.0,0,0,0,0.0,0.0,1.0,0.0,,,0,0,0,Helius verified first buyer,2026-08-20 04:44:55
2yRdTaweD8JznpdRJcUKrn9k7rQszHskB4CXRoa78AYc,,,1702418419,0.0,0.0,0.0,0,0,0,0.0,0.0,1.0,0.0,,,0,0,0,Helius verified first buyer,2026-08-20 04:44:55
5MWuAPskvWE1AA8RJzUskgyHV6X8E38TEeABtc35BQhy,,,1702418423,0.0,0.0,0.0,0,0,0,0.0,0.0,1.0,0.0,,,0,0,0,Helius verified first buyer,2026-08-20 04:44:55
DrFgdLDmHiFtFSKPywfDfGCk7xCtwJka73C9hHT3VVev,,,1702418425,0.0,0.0,0.0,0,0,0,0.0,0.0,1.0,0.0,,,0,0,0,Helius verified first buyer,2026-08-20 04:44:56
BxcyiGCWPXmwGrhNLusRJrTKpEqbbxiUTPriQ36QE9wq,,,1702418425,0.0,0.0,0.0,0,0,0,0.0,0.0,1.0,0.0,,,0,0,0,Helius verified first buyer,2026-08-20 04:44:56
FVTgHRXNKZz4JXg6bQ6nQ5VqiJ7QNYByKR2a5b4roybB,,,1702418426,0.0,0.0,0.0,0,0,0,0.0,0.0,1.0,0.0,,,0,0,0,Helius verified first buyer,2026-08-20 04:44:57
BJHZnP8y8LK2cAueisHbQdU8rQAC9pXbdTiXhCx4biZh,,,1702418429,0.0,0.0,0.0,0,0,0,0.0,0.0,1.0,0.0,,,0,0,0,Helius verified first buyer,2026-08-20 04:44:58
6zKPKbZjcBUD5pJaQGT3vENKmTfK2YDGfzXxSrQH7DSx,,,1702418429,0.0,0.0,0.0,0,0,0,0.0,0.0,1.0,0.0,,,0,0,0,Helius verified first buyer,2026-08-20 04:44:58
8ayiLnaDZwxG1e94BgjzhYQcsByjZVHEYNWDDEATq8Hn,,,1702418434,0.0,0.0,0.0,0,0,0,0.0,0.0,1.0,0.0,,,0,0,0,Helius verified first buyer,2026-08-20 04:44:59
6jJdj1aN3r9r1oBRNbR8C5pizbEkzVbAQCX1JFN3qbA,,,1702418449,0.0,0.0,0.0,0,0,0,0.0,0.0,1.0,0.0,,,0,0,0,Helius verified first buyer,2026-08-20 04:45:00
7722p2kuCYJ7H55wee8PegXKi7WWdVBE4FuUkYhMfLVQ,,,1702418449,0.0,0.0,0.0,0,0,0,0.0,0.0,1.0,0.0,,,0,0,0,Helius verified first buyer,2026-08-20 04:45:00
C1Xmd5ac2B2SFycCfvrEo9GCJdwSGMBxGHiETBdbPEZt,,,1702418456,0.0,0.0,0.0,0,0,0,0.0,0.0,1.0,0.0,,,0,0,0,Helius verified first buyer,2026-08-20 04:45:00
94CPhJwqHc25aid3C3VqPzvtctB9M27kPZv7rKaYyCM8,,,1702418456,0.0,0.0,0.0,0,0,0,0.0,0.0,1.0,0.0,,,0,0,0,Helius verified first buyer,2026-08-20 04:45:01
8XRfXhHfiTPXtw5DSmfMdFzpmguwBP3Z77oH7vvz5o1W,,,1702418457,0.0,0.0,0.0,0,0,0,0.0,0.0,1.0,0.0,,,0,0,0,Helius verified first buyer,2026-08-20 04:45:01
3UuExJ69izbevv2D55EVuViG8R98XqapLEEwvJEaSpxQ,,,1702418463,0.0,0.0,0.0,0,0,0,0.0,0.0,1.0,0.0,,,0,0,0,Helius verified first buyer,2026-08-20 04:45:01
8GTcuhhs127cZ8Pr2d3oy6jqtCPD4r9gje1sZVHaoCsS,,,1702418467,0.0,0.0,0.0,0,0,0,0.0,0.0,1.0,0.0,,,0,0,0,Helius verified first buyer,2026-08-20 04:45:02
AtGs2XiRH9whRC4msGk73mAo9pCZBmaQBZfSx8xj7BU4,,,1702418487,0.0,0.0,0.0,0,0,0,0.0,0.0,1.0,0.0,,,0,0,0,Helius verified first buyer,2026-08-20 04:45:04
2fjn1HASLMqjnemrS2UjWUGwwHeHpyPVtP78CzcQtvix,,,1702418490,0.0,0.0,0.0,0,0,0,0.0,0.0,1.0,0.0,,,0,0,0,Helius verified first buyer,2026-08-20 04:45:04
ETDFQkTrmxintjWXzrgsMTpzK2gs9v7LffojRZn1ocx1,,,1702418491,0.0,0.0,0.0,0,0,0,0.0,0.0,1.0,0.0,,,0,0,0,Helius verified first buyer,2026-08-20 04:45:04
HthaSwNtzHy6ebf1nYy1XwuT4mE26m3neMqoP1YNcK7N,,,1702418503,0.0,0.0,0.0,0,0,0,0.0,0.0,1.0,0.0,,,0,0,0,Helius verified first buyer,2026-08-20 04:45:05
6PufZrCAUjh5YUwwfohRLfTsH6R287V9XnSkCsCY3avi,,,1702418509,0.0,0.0,0.0,0,0,0,0.0,0.0,1.0,0.0,,,0,0,0,Helius verified first buyer,2026-08-20 04:45:06
387hMVYPwMWbu4GyPwiknXkcU9xhd74oA9jk4bLUDfqe,,,1702418509,0.0,0.0,0.0,0,0,0,0.0,0.0,1.0,0.0,,,0,0,0,Helius verified first buyer,2026-08-20 04:45:06
AjN3xUw1oRfKfRtFMuqyGRsUgiKgGmUFtLriy74uBeC8,,,1702418510,0.0,0.0,0.0,0,0,0,0.0,0.0,1.0,0.0,,,0,0,0,Helius verified first buyer,2026-08-20 04:45:06
4JuRBGQHVBgNECy1msYwKBngpcn1BkXbvngLyM9Hc5y7,,,1711430139,0.0,0.0,0.0,0,0,0,0.0,0.0,1.0,0.0,,,0,0,0,Helius verified first buyer,2026-08-20 04:45:08
4KTLweSQYXVBbvVsW4SuvcRHVhYFwz1B1DY6dJtinmn8,,,1711430534,0.0,0.0,0.0,0,0,0,0.0,0.0,1.0,0.0,,,0,0,0,Helius verified first buyer,2026-08-20 04:45:08
H2rLeehDFwNEXMFDcT37y6mV2LzYFy16xZrF9H9iCyXE,,,1711430535,0.0,0.0,0.0,0,0,0,0.0,0.0,1.0,0.0,,,0,0,0,Helius verified first buyer,2026-08-20 04:45:09
6msMbYDPQmoH93hGfJzsXpW1pwret7ZCpK7fGATUZogh,,,1711430535,0.0,0.0,0.0,0,0,0,0.0,0.0,1.0,0.0,,,0,0,0,Helius verified first buyer,2026-08-20 04:45:09
6GaNf7XCYjpbnhvZa1NjMXcZTAGbw5n38vewugsshmmU,,,1711430535,0.0,0.0,0.0,0,0,0,0.0,0.0,1.0,0.0,,,0,0,0,Helius verified first buyer,2026-08-20 04:45:09
Eco1oK3BRkyL9tttn14PQWfjRuMvzh87gaKCZh4qFRzU,,,1711430535,0.0,0.0,0.0,0,0,0,0.0,0.0,1.0,0.0,,,0,0,0,Helius verified first buyer,2026-08-20 04:45:09
C2L1nzFKZPUhbNeMJSiTuGQcfGVgkTgxfJJnWzdpj6kC,,,1711430535,0.0,0.0,0.0,0,0,0,0.0,0.0,1.0,0.0,,,0,0,0,Helius verified first buyer,2026-08-20 04:45:09
7khZzdQg6796HU6XNCy74138Rp3suxgu2Djzm7cYcJr7,,,1711430535,0.0,0.0,0.0,0,0,0,0.0,0.0,1.0,0.0,,,0,0,0,Helius verified first buyer,2026-08-20 04:45:10
3JNrQyaRtshx5W17YdH3Cij7gMQoh235WDBPzLzKSQk7,,,1711430535,0.0,0.0,0.0,0,0,0,0.0,0.0,1.0,0.0,,,0,0,0,Helius verified first buyer,2026-08-20 04:45:10
6yFwxDZ22QNr4dnCPwPLLEHhrQp2HRQiU49iTmG4SP1J,,,1711430536,0.0,0.0,0.0,0,0,0,0.0,0.0,1.0,0.0,,,0,0,0,Helius verified first buyer,2026-08-20 04:45:10
CaShxDq2Vbdp2XryjDdUZthbTzwYsvKuH6Knn9pPi4xU,,,1711430536,0.0,0.0,0.0,0,0,0,0.0,0.0,1.0,0.0,,,0,0,0,Helius verified first buyer,2026-08-20 04:45:11
7cxiUuhnZUx1rW9cnRum1idBdLmdwBUUgcDadHkTFjjV,,,1711430537,0.0,0.0,0.0,0,0,0,0.0,0.0,1.0,0.0,,,0,0,0,Helius verified first buyer,2026-08-20 04:45:11
8yUmckkJTiUT6fppLRDXPWyeTZGoAqvHD96448kiYfsz,,,1711430537,0.0,0.0,0.0,0,0,0,0.0,0.0,1.0,0.0,,,0,0,0,Helius verified first buyer,2026-08-20 04:45:11
4JC7kA8wp7WmZZcwKEzapSecPUsZzYkhL9kkeet5bnSG,,,1711430537,0.0,0.0,0.0,0,0,0,0.0,0.0,1.0,0.0,,,0,0,0,Helius verified first buyer,2026-08-20 04:45:11
9b6ZV6aP6vZrFfR855ZBrqnSFFMrXMRJQxkXyuRoHBS1,,,1711430537,0.0,0.0,0.0,0,0,0,0.0,0.0,1.0,0.0,,,0,0,0,Helius verified first buyer,2026-08-20 04:45:12
AUCz3WEH2DGUBS1ZCDX9V3SX5RmTjHFTDzcoMKKzUzZ9,,,1711430537,0.0,0.0,0.0,0,0,0,0.0,0.0,1.0,0.0,,,0,0,0,Helius verified first buyer,2026-08-20 04:45:12
D3LWiGTQGHtm6udyY3jb4ZoammpsaHbBuQVuVB2T2qBy,,,1711430537,0.0,0.0,0.0,0,0,0,0.0,0.0,1.0,0.0,,,0,0,0,Helius verified first buyer,2026-08-20 04:45:12
8jzMqWomSHxpAgAJ1abBX2cbKUyizfd7D5jSsb37FCrq,,,1711430537,0.0,0.0,0.0,0,0,0,0.0,0.0,1.0,0.0,,,0,0,0,Helius verified first buyer,2026-08-20 04:45:12
HABfTqg5DvY8Aq2TNJV6mh4bjEMa29JVKM6t15rYpSyq,,,1711430537,0.0,0.0,0.0,0,0,0,0.0,0.0,1.0,0.0,,,0,0,0,Helius verified first buyer,2026-08-20 04:45:12
8s23tAEdmL51pNWQwRfoBz7zPzNngpG2zzbs11gmvEin,,,1711430537,0.0,0.0,0.0,0,0,0,0.0,0.0,1.0,0.0,,,0,0,0,Helius verified first buyer,2026-08-20 04:45:13
F3cAm5iEy2xGpvXTy3YqxhFTsS7JXpQTyJf8eYRZij2U,,,1711430537,0.0,0.0,0.0,0,0,0,0.0,0.0,1.0,0.0,,,0,0,0,Helius verified first buyer,2026-08-20 04:45:13
8x68Uay7TsP1pE9fqWjz8X2vz44drbegZjgdibntR2dL,,,1711430538,0.0,0.0,0.0,0,0,0,0.0,0.0,1.0,0.0,,,0,0,0,Helius verified first buyer,2026-08-20 04:45:13
EjDn5d2uhvYeKXpXDBxgtv8VMRZ29mormKjsEfWhCYij,,,1711430538,0.0,0.0,0.0,0,0,0,0.0,0.0,1.0,0.0,,,0,0,0,Helius verified first buyer,2026-08-20 04:45:13
BXiNc8nTauKLFytmUqEBawPqM12tscw734uJvKQ8ZG8K,,,1711430539,0.0,0.0,0.0,0,0,0,0.0,0.0,1.0,0.0,,,0,0,0,Helius verified first buyer,2026-08-20 04:45:14
9wimuJr6t6WRH3XJoMGcWjjVabkaepRQxCsL6dh6V8Qw,,,1711430539,0.0,0.0,0.0,0,0,0,0.0,0.0,1.0,0.0,,,0,0,0,Helius verified first buyer,2026-08-20 04:45:14
4QNW9KxTbJ7xANS7JBbHQ71dhs7nz1v8yJv3JfaPPYbf,,,1711430540,0.0,0.0,0.0,0,0,0,0.0,0.0,1.0,0.0,,,0,0,0,Helius verified first buyer,2026-08-20 04:45:14
7nmb8x3TMEo5rRzFvboBQHx6LLL3LxGy734ZPxNvj27i,,,1711430540,0.0,0.0,0.0,0,0,0,0.0,0.0,1.0,0.0,,,0,0,0,Helius verified first buyer,2026-08-20 04:45:14
uHp1e22XUzDAWFjTLUHQdeutQH71bWcsSTqTvu7vDF8,,,1711430540,0.0,0.0,0.0,0,0,0,0.0,0.0,1.0,0.0,,,0,0,0,Helius verified first buyer,2026-08-20 04:45:15
HWG8N2NgXxKFyxYnULdV3wLsQPuMLSsTwNYCFHVZGxuS,,,1711430540,0.0,0.0,0.0,0,0,0,0.0,0.0,1.0,0.0,,,0,0,0,Helius verified first buyer,2026-08-20 04:45:15
97uRE5B7KxLu5PX6cXgryWbx7fpqmo2tKEAM3oV1cMbu,,,1711430541,0.0,0.0,0.0,0,0,0,0.0,0.0,1.0,0.0,,,0,0,0,Helius verified first buyer,2026-08-20 04:45:15
Fzk3SJ8DU8tawBC2RKSaX8nNig7CByiLj54xwsLiu5zc,,,1711430541,0.0,0.0,0.0,0,0,0,0.0,0.0,1.0,0.0,,,0,0,0,Helius verified first buyer,2026-08-20 04:45:15
GTT41r4kQopBeUsn7aRfXqTSPnTAokR1ZEFsm4Rivvvh,,,1711430543,0.0,0.0,0.0,0,0,0,0.0,0.0,1.0,0.0,,,0,0,0,Helius verified first buyer,2026-08-20 04:45:16
CBADJmPHHUSbP2UP87P2T8NVBYUmDVoKxoeaZq7eYKBV,,,1711430543,0.0,0.0,0.0,0,0,0,0.0,0.0,1.0,0.0,,,0,0,0,Helius verified first buyer,2026-08-20 04:45:16
8ys5G9tpb4br6JBafyRmNxsNNvrQirLjEwCufENRFgc4,,,1711430543,0.0,0.0,0.0,0,0,0,0.0,0.0,1.0,0.0,,,0,0,0,Helius verified first buyer,2026-08-20 04:45:16
GtPxDRmChRAbK5anWMCYEiciB2Us9bT8dGgeUzwiN8G3,,,1711430543,0.0,0.0,0.0,0,0,0,0.0,0.0,1.0,0.0,,,0,0,0,Helius verified first buyer,2026-08-20 04:45:16
HUNiAR1Wt8ibKF88UjJxXM6FLYaac9jgRBuVqDA5ETZr,,,1711430543,0.0,0.0,0.0,0,0,0,0.0,0.0,1.0,0.0,,,0,0,0,Helius verified first buyer,2026-08-20 04:45:17
zfg3djiUUfhkvFAk9hh3tf5GbLYFMZ7QkbZNC9MZy6p,,,1711430543,0.0,0.0,0.0,0,0,0,0.0,0.0,1.0,0.0,,,0,0,0,Helius verified first buyer,2026-08-20 04:45:17
vEp6r1ArgChJsKghxCND4TVarEeVo6uSMWsEDFuCKER,,,1711430543,0.0,0.0,0.0,0,0,0,0.0,0.0,1.0,0.0,,,0,0,0,Helius verified first buyer,2026-08-20 04:45:17
62XWHfqKU63dKg1C4rCFptWyGtz6k3bNt59nnbYfMrUd,,,1711430543,0.0,0.0,0.0,0,0,0,0.0,0.0,1.0,0.0,,,0,0,0,Helius verified first buyer,2026-08-20 04:45:17
GAJqQyeki6btj8TQyXh27jm1CKb56bfvqarYQDtg78Lh,,,1711430543,0.0,0.0,0.0,0,0,0,0.0,0.0,1.0,0.0,,,0,0,0,Helius verified first buyer,2026-08-20 04:45:18
ATomG2gRJcB2jNvwcjo2zBMoyLsHZzLgwqy651zzYoCq,,,1711430543,0.0,0.0,0.0,0,0,0,0.0,0.0,1.0,0.0,,,0,0,0,Helius verified first buyer,2026-08-20 04:45:18
26dH1EiajtR1S9vARZmkxQ4RnFYkxcSB29NNKFAQtGDh,,,1711430543,0.0,0.0,0.0,0,0,0,0.0,0.0,1.0,0.0,,,0,0,0,Helius verified first buyer,2026-08-20 04:45:18
4p8BgEErgsGbTKG2GhxHpzp2EVfJZE4XFjFHMUsLcVBv,,,1711430544,0.0,0.0,0.0,0,0,0,0.0,0.0,1.0,0.0,,,0,0,0,Helius verified first buyer,2026-08-20 04:45:19
FHdEcRSnXGvdVsws5FxmvGSgJAUpXcCr4RhsGjuDHxCU,,,1711430544,0.0,0.0,0.0,0,0,0,0.0,0.0,1.0,0.0,,,0,0,0,Helius verified first buyer,2026-08-20 04:45:19
9b8Yax665rt5RyWvBAfEPvaVtqGuLCV1x2Nk7ui54z5R,,,1711430545,0.0,0.0,0.0,0,0,0,0.0,0.0,1.0,0.0,,,0,0,0,Helius verified first buyer,2026-08-20 04:45:20
A6XrhJf5pAyMJo7j4n8mwNvpmE4sCYwdNm22shzVE9EL,,,1711430546,0.0,0.0,0.0,0,0,0,0.0,0.0,1.0,0.0,,,0,0,0,Helius verified first buyer,2026-08-20 04:45:20
9eUJXacVDS1UyWRKfGjrGcMgEp6TBEbRxQsv5qugWEvS,,,1711430546,0.0,0.0,0.0,0,0,0,0.0,0.0,1.0,0.0,,,0,0,0,Helius verified first buyer,2026-08-20 04:45:20
DTrWcsFP8rurn37m4EbqmdwrnbUUjqYojMjXo8wuVKEV,,,1711430546,0.0,0.0,0.0,0,0,0,0.0,0.0,1.0,0.0,,,0,0,0,Helius verified first buyer,2026-08-20 04:45:21
CXvhsn2Qy65MctQ6jw75zbnwkijKmirccMgDMN8nd2xD,,,1711430546,0.0,0.0,0.0,0,0,0,0.0,0.0,1.0,0.0,,,0,0,0,Helius verified first buyer,2026-08-20 04:45:21
NWYT3PAKnpYHz2Dy9ePtbtA7hunk5LcS1gSt5qqHQmA,,,1711430547,0.0,0.0,0.0,0,0,0,0.0,0.0,1.0,0.0,,,0,0,0,Helius verified first buyer,2026-08-20 04:45:21
Crgks9TbpPVfQJqeebmhsy6xSF9t9a8zmR69aF8AEqHC,,,1711430548,0.0,0.0,0.0,0,0,0,0.0,0.0,1.0,0.0,,,0,0,0,Helius verified first buyer,2026-08-20 04:45:21
bFy87dgJHPKcw2UKyXA7oi9suJngtkcc3CCAshJa18f,,,1711430550,0.0,0.0,0.0,0,0,0,0.0,0.0,1.0,0.0,,,0,0,0,Helius verified first buyer,2026-08-20 04:45:22
DzrTNN7L2iMQYAZRMB2nUFZ7QCDA7LeJGfbSZDrxVCz8,,,1711430551,0.0,0.0,0.0,0,0,0,0.0,0.0,1.0,0.0,,,0,0,0,Helius verified first buyer,2026-08-20 04:45:22
BFZoQDqhpoyNKDuVM5K8MKBVwVDiEvXdpHxrk1U2JbFe,,,1711430551,0.0,0.0,0.0,0,0,0,0.0,0.0,1.0,0.0,,,0,0,0,Helius verified first buyer,2026-08-20 04:45:22
5GLrR5EoBYrzhWekGv1VDm8F8QvsCJjCGAKFjNoxTsdc,,,1711430552,0.0,0.0,0.0,0,0,0,0.0,0.0,1.0,0.0,,,0,0,0,Helius verified first buyer,2026-08-20 04:45:22
46VuZACh5NU7Fhoc49HuRmz9S8YMFqQurY9GPX5LQV8r,,,1711430552,0.0,0.0,0.0,0,0,0,0.0,0.0,1.0,0.0,,,0,0,0,Helius verified first buyer,2026-08-20 04:45:23
AtDFc3vc59yfYRRpf421Lk9YEaGPVnFcQhDfLm4npC7y,,,1711430553,0.0,0.0,0.0,0,0,0,0.0,0.0,1.0,0.0,,,0,0,0,Helius verified first buyer,2026-08-20 04:45:23
4escxomf27wPk2GcuDiK7PcGavxG7KLAm9pxh4hG7Yby,,,1711430556,0.0,0.0,0.0,0,0,0,0.0,0.0,1.0,0.0,,,0,0,0,Helius verified first buyer,2026-08-20 04:45:23
2QTobx7t27SG7KLmC5s7kP7uTCwMXHk5LTuXWqDvQJ5Q,,,1711430558,0.0,0.0,0.0,0,0,0,0.0,0.0,1.0,0.0,,,0,0,0,Helius verified first buyer,2026-08-20 04:45:23
DQeJQ91Uzcuyk4iAtpQ9FwD8Ddwr62NeWd8hoE1kgLLs,,,1711430559,0.0,0.0,0.0,0,0,0,0.0,0.0,1.0,0.0,,,0,0,0,Helius verified first buyer,2026-08-20 04:45:24
HcqiSaRdhMgzES8G6BRFXkGJ2T43yjfPE2un8315gMDP,,,1711430559,0.0,0.0,0.0,0,0,0,0.0,0.0,1.0,0.0,,,0,0,0,Helius verified first buyer,2026-08-20 04:45:24
4Ha5tF5rvsuvyumQDJ9W9Vet7NTR8cCecxNRwsnYd3sZ,,,1711430559,0.0,0.0,0.0,0,0,0,0.0,0.0,1.0,0.0,,,0,0,0,Helius verified first buyer,2026-08-20 04:45:24
4ao5fSqoF4tSp3Yy2JcZDV1yZqRNupZWkUe1oNFpQZia,,,1711430560,0.0,0.0,0.0,0,0,0,0.0,0.0,1.0,0.0,,,0,0,0,Helius verified first buyer,2026-08-20 04:45:24
6RLSGg4tJN3gzggASaab91qUb4NvS6hDBCYWMUyNqqXB,,,1711430561,0.0,0.0,0.0,0,0,0,0.0,0.0,1.0,0.0,,,0,0,0,Helius verified first buyer,2026-08-20 04:45:24
7ySV2R2tLebEbvqwufkADYxBZ2813ey8rTgjBQfZ2Vjq,,,1711430562,0.0,0.0,0.0,0,0,0,0.0,0.0,1.0,0.0,,,0,0,0,Helius verified first buyer,2026-08-20 04:45:25
9K9h288jGcmwYLJ2nLrFUzMuSZWBoi92SnW2SMBxebHr,,,1711430562,0.0,0.0,0.0,0,0,0,0.0,0.0,1.0,0.0,,,0,0,0,Helius verified first buyer,2026-08-20 04:45:25
5niysgHXFoa8apmrgeBNRXJ6yPiz4WnMnVnAobUXoaMh,,,1711430562,0.0,0.0,0.0,0,0,0,0.0,0.0,1.0,0.0,,,0,0,0,Helius verified first buyer,2026-08-20 04:45:25
FAbxBLLgnwTUBp7rQUneQJmtXTTAN12GFGx589nFCnFn,,,1711430562,0.0,0.0,0.0,0,0,0,0.0,0.0,1.0,0.0,,,0,0,0,Helius verified first buyer,2026-08-20 04:45:25
Hp1tFyG6oXnfguB6b7ir5cZaCzBmQ7Gb8rvmdjVgkYFt,,,1711430562,0.0,0.0,0.0,0,0,0,0.0,0.0,1.0,0.0,,,0,0,0,Helius verified first buyer,2026-08-20 04:45:26
B75V38NzdkC6wQ2786rajKWvvgeAP4BHxXm123Fr4sWB,,,1711430563,0.0,0.0,0.0,0,0,0,0.0,0.0,1.0,0.0,,,0,0,0,Helius verified first buyer,2026-08-20 04:45:26
DUgAjf32Y8yPbWzNyLptrq81T5yqAb1ivENKvbbUsoPi,,,1711430568,0.0,0.0,0.0,0,0,0,0.0,0.0,1.0,0.0,,,0,0,0,Helius verified first buyer,2026-08-20 04:45:26
2u8kYHfGQb2keN8ZJ49R56gzArWczyWK7a6cn2dtdDX1,,,1711430568,0.0,0.0,0.0,0,0,0,0.0,0.0,1.0,0.0,,,0,0,0,Helius verified first buyer,2026-08-20 04:45:26
6nKR5sxXA6L6yHLt42iw6en7b27pfvZjn8tgAHzR7C4o,,,1711430569,0.0,0.0,0.0,0,0,0,0.0,0.0,1.0,0.0,,,0,0,0,Helius verified first buyer,2026-08-20 04:45:27
GxSFEEv1s9EZ7BHQU5rjrP2FTvUNZJhjvWccp9Thv3V9,,,1711430569,0.0,0.0,0.0,0,0,0,0.0,0.0,1.0,0.0,,,0,0,0,Helius verified first buyer,2026-08-20 04:45:27
9zSJdXFNCNqqTMofQz7ioZ9uoEZ5Una62UvXhq2eR6ka,,,1711430573,0.0,0.0,0.0,0,0,0,0.0,0.0,1.0,0.0,,,0,0,0,Helius verified first buyer,2026-08-20 04:45:27
54jpeWeDZZdCfnNhpadY3zhGotidRf1h4styWMmg22eA,,,1711430575,0.0,0.0,0.0,0,0,0,0.0,0.0,1.0,0.0,,,0,0,0,Helius verified first buyer,2026-08-20 04:45:28
55Vkr9sHKy5JvJ97zBBnWqA6EyZm3s5hJRoQj33ptgT,,,1711430575,0.0,0.0,0.0,0,0,0,0.0,0.0,1.0,0.0,,,0,0,0,Helius verified first buyer,2026-08-20 04:45:28
5aDUbcJKbpzaudLKBFo9ZuBjckrkm9tb2RToPBi4nZoP,,,1711430575,0.0,0.0,0.0,0,0,0,0.0,0.0,1.0,0.0,,,0,0,0,Helius verified first buyer,2026-08-20 04:45:28
67obqystscoX59HHghrKdoWGnWqc4rZrrmhe8SddbNan,,,1711430575,0.0,0.0,0.0,0,0,0,0.0,0.0,1.0,0.0,,,0,0,0,Helius verified first buyer,2026-08-20 04:45:28
Eho5Etoc4q3EY7Rmx2CM5SPqFmcfrdjQGyxoWpPuVW6B,,,1711430575,0.0,0.0,0.0,0,0,0,0.0,0.0,1.0,0.0,,,0,0,0,Helius verified first buyer,2026-08-20 04:45:28
EWVg2ERiUAtUSDfhJpCBCggGC9KNiCxQsyWrXiiJKnZ4,,,1711430576,0.0,0.0,0.0,0,0,0,0.0,0.0,1.0,0.0,,,0,0,0,Helius verified first buyer,2026-08-20 04:45:29
9QCmZWQv8isj7gYruyKQUeG91uZXdGkDHuVtnmwi932f,,,1711430576,0.0,0.0,0.0,0,0,0,0.0,0.0,1.0,0.0,,,0,0,0,Helius verified first buyer,2026-08-20 04:45:29
2UeHc1XX8TYNYTKE1C9XwGpsvZ5RaAavNgVVARgTGgYn,,,1711430576,0.0,0.0,0.0,0,0,0,0.0,0.0,1.0,0.0,,,0,0,0,Helius verified first buyer,2026-08-20 04:45:29
4mw7otNRhH6jtSYiDxvKHUuftDs2YUrwa8uQcmiS7xR5,,,1711430576,0.0,0.0,0.0,0,0,0,0.0,0.0,1.0,0.0,,,0,0,0,Helius verified first buyer,2026-08-20 04:45:30
63841r9aC58rtye95dxT1mqoCdGSTJG1z7YGAXRxYGby,,,1711430578,0.0,0.0,0.0,0,0,0,0.0,0.0,1.0,0.0,,,0,0,0,Helius verified first buyer,2026-08-20 04:45:30
AkRQEigZtuDMqvHJ3hjJy9caojuXEYAJmNayLx24oXwz,,,1711430578,0.0,0.0,0.0,0,0,0,0.0,0.0,1.0,0.0,,,0,0,0,Helius verified first buyer,2026-08-20 04:45:30
2fmm8X6cqd41Cm8ZTDMmbM848QfpC4WaYA9xCMpaPkS1,,,1711430578,0.0,0.0,0.0,0,0,0,0.0,0.0,1.0,0.0,,,0,0,0,Helius verified first buyer,2026-08-20 04:45:30
zn2fzbDkuvYQ2GbrFFuttuiw5j6DR5PEkUQiW12r9A9,,,1711430578,0.0,0.0,0.0,0,0,0,0.0,0.0,1.0,0.0,,,0,0,0,Helius verified first buyer,2026-08-20 04:45:31
5ssFVrEStheoQLpSTVTuWP4is68JQEsrjfy1GFti6s9B,,,1711430578,0.0,0.0,0.0,0,0,0,0.0,0.0,1.0,0.0,,,0,0,0,Helius verified first buyer,2026-08-20 04:45:31
2tRTsnR32wr33UeGk52Kx8USzruN7hF8MtGmsfdVqLYW,,,1711430578,0.0,0.0,0.0,0,0,0,0.0,0.0,1.0,0.0,,,0,0,0,Helius verified first buyer,2026-08-20 04:45:31
D457urNivtztkAtRRFaGLkTETEMgEqT3ZHs5nx9LpRez,,,1711430579,0.0,0.0,0.0,0,0,0,0.0,0.0,1.0,0.0,,,0,0,0,Helius verified first buyer,2026-08-20 04:45:31
Dv94LQQ3EeQFFubd9xmygP6v4g2ncRkyAhrJ5b1EZdEk,,,1711430579,0.0,0.0,0.0,0,0,0,0.0,0.0,1.0,0.0,,,0,0,0,Helius verified first buyer,2026-08-20 04:45:32
CmfWCkoH1TDrUnVQpeCNc2t1wMCiWyArdpTKcppQvaUr,,,1711430579,0.0,0.0,0.0,0,0,0,0.0,0.0,1.0,0.0,,,0,0,0,Helius verified first buyer,2026-08-20 04:45:32
2NXe9TJQuvyYoahHvfezeVQGn1tsQ6g92bMDA4fvgMxP,,,1711430579,0.0,0.0,0.0,0,0,0,0.0,0.0,1.0,0.0,,,0,0,0,Helius verified first buyer,2026-08-20 04:45:32
6tcwxTt5EQ4ihANiFMZDQtkz3hahC613EHTGh7qEfTSn,,,1711430580,0.0,0.0,0.0,0,0,0,0.0,0.0,1.0,0.0,,,0,0,0,Helius verified first buyer,2026-08-20 04:45:34
9GawBA5z3Y9yHHxMZKyNn7nhdpTd8va4bAkkdjAwdWmk,,,1711430580,0.0,0.0,0.0,0,0,0,0.0,0.0,1.0,0.0,,,0,0,0,Helius verified first buyer,2026-08-20 04:45:34
FHF9ze4UVB5muLWfkYHqnWJMnRAGLEXgvbDdHyMXzuug,,,1711430580,0.0,0.0,0.0,0,0,0,0.0,0.0,1.0,0.0,,,0,0,0,Helius verified first buyer,2026-08-20 04:45:34
8Nb9nPL1Hgn7DRw1gzuhDgMkbJa9uemDWiPTeca2367y,,,1711430581,0.0,0.0,0.0,0,0,0,0.0,0.0,1.0,0.0,,,0,0,0,Helius verified first buyer,2026-08-20 04:45:34
AJnxgEtDLUFzBcPncBN4KkJKghmTU69CaDsEHJHjs31V,,,1711430581,0.0,0.0,0.0,0,0,0,0.0,0.0,1.0,0.0,,,0,0,0,Helius verified first buyer,2026-08-20 04:45:35
H5dipLVGnsnGCn92YezYg9ZVshQYZE1AGyStev3ZGHQB,,,1711430581,0.0,0.0,0.0,0,0,0,0.0,0.0,1.0,0.0,,,0,0,0,Helius verified first buyer,2026-08-20 04:45:35
GKt6bF91jDCgVi4tdkzVAP5KFB6EVA7SbBP5YR9u3xfy,,,1711430581,0.0,0.0,0.0,0,0,0,0.0,0.0,1.0,0.0,,,0,0,0,Helius verified first buyer,2026-08-20 04:45:35
JCzXBM6H9Y2SScZghGEponY3uV4jHDbM4FD3MX1hkkQQ,,,1711430581,0.0,0.0,0.0,0,0,0,0.0,0.0,1.0,0.0,,,0,0,0,Helius verified first buyer,2026-08-20 04:45:35
5We8dWeZGcdLUqMgKkUgLBWJCcnxXvDTqHAN6R4qP5GY,,,1711430581,0.0,0.0,0.0,0,0,0,0.0,0.0,1.0,0.0,,,0,0,0,Helius verified first buyer,2026-08-20 04:45:36
2n3xPj7H32XyAyrRmCzendqrDKKfriqVK316MexmLCc4,,,1711430581,0.0,0.0,0.0,0,0,0,0.0,0.0,1.0,0.0,,,0,0,0,Helius verified first buyer,2026-08-20 04:45:36
FuXQz2fTMyyL5cyczZdd1pA61D22uWTWunhxXRmk3vy1,,,1711430582,0.0,0.0,0.0,0,0,0,0.0,0.0,1.0,0.0,,,0,0,0,Helius verified first buyer,2026-08-20 04:45:36
8sqz68thddDAr5LejJi4LTszgb3moouFMcewb34RuRok,,,1711430582,0.0,0.0,0.0,0,0,0,0.0,0.0,1.0,0.0,,,0,0,0,Helius verified first buyer,2026-08-20 04:45:37
GSbyhy7KExj3t43Spcy1cq36vXqkaFD41L4vXbKYqrhJ,,,1711430582,0.0,0.0,0.0,0,0,0,0.0,0.0,1.0,0.0,,,0,0,0,Helius verified first buyer,2026-08-20 04:45:37
91noRUsbhBMeTdKRMA9FafZ4ATYVsmvrw66PySHMBNFs,,,1711430582,0.0,0.0,0.0,0,0,0,0.0,0.0,1.0,0.0,,,0,0,0,Helius verified first buyer,2026-08-20 04:45:37
Fw4ukB5hj1vHsMRjK5jrBGXmjgNWUKg6mqah2PjZcfQY,,,1711430583,0.0,0.0,0.0,0,0,0,0.0,0.0,1.0,0.0,,,0,0,0,Helius verified first buyer,2026-08-20 04:45:37
6ZozabsXTvwjns7JCYYyaRHXvRuQL1YmGofC1t9bBoLE,,,1711430583,0.0,0.0,0.0,0,0,0,0.0,0.0,1.0,0.0,,,0,0,0,Helius verified first buyer,2026-08-20 04:45:38
FHvsLLNNYnMvJS572nxYohTFNr67LRHQXWGkFEQYd9ka,,,1711430583,0.0,0.0,0.0,0,0,0,0.0,0.0,1.0,0.0,,,0,0,0,Helius verified first buyer,2026-08-20 04:45:38
2vqcBgUD155rJX6ZYGM7ciwbCZGofVTN6LQz7CTVHeua,,,1711430584,0.0,0.0,0.0,0,0,0,0.0,0.0,1.0,0.0,,,0,0,0,Helius verified first buyer,2026-08-20 04:45:39
G9eZASG5tP5Zr33Rar81vu6AU7UuPMnvV9FqPanGAdHU,,,1711430585,0.0,0.0,0.0,0,0,0,0.0,0.0,1.0,0.0,,,0,0,0,Helius verified first buyer,2026-08-20 04:45:39
2CJ2K4aPgs6ix9SpuQ7di6MEiVKKPTScowiibyJkyU8p,,,1711430585,0.0,0.0,0.0,0,0,0,0.0,0.0,1.0,0.0,,,0,0,0,Helius verified first buyer,2026-08-20 04:45:39
CAihEiQJjGgJ5Dx8y41hyhvMoMWJpuxF8MRXdNzH9usC,,,1711430586,0.0,0.0,0.0,0,0,0,0.0,0.0,1.0,0.0,,,0,0,0,Helius verified first buyer,2026-08-20 04:45:39
5T5oHvfW84TrMWhRsNY2NsfFedTaKn96KKQ4iUDe7Ynr,,,1711430588,0.0,0.0,0.0,0,0,0,0.0,0.0,1.0,0.0,,,0,0,0,Helius verified first buyer,2026-08-20 04:45:40
HoRmGrk35Uwb7UsRihctgBAbpvCjrPoCZurnsbTBiYpM,,,1711430589,0.0,0.0,0.0,0,0,0,0.0,0.0,1.0,0.0,,,0,0,0,Helius verified first buyer,2026-08-20 04:45:40
86E3rkmHryjqbHJxmg2j9h3cdaddivfi1tvEM4im4VDw,,,1711430591,0.0,0.0,0.0,0,0,0,0.0,0.0,1.0,0.0,,,0,0,0,Helius verified first buyer,2026-08-20 04:45:40
57oVKuNbf6whd8GG1619ML7YqSnhUYhA7pkjfidEH91K,,,1711430591,0.0,0.0,0.0,0,0,0,0.0,0.0,1.0,0.0,,,0,0,0,Helius verified first buyer,2026-08-20 04:45:41
4XQ3EvfLvAciFJyu6x1Zvm35yxDqfYnz2DtPTQa1e67h,,,1711430596,0.0,0.0,0.0,0,0,0,0.0,0.0,1.0,0.0,,,0,0,0,Helius verified first buyer,2026-08-20 04:45:41
7BGxZyrSnGJKShuUKXM4BcYZ5GLtdMdFxtxYx4BDChJc,,,1711430597,0.0,0.0,0.0,0,0,0,0.0,0.0,1.0,0.0,,,0,0,0,Helius verified first buyer,2026-08-20 04:45:41
CXDDGiSeFRwYsSjC2xSoAS24fYQDspdSg6PLaKEc3xuH,,,1711430597,0.0,0.0,0.0,0,0,0,0.0,0.0,1.0,0.0,,,0,0,0,Helius verified first buyer,2026-08-20 04:45:41
H5eusokXQiTbVo3xVTWPUupSTK8Ys62JL8jdukd9cmhH,,,1711430598,0.0,0.0,0.0,0,0,0,0.0,0.0,1.0,0.0,,,0,0,0,Helius verified first buyer,2026-08-20 04:45:42
6w3sSQPWu9wQZQcZxFk36XMzmLz4JmRSjq2Up9LtJcbP,,,1711430600,0.0,0.0,0.0,0,0,0,0.0,0.0,1.0,0.0,,,0,0,0,Helius verified first buyer,2026-08-20 04:45:42
4rxkPtM4GKURbjXvvRThSULQGq8LvEktLAt9y9yrchYd,,,1711430600,0.0,0.0,0.0,0,0,0,0.0,0.0,1.0,0.0,,,0,0,0,Helius verified first buyer,2026-08-20 04:45:42
75RBnyF168q4txJcURgE3eVqyazPaoderqv18LWETvM6,,,1711430605,0.0,0.0,0.0,0,0,0,0.0,0.0,1.0,0.0,,,0,0,0,Helius verified first buyer,2026-08-20 04:45:42
7vsEu7WgZiEQuB9GXYqUcydUk3j1UF1NGDCV9xGcWQCi,,,1711430610,0.0,0.0,0.0,0,0,0,0.0,0.0,1.0,0.0,,,0,0,0,Helius verified first buyer,2026-08-20 04:45:43
tipkRNicgEUeiHeizbREbtr8uvQYGkhnT4pdkiDVAWo,,,1711430612,0.0,0.0,0.0,0,0,0,0.0,0.0,1.0,0.0,,,0,0,0,Helius verified first buyer,2026-08-20 04:45:43
BNo6TMVp51iD2cmgENEvuNutKZ1Av1eXUwpbDVV3xU2U,,,1711430612,0.0,0.0,0.0,0,0,0,0.0,0.0,1.0,0.0,,,0,0,0,Helius verified first buyer,2026-08-20 04:45:43
7zDDAEnfiueWAJfeUuWCBZqLHmpFW4Qg4WfkY8vrw7UK,,,1711430613,0.0,0.0,0.0,0,0,0,0.0,0.0,1.0,0.0,,,0,0,0,Helius verified first buyer,2026-08-20 04:45:43
7bXYoqXvmvoPbMKFUvLhCDWz9MFL8byQZgmDjGswuE7b,,,1711430616,0.0,0.0,0.0,0,0,0,0.0,0.0,1.0,0.0,,,0,0,0,Helius verified first buyer,2026-08-20 04:45:44
8XD2NEoqaoDLRCH3Pyo7stdeKbeuHgWVXZVzoFQiYcaw,,,1711430620,0.0,0.0,0.0,0,0,0,0.0,0.0,1.0,0.0,,,0,0,0,Helius verified first buyer,2026-08-20 04:45:44
FaNnTUP54DfNTm96C8nWj4NA6NoBNMx6FsrkMHCwr4gX,,,1711430620,0.0,0.0,0.0,0,0,0,0.0,0.0,1.0,0.0,,,0,0,0,Helius verified first buyer,2026-08-20 04:45:44
3e3pqRQrc3V9cxHoxNeJqonUUtCcHMBT3jhgUKGoRrek,,,1711430622,0.0,0.0,0.0,0,0,0,0.0,0.0,1.0,0.0,,,0,0,0,Helius verified first buyer,2026-08-20 04:45:45
2P5K1Lq7JPtMjcF6JZUbAHZ4FGerU24L9KBYy9D82knj,,,1711430622,0.0,0.0,0.0,0,0,0,0.0,0.0,1.0,0.0,,,0,0,0,Helius verified first buyer,2026-08-20 04:48:36
AxYEtQDLFURRx4XDyhXesf4UTjnVo5y5NP7oXL1fQuVS,,,1711430625,0.0,0.0,0.0,0,0,0,0.0,0.0,1.0,0.0,,,0,0,0,Helius verified first buyer,2026-08-20 04:45:45
Fe6CdD28iR7wH3XGt6ukfBfNcZRisEUfKjBvHC4Ym5Ma,,,1711430627,0.0,0.0,0.0,0,0,0,0.0,0.0,1.0,0.0,,,0,0,0,Helius verified first buyer,2026-08-20 04:45:46
D1KBfZWPFvVAD1qxj4FdbzTXmiY8PGFumKTqMx5jAx5Q,,,1711430630,0.0,0.0,0.0,0,0,0,0.0,0.0,1.0,0.0,,,0,0,0,Helius verified first buyer,2026-08-20 04:45:46
Cr8H96uP6NfJQQKBjt8cS7fLVxhLLCeF1eKuvRVJ3kvC,,,1711430639,0.0,0.0,0.0,0,0,0,0.0,0.0,1.0,0.0,,,0,0,0,Helius verified first buyer,2026-08-20 04:45:46
5hGuA6EuywZaGWTKeoQYA36pwxnQ71EaDvcNZvzfCbff,,,1711430645,0.0,0.0,0.0,0,0,0,0.0,0.0,1.0,0.0,,,0,0,0,Helius verified first buyer,2026-08-20 04:46:11
9jdEWHro2xDuBgBkXfkcFkD8cL7ngjBL8VAbjFedsAij,,,1711430649,0.0,0.0,0.0,0,0,0,0.0,0.0,1.0,0.0,,,0,0,0,Helius verified first buyer,2026-08-20 04:45:47
LNXA18vNoWB2xJeDSKAC3sD7rxZ7WEg4zhxbkNmZjiq,,,1711430650,0.0,0.0,0.0,0,0,0,0.0,0.0,1.0,0.0,,,0,0,0,Helius verified first buyer,2026-08-20 04:47:35
9EFDG1K91aMCuTuL8vF1VCJbPNqnFALgnJJSGcA2Sc1V,,,1711430652,0.0,0.0,0.0,0,0,0,0.0,0.0,1.0,0.0,,,0,0,0,Helius verified first buyer,2026-08-20 04:45:47
HVY6hTJL12kjcHPjVwrDcKfpKfTqgxaL2snDjkp6Ym5X,,,1711430653,0.0,0.0,0.0,0,0,0,0.0,0.0,1.0,0.0,,,0,0,0,Helius verified first buyer,2026-08-20 04:45:47
5Na4bfvFEbwJyBHKgfacCwdibXbvQsL8t8KuCb6aGxd4,,,1711430662,0.0,0.0,0.0,0,0,0,0.0,0.0,1.0,0.0,,,0,0,0,Helius verified first buyer,2026-08-20 04:45:50
GMcSst4PbpjNErn3oqAYGcfQenpHCrfqqFTtSjekTBjK,,,1711430662,0.0,0.0,0.0,0,0,0,0.0,0.0,1.0,0.0,,,0,0,0,Helius verified first buyer,2026-08-20 04:45:48
2uxcRYPBZ3tmGKLCevXoaXpESDBpris8yv7EA8vGPfxD,,,1711430665,0.0,0.0,0.0,0,0,0,0.0,0.0,1.0,0.0,,,0,0,0,Helius verified first buyer,2026-08-20 04:45:48
GMxDhy8ETUPk3Hk3tRpnEAt2A9gYJCBRDu3pQqLDfG3T,,,1711430669,0.0,0.0,0.0,0,0,0,0.0,0.0,1.0,0.0,,,0,0,0,Helius verified first buyer,2026-08-20 04:45:49
BeKmS78491aqHxj5h44KCYKyDcT5xmNT2Tq4QL5avChV,,,1711430670,0.0,0.0,0.0,0,0,0,0.0,0.0,1.0,0.0,,,0,0,0,Helius verified first buyer,2026-08-20 04:45:49
EBC2iJu2p7kD6XR6MKeyDp4FRq64rEaCk8oSAJ1irnKU,,,1711430676,0.0,0.0,0.0,0,0,0,0.0,0.0,1.0,0.0,,,0,0,0,Helius verified first buyer,2026-08-20 04:47:33
6dEDZXqPiHbkjvjXcZiMBJjW27WyHzYKGMHLY4wxuMvb,,,1711430677,0.0,0.0,0.0,0,0,0,0.0,0.0,1.0,0.0,,,0,0,0,Helius verified first buyer,2026-08-20 04:45:50
JChvovSCgtNXMqzV6RAMeiopCnGTYjNWCnEL9PCFSGyM,,,1711430685,0.0,0.0,0.0,0,0,0,0.0,0.0,1.0,0.0,,,0,0,0,Helius verified first buyer,2026-08-20 04:45:50
3YbniZHYQx4EDfdbgrQzD31GA7pB5QkrCvuhVW5qZ4rE,,,1711430695,0.0,0.0,0.0,0,0,0,0.0,0.0,1.0,0.0,,,0,0,0,Helius verified first buyer,2026-08-20 04:45:51
G56DdhTBPFmwjFCqfFuTUHn335etic2wEf6n4v5dWaTt,,,1711430697,0.0,0.0,0.0,0,0,0,0.0,0.0,1.0,0.0,,,0,0,0,Helius verified first buyer,2026-08-20 04:45:51
3yz7Ag412gwSce65wVcoABaKC1bGSavvMjsVCumZZFHG,,,1711430700,0.0,0.0,0.0,0,0,0,0.0,0.0,1.0,0.0,,,0,0,0,Helius verified first buyer,2026-08-20 04:45:52
EMoNPyHJTp74M13f9PKAaGJniZhnWkof2yjJXDYwGsQi,,,1711430701,0.0,0.0,0.0,0,0,0,0.0,0.0,1.0,0.0,,,0,0,0,Helius verified first buyer,2026-08-20 04:45:52
HP7vQM5ogFB2kroJUe3wh6xirNAYD8A7dDnzLPKMEnqd,,,1711430702,0.0,0.0,0.0,0,0,0,0.0,0.0,1.0,0.0,,,0,0,0,Helius verified first buyer,2026-08-20 04:45:52
61hnZ34es12fvfEny7Kz7dNjSw7PHXbMVQx7EQXwng39,,,1711430702,0.0,0.0,0.0,0,0,0,0.0,0.0,1.0,0.0,,,0,0,0,Helius verified first buyer,2026-08-20 04:45:53
9NxbKFow4R9p4AEb8it1TgjKFbZHQwSqmS34WuXVEs87,,,1711430710,0.0,0.0,0.0,0,0,0,0.0,0.0,1.0,0.0,,,0,0,0,Helius verified first buyer,2026-08-20 04:45:54
2RbbaD5rzw5wjt9KkQXvRhHT7tk7bYaJPth4LLyMgGwW,,,1711430719,0.0,0.0,0.0,0,0,0,0.0,0.0,1.0,0.0,,,0,0,0,Helius verified first buyer,2026-08-20 04:45:55
8JUvhqdBrg9WpgG4QjoQtUBpQH9Pqnyp8Na1Kc8wLHcF,,,1711430719,0.0,0.0,0.0,0,0,0,0.0,0.0,1.0,0.0,,,0,0,0,Helius verified first buyer,2026-08-20 04:45:55
2fsfTiEoUJhsu9TJkHqJCkT53yLP2b9SyUwpfFvXQFrt,,,1711430740,0.0,0.0,0.0,0,0,0,0.0,0.0,1.0,0.0,,,0,0,0,Helius verified first buyer,2026-08-20 04:45:56
4WLJ3Sf764t6bGvc7vLfDtWVTCjCrxTnarfakWYAZp1C,,,1711430746,0.0,0.0,0.0,0,0,0,0.0,0.0,1.0,0.0,,,0,0,0,Helius verified first buyer,2026-08-20 04:45:57
A57Nya3DkBYFwUHECaqthsJ6RZ2AAonAgrWTbC1SpdWQ,,,1711430751,0.0,0.0,0.0,0,0,0,0.0,0.0,1.0,0.0,,,0,0,0,Helius verified first buyer,2026-08-20 04:45:57
45erAvFP98A1v1idgnGZhbSpupmmpbCAhi18NVyLi7RX,,,1711430756,0.0,0.0,0.0,0,0,0,0.0,0.0,1.0,0.0,,,0,0,0,Helius verified first buyer,2026-08-20 04:46:56
CsFvyJ47Ni8gxMgfHgxkkszfxr5QysYb2NBZCvSfRjTT,,,1711430768,0.0,0.0,0.0,0,0,0,0.0,0.0,1.0,0.0,,,0,0,0,Helius verified first buyer,2026-08-20 04:45:58
FLoF6S2s1NHk13yhNzzS1mcAoLA4Sbxmphi3NwMLwMzT,,,1711430771,0.0,0.0,0.0,0,0,0,0.0,0.0,1.0,0.0,,,0,0,0,Helius verified first buyer,2026-08-20 04:45:59
Gaw1uHnPVy2CUrA5DoABJ564KQH4M4uKnirVruJtCDmp,,,1711430791,0.0,0.0,0.0,0,0,0,0.0,0.0,1.0,0.0,,,0,0,0,Helius verified first buyer,2026-08-20 04:46:00
98oHhb6mfvHk7CZLPK1AfiZBdGiieU3hd4Sk8rT91gCg,,,1711430791,0.0,0.0,0.0,0,0,0,0.0,0.0,1.0,0.0,,,0,0,0,Helius verified first buyer,2026-08-20 04:46:00
4FBpA1RTpsfXkhNHb9ZyhreepqFtAsFG4mn7BwgUWSwg,,,1711430794,0.0,0.0,0.0,0,0,0,0.0,0.0,1.0,0.0,,,0,0,0,Helius verified first buyer,2026-08-20 04:46:00
eudsaNnKHTeFFLs6pQWxSJoNPsTRrPFp2AhwaWipMvY,,,1711430794,0.0,0.0,0.0,0,0,0,0.0,0.0,1.0,0.0,,,0,0,0,Helius verified first buyer,2026-08-20 04:46:01
FvGxiUbBLQYjaHwWe49Qi8ozzoJJqEB1erw7GbYZoqd6,,,1711430794,0.0,0.0,0.0,0,0,0,0.0,0.0,1.0,0.0,,,0,0,0,Helius verified first buyer,2026-08-20 04:46:02
2zAaVi16g2Mm8Xfa7D16iZkGQZJsBj3m3ja7JMsSyqn6,,,1711430794,0.0,0.0,0.0,0,0,0,0.0,0.0,1.0,0.0,,,0,0,0,Helius verified first buyer,2026-08-20 04:46:02
7gJii6Y3Vn4oJbnuav9g5YczFKWSuZZvwnijWdWAfeLh,,,1711430794,0.0,0.0,0.0,0,0,0,0.0,0.0,1.0,0.0,,,0,0,0,Helius verified first buyer,2026-08-20 04:46:03
7dimmqYtb8HXyRpeGw6PmHNu3RBmHQJ6yk745eFz3YMQ,,,1711430795,0.0,0.0,0.0,0,0,0,0.0,0.0,1.0,0.0,,,0,0,0,Helius verified first buyer,2026-08-20 04:46:03
5icW59mYwG6VgAFFS5RyeEku9BsCgc1pzVBuKN6Kqis9,,,1711430797,0.0,0.0,0.0,0,0,0,0.0,0.0,1.0,0.0,,,0,0,0,Helius verified first buyer,2026-08-20 04:46:04
B7JNMyQRymqurXntuEprz7BRpg2gAd6zsUBKEAkN8qbi,,,1711430797,0.0,0.0,0.0,0,0,0,0.0,0.0,1.0,0.0,,,0,0,0,Helius verified first buyer,2026-08-20 04:47:24
AXF7x3uL7MYfm66uyDmKcuwX63Zq8UpvjFVq6M5fJ32q,,,1711430805,0.0,0.0,0.0,0,0,0,0.0,0.0,1.0,0.0,,,0,0,0,Helius verified first buyer,2026-08-20 04:46:05
FG8Wo2BJwTaVyW8tXxhRKGqibH5NqpewG3nm3Db4238g,,,1711430812,0.0,0.0,0.0,0,0,0,0.0,0.0,1.0,0.0,,,0,0,0,Helius verified first buyer,2026-08-20 04:46:05
C2nu7PiQLke5p1XbVHfTsxqcDM7qkWQkC2cyiF1X8qcv,,,1711430815,0.0,0.0,0.0,0,0,0,0.0,0.0,1.0,0.0,,,0,0,0,Helius verified first buyer,2026-08-20 04:46:06
CeAZpXrJzQZwSEuw5PYxP5J9VqSCQjkahraP9GNCfhA3,,,1711430818,0.0,0.0,0.0,0,0,0,0.0,0.0,1.0,0.0,,,0,0,0,Helius verified first buyer,2026-08-20 04:46:06
6A2HV5fLtP7xc281yAa5DMjzgipFLxKAmdcpkFC8wcXv,,,1711430825,0.0,0.0,0.0,0,0,0,0.0,0.0,1.0,0.0,,,0,0,0,Helius verified first buyer,2026-08-20 04:46:08
GsvCxhw1X5zDQtUv32ZCoFYppMkJmD55h6jB2PhmDehx,,,1711430828,0.0,0.0,0.0,0,0,0,0.0,0.0,1.0,0.0,,,0,0,0,Helius verified first buyer,2026-08-20 04:46:08
3krwBAh77UkWkoQemCdSNDYbvV6CtywRdtn3qJevHc9R,,,1711430830,0.0,0.0,0.0,0,0,0,0.0,0.0,1.0,0.0,,,0,0,0,Helius verified first buyer,2026-08-20 04:46:48
H2Uaw8wautRnyiyNmEzGthXoRnpr8bJv8cmKvCT1mw7K,,,1711430831,0.0,0.0,0.0,0,0,0,0.0,0.0,1.0,0.0,,,0,0,0,Helius verified first buyer,2026-08-20 04:46:08
AJbzzMgTWzGU4ikgzx2WGPpF5CRTQWXESA8N9ZVt6PKB,,,1711430833,0.0,0.0,0.0,0,0,0,0.0,0.0,1.0,0.0,,,0,0,0,Helius verified first buyer,2026-08-20 04:46:09
BoA611kbMUFEVpCaPHSr1Y9tmoMuvBnvHf6BTZaHpvPn,,,1711430836,0.0,0.0,0.0,0,0,0,0.0,0.0,1.0,0.0,,,0,0,0,Helius verified first buyer,2026-08-20 04:46:09
EHSgp2wVM6YCEeRWys9xxRpxr9TN8AeMPG2RBH6Sbxfr,,,1711430840,0.0,0.0,0.0,0,0,0,0.0,0.0,1.0,0.0,,,0,0,0,Helius verified first buyer,2026-08-20 04:46:10
22wiwvRxk7kzqtS7Fjab3Ydz16ZS38HLgDCPvRA95SSb,,,1711430842,0.0,0.0,0.0,0,0,0,0.0,0.0,1.0,0.0,,,0,0,0,Helius verified first buyer,2026-08-20 04:47:26
GeDA21mGgG3x3nqnvdgD2UVrUwRsojDUm1kjX11pqmTU,,,1711430845,0.0,0.0,0.0,0,0,0,0.0,0.0,1.0,0.0,,,0,0,0,Helius verified first buyer,2026-08-20 04:46:10
EPvbWZDpbWXcZAHPnTDjwNaqnM7tVcHwCig11WcBc3w7,,,1711430848,0.0,0.0,0.0,0,0,0,0.0,0.0,1.0,0.0,,,0,0,0,Helius verified first buyer,2026-08-20 04:46:11
E415SPmUB7F6V4DTCPYGASUeWYCJcTykWgsxjtGC1XBe,,,1711430850,0.0,0.0,0.0,0,0,0,0.0,0.0,1.0,0.0,,,0,0,0,Helius verified first buyer,2026-08-20 04:46:11
BHJvoyvRit9GvhJ6C8C8cFjDcdGjwwQmz2ZyPTFD1Y8L,,,1711430852,0.0,0.0,0.0,0,0,0,0.0,0.0,1.0,0.0,,,0,0,0,Helius verified first buyer,2026-08-20 04:46:11
2qwtimmX5FjB2Rcp7jNdZYYfu4itNrEitNgkoJPhdwdf,,,1711430852,0.0,0.0,0.0,0,0,0,0.0,0.0,1.0,0.0,,,0,0,0,Helius verified first buyer,2026-08-20 04:46:48
7R1A6Lt95xw66hM46kxChuWGbDgLuwaESS73nKDxHbLw,,,1711430853,0.0,0.0,0.0,0,0,0,0.0,0.0,1.0,0.0,,,0,0,0,Helius verified first buyer,2026-08-20 04:46:12
98523NPXTmswmYkq19cxGzCZxxU8fUqAMbAJYaW2YB5j,,,1711430857,0.0,0.0,0.0,0,0,0,0.0,0.0,1.0,0.0,,,0,0,0,Helius verified first buyer,2026-08-20 04:46:12
DgnZJ5z6ccstizukRGbq3AUArRjXCb5BEUWXFFBvgr8y,,,1711430860,0.0,0.0,0.0,0,0,0,0.0,0.0,1.0,0.0,,,0,0,0,Helius verified first buyer,2026-08-20 04:46:12
2FVV6e1SECwofXq8LVpzz2iQiTx4SZghPynh8LrvFET2,,,1711430875,0.0,0.0,0.0,0,0,0,0.0,0.0,1.0,0.0,,,0,0,0,Helius verified first buyer,2026-08-20 04:46:13
6AwGKxfjdRc1Gb56SG1k9VCaX6vHbcdLAdwCufssQNC9,,,1711430889,0.0,0.0,0.0,0,0,0,0.0,0.0,1.0,0.0,,,0,0,0,Helius verified first buyer,2026-08-20 04:46:13
2qRphUtirvRK4eVAnw24SkX9rYWiAbhMQB8PpUZFUZxT,,,1711430910,0.0,0.0,0.0,0,0,0,0.0,0.0,1.0,0.0,,,0,0,0,Helius verified first buyer,2026-08-20 04:46:14
C9U1zBRejjCMdTWoP8kwDTAsEs644ZFjsk7d9icgd4DU,,,1711430920,0.0,0.0,0.0,0,0,0,0.0,0.0,1.0,0.0,,,0,0,0,Helius verified first buyer,2026-08-20 04:46:15
EnFk3kcjGdvTWL2HEAb9as2BMzbB8ymm3h6eZJwuwcuz,,,1711430923,0.0,0.0,0.0,0,0,0,0.0,0.0,1.0,0.0,,,0,0,0,Helius verified first buyer,2026-08-20 04:46:15
EMiQMuKnPqpSEBAtBX93WG4KQjK2GkPTxmvAeJjS7TU7,,,1711430931,0.0,0.0,0.0,0,0,0,0.0,0.0,1.0,0.0,,,0,0,0,Helius verified first buyer,2026-08-20 04:46:16
ADzCqb13RU8HEif4K2bk4RAtN56DxchZVsqA9EehQ4xL,,,1711430931,0.0,0.0,0.0,0,0,0,0.0,0.0,1.0,0.0,,,0,0,0,Helius verified first buyer,2026-08-20 04:47:26
3d6t5VvKAvpWukiAUrGzhDfNn9ZwsUqXzzySu2AawV2e,,,1711430943,0.0,0.0,0.0,0,0,0,0.0,0.0,1.0,0.0,,,0,0,0,Helius verified first buyer,2026-08-20 04:46:16
3kP5bXEsBGQgy97JC4A52SQGASTbuvsuNwXYQ8PPoAGG,,,1711430973,0.0,0.0,0.0,0,0,0,0.0,0.0,1.0,0.0,,,0,0,0,Helius verified first buyer,2026-08-20 04:47:24
u3dVrhuCe5pfW1UdjXXMwo8Y4aJgNeXLRaUEnYN8TxG,,,1711430980,0.0,0.0,0.0,0,0,0,0.0,0.0,1.0,0.0,,,0,0,0,Helius verified first buyer,2026-08-20 04:46:34
EbZN5K6BwGeMEXm7QN4NRM77zycaxiT9XLi3rK72hKqC,,,1711431008,0.0,0.0,0.0,0,0,0,0.0,0.0,1.0,0.0,,,0,0,0,Helius verified first buyer,2026-08-20 04:46:18
HNutwHe1o7SfGVeSxA564auwUdQfRVZE6N19fjMATHT,,,1711431016,0.0,0.0,0.0,0,0,0,0.0,0.0,1.0,0.0,,,0,0,0,Helius verified first buyer,2026-08-20 04:47:07
F5JJHNcsua4FovHKA4LSbGF41MkQ5UatwcG6fNS191wB,,,1711431016,0.0,0.0,0.0,0,0,0,0.0,0.0,1.0,0.0,,,0,0,0,Helius verified first buyer,2026-08-20 04:46:18
GRC6LSXAJJrhRzq16cUWPXukHo9AZD3zAWMQ8MQq9KaK,,,1711431018,0.0,0.0,0.0,0,0,0,0.0,0.0,1.0,0.0,,,0,0,0,Helius verified first buyer,2026-08-20 04:46:19
GQFHG3Gxb8Z2WrfS8FVykzXKemmJEmrufBAmFdtGcxsH,,,1711431019,0.0,0.0,0.0,0,0,0,0.0,0.0,1.0,0.0,,,0,0,0,Helius verified first buyer,2026-08-20 04:46:19
AYyFDLggJag7zLqf47L6m1uBqpr6V9QvDpx1UC7xrcMy,,,1711431019,0.0,0.0,0.0,0,0,0,0.0,0.0,1.0,0.0,,,0,0,0,Helius verified first buyer,2026-08-20 04:46:19
8FMQtzBEPP2QqEbeY6iqAJzJXQTGXAojJD9NBfDxWRnA,,,1711431021,0.0,0.0,0.0,0,0,0,0.0,0.0,1.0,0.0,,,0,0,0,Helius verified first buyer,2026-08-20 04:46:19
HNy5JEoibP5TXDBQYNpSs9ZvSkx3ahH77Ub24X97kyZp,,,1711431021,0.0,0.0,0.0,0,0,0,0.0,0.0,1.0,0.0,,,0,0,0,Helius verified first buyer,2026-08-20 04:46:20
2uFvsQnEvjeA1E4FtHPkcnLJotzf4C8AQzwjr3JcV3AW,,,1711431022,0.0,0.0,0.0,0,0,0,0.0,0.0,1.0,0.0,,,0,0,0,Helius verified first buyer,2026-08-20 04:46:20
HKmwVvZQAAw69CFEFUbztcyhrgEXWJRvAAqr8G4pWvvv,,,1711431022,0.0,0.0,0.0,0,0,0,0.0,0.0,1.0,0.0,,,0,0,0,Helius verified first buyer,2026-08-20 04:46:20
AjBkPbrQxJ4yiiT63QUf8EnC1i3trMDk1j5aCP33txCr,,,1711431022,0.0,0.0,0.0,0,0,0,0.0,0.0,1.0,0.0,,,0,0,0,Helius verified first buyer,2026-08-20 04:46:20
BMFYn2znx87NJcWADnyfxWa59jGCuHR32JG9EkFXRTmT,,,1711431022,0.0,0.0,0.0,0,0,0,0.0,0.0,1.0,0.0,,,0,0,0,Helius verified first buyer,2026-08-20 04:46:21
9m5WHSiNThmd6qru2S7kBKJzHpRyVvBZeFTvMNwgpiLY,,,1711431022,0.0,0.0,0.0,0,0,0,0.0,0.0,1.0,0.0,,,0,0,0,Helius verified first buyer,2026-08-20 04:46:21
6NE6KLKBDZQCwFr2gXPX5D8TUEpRiMvGtkdjf2j5NWfF,,,1711431022,0.0,0.0,0.0,0,0,0,0.0,0.0,1.0,0.0,,,0,0,0,Helius verified first buyer,2026-08-20 04:46:21
DaoB4YESsDW5qWJZufa2q749f6JKa2asFpXmh1QHCasL,,,1711431023,0.0,0.0,0.0,0,0,0,0.0,0.0,1.0,0.0,,,0,0,0,Helius verified first buyer,2026-08-20 04:46:21
4gvCEhTucBXGzgUSH2pewWuQ8LFuCgTko8BSFzVn7yAT,,,1711431025,0.0,0.0,0.0,0,0,0,0.0,0.0,1.0,0.0,,,0,0,0,Helius verified first buyer,2026-08-20 04:46:22
HdNrzKmzYJNf2QUD5vHtFvnNMpbBHk4bdQLxtHxpGAqG,,,1711431025,0.0,0.0,0.0,0,0,0,0.0,0.0,1.0,0.0,,,0,0,0,Helius verified first buyer,2026-08-20 04:46:22
bNY1CUdpd9ZNHBJMvy7N2VAMLookJvfKRhvYobuKEPB,,,1711431025,0.0,0.0,0.0,0,0,0,0.0,0.0,1.0,0.0,,,0,0,0,Helius verified first buyer,2026-08-20 04:46:22
EeE1NkXG9sMuG4cGwNpPP2WDKQMmJCL1fGAvatoH7oPs,,,1711431025,0.0,0.0,0.0,0,0,0,0.0,0.0,1.0,0.0,,,0,0,0,Helius verified first buyer,2026-08-20 04:46:22
2si4bKi5iY8KBYy4yYhaLWJnjEN4DUQkQd3P3xXEwURv,,,1711431025,0.0,0.0,0.0,0,0,0,0.0,0.0,1.0,0.0,,,0,0,0,Helius verified first buyer,2026-08-20 04:46:23
GUKrM7WnSCuqoyhxBaUajifdXuP3VnnQBnA8Wn8DuyZN,,,1711431026,0.0,0.0,0.0,0,0,0,0.0,0.0,1.0,0.0,,,0,0,0,Helius verified first buyer,2026-08-20 04:46:23
EBdvnUDhQSoi59yvKRdZmsssRCiFrhmT7RVdHeLKnbFA,,,1711431026,0.0,0.0,0.0,0,0,0,0.0,0.0,1.0,0.0,,,0,0,0,Helius verified first buyer,2026-08-20 04:46:23
BJzkHkmtURoDuj6Q9tTy7i6Gd4Pymxbr4pYKnbaiAPZz,,,1711431026,0.0,0.0,0.0,0,0,0,0.0,0.0,1.0,0.0,,,0,0,0,Helius verified first buyer,2026-08-20 04:46:24
3ycn5R52pAKvbwM1t4QBJZwUddjS65jPKZew2UT6ERHE,,,1711431026,0.0,0.0,0.0,0,0,0,0.0,0.0,1.0,0.0,,,0,0,0,Helius verified first buyer,2026-08-20 04:46:24
H2o7z4ujr1uv9qKXm2yTd9uVZ6ew8zH1dtMBhbxD5NBy,,,1711431027,0.0,0.0,0.0,0,0,0,0.0,0.0,1.0,0.0,,,0,0,0,Helius verified first buyer,2026-08-20 04:46:24
4HcYNsY9UsHrWkzBGi5mPjYjBD7xoW5KrUFZbbvjkX8j,,,1711431027,0.0,0.0,0.0,0,0,0,0.0,0.0,1.0,0.0,,,0,0,0,Helius verified first buyer,2026-08-20 04:46:24
78dshPYZxrJJXCwbWQa6HswRxs9yTawuS9HHBrsJ9FqV,,,1711431027,0.0,0.0,0.0,0,0,0,0.0,0.0,1.0,0.0,,,0,0,0,Helius verified first buyer,2026-08-20 04:46:25
2mb5QVWEKYEWyozpYE1hY6ULNfgyTqw18UyR2fyVcpvG,,,1711431027,0.0,0.0,0.0,0,0,0,0.0,0.0,1.0,0.0,,,0,0,0,Helius verified first buyer,2026-08-20 04:46:25
8eh7DViaG42BnTdHdZKZ88T6QDdrzB61HVXfVqHUewaT,,,1711431028,0.0,0.0,0.0,0,0,0,0.0,0.0,1.0,0.0,,,0,0,0,Helius verified first buyer,2026-08-20 04:46:25
BjfTT3xEHsDRbgTCqN9fMNRvZsnk4vLSGT44rtZo8ZP4,,,1711431028,0.0,0.0,0.0,0,0,0,0.0,0.0,1.0,0.0,,,0,0,0,Helius verified first buyer,2026-08-20 04:46:25
3X9LgEdbB5nLQ9iPT1aYY28oCUsXjsKvGFhV8MfhsbGo,,,1711431029,0.0,0.0,0.0,0,0,0,0.0,0.0,1.0,0.0,,,0,0,0,Helius verified first buyer,2026-08-20 04:46:26
BQauAi6KkcmS1cear8TvECodJEYhwkNyRq1GMFj9NtKM,,,1711431029,0.0,0.0,0.0,0,0,0,0.0,0.0,1.0,0.0,,,0,0,0,Helius verified first buyer,2026-08-20 04:46:26
HhA9UULUdfF3r2vmH1YbMiJC631hQ8zLEm85ZSXnjxoo,,,1711431029,0.0,0.0,0.0,0,0,0,0.0,0.0,1.0,0.0,,,0,0,0,Helius verified first buyer,2026-08-20 04:46:26
GdiUe9fUYisbfRmcjCiry6sPgy3Pg5jx6EsvncH1Ji5d,,,1711431029,0.0,0.0,0.0,0,0,0,0.0,0.0,1.0,0.0,,,0,0,0,Helius verified first buyer,2026-08-20 04:46:27
BXUcmX17h7gXTB8BUhyomPSfYvNrPHbZuysKi3HHzqLu,,,1711431029,0.0,0.0,0.0,0,0,0,0.0,0.0,1.0,0.0,,,0,0,0,Helius verified first buyer,2026-08-20 04:46:27
Grb2wP1LLS8tLsdfvJ2cbrPSMCcCbpZTXgCfNStnhhXZ,,,1711431029,0.0,0.0,0.0,0,0,0,0.0,0.0,1.0,0.0,,,0,0,0,Helius verified first buyer,2026-08-20 04:46:27
BwNsLv69mh9Ectm6kPhTSpYfhdYV6o29VmS17mkCmVZk,,,1711431029,0.0,0.0,0.0,0,0,0,0.0,0.0,1.0,0.0,,,0,0,0,Helius verified first buyer,2026-08-20 04:46:27
8tRn6UnKAsvp3FFmUjDH8Mh1dgTyPxfgUeuY7jPBqepe,,,1711431029,0.0,0.0,0.0,0,0,0,0.0,0.0,1.0,0.0,,,0,0,0,Helius verified first buyer,2026-08-20 04:46:28
5R4P792iY1T6vR9oi7kbuKGbqMEjyW81rQxjSa5UMndR,,,1711431029,0.0,0.0,0.0,0,0,0,0.0,0.0,1.0,0.0,,,0,0,0,Helius verified first buyer,2026-08-20 04:46:28
24VArNNtFNf56izWmDwKww4yKBWNQUN8UKDB4W6ibAwK,,,1711431029,0.0,0.0,0.0,0,0,0,0.0,0.0,1.0,0.0,,,0,0,0,Helius verified first buyer,2026-08-20 04:46:28
6GbWbse2pqzfd2kwm7zoS2yujph4F9s9prywCn9fiG4Z,,,1711431029,0.0,0.0,0.0,0,0,0,0.0,0.0,1.0,0.0,,,0,0,0,Helius verified first buyer,2026-08-20 04:46:29
8AsDcH6k7kK4z6TT6xVtiVBAWgEhEHjQbh1DSkZ4bGru,,,1711431029,0.0,0.0,0.0,0,0,0,0.0,0.0,1.0,0.0,,,0,0,0,Helius verified first buyer,2026-08-20 04:46:29
3HJZpjVk6auP8YdTxVxuSwCAhhzD8HAx5gai9Rcv6Pa5,,,1711431029,0.0,0.0,0.0,0,0,0,0.0,0.0,1.0,0.0,,,0,0,0,Helius verified first buyer,2026-08-20 04:46:29
DUM56cAnxvMboa4UpravW27d1cJfFKPJHdvGpw2iJMf1,,,1711431030,0.0,0.0,0.0,0,0,0,0.0,0.0,1.0,0.0,,,0,0,0,Helius verified first buyer,2026-08-20 04:46:29
EHhj64r1uVDYDV9yFMxS7PmdUdWcDhMet2h8Bk6mps7y,,,1711431030,0.0,0.0,0.0,0,0,0,0.0,0.0,1.0,0.0,,,0,0,0,Helius verified first buyer,2026-08-20 04:46:30
5bk2KTuwZEJp9dC8YmxZBJKe26jZbrDk4TWQbCvJenw9,,,1711431031,0.0,0.0,0.0,0,0,0,0.0,0.0,1.0,0.0,,,0,0,0,Helius verified first buyer,2026-08-20 04:46:30
GSGvGt352dEZMXqjsdBwfVkSXZgnEij6oeqjqJyhXqkY,,,1711431032,0.0,0.0,0.0,0,0,0,0.0,0.0,1.0,0.0,,,0,0,0,Helius verified first buyer,2026-08-20 04:46:30
7PwvUMEZ29kxMt3wwEurzRSjKGFfooWfE1pH2Rs2RzNR,,,1711431032,0.0,0.0,0.0,0,0,0,0.0,0.0,1.0,0.0,,,0,0,0,Helius verified first buyer,2026-08-20 04:46:31
CVFwKBTypgmPMWmCy2fRcb5e4yyuCgvXgWKKri3gF8cY,,,1711431033,0.0,0.0,0.0,0,0,0,0.0,0.0,1.0,0.0,,,0,0,0,Helius verified first buyer,2026-08-20 04:46:31
9GrCccuuxFvAoeWVEZ5GJw4hLhcpy4we8fhLaMBFzQit,,,1711431035,0.0,0.0,0.0,0,0,0,0.0,0.0,1.0,0.0,,,0,0,0,Helius verified first buyer,2026-08-20 04:46:31
4XnPpureyJxGxE3RcK4RKu8NtLJr61dhs78Uph9qwGrH,,,1711431038,0.0,0.0,0.0,0,0,0,0.0,0.0,1.0,0.0,,,0,0,0,Helius verified first buyer,2026-08-20 04:46:32
2WZxphXjbux5KbPNonMXy13Ge7YPaZnGpondrhoLYDdA,,,1711431041,0.0,0.0,0.0,0,0,0,0.0,0.0,1.0,0.0,,,0,0,0,Helius verified first buyer,2026-08-20 04:46:43
GHh4Yy19bbw7wWVvVtdW2BVqdzZyj42qNbaPNtKxYrWW,,,1711431045,0.0,0.0,0.0,0,0,0,0.0,0.0,1.0,0.0,,,0,0,0,Helius verified first buyer,2026-08-20 04:46:32
HBpdLp5fpk3VqGh2yGE5GspsJuNa2fhxLCKxEaAn5Xxb,,,1711431055,0.0,0.0,0.0,0,0,0,0.0,0.0,1.0,0.0,,,0,0,0,Helius verified first buyer,2026-08-20 04:46:33
3fLQVfLzsiTzXUryaPxw7sUMUwPZmQtjxjdwD8dJ2RTa,,,1711431063,0.0,0.0,0.0,0,0,0,0.0,0.0,1.0,0.0,,,0,0,0,Helius verified first buyer,2026-08-20 04:46:34
CmX4A5XguVn6uTsrv5sgBwBAvN7kV3aiksJFEYjEeFzc,,,1711431073,0.0,0.0,0.0,0,0,0,0.0,0.0,1.0,0.0,,,0,0,0,Helius verified first buyer,2026-08-20 04:46:34
6qhV451rcatEbAGa5bycx7qdNUk1dbvYzeLXcttgP81v,,,1711431073,0.0,0.0,0.0,0,0,0,0.0,0.0,1.0,0.0,,,0,0,0,Helius verified first buyer,2026-08-20 04:46:35
7YmWAfjvHRhAAscbrk6cy2qqHXykPvibTdM9xibMecLi,,,1711431074,0.0,0.0,0.0,0,0,0,0.0,0.0,1.0,0.0,,,0,0,0,Helius verified first buyer,2026-08-20 04:46:35
GAGGC7zbyMCM1khWLZLpzwC1vkboP3ZBz2mYGPQdUyWq,,,1711431075,0.0,0.0,0.0,0,0,0,0.0,0.0,1.0,0.0,,,0,0,0,Helius verified first buyer,2026-08-20 04:46:35
D9Mex326keknP2ntYRS33S5c3x2soNyuL9XfiooGaiiW,,,1711431083,0.0,0.0,0.0,0,0,0,0.0,0.0,1.0,0.0,,,0,0,0,Helius verified first buyer,2026-08-20 04:46:36
DAiczfuh5GJHFup3F7zTUtfa3ko5Epw3x8rHLL9EANhD,,,1711431085,0.0,0.0,0.0,0,0,0,0.0,0.0,1.0,0.0,,,0,0,0,Helius verified first buyer,2026-08-20 04:46:36
98MG4VZRUHMU4dffknhLyANWDNaziQXW15y1ETG5yZR6,,,1711431085,0.0,0.0,0.0,0,0,0,0.0,0.0,1.0,0.0,,,0,0,0,Helius verified first buyer,2026-08-20 04:46:36
6iGxsjCbtPYmadHebqStCepTKZPBP7xDNixuRhAMaJBD,,,1711431088,0.0,0.0,0.0,0,0,0,0.0,0.0,1.0,0.0,,,0,0,0,Helius verified first buyer,2026-08-20 04:46:36
DuK9Yz6vEBiRvsZH2eokF43Ty5f2iuqdmX71zHyEbp3f,,,1711431089,0.0,0.0,0.0,0,0,0,0.0,0.0,1.0,0.0,,,0,0,0,Helius verified first buyer,2026-08-20 04:46:36
6iYMEDfJDwSK52GbVtnNYgRQVQWV5veEizhznfQmBFty,,,1711431089,0.0,0.0,0.0,0,0,0,0.0,0.0,1.0,0.0,,,0,0,0,Helius verified first buyer,2026-08-20 04:46:37
7gf7NKvoyNzzLpN1oEXJoNJYkkwTdNnxbqmfKFdKPpmh,,,1711431089,0.0,0.0,0.0,0,0,0,0.0,0.0,1.0,0.0,,,0,0,0,Helius verified first buyer,2026-08-20 04:46:37
vGxmcAFJXRaNJzuZpufLFmVfoPizsU3FSXQy7hPvh1Q,,,1711431089,0.0,0.0,0.0,0,0,0,0.0,0.0,1.0,0.0,,,0,0,0,Helius verified first buyer,2026-08-20 04:46:37
5ThAoeaP6eDnp2yu9cxMg3FusH6qQWKkqCjCEWpjqzsc,,,1711431089,0.0,0.0,0.0,0,0,0,0.0,0.0,1.0,0.0,,,0,0,0,Helius verified first buyer,2026-08-20 04:46:37
CuPVBYGA5mzZRZopdqE1B6TWgPKWgcWNRwa1hCsnYPq9,,,1711431090,0.0,0.0,0.0,0,0,0,0.0,0.0,1.0,0.0,,,0,0,0,Helius verified first buyer,2026-08-20 04:46:38
7tCj9Ua8VjzPX3MXgWpwghg9XEUMeywUNNYdcnGMYq3Q,,,1711431091,0.0,0.0,0.0,0,0,0,0.0,0.0,1.0,0.0,,,0,0,0,Helius verified first buyer,2026-08-20 04:46:38
Gzfsjdaq47DnmfZsV3xzsbarrtuAEyhy6d4j7v1ZJGy,,,1711431091,0.0,0.0,0.0,0,0,0,0.0,0.0,1.0,0.0,,,0,0,0,Helius verified first buyer,2026-08-20 04:46:38
72CDhL3uRePchwrub6qQM9zUxjEMSYMM5ADd3jN6DUcP,,,1711431091,0.0,0.0,0.0,0,0,0,0.0,0.0,1.0,0.0,,,0,0,0,Helius verified first buyer,2026-08-20 04:46:39
4yzPxewyxfGz1RJ1esyu74vM26ghKLLuzVSjVyqWsGzo,,,1711431091,0.0,0.0,0.0,0,0,0,0.0,0.0,1.0,0.0,,,0,0,0,Helius verified first buyer,2026-08-20 04:46:39
Dk6dtCGQmuSu8dbhLjrbzCphunXUi2oXZGh3teS7vgLn,,,1711431092,0.0,0.0,0.0,0,0,0,0.0,0.0,1.0,0.0,,,0,0,0,Helius verified first buyer,2026-08-20 04:46:39
FqrQUZBBrPLSZPGXJHFevbhb9CkYLeNW1tYmx9N9EGHA,,,1711431092,0.0,0.0,0.0,0,0,0,0.0,0.0,1.0,0.0,,,0,0,0,Helius verified first buyer,2026-08-20 04:46:40
CSAPb89JAc2LByiYSwdGny6B3NCFQ3ckPcznghZrv529,,,1711431092,0.0,0.0,0.0,0,0,0,0.0,0.0,1.0,0.0,,,0,0,0,Helius verified first buyer,2026-08-20 04:46:40
2Dj24a1vvoBNHV3SKv9UDMrwKAFAdLZNrc67qAxWdqk2,,,1711431092,0.0,0.0,0.0,0,0,0,0.0,0.0,1.0,0.0,,,0,0,0,Helius verified first buyer,2026-08-20 04:46:40
5TuFi3VuCKmvJB7edJiAXQ3bkLT7CiSjdFP9Lz5JUpDH,,,1711431092,0.0,0.0,0.0,0,0,0,0.0,0.0,1.0,0.0,,,0,0,0,Helius verified first buyer,2026-08-20 04:46:40
5sst28KAsvevmQc4poKj26gzAo4xPbD6HsDZRatZA2sH,,,1711431092,0.0,0.0,0.0,0,0,0,0.0,0.0,1.0,0.0,,,0,0,0,Helius verified first buyer,2026-08-20 04:46:41
6bv6q1ogSU6zDmv9gzNHqxmpsvUqDC41VSkwnZp7xZhv,,,1711431092,0.0,0.0,0.0,0,0,0,0.0,0.0,1.0,0.0,,,0,0,0,Helius verified first buyer,2026-08-20 04:46:41
4b1zzBgHAyxi6FrRtSBwgrmNuuT6RL3dReZT7ngJGWpJ,,,1711431092,0.0,0.0,0.0,0,0,0,0.0,0.0,1.0,0.0,,,0,0,0,Helius verified first buyer,2026-08-20 04:46:41
3cgANwB3Pks9JFJmFDLPmknNSCoTQQEYLz8nQwdGJ2Ci,,,1711431092,0.0,0.0,0.0,0,0,0,0.0,0.0,1.0,0.0,,,0,0,0,Helius verified first buyer,2026-08-20 04:46:41
BevfB2vygSGpCbZyo2s6QWbyBpgoQ2AF5zYAcw2zDcWq,,,1711431092,0.0,0.0,0.0,0,0,0,0.0,0.0,1.0,0.0,,,0,0,0,Helius verified first buyer,2026-08-20 04:46:42
HZ52W4rNEJkHv3DXfqqCpTUBZjq2uGxtGsEbq5Wjwimt,,,1711431092,0.0,0.0,0.0,0,0,0,0.0,0.0,1.0,0.0,,,0,0,0,Helius verified first buyer,2026-08-20 04:46:42
5cdhLP4zEF9xMFVp3cdn4LYhvBqMbHFdR7MVMiJaK6E,,,1711431093,0.0,0.0,0.0,0,0,0,0.0,0.0,1.0,0.0,,,0,0,0,Helius verified first buyer,2026-08-20 04:46:42
4TvCohqmsdrXky8aWxcDN228EMEcGsc8YTuUGi3DPXuc,,,1711431093,0.0,0.0,0.0,0,0,0,0.0,0.0,1.0,0.0,,,0,0,0,Helius verified first buyer,2026-08-20 04:46:42
72w6oBUgChnBwe34PrF8x8Tr2mifqAZKoierohnrTRz6,,,1711431102,0.0,0.0,0.0,0,0,0,0.0,0.0,1.0,0.0,,,0,0,0,Helius verified first buyer,2026-08-20 04:46:43
GD6enmiDdBAPbD8N1ovpNHth8CAGUEoiZjoXrMUGsLce,,,1711431110,0.0,0.0,0.0,0,0,0,0.0,0.0,1.0,0.0,,,0,0,0,Helius verified first buyer,2026-08-20 04:46:43
81Eu8miMq7SiCVaS6AFu6wsQcR2Pz2jynFvFnZBFZjen,,,1711431123,0.0,0.0,0.0,0,0,0,0.0,0.0,1.0,0.0,,,0,0,0,Helius verified first buyer,2026-08-20 04:46:44
78c1et3AV19jzYkS7fg7yuQh2zyHwxoXgwKYy6cLpqu3,,,1711431132,0.0,0.0,0.0,0,0,0,0.0,0.0,1.0,0.0,,,0,0,0,Helius verified first buyer,2026-08-20 04:46:45
97QPcPtQEkSnq4ZMHd7EU7QEZhN4fKoKceAoyj19HzFH,,,1711431145,0.0,0.0,0.0,0,0,0,0.0,0.0,1.0,0.0,,,0,0,0,Helius verified first buyer,2026-08-20 04:46:45
osABh4DpSaFQTmpF3NNPGqdMbgcRu8Reb567AYhGty1,,,1711431148,0.0,0.0,0.0,0,0,0,0.0,0.0,1.0,0.0,,,0,0,0,Helius verified first buyer,2026-08-20 04:46:45
Ac6yJRquBNxfSvzD2zSr7zB58LENSuFVXP3Hnwp9QKbz,,,1711431148,0.0,0.0,0.0,0,0,0,0.0,0.0,1.0,0.0,,,0,0,0,Helius verified first buyer,2026-08-20 04:46:45
7p3TRfdrRpxUhnAs7FGBR6wNhntutrrFgZDCLKSoP8Ec,,,1711431151,0.0,0.0,0.0,0,0,0,0.0,0.0,1.0,0.0,,,0,0,0,Helius verified first buyer,2026-08-20 04:46:46
8dyK9LE2f25L3uVRYcTAJHVzfrJNi3XCYjgHSZT5QyyJ,,,1711431151,0.0,0.0,0.0,0,0,0,0.0,0.0,1.0,0.0,,,0,0,0,Helius verified first buyer,2026-08-20 04:46:46
9BePaoURrV8m5v3GL5fWc7DdXHCPmZePc3SVcr6bQMN6,,,1711431152,0.0,0.0,0.0,0,0,0,0.0,0.0,1.0,0.0,,,0,0,0,Helius verified first buyer,2026-08-20 04:46:46
AnatFWMZdrjHwAmMb7mLTcPY4kPcPjMPFm7gU9mNYToP,,,1711431155,0.0,0.0,0.0,0,0,0,0.0,0.0,1.0,0.0,,,0,0,0,Helius verified first buyer,2026-08-20 04:46:46
G3hHcgzEPaP4jFBkFnYwtE593Xn2ApSiGdKU44F9saEt,,,1711431157,0.0,0.0,0.0,0,0,0,0.0,0.0,1.0,0.0,,,0,0,0,Helius verified first buyer,2026-08-20 04:46:47
75w6ahrtEYvKWNcLGMaURBQCKsZBF84qHQ735nKKzLxG,,,1711431159,0.0,0.0,0.0,0,0,0,0.0,0.0,1.0,0.0,,,0,0,0,Helius verified first buyer,2026-08-20 04:46:47
3hPKTP7xGNVzy5t1ViK33rQ9A9T4ZK9qUTpMhJ8ZYJ3i,,,1711431170,0.0,0.0,0.0,0,0,0,0.0,0.0,1.0,0.0,,,0,0,0,Helius verified first buyer,2026-08-20 04:46:54
DRqUUwhZgwcJdkZCehaiK5irk2QaUUigJ5KFdeoxAqEJ,,,1711431173,0.0,0.0,0.0,0,0,0,0.0,0.0,1.0,0.0,,,0,0,0,Helius verified first buyer,2026-08-20 04:46:48
2GQmp1zooDzdj1S9owdgSGgRmi5WvzBZUz1c3UyDCq1v,,,1711431196,0.0,0.0,0.0,0,0,0,0.0,0.0,1.0,0.0,,,0,0,0,Helius verified first buyer,2026-08-20 04:46:48
FidKGMM3dKavzYExCuxJ2daV4PTFZPRAkM84gnieU4vE,,,1711431216,0.0,0.0,0.0,0,0,0,0.0,0.0,1.0,0.0,,,0,0,0,Helius verified first buyer,2026-08-20 04:46:48
2gwAivXkXqCFzbtduDZZxGC2Xbhim3KFT9QvxQdvcRJX,,,1711431216,0.0,0.0,0.0,0,0,0,0.0,0.0,1.0,0.0,,,0,0,0,Helius verified first buyer,2026-08-20 04:46:49
HrCAvKu3s9GyLr6uV3H92grbs3AeAzznz3GU1N8NxMvs,,,1711431218,0.0,0.0,0.0,0,0,0,0.0,0.0,1.0,0.0,,,0,0,0,Helius verified first buyer,2026-08-20 04:46:49
AhqZje2emqSq56G9jmeEZswNjMwNmyY3b2JZincH2qWn,,,1711431258,0.0,0.0,0.0,0,0,0,0.0,0.0,1.0,0.0,,,0,0,0,Helius verified first buyer,2026-08-20 04:46:49
Guvph28hkyTbRTJ3NeD3324u3go8igLTsoLMGZjLPbuH,,,1711431259,0.0,0.0,0.0,0,0,0,0.0,0.0,1.0,0.0,,,0,0,0,Helius verified first buyer,2026-08-20 04:46:50
8GdbP1oHneKyoxfP6ypQ8AZBTokYQ7uZdazkPHnviC6t,,,1711431287,0.0,0.0,0.0,0,0,0,0.0,0.0,1.0,0.0,,,0,0,0,Helius verified first buyer,2026-08-20 04:46:50
FnbT6KnPeEkBRUqB47JPti45kEu3uJKFV6e1EbHt6WcQ,,,1711431291,0.0,0.0,0.0,0,0,0,0.0,0.0,1.0,0.0,,,0,0,0,Helius verified first buyer,2026-08-20 04:46:51
Fr1sfsH1zxGAXv3iUWyHbw9t4wqQKTea4f7tp5jsjDSj,,,1711431293,0.0,0.0,0.0,0,0,0,0.0,0.0,1.0,0.0,,,0,0,0,Helius verified first buyer,2026-08-20 04:46:51
C94L7nomkpmq7LdGGN1Hw43mEhhsZS87s3ossuJDQFyi,,,1711431296,0.0,0.0,0.0,0,0,0,0.0,0.0,1.0,0.0,,,0,0,0,Helius verified first buyer,2026-08-20 04:46:51
AmFLqSCJG2tSPG2AbN1aR9GXD3KorsrHCV6U2ePiRwZD,,,1711431306,0.0,0.0,0.0,0,0,0,0.0,0.0,1.0,0.0,,,0,0,0,Helius verified first buyer,2026-08-20 04:46:51
5fzG7b2hJw6r5jDE3gB8FvreBNPivUvXqDaj5NHx3W43,,,1711431308,0.0,0.0,0.0,0,0,0,0.0,0.0,1.0,0.0,,,0,0,0,Helius verified first buyer,2026-08-20 04:46:52
FGxXsbhNB5qciyxY6uq2bKaJd6jQoLZ9ApGHwnsPR7B1,,,1711431316,0.0,0.0,0.0,0,0,0,0.0,0.0,1.0,0.0,,,0,0,0,Helius verified first buyer,2026-08-20 04:46:52
4SPfdhwVD6YzS2cEBKZGhKmN4txzX75t1fqKCX7eZzZZ,,,1711431339,0.0,0.0,0.0,0,0,0,0.0,0.0,1.0,0.0,,,0,0,0,Helius verified first buyer,2026-08-20 04:46:52
45uQrpG5Mfz7J7NDsVVWbc4WYCkeeYC2iCdudGAxg5mW,,,1711431364,0.0,0.0,0.0,0,0,0,0.0,0.0,1.0,0.0,,,0,0,0,Helius verified first buyer,2026-08-20 04:46:53
FyZwyzpzp5JZUtUJf6rxar8Pgubp9zrnqQ5zqzAH7CaW,,,1711431367,0.0,0.0,0.0,0,0,0,0.0,0.0,1.0,0.0,,,0,0,0,Helius verified first buyer,2026-08-20 04:46:53
HG3r3rWyHKesGTdu8HTdTXQQoEBLj9SxCgrZXDATA5KJ,,,1711431387,0.0,0.0,0.0,0,0,0,0.0,0.0,1.0,0.0,,,0,0,0,Helius verified first buyer,2026-08-20 04:46:54
8WMJ8qbTehqQt2ZfGu74f1knuRGHq7LXkAJKASt2BpaS,,,1711431413,0.0,0.0,0.0,0,0,0,0.0,0.0,1.0,0.0,,,0,0,0,Helius verified first buyer,2026-08-20 04:46:54
86nJ1ohnosxN3G2auuRkfVqDtxuFCLHMTj6A2mT4Nm8J,,,1711431433,0.0,0.0,0.0,0,0,0,0.0,0.0,1.0,0.0,,,0,0,0,Helius verified first buyer,2026-08-20 04:46:55
5eqzjZvjUG4DMcdai5Hiyijfc1L9VshFTy6FWc2sUjpS,,,1711431434,0.0,0.0,0.0,0,0,0,0.0,0.0,1.0,0.0,,,0,0,0,Helius verified first buyer,2026-08-20 04:46:55
GnBBf2NsTnTLVgYCGCQrDe71rF7snFdfv65npvwQk3j4,,,1711431463,0.0,0.0,0.0,0,0,0,0.0,0.0,1.0,0.0,,,0,0,0,Helius verified first buyer,2026-08-20 04:46:56
HoPWD1z6Ygy8rYjxWq8YR949bHSm1edWQjYx3b8mjqxy,,,1711431477,0.0,0.0,0.0,0,0,0,0.0,0.0,1.0,0.0,,,0,0,0,Helius verified first buyer,2026-08-20 04:46:57
CENWJFmaqsVcjXTYCrjWejmFNVRQRdWHDFzp4cCkrAAH,,,1711431503,0.0,0.0,0.0,0,0,0,0.0,0.0,1.0,0.0,,,0,0,0,Helius verified first buyer,2026-08-20 04:48:38
Fx1E2hLd2FQ2B5uyKK56cZNPabM43c6rFjfi5zVe2hiF,,,1711431508,0.0,0.0,0.0,0,0,0,0.0,0.0,1.0,0.0,,,0,0,0,Helius verified first buyer,2026-08-20 04:48:41
9fud9XHt5cBXbeiSQB2syAWsgx86gWGGsunkuFyS53VS,,,1711431521,0.0,0.0,0.0,0,0,0,0.0,0.0,1.0,0.0,,,0,0,0,Helius verified first buyer,2026-08-20 04:46:59
82eRiaHs6upFZ5MY5vyYYuCPyHsMEr3PFjhS9LkoStMk,,,1711431523,0.0,0.0,0.0,0,0,0,0.0,0.0,1.0,0.0,,,0,0,0,Helius verified first buyer,2026-08-20 04:47:22
3DK6Pw1vLbqomqr4M7Fz5RQmD94rpRK8tcag52mNBYyd,,,1711431529,0.0,0.0,0.0,0,0,0,0.0,0.0,1.0,0.0,,,0,0,0,Helius verified first buyer,2026-08-20 04:46:59
Dn7i24bheN6mbtcEVjGBCZ3Rcddc2fmDxcBZWcAFUy4m,,,1711431553,0.0,0.0,0.0,0,0,0,0.0,0.0,1.0,0.0,,,0,0,0,Helius verified first buyer,2026-08-20 04:46:59
HETNBxccGLex3jTbv9ai23i5GBRGVNYBqoFVD2y1Lhgc,,,1711431566,0.0,0.0,0.0,0,0,0,0.0,0.0,1.0,0.0,,,0,0,0,Helius verified first buyer,2026-08-20 04:47:00
GVSC4cZw9d28W6qVmuL67aDoXTdA7Yy7Dvkz4mYVSJ4E,,,1711431588,0.0,0.0,0.0,0,0,0,0.0,0.0,1.0,0.0,,,0,0,0,Helius verified first buyer,2026-08-20 04:47:00
HmYVhPrFHv5yNM783xD4WHcEfhf5qpHDumTqP9tzR8ta,,,1711431593,0.0,0.0,0.0,0,0,0,0.0,0.0,1.0,0.0,,,0,0,0,Helius verified first buyer,2026-08-20 04:47:00
79wQKC5JDDuTa8s2hnj8jfzNDrXdRBUdACinsR4ivHBQ,,,1711431593,0.0,0.0,0.0,0,0,0,0.0,0.0,1.0,0.0,,,0,0,0,Helius verified first buyer,2026-08-20 04:47:01
47s4dB5E6wXJjoK48JtXcJXB699pn4fcbBW3QsHZnydT,,,1711431594,0.0,0.0,0.0,0,0,0,0.0,0.0,1.0,0.0,,,0,0,0,Helius verified first buyer,2026-08-20 04:47:01
H4Qpko4RpWLGDb2hNk95bww9UHabQUqnRdyFoHvFj6pz,,,1711431610,0.0,0.0,0.0,0,0,0,0.0,0.0,1.0,0.0,,,0,0,0,Helius verified first buyer,2026-08-20 04:47:01
HJWh5njmK5LiCWsVG3JLL8e378NcWb6EfDNbp82pTKx,,,1711431613,0.0,0.0,0.0,0,0,0,0.0,0.0,1.0,0.0,,,0,0,0,Helius verified first buyer,2026-08-20 04:47:02
HAn3BwhwE74wYprPYJhiKR6121cJh2GJD8E3sQMuZTNG,,,1711431627,0.0,0.0,0.0,0,0,0,0.0,0.0,1.0,0.0,,,0,0,0,Helius verified first buyer,2026-08-20 04:47:02
Gvrnekx3JfgE2kC5yaRzZwsasnFjakYnzBM3a6HsmSeu,,,1711431637,0.0,0.0,0.0,0,0,0,0.0,0.0,1.0,0.0,,,0,0,0,Helius verified first buyer,2026-08-20 04:47:02
2YkBvCk3yW3e6uKJ4dgKgdBAS7G1BaWkUJXMHMtnCnjz,,,1711431666,0.0,0.0,0.0,0,0,0,0.0,0.0,1.0,0.0,,,0,0,0,Helius verified first buyer,2026-08-20 04:47:03
CyfkyqcsbKRwsbaAS9rpvbtTqvY8L7MUneCcTBtPKKjy,,,1711431681,0.0,0.0,0.0,0,0,0,0.0,0.0,1.0,0.0,,,0,0,0,Helius verified first buyer,2026-08-20 04:47:03
3dsM5fnQvBAtZPkJvTifBqj4thCDLUMPUK8GW6dEsdtb,,,1711431681,0.0,0.0,0.0,0,0,0,0.0,0.0,1.0,0.0,,,0,0,0,Helius verified first buyer,2026-08-20 04:47:03
B6eJo2fuWC5sRx4bdLcZQb22ebuLntVMJQPaLnVRicBB,,,1711431684,0.0,0.0,0.0,0,0,0,0.0,0.0,1.0,0.0,,,0,0,0,Helius verified first buyer,2026-08-20 04:47:03
6sm73E1b1Zag5Qph1nNNrqfwp44ZVra7GXn5J4ETh5qx,,,1711431695,0.0,0.0,0.0,0,0,0,0.0,0.0,1.0,0.0,,,0,0,0,Helius verified first buyer,2026-08-20 04:47:12
HR6vDFp63aAoPnqoVUEAN1N7MKUQ4sdrR4RES5tY3Vez,,,1711431722,0.0,0.0,0.0,0,0,0,0.0,0.0,1.0,0.0,,,0,0,0,Helius verified first buyer,2026-08-20 04:47:04
9WjZbGYPWVzSPtNfjVYjYQg6ak98xj1sAgkdZzbqFUZg,,,1711431724,0.0,0.0,0.0,0,0,0,0.0,0.0,1.0,0.0,,,0,0,0,Helius verified first buyer,2026-08-20 04:47:04
zcm2fwAsb7T6qbrkVKyjAh68wAa86Q5WiT58QHGh8gW,,,1711431738,0.0,0.0,0.0,0,0,0,0.0,0.0,1.0,0.0,,,0,0,0,Helius verified first buyer,2026-08-20 04:47:05
8CkXx46StWoPnheFNysxFXprUFwPqu3VTrmirk5yHaBf,,,1711431746,0.0,0.0,0.0,0,0,0,0.0,0.0,1.0,0.0,,,0,0,0,Helius verified first buyer,2026-08-20 04:47:05
CFE7t5SbRp1KEMiAgQJHJmKE3XTR6bQ6ijpCoV9efhQc,,,1711431811,0.0,0.0,0.0,0,0,0,0.0,0.0,1.0,0.0,,,0,0,0,Helius verified first buyer,2026-08-20 04:47:06
GH9tEfvCBTB7tBXpQUEbc1DhefaXmwqACo7yXRLza3yT,,,1711431815,0.0,0.0,0.0,0,0,0,0.0,0.0,1.0,0.0,,,0,0,0,Helius verified first buyer,2026-08-20 04:47:06
82LFSFQqgV1Fn57LWxnmHnStj3a6e43pCZMkhAxj2RYx,,,1711431824,0.0,0.0,0.0,0,0,0,0.0,0.0,1.0,0.0,,,0,0,0,Helius verified first buyer,2026-08-20 04:47:06
xrdNbr2ehMa5T8GagSHf2np9oc1DkTEVbzn5Q8f2SJN,,,1711431824,0.0,0.0,0.0,0,0,0,0.0,0.0,1.0,0.0,,,0,0,0,Helius verified first buyer,2026-08-20 04:47:06
4rgCxJKVWquqhsQqjjEedZHcTq7MgKRPmFA6v6wXjBwd,,,1711431826,0.0,0.0,0.0,0,0,0,0.0,0.0,1.0,0.0,,,0,0,0,Helius verified first buyer,2026-08-20 04:47:07
3p8wSN93Z5QeyHs5KHC66VY2jQXQfhipS9DsuJoDV7TJ,,,1711431835,0.0,0.0,0.0,0,0,0,0.0,0.0,1.0,0.0,,,0,0,0,Helius verified first buyer,2026-08-20 04:47:07
3mg9FibmFXKvhAuXQN4Q2XyX6ZjMLXWEMYJ13NH2ZNep,,,1711431842,0.0,0.0,0.0,0,0,0,0.0,0.0,1.0,0.0,,,0,0,0,Helius verified first buyer,2026-08-20 04:47:07
6pBfwtQZq7Yeqxmc2aCdNYBBadwowJgTnrBhesaEaikn,,,1711431862,0.0,0.0,0.0,0,0,0,0.0,0.0,1.0,0.0,,,0,0,0,Helius verified first buyer,2026-08-20 04:47:11
6A6x2x5uu32uvJRJyXmiYN2XBgrjRQ2idwcEn73cn6Ln,,,1711431897,0.0,0.0,0.0,0,0,0,0.0,0.0,1.0,0.0,,,0,0,0,Helius verified first buyer,2026-08-20 04:47:12
DdSrhp4MMufptdzgKTZPAaXCGu1PqXacPvxvq2ZviDNY,,,1711431923,0.0,0.0,0.0,0,0,0,0.0,0.0,1.0,0.0,,,0,0,0,Helius verified first buyer,2026-08-20 04:47:12
GqxhoHLzNeRK4w1eeGmgAwZJcCprXrTXp8bmPwsBgyyU,,,1711431940,0.0,0.0,0.0,0,0,0,0.0,0.0,1.0,0.0,,,0,0,0,Helius verified first buyer,2026-08-20 04:47:20
3idWyzKzwebacjZLSCyKhbk7mzGd7a8VPAifCYuviwys,,,1711431971,0.0,0.0,0.0,0,0,0,0.0,0.0,1.0,0.0,,,0,0,0,Helius verified first buyer,2026-08-20 04:47:13
83snQHjEKfjDKFc2a1WkPBmX6jZuy1YVH46S1reuqKwo,,,1711431987,0.0,0.0,0.0,0,0,0,0.0,0.0,1.0,0.0,,,0,0,0,Helius verified first buyer,2026-08-20 04:47:13
2XB3HRX7xLZtgYocinUjS7LFWoj2KX4cf1LyHhVBtj2E,,,1711432056,0.0,0.0,0.0,0,0,0,0.0,0.0,1.0,0.0,,,0,0,0,Helius verified first buyer,2026-08-20 04:47:14
DvEx6r9bsYeBdDxNWxBtFd9L8QtWuFafsHm82kuWi5FY,,,1711432066,0.0,0.0,0.0,0,0,0,0.0,0.0,1.0,0.0,,,0,0,0,Helius verified first buyer,2026-08-20 04:47:14
FXRRr7Ls73gGpyZCmmpWXfxPmS6u19QxUn4npZhS5pi5,,,1711432093,0.0,0.0,0.0,0,0,0,0.0,0.0,1.0,0.0,,,0,0,0,Helius verified first buyer,2026-08-20 04:47:15
F7XvkK4FLE1EmDZfCvVxndBPsyw1qdHmJFDQJxHAHByR,,,1711432116,0.0,0.0,0.0,0,0,0,0.0,0.0,1.0,0.0,,,0,0,0,Helius verified first buyer,2026-08-20 04:47:15
HiiAoFgSgCXXUKP2nCEy9eq8nzUFCjr3mapqnVfruLt,,,1711432135,0.0,0.0,0.0,0,0,0,0.0,0.0,1.0,0.0,,,0,0,0,Helius verified first buyer,2026-08-20 04:47:16
8VU5qjscvCd7fXe52KmdkcnibqqjM1eSBq1E3mWuwcYH,,,1711432140,0.0,0.0,0.0,0,0,0,0.0,0.0,1.0,0.0,,,0,0,0,Helius verified first buyer,2026-08-20 04:47:16
56Bi5jZiPsbyqysGpHKSakzxjNpMpea2yC414Nqm4mN3,,,1711432187,0.0,0.0,0.0,0,0,0,0.0,0.0,1.0,0.0,,,0,0,0,Helius verified first buyer,2026-08-20 04:47:16
3DRANjSb8B4aELMvTTZpyz5M2CfsMWdQuXnHPVBVWz76,,,1711432200,0.0,0.0,0.0,0,0,0,0.0,0.0,1.0,0.0,,,0,0,0,Helius verified first buyer,2026-08-20 04:47:17
FKatx4McpTCuBiLFpGucmVDfDjVrUxDpsh4xed3HjAT,,,1711432214,0.0,0.0,0.0,0,0,0,0.0,0.0,1.0,0.0,,,0,0,0,Helius verified first buyer,2026-08-20 04:47:17
4ce3hGAXFtVLpdEEL1swkmJo74Z47iQHySUZEoWbU4Pu,,,1711432246,0.0,0.0,0.0,0,0,0,0.0,0.0,1.0,0.0,,,0,0,0,Helius verified first buyer,2026-08-20 04:47:17
G87fPGCgR3RygcmdUm3ez4LnEP6GBPT6DLQqsCRgYCfM,,,1711432285,0.0,0.0,0.0,0,0,0,0.0,0.0,1.0,0.0,,,0,0,0,Helius verified first buyer,2026-08-20 04:47:17
GPcx2uPzgPEhdjw1PSqEqmD9mJwqHgEY5rDhPb8S6zhu,,,1711432322,0.0,0.0,0.0,0,0,0,0.0,0.0,1.0,0.0,,,0,0,0,Helius verified first buyer,2026-08-20 04:47:18
EH1RFzxD7EvsuADcsvLzcmXCtT3MHg39JyjKmeVEhLWu,,,1711432391,0.0,0.0,0.0,0,0,0,0.0,0.0,1.0,0.0,,,0,0,0,Helius verified first buyer,2026-08-20 04:47:18
Hkm17r8D8r8QnVerZC9nWcfETFPAXSu5QKefpNNXUjax,,,1711432414,0.0,0.0,0.0,0,0,0,0.0,0.0,1.0,0.0,,,0,0,0,Helius verified first buyer,2026-08-20 04:47:19
8DW1F4V33GrYAFEoNZhPXsAENYxPZeCVBeLJ1n9kBuMn,,,1711432421,0.0,0.0,0.0,0,0,0,0.0,0.0,1.0,0.0,,,0,0,0,Helius verified first buyer,2026-08-20 04:47:20
Aa3A5vHukucBBX3dFgfDhPA9PbaS86Z2LfZvkuD3jCmG,,,1711432435,0.0,0.0,0.0,0,0,0,0.0,0.0,1.0,0.0,,,0,0,0,Helius verified first buyer,2026-08-20 04:47:21
3ms8HfeXPHAGHSemdTmWxonwJSDVd5iZHp1cPB6CQ59d,,,1711432470,0.0,0.0,0.0,0,0,0,0.0,0.0,1.0,0.0,,,0,0,0,Helius verified first buyer,2026-08-20 04:47:21
GQY6KoWpBzwnQvRKv1qqFy2sjjy9gusLqARxy3ovYdi3,,,1711432534,0.0,0.0,0.0,0,0,0,0.0,0.0,1.0,0.0,,,0,0,0,Helius verified first buyer,2026-08-20 04:47:22
AXg3BP4Q4CNwdbn22T8B7ZzvQt8sTLCUvxRHQrg3R9Zy,,,1711432535,0.0,0.0,0.0,0,0,0,0.0,0.0,1.0,0.0,,,0,0,0,Helius verified first buyer,2026-08-20 04:47:21
AWuuNtMJLEcS1ATxzFntBLZUQ5MYf6Tqwhk73nLb9qKu,,,1711432542,0.0,0.0,0.0,0,0,0,0.0,0.0,1.0,0.0,,,0,0,0,Helius verified first buyer,2026-08-20 04:47:22
5ZjgnbitWmHbinK2pqQ9w52tKoLusJc1t2r1rJv4cb7S,,,1711432586,0.0,0.0,0.0,0,0,0,0.0,0.0,1.0,0.0,,,0,0,0,Helius verified first buyer,2026-08-20 04:47:22
HpBT6QceinQDSjhPDr74AmRY2fQFMbgWCwYkvVu7hQg9,,,1711432598,0.0,0.0,0.0,0,0,0,0.0,0.0,1.0,0.0,,,0,0,0,Helius verified first buyer,2026-08-20 04:47:23
FUVx6g6wtCdDhegCVPqteVaKnYACdnLjuYq6jA8VPno8,,,1711432604,0.0,0.0,0.0,0,0,0,0.0,0.0,1.0,0.0,,,0,0,0,Helius verified first buyer,2026-08-20 04:47:23
2SgsVUV1pfSwVzr7WeupCiwnbW3FM7oppA7C3snREFMc,,,1711432609,0.0,0.0,0.0,0,0,0,0.0,0.0,1.0,0.0,,,0,0,0,Helius verified first buyer,2026-08-20 04:47:23
2sxAhYKAA5ZYozXdxVqhamg46EYmBKYQVtE9iLoasz2b,,,1711432643,0.0,0.0,0.0,0,0,0,0.0,0.0,1.0,0.0,,,0,0,0,Helius verified first buyer,2026-08-20 04:47:23
9k4dYaJehNAszAUH5P2oHjWitcNoAXovCaGPwjXfk4kd,,,1711432689,0.0,0.0,0.0,0,0,0,0.0,0.0,1.0,0.0,,,0,0,0,Helius verified first buyer,2026-08-20 04:47:24
3EjVgAG2XRseDSssrUtsR83Wp7Xp53CF3PK57qpLyxTp,,,1711432711,0.0,0.0,0.0,0,0,0,0.0,0.0,1.0,0.0,,,0,0,0,Helius verified first buyer,2026-08-20 04:47:25
aBH4PpAofH5PyiA6WjU1RoSbEdNxWn6g3J7tppiK4DS,,,1711432713,0.0,0.0,0.0,0,0,0,0.0,0.0,1.0,0.0,,,0,0,0,Helius verified first buyer,2026-08-20 04:47:25
4EHD5DMwsoXhGkP2tr43CWkVAXmjMDcWkpyaytgWrfpa,,,1711432715,0.0,0.0,0.0,0,0,0,0.0,0.0,1.0,0.0,,,0,0,0,Helius verified first buyer,2026-08-20 04:47:25
7v6W8gqCUJSkak96GwMbRB1rh3P4nZN22rj9PGYSA2p4,,,1711432730,0.0,0.0,0.0,0,0,0,0.0,0.0,1.0,0.0,,,0,0,0,Helius verified first buyer,2026-08-20 04:47:26
6BsULBVNZcbZ7APLciynBMoJXcWsnG2LSShxrQtkeYbB,,,1711432759,0.0,0.0,0.0,0,0,0,0.0,0.0,1.0,0.0,,,0,0,0,Helius verified first buyer,2026-08-20 04:47:27
8C34ScwuhZyjgkDobbj2K44T923QX8iNhhs5vXtJgdBd,,,1711432772,0.0,0.0,0.0,0,0,0,0.0,0.0,1.0,0.0,,,0,0,0,Helius verified first buyer,2026-08-20 04:47:27
6Eu5ms6QrQK2iRYsJHgXeyiYKawF7yT2N5DBhLjzYyRB,,,1711432823,0.0,0.0,0.0,0,0,0,0.0,0.0,1.0,0.0,,,0,0,0,Helius verified first buyer,2026-08-20 04:47:27
7m9EVAuKj8BauR6xVFAd2DrpzjtJD8EE8zezMsJmZfgK,,,1711432824,0.0,0.0,0.0,0,0,0,0.0,0.0,1.0,0.0,,,0,0,0,Helius verified first buyer,2026-08-20 04:47:28
EWNmAREXR4B47jtT56RDNkjSD8cmMzR9XF3tCZz5A5FN,,,1711432840,0.0,0.0,0.0,0,0,0,0.0,0.0,1.0,0.0,,,0,0,0,Helius verified first buyer,2026-08-20 04:48:43
AERCUL1k1MEptpBn2ia7xk1v8J8korWTU3VEJ7UATUGC,,,1711432848,0.0,0.0,0.0,0,0,0,0.0,0.0,1.0,0.0,,,0,0,0,Helius verified first buyer,2026-08-20 04:47:29
9LkV989i2SrqP4bG6KLHEVWM4iWRyFMKyNw7bbTrNak7,,,1711432863,0.0,0.0,0.0,0,0,0,0.0,0.0,1.0,0.0,,,0,0,0,Helius verified first buyer,2026-08-20 04:47:29
CFXU92h9GtoJFTT47rHBhrX3SuMyGBUPvDzjjYhJ8CCJ,,,1711432892,0.0,0.0,0.0,0,0,0,0.0,0.0,1.0,0.0,,,0,0,0,Helius verified first buyer,2026-08-20 04:47:31
oFk8aWRaWtjzbtWXjPKjn6SSoewCJi8SmEyGxKfEQcj,,,1711432895,0.0,0.0,0.0,0,0,0,0.0,0.0,1.0,0.0,,,0,0,0,Helius verified first buyer,2026-08-20 04:47:31
2yd22PNnneDZGcGLGxBA5R7NbBGJAHf4hggto9AtqHCR,,,1711432898,0.0,0.0,0.0,0,0,0,0.0,0.0,1.0,0.0,,,0,0,0,Helius verified first buyer,2026-08-20 04:47:31
AwtkSXfn3uws6pbB4q6EYtRy3Uq7ceACnmrFvE33S6ic,,,1711432923,0.0,0.0,0.0,0,0,0,0.0,0.0,1.0,0.0,,,0,0,0,Helius verified first buyer,2026-08-20 04:47:32
J6LWCBUu73BBz4LTJvMGWsp6ntMgntqyTCtqYzWFETmb,,,1711432923,0.0,0.0,0.0,0,0,0,0.0,0.0,1.0,0.0,,,0,0,0,Helius verified first buyer,2026-08-20 04:47:32
FhwvVduxyYihBnpXSGSuq8AQP7RZA6GrYLTuMuhQNYiF,,,1711432942,0.0,0.0,0.0,0,0,0,0.0,0.0,1.0,0.0,,,0,0,0,Helius verified first buyer,2026-08-20 04:47:32
4jho6bkon4hUiuM8T1fbFYabRRwTEWrswpwUSJ2DUbHM,,,1711432957,0.0,0.0,0.0,0,0,0,0.0,0.0,1.0,0.0,,,0,0,0,Helius verified first buyer,2026-08-20 04:47:33
E7HmvaLgmbWEsuySXXEJRg82qe1MJZMprVhn39Gwjcvz,,,1711432962,0.0,0.0,0.0,0,0,0,0.0,0.0,1.0,0.0,,,0,0,0,Helius verified first buyer,2026-08-20 04:47:33
C75TWtLNF6WHX69g7FQGsYWy5BkXgpzm3yDDbkTqtXkV,,,1711432986,0.0,0.0,0.0,0,0,0,0.0,0.0,1.0,0.0,,,0,0,0,Helius verified first buyer,2026-08-20 04:47:53
5NNCZPJ8FVbsP7rqWBXQ6v2E9NktfR595rmfNpi3N6Ds,,,1711432990,0.0,0.0,0.0,0,0,0,0.0,0.0,1.0,0.0,,,0,0,0,Helius verified first buyer,2026-08-20 04:47:34
3iuVjWu3LBG37FBkyXiAnZagdFwLo78TDK6Awgrjjjro,,,1711433000,0.0,0.0,0.0,0,0,0,0.0,0.0,1.0,0.0,,,0,0,0,Helius verified first buyer,2026-08-20 04:47:34
JSMqYKokky2TxPNpZFncWGrNX7v4oCj4K6X3ZPG87pf,,,1711433008,0.0,0.0,0.0,0,0,0,0.0,0.0,1.0,0.0,,,0,0,0,Helius verified first buyer,2026-08-20 04:47:34
GsTQNkToJZvKmQwSGHWNnU46kDsd8FVyeEWTQYdG91M4,,,1711433016,0.0,0.0,0.0,0,0,0,0.0,0.0,1.0,0.0,,,0,0,0,Helius verified first buyer,2026-08-20 04:47:35
G5yko5MHmneRNFXvkBg5idqX83SqaA7okUXYwhTo36QL,,,1711433025,0.0,0.0,0.0,0,0,0,0.0,0.0,1.0,0.0,,,0,0,0,Helius verified first buyer,2026-08-20 04:47:35
8Pr1vRyfB4KLZ2bm3WL9WCqrxMinT43ixGFCSCPhgh4w,,,1711433040,0.0,0.0,0.0,0,0,0,0.0,0.0,1.0,0.0,,,0,0,0,Helius verified first buyer,2026-08-20 04:47:36
Bvp1bPX5htdPomoNFqNMSoRCEoNdJ3VV7KosreeLtqL9,,,1711433042,0.0,0.0,0.0,0,0,0,0.0,0.0,1.0,0.0,,,0,0,0,Helius verified first buyer,2026-08-20 04:47:36
mMGWbNWq5J8mrT7VXs65z12GaHUvQYGAu6T4iUPRwRx,,,1711433053,0.0,0.0,0.0,0,0,0,0.0,0.0,1.0,0.0,,,0,0,0,Helius verified first buyer,2026-08-20 04:47:36
B882kUtnRvJpqTkhkuSSbR1cBEzDCM4gGH2tK2fiicAd,,,1711433057,0.0,0.0,0.0,0,0,0,0.0,0.0,1.0,0.0,,,0,0,0,Helius verified first buyer,2026-08-20 04:47:44
H8WkNCzzrRdwcNxnTKVHiuy1EVkooPbt7D6z7Fd2u9V2,,,1711433057,0.0,0.0,0.0,0,0,0,0.0,0.0,1.0,0.0,,,0,0,0,Helius verified first buyer,2026-08-20 04:47:37
2dXxCA9a6Ac28FYywhenGJDa3dpmpH3RioqDWPKsrads,,,1711433080,0.0,0.0,0.0,0,0,0,0.0,0.0,1.0,0.0,,,0,0,0,Helius verified first buyer,2026-08-20 04:47:37
Aq91bzQrmtjGHArp7eyVqaE97SWHsDFerV5gWsCCqZU1,,,1711433083,0.0,0.0,0.0,0,0,0,0.0,0.0,1.0,0.0,,,0,0,0,Helius verified first buyer,2026-08-20 04:47:37
CXGQUsb77mMdzF8NUMzyKSe9PJbdmSkVDMCnnQV5hGwg,,,1711433093,0.0,0.0,0.0,0,0,0,0.0,0.0,1.0,0.0,,,0,0,0,Helius verified first buyer,2026-08-20 04:47:37
J1hvHbJj1PcdXij67wyHWLnRj5i2Ho9zvb7nAZz3LKfD,,,1711433098,0.0,0.0,0.0,0,0,0,0.0,0.0,1.0,0.0,,,0,0,0,Helius verified first buyer,2026-08-20 04:47:38
8BWaa2fLAgPyjDwVKtXQx2wFCGmBrPNfa96hubTvgt2E,,,1711433121,0.0,0.0,0.0,0,0,0,0.0,0.0,1.0,0.0,,,0,0,0,Helius verified first buyer,2026-08-20 04:47:38
J9vkmgMarN3veFkKfAGCoDKx7HTHt9RdsgZmppzJis1U,,,1711433132,0.0,0.0,0.0,0,0,0,0.0,0.0,1.0,0.0,,,0,0,0,Helius verified first buyer,2026-08-20 04:47:38
2VPrvuaa8U22meEaHfxJsm6LpUWXa2XFGp6JWDEeC3mH,,,1711433141,0.0,0.0,0.0,0,0,0,0.0,0.0,1.0,0.0,,,0,0,0,Helius verified first buyer,2026-08-20 04:47:38
DD9kSaHmvRH6XkNDEhK6osLT5kejjQuEki15S6XawqGY,,,1711433144,0.0,0.0,0.0,0,0,0,0.0,0.0,1.0,0.0,,,0,0,0,Helius verified first buyer,2026-08-20 04:47:38
4ets7YKwswrFg9EQfKdF9n9d7cvpGh6rUUtJbRPSLxat,,,1711433148,0.0,0.0,0.0,0,0,0,0.0,0.0,1.0,0.0,,,0,0,0,Helius verified first buyer,2026-08-20 04:47:39
GRRHPp4NtPxLq5pW2muyzJ11ZySwD97VmiQvHf4rHYYH,,,1711433151,0.0,0.0,0.0,0,0,0,0.0,0.0,1.0,0.0,,,0,0,0,Helius verified first buyer,2026-08-20 04:47:39
E3MsBU4GsVb8ArDfMzS8gqtML7vTXBNJ6aMdJ9tzx86a,,,1711433157,0.0,0.0,0.0,0,0,0,0.0,0.0,1.0,0.0,,,0,0,0,Helius verified first buyer,2026-08-20 04:47:39
4MXNewsrtTErytdwxPGxLc7TVojTkUv6Fmxg6WhYXEAQ,,,1711433165,0.0,0.0,0.0,0,0,0,0.0,0.0,1.0,0.0,,,0,0,0,Helius verified first buyer,2026-08-20 04:47:40
CiosukedCg2md4vnS1QbadYApfm51eRrynW4i2yonEdQ,,,1711433176,0.0,0.0,0.0,0,0,0,0.0,0.0,1.0,0.0,,,0,0,0,Helius verified first buyer,2026-08-20 04:47:40
Dxs84z2eSUsREvTsTfeVA7rNHqFHBzvyNkXMpi4wRSGW,,,1711433191,0.0,0.0,0.0,0,0,0,0.0,0.0,1.0,0.0,,,0,0,0,Helius verified first buyer,2026-08-20 04:47:40
fdntanXsXDodWJbGyfyzRY3WTAkzsYQTy48sPf15tVn,,,1711433196,0.0,0.0,0.0,0,0,0,0.0,0.0,1.0,0.0,,,0,0,0,Helius verified first buyer,2026-08-20 04:48:27
AaaLd34RYuSSWdJziBHqFEzVjmRJ22pa2vHHJU5G8Tki,,,1711433202,0.0,0.0,0.0,0,0,0,0.0,0.0,1.0,0.0,,,0,0,0,Helius verified first buyer,2026-08-20 04:47:41
DSY4hvJZJNtr7osDW9fQUTcfNZwESiEvd21uZTJreoSX,,,1711433204,0.0,0.0,0.0,0,0,0,0.0,0.0,1.0,0.0,,,0,0,0,Helius verified first buyer,2026-08-20 04:47:41
7tggB1gSdznVe2VkqoxVgomgdqZfkzDYCbcKdiVXcf9u,,,1711433208,0.0,0.0,0.0,0,0,0,0.0,0.0,1.0,0.0,,,0,0,0,Helius verified first buyer,2026-08-20 04:47:41
2VwerNjRNpLq2KfZXHxVvtLmmSK9hfkk6LwR7wSYZkBZ,,,1711433208,0.0,0.0,0.0,0,0,0,0.0,0.0,1.0,0.0,,,0,0,0,Helius verified first buyer,2026-08-20 04:47:42
4yu6rZSz14BVimybFNGaGPEbek5mtVni92Qw7ig8ooxr,,,1711433210,0.0,0.0,0.0,0,0,0,0.0,0.0,1.0,0.0,,,0,0,0,Helius verified first buyer,2026-08-20 04:47:42
7sPuWLdTeb4fWzzEPDPzKwbrhvgvFiusxZNeFrppN7wB,,,1711433225,0.0,0.0,0.0,0,0,0,0.0,0.0,1.0,0.0,,,0,0,0,Helius verified first buyer,2026-08-20 04:47:42
7onLxggi16VQcptDJSXJ6Sd1LgVawPhdAPoQKg3sgqap,,,1711433227,0.0,0.0,0.0,0,0,0,0.0,0.0,1.0,0.0,,,0,0,0,Helius verified first buyer,2026-08-20 04:47:42
8r5Y6gRPBLoiT4jSGgpMwPPn4PitdSuKqDGPUx2aU5Wh,,,1711433231,0.0,0.0,0.0,0,0,0,0.0,0.0,1.0,0.0,,,0,0,0,Helius verified first buyer,2026-08-20 04:47:42
GGkaqyZhjQMKgKc8NHh4hTM12wY5zcRfoJoBT4PFPYU2,,,1711433234,0.0,0.0,0.0,0,0,0,0.0,0.0,1.0,0.0,,,0,0,0,Helius verified first buyer,2026-08-20 04:47:43
6ZZYRwqWaTH4ZRSqjCAR4djkRzvjFhy193FGDZ9PRrHP,,,1711433238,0.0,0.0,0.0,0,0,0,0.0,0.0,1.0,0.0,,,0,0,0,Helius verified first buyer,2026-08-20 04:47:43
3YAijrBrpdm9uKnoHjSxdgdDmtk5zV8xkXD4Kw1d53jY,,,1711433243,0.0,0.0,0.0,0,0,0,0.0,0.0,1.0,0.0,,,0,0,0,Helius verified first buyer,2026-08-20 04:47:43
3SRaketPsNLJmpz9MT5bDjrzJ5cCSYQy6jrQ6AqsGzXQ,,,1711433245,0.0,0.0,0.0,0,0,0,0.0,0.0,1.0,0.0,,,0,0,0,Helius verified first buyer,2026-08-20 04:47:43
FqgdPU44xKhzNHewfsiZL4MWNzfJbp2yEehAuT9MVv9w,,,1711433251,0.0,0.0,0.0,0,0,0,0.0,0.0,1.0,0.0,,,0,0,0,Helius verified first buyer,2026-08-20 04:47:45
8dhnfCSuKVmxfKkQkSKHv92FJoJQAJKGD7QaYtoR7ey8,,,1711433259,0.0,0.0,0.0,0,0,0,0.0,0.0,1.0,0.0,,,0,0,0,Helius verified first buyer,2026-08-20 04:47:45
3AT5BCfEWQojX7QMQbrNCoYRPKVWHHo9iwbWbBzV9kwM,,,1711433269,0.0,0.0,0.0,0,0,0,0.0,0.0,1.0,0.0,,,0,0,0,Helius verified first buyer,2026-08-20 04:49:14
3NBPSWbwdtj3ofRPNihLRwRThVZDrEQk6X5JbCmCufxV,,,1711433281,0.0,0.0,0.0,0,0,0,0.0,0.0,1.0,0.0,,,0,0,0,Helius verified first buyer,2026-08-20 04:48:20
4gCnFSBe66Pz4SMTKgrQT5NpSErhxRbvdy8F3fDDBru2,,,1711433284,0.0,0.0,0.0,0,0,0,0.0,0.0,1.0,0.0,,,0,0,0,Helius verified first buyer,2026-08-20 04:47:45
E57CfCEiPP8A8yT11kueTqDi42LfHBpyDw2pa5odmRYS,,,1711433290,0.0,0.0,0.0,0,0,0,0.0,0.0,1.0,0.0,,,0,0,0,Helius verified first buyer,2026-08-20 04:47:45
2spaSRgADuL8bwaMYGXqB2kgQHqiw6consCyQh3WNey2,,,1711433292,0.0,0.0,0.0,0,0,0,0.0,0.0,1.0,0.0,,,0,0,0,Helius verified first buyer,2026-08-20 04:47:46
EZfA328nzvyP2nxWX836sxdAgPNLLcitFEx1HKEXNBcZ,,,1711433293,0.0,0.0,0.0,0,0,0,0.0,0.0,1.0,0.0,,,0,0,0,Helius verified first buyer,2026-08-20 04:48:43
2jsHVctvZymbjgcPSpB2TZRWxwF2CrkBkKGwSnnQ7Cst,,,1711433296,0.0,0.0,0.0,0,0,0,0.0,0.0,1.0,0.0,,,0,0,0,Helius verified first buyer,2026-08-20 04:47:46
DzzUcWvekw47bUhvd1ZzYrGhtbZTzyCnHj1d8yN4LMAL,,,1711433297,0.0,0.0,0.0,0,0,0,0.0,0.0,1.0,0.0,,,0,0,0,Helius verified first buyer,2026-08-20 04:47:47
54osaWfZxBNCsJaAgZMyjmDysuk4HkxvGYUB2URRW9Aa,,,1711433299,0.0,0.0,0.0,0,0,0,0.0,0.0,1.0,0.0,,,0,0,0,Helius verified first buyer,2026-08-20 04:47:47
HgcBqfzYXnGtmw6HeL5inWkKNVer1Qy9n1RT2UdvqA7g,,,1711433304,0.0,0.0,0.0,0,0,0,0.0,0.0,1.0,0.0,,,0,0,0,Helius verified first buyer,2026-08-20 04:47:47
HzN2qpkBAKf1tSdJFc3GuGASzCpGmiFWoGkn8G2cdjYg,,,1711433305,0.0,0.0,0.0,0,0,0,0.0,0.0,1.0,0.0,,,0,0,0,Helius verified first buyer,2026-08-20 04:47:47
5vi9Q3o6AxWdmucuZzwaD1aHfSLhQBr6pothJfUpkhZk,,,1711433305,0.0,0.0,0.0,0,0,0,0.0,0.0,1.0,0.0,,,0,0,0,Helius verified first buyer,2026-08-20 04:47:48
6dCv24hvYEHQb9zYWc9HBgHnjF2MMfTmoHnhTrdYHMdG,,,1711433305,0.0,0.0,0.0,0,0,0,0.0,0.0,1.0,0.0,,,0,0,0,Helius verified first buyer,2026-08-20 04:47:48
4cKnfRKAFGajwzTQf7ZzM78b6UTqVcGeUZS2WeHomjZk,,,1711433309,0.0,0.0,0.0,0,0,0,0.0,0.0,1.0,0.0,,,0,0,0,Helius verified first buyer,2026-08-20 04:48:41
77crfouP2NkDAPDDXFYzPxMPraVb57Wghu8uV55rN4WM,,,1711433314,0.0,0.0,0.0,0,0,0,0.0,0.0,1.0,0.0,,,0,0,0,Helius verified first buyer,2026-08-20 04:47:48
9ZUBrziWg6eqrqWkouuEvXk2JPQppbLPc23oE4jzMNSL,,,1711433315,0.0,0.0,0.0,0,0,0,0.0,0.0,1.0,0.0,,,0,0,0,Helius verified first buyer,2026-08-20 04:48:06
B9GekpYtpKmvMd3sA3vSmwS526ZVJtpMx6ZxCsb1h2Kh,,,1711433323,0.0,0.0,0.0,0,0,0,0.0,0.0,1.0,0.0,,,0,0,0,Helius verified first buyer,2026-08-20 04:48:46
21h9z1XEQpbbUehNgUCkgQ91LcrzzWkbYnQyfgv3uRZo,,,1711433324,0.0,0.0,0.0,0,0,0,0.0,0.0,1.0,0.0,,,0,0,0,Helius verified first buyer,2026-08-20 04:47:49
8eMEpnnnzZyxJVwwH7NR9PPbXWWwkq3oeva9k7yGYT1E,,,1711433331,0.0,0.0,0.0,0,0,0,0.0,0.0,1.0,0.0,,,0,0,0,Helius verified first buyer,2026-08-20 04:47:50
AGp1R6yfPb8bURH6Bh1bTC4LxUhyRHabmFmvq6yWUyT6,,,1711433341,0.0,0.0,0.0,0,0,0,0.0,0.0,1.0,0.0,,,0,0,0,Helius verified first buyer,2026-08-20 04:47:50
6oKf8T5tiHMiDWorjjyA2ibzMPTcXRK73ZBSfG2BLbVU,,,1711433341,0.0,0.0,0.0,0,0,0,0.0,0.0,1.0,0.0,,,0,0,0,Helius verified first buyer,2026-08-20 04:47:50
FgEAnXY5LFLFh5xQJEMCAT2mBJ4sWAovW32e8TRb2HEG,,,1711433341,0.0,0.0,0.0,0,0,0,0.0,0.0,1.0,0.0,,,0,0,0,Helius verified first buyer,2026-08-20 04:48:34
EbVfPLk63ByjpYtDi1ADfDCrLBRoACneG6EuDgjZSH8m,,,1711433344,0.0,0.0,0.0,0,0,0,0.0,0.0,1.0,0.0,,,0,0,0,Helius verified first buyer,2026-08-20 04:47:51
GYTrAggNmEo66ktjPYWhiRehDzGL9kr9oNfBMf7TLKbu,,,1711433352,0.0,0.0,0.0,0,0,0,0.0,0.0,1.0,0.0,,,0,0,0,Helius verified first buyer,2026-08-20 04:47:51
9JUrdyhYJYV6FCh2VjA8rxY3NnTcF9yTUvY8MMTQ27iU,,,1711433354,0.0,0.0,0.0,0,0,0,0.0,0.0,1.0,0.0,,,0,0,0,Helius verified first buyer,2026-08-20 04:47:52
F6Wn4N8c6WRDnwRRdWaUQtEAh3e3j4qASyVx9xt7cKEz,,,1711433361,0.0,0.0,0.0,0,0,0,0.0,0.0,1.0,0.0,,,0,0,0,Helius verified first buyer,2026-08-20 04:47:52
CoXccZ3RqJGHQspgei4NdMCW2No1EtTCgevy9CYwaNey,,,1711433367,0.0,0.0,0.0,0,0,0,0.0,0.0,1.0,0.0,,,0,0,0,Helius verified first buyer,2026-08-20 04:47:53
3grUZE4mDemGUgnu3qEQQ9YD6aazevknKFUeT72vcjwU,,,1711433371,0.0,0.0,0.0,0,0,0,0.0,0.0,1.0,0.0,,,0,0,0,Helius verified first buyer,2026-08-20 04:47:53
EAqhJYTdBuDxEEVyiFS4AUgiT5E7k5BJxwNmAsBM8q45,,,1711433372,0.0,0.0,0.0,0,0,0,0.0,0.0,1.0,0.0,,,0,0,0,Helius verified first buyer,2026-08-20 04:47:53
2HoJH5eP6GhQYyzDfkwYGMVoT6BiWddTBTR6oJJ7oc8k,,,1711433376,0.0,0.0,0.0,0,0,0,0.0,0.0,1.0,0.0,,,0,0,0,Helius verified first buyer,2026-08-20 04:47:54
5B9ZRzQphQFGr1PcbpRPbNN95Z9pDFpUZ6TLruyH1oJY,,,1711433378,0.0,0.0,0.0,0,0,0,0.0,0.0,1.0,0.0,,,0,0,0,Helius verified first buyer,2026-08-20 04:47:54
vcomG7VxLJavnUvXnrDckcz91tAU2pmjRyuV4sKWdRy,,,1711433379,0.0,0.0,0.0,0,0,0,0.0,0.0,1.0,0.0,,,0,0,0,Helius verified first buyer,2026-08-20 04:47:54
2h7CBarKy6KMjQ1B2tX686VDYDpP1R1jeGAJUswLmok8,,,1711433396,0.0,0.0,0.0,0,0,0,0.0,0.0,1.0,0.0,,,0,0,0,Helius verified first buyer,2026-08-20 04:48:13
6Je3EzFQmpDPH1gfXsVUx8NEzGuurjXx5GfKmp7eWz2A,,,1711433402,0.0,0.0,0.0,0,0,0,0.0,0.0,1.0,0.0,,,0,0,0,Helius verified first buyer,2026-08-20 04:47:56
FYBbQxDdqXVLAmNb8YWAn3ctA1L283ey7G7236hU94zg,,,1711433402,0.0,0.0,0.0,0,0,0,0.0,0.0,1.0,0.0,,,0,0,0,Helius verified first buyer,2026-08-20 04:47:56
6wguENVpmpJb2p6xAK3uVQyvCgSvahVPJE9kHkeaAzmW,,,1711433403,0.0,0.0,0.0,0,0,0,0.0,0.0,1.0,0.0,,,0,0,0,Helius verified first buyer,2026-08-20 04:47:57
F6gN8BV9g5ck2GHEE3Ao6XzYfXUaCvL9fb7dTxms4iau,,,1711433417,0.0,0.0,0.0,0,0,0,0.0,0.0,1.0,0.0,,,0,0,0,Helius verified first buyer,2026-08-20 04:48:03
Nqx4t6uNMhXwTzye8tzstHGhTuLqFLvhoH9LBz2vaQb,,,1711433420,0.0,0.0,0.0,0,0,0,0.0,0.0,1.0,0.0,,,0,0,0,Helius verified first buyer,2026-08-20 04:48:06
CZdsUNBNtHevwGyyeX1nuQ8Sj26qm1iWLYy1VxTcyE3H,,,1711433428,0.0,0.0,0.0,0,0,0,0.0,0.0,1.0,0.0,,,0,0,0,Helius verified first buyer,2026-08-20 04:48:12
ACtodgYy441YehazwUEVZhcTFeEM1W5TasCNSh55bmkf,,,1711433431,0.0,0.0,0.0,0,0,0,0.0,0.0,1.0,0.0,,,0,0,0,Helius verified first buyer,2026-08-20 04:48:15
B3NbbRUysdw2q9Ant9Vd93QJ3LdzpkKD1MHo4vjroxiE,,,1711433432,0.0,0.0,0.0,0,0,0,0.0,0.0,1.0,0.0,,,0,0,0,Helius verified first buyer,2026-08-20 04:48:16
CiD8PsihxinFWDY9wprwT1jt6QNQ2tUP4ryciPwkqmgB,,,1711433434,0.0,0.0,0.0,0,0,0,0.0,0.0,1.0,0.0,,,0,0,0,Helius verified first buyer,2026-08-20 04:48:17
DgSfY9kop1GLN8UBGCUGABS8NhV9mcPoYYkZUooJrk85,,,1711433442,0.0,0.0,0.0,0,0,0,0.0,0.0,1.0,0.0,,,0,0,0,Helius verified first buyer,2026-08-20 04:48:23
4sNoe1thutqAwoi9QkEA7Pv2PAQrRaMTTR1HLuiGimtE,,,1711433444,0.0,0.0,0.0,0,0,0,0.0,0.0,1.0,0.0,,,0,0,0,Helius verified first buyer,2026-08-20 04:48:23
F26CCRR2LZCqFtNmp6nHLcGfVXhnUZcKHsJdPEmar29h,,,1711433445,0.0,0.0,0.0,0,0,0,0.0,0.0,1.0,0.0,,,0,0,0,Helius verified first buyer,2026-08-20 04:48:35
8H4v26JDrxTwSYMPJi4qtx2om1z512USZSs6ZuceSuqy,,,1711433449,0.0,0.0,0.0,0,0,0,0.0,0.0,1.0,0.0,,,0,0,0,Helius verified first buyer,2026-08-20 04:48:24
46jxeEFzS6rWqJLHnRdKvboYfYMq8MEMDUDo3z3hrHZf,,,1711433449,0.0,0.0,0.0,0,0,0,0.0,0.0,1.0,0.0,,,0,0,0,Helius verified first buyer,2026-08-20 04:48:24
9PNXbXX4QJGRjPyxYCsezpeFqmPmZ8F2mT9zUeL1nMWf,,,1711433456,0.0,0.0,0.0,0,0,0,0.0,0.0,1.0,0.0,,,0,0,0,Helius verified first buyer,2026-08-20 04:48:25
E9SjVR5HRa8L5JUUZTfHfn89Emz5qayWuPnyP8WYQp4i,,,1711433458,0.0,0.0,0.0,0,0,0,0.0,0.0,1.0,0.0,,,0,0,0,Helius verified first buyer,2026-08-20 04:48:25
4Uk1LfRSMGyk66sfvkXa2dWaNLXoDYDdNkbTxia7j4gu,,,1711433460,0.0,0.0,0.0,0,0,0,0.0,0.0,1.0,0.0,,,0,0,0,Helius verified first buyer,2026-08-20 04:48:34
58VnPV3GV9auh55CxDT6Q5ntSCLTzphvVhmoGeGtBmde,,,1711433462,0.0,0.0,0.0,0,0,0,0.0,0.0,1.0,0.0,,,0,0,0,Helius verified first buyer,2026-08-20 04:48:27
pjCqFBAQCycrkhrkUypvBzpLQ1G55Rf3PedM2CBxpBR,,,1711433467,0.0,0.0,0.0,0,0,0,0.0,0.0,1.0,0.0,,,0,0,0,Helius verified first buyer,2026-08-20 04:48:28
AeGj8FMRLCeAr4JkgojptCML4bL56dkmAASFjjLhaj1X,,,1711433467,0.0,0.0,0.0,0,0,0,0.0,0.0,1.0,0.0,,,0,0,0,Helius verified first buyer,2026-08-20 04:48:28
D1P9C9JkhwiHrhwXdAMUzaQvkbkmt83KV5crSVyDz7Eb,,,1711433469,0.0,0.0,0.0,0,0,0,0.0,0.0,1.0,0.0,,,0,0,0,Helius verified first buyer,2026-08-20 04:49:11
EZ754MJneb5AcXDHrMQZvV7KUDKHkKi2CGpbZmgtpZQB,,,1711433471,0.0,0.0,0.0,0,0,0,0.0,0.0,1.0,0.0,,,0,0,0,Helius verified first buyer,2026-08-20 04:48:28
AQ3TaNkcbQohXegzJbm94YHCfnyMRnfyUJxvUMqcLQjD,,,1711433487,0.0,0.0,0.0,0,0,0,0.0,0.0,1.0,0.0,,,0,0,0,Helius verified first buyer,2026-08-20 04:48:29
3J8XbMmM279uAEmQtw3Qb6CPBmeHszFgHMELhx2qqWAK,,,1711433494,0.0,0.0,0.0,0,0,0,0.0,0.0,1.0,0.0,,,0,0,0,Helius verified first buyer,2026-08-20 04:48:30
CcXLnHDCgnbczn73BD1mjt97VpM1ZNQz1Pg5LMav8S2p,,,1711433495,0.0,0.0,0.0,0,0,0,0.0,0.0,1.0,0.0,,,0,0,0,Helius verified first buyer,2026-08-20 04:48:31
HaMwKKfJUz3odMX4hJe8Lttx6Yi6zkDo6v6NawwDaKKc,,,1711433498,0.0,0.0,0.0,0,0,0,0.0,0.0,1.0,0.0,,,0,0,0,Helius verified first buyer,2026-08-20 04:48:31
8FWiAfsbwrzjGxEPuhrRdAo3SF63TwC1rUaqeNAQDzYc,,,1711433505,0.0,0.0,0.0,0,0,0,0.0,0.0,1.0,0.0,,,0,0,0,Helius verified first buyer,2026-08-20 04:48:31
HPkQu4osTzt3reYjYX8CHufGCGgHesc7PqG6WdhcY4p9,,,1711433506,0.0,0.0,0.0,0,0,0,0.0,0.0,1.0,0.0,,,0,0,0,Helius verified first buyer,2026-08-20 04:48:32
2fMm52i3vdCQQoFazzgQ8xpg8J26e4aSA29NachBK9mV,,,1711433507,0.0,0.0,0.0,0,0,0,0.0,0.0,1.0,0.0,,,0,0,0,Helius verified first buyer,2026-08-20 04:48:32
C93rDeVZr8mQgNnvYSV1jejNoWopfcpo1Wd1Sx7uG2qR,,,1711433508,0.0,0.0,0.0,0,0,0,0.0,0.0,1.0,0.0,,,0,0,0,Helius verified first buyer,2026-08-20 04:48:32
GiJaLuhWtWcHFsAEBiGhRpAsxeRh9H5VGaNDb7WJyzpd,,,1711433510,0.0,0.0,0.0,0,0,0,0.0,0.0,1.0,0.0,,,0,0,0,Helius verified first buyer,2026-08-20 04:48:32
2Ju9LC27EQjcqe2UdypxZcgUW13PMyUQadJ4f7qdvA2L,,,1711433512,0.0,0.0,0.0,0,0,0,0.0,0.0,1.0,0.0,,,0,0,0,Helius verified first buyer,2026-08-20 04:48:33
3orUhNtqTLYJPHHTHgHTCgdnH4kDBwxm1cdRXDABM9sD,,,1711433513,0.0,0.0,0.0,0,0,0,0.0,0.0,1.0,0.0,,,0,0,0,Helius verified first buyer,2026-08-20 04:48:33
DVYm9VaWbiCUUqCN8EdgKofZ2siARunsBt81iAoaWdsi,,,1711433513,0.0,0.0,0.0,0,0,0,0.0,0.0,1.0,0.0,,,0,0,0,Helius verified first buyer,2026-08-20 04:48:34
AwZyeTgmDqgPQGiNTr2mWgYtWdEo35KCvioKUx4P3sP6,,,1711433521,0.0,0.0,0.0,0,0,0,0.0,0.0,1.0,0.0,,,0,0,0,Helius verified first buyer,2026-08-20 04:48:34
HamNZgDn8JNTx4dapKiGtB3w6V3xXvYCXB62RBrd2JRm,,,1711433527,0.0,0.0,0.0,0,0,0,0.0,0.0,1.0,0.0,,,0,0,0,Helius verified first buyer,2026-08-20 04:48:35
LKGVG2qu8ViftriJiLTYknWKtuTvnGz8NouhHKHGZt1,,,1711433529,0.0,0.0,0.0,0,0,0,0.0,0.0,1.0,0.0,,,0,0,0,Helius verified first buyer,2026-08-20 04:48:35
GE8AAU6dvG73Dij3tL81SJ1MbVxtUJU6QRwwC5cd3KeZ,,,1711433532,0.0,0.0,0.0,0,0,0,0.0,0.0,1.0,0.0,,,0,0,0,Helius verified first buyer,2026-08-20 04:48:35
4UaQgRgBPDLQB8WnMzYX1hpsuRzjQh7yvShGt4rU7xx7,,,1711433534,0.0,0.0,0.0,0,0,0,0.0,0.0,1.0,0.0,,,0,0,0,Helius verified first buyer,2026-08-20 04:48:36
ZCJY3LxTRVzy6sqRYpzgGZVHaiPdgnwTugnZaRAz36n,,,1711433538,0.0,0.0,0.0,0,0,0,0.0,0.0,1.0,0.0,,,0,0,0,Helius verified first buyer,2026-08-20 04:48:37
C1g84RuyoTiCgnDeXJbbJe2QUnELzwQEPiRtKJwqxkim,,,1711433543,0.0,0.0,0.0,0,0,0,0.0,0.0,1.0,0.0,,,0,0,0,Helius verified first buyer,2026-08-20 04:48:37
5tvu8W3KdhbMPfDq75WC3Zu4PvHUamUqUAxVbnrxZRKR,,,1711433543,0.0,0.0,0.0,0,0,0,0.0,0.0,1.0,0.0,,,0,0,0,Helius verified first buyer,2026-08-20 04:48:37
BhSw133VFUWrNSiWxdR6ycxQkJHP1Ja13K5AHiNwQ1CJ,,,1711433544,0.0,0.0,0.0,0,0,0,0.0,0.0,1.0,0.0,,,0,0,0,Helius verified first buyer,2026-08-20 04:48:37
2q1CZptwafyKvyYd9xEa2m3JpNM8DYTWptGeNbp8ZbHE,,,1711433548,0.0,0.0,0.0,0,0,0,0.0,0.0,1.0,0.0,,,0,0,0,Helius verified first buyer,2026-08-20 04:48:38
BZszYm1G43uZXgoqC3fsZG277dHbWMevMg8D8WB8eeyL,,,1711433551,0.0,0.0,0.0,0,0,0,0.0,0.0,1.0,0.0,,,0,0,0,Helius verified first buyer,2026-08-20 04:48:39
DzssMBG83ySNoizUpGVLvKmvTtzGRf9KFwBQbE15nYcL,,,1711433551,0.0,0.0,0.0,0,0,0,0.0,0.0,1.0,0.0,,,0,0,0,Helius verified first buyer,2026-08-20 04:49:10
5DxtBZQhoqjcy75K6EP9S44jDnCkcfN8E7Wn73yqNkRJ,,,1711433554,0.0,0.0,0.0,0,0,0,0.0,0.0,1.0,0.0,,,0,0,0,Helius verified first buyer,2026-08-20 04:48:39
4vWhXtyb5mPh5ALv1wjDZWg6TGfnuR5qLAyk6moR9h8U,,,1711433561,0.0,0.0,0.0,0,0,0,0.0,0.0,1.0,0.0,,,0,0,0,Helius verified first buyer,2026-08-20 04:48:40
JDLr2w2Ka4nBpbdvuoehuQfZR8nnnb9DPZxVGTpauJ4V,,,1711433561,0.0,0.0,0.0,0,0,0,0.0,0.0,1.0,0.0,,,0,0,0,Helius verified first buyer,2026-08-20 04:48:40
FXBSd53K1WeQhdcD5xkvJ3PBMJ6MXBFCnc1Qs2rq6mrW,,,1711433565,0.0,0.0,0.0,0,0,0,0.0,0.0,1.0,0.0,,,0,0,0,Helius verified first buyer,2026-08-20 04:48:40
EUXqZdzmba5eaNtbroKSDR3eWNv7ZCt4szoTFjRiEBSR,,,1711433568,0.0,0.0,0.0,0,0,0,0.0,0.0,1.0,0.0,,,0,0,0,Helius verified first buyer,2026-08-20 04:48:40
2m2QhnnLa9xJ3iSVpFrfSpjoFE3vdGbAmXHKGcxnyngk,,,1711433568,0.0,0.0,0.0,0,0,0,0.0,0.0,1.0,0.0,,,0,0,0,Helius verified first buyer,2026-08-20 04:48:41
FbfHhdedE8fKtShsrGNRzFz9NW79nEXdHvDqM148Djjn,,,1711433568,0.0,0.0,0.0,0,0,0,0.0,0.0,1.0,0.0,,,0,0,0,Helius verified first buyer,2026-08-20 04:48:41
5HkJbbtyY5hyiDRsu68LaVKhpRpzsMpg4bGbE1g35kEc,,,1711433568,0.0,0.0,0.0,0,0,0,0.0,0.0,1.0,0.0,,,0,0,0,Helius verified first buyer,2026-08-20 04:48:42
D9qAsYSGrEyT5dwG4RFPVGZLrXLjrdX1aAnNfHSBsrTi,,,1711433569,0.0,0.0,0.0,0,0,0,0.0,0.0,1.0,0.0,,,0,0,0,Helius verified first buyer,2026-08-20 04:48:42
FsheaVb9WDLxkUUmRrqfqzjfbNs3EwYo2k5EwNxCdwio,,,1711433570,0.0,0.0,0.0,0,0,0,0.0,0.0,1.0,0.0,,,0,0,0,Helius verified first buyer,2026-08-20 04:48:42
5x8P2cKZcgRXMxVjqhYe3R9jT7fN49FK4zwv3796uckA,,,1711433570,0.0,0.0,0.0,0,0,0,0.0,0.0,1.0,0.0,,,0,0,0,Helius verified first buyer,2026-08-20 04:48:43
Gqs2qNoRzGwwtNzyqpvDeYgP4g4MyLzw4eTACg6Pehgm,,,1711433574,0.0,0.0,0.0,0,0,0,0.0,0.0,1.0,0.0,,,0,0,0,Helius verified first buyer,2026-08-20 04:48:43
6Jyn6wyjsMsGzCJWxgM3Sz1EsoF3X1LPQQZPE6VFMtSD,,,1711433575,0.0,0.0,0.0,0,0,0,0.0,0.0,1.0,0.0,,,0,0,0,Helius verified first buyer,2026-08-20 04:48:44
4os1rLaBw3mybw8Zi55mRPdF7BYXfBShSgMPu5puE3XN,,,1711433581,0.0,0.0,0.0,0,0,0,0.0,0.0,1.0,0.0,,,0,0,0,Helius verified first buyer,2026-08-20 04:48:44
Fst6YcrCDFNuUogTNAncK5M9W5iaCFddzqFU5gi9juin,,,1711433583,0.0,0.0,0.0,0,0,0,0.0,0.0,1.0,0.0,,,0,0,0,Helius verified first buyer,2026-08-20 04:48:44
FjtW7bwDEY5P7dGwKWYMdYRRojMeQxgN6yQUUH2kd2UZ,,,1711433583,0.0,0.0,0.0,0,0,0,0.0,0.0,1.0,0.0,,,0,0,0,Helius verified first buyer,2026-08-20 04:49:11
Dv34wnrt6tgwJyCN59UDm2MDibh4mgyBzm46UMFLD1MM,,,1711433586,0.0,0.0,0.0,0,0,0,0.0,0.0,1.0,0.0,,,0,0,0,Helius verified first buyer,2026-08-20 04:48:44
3My5CE8aPyQ9b3YRr7Na31dB7Dmz6RUxmN7z8DF3dE3F,,,1711433586,0.0,0.0,0.0,0,0,0,0.0,0.0,1.0,0.0,,,0,0,0,Helius verified first buyer,2026-08-20 04:48:45
iFhRoGxESERMtx2xLxYVXS1PmxE3NeRfkk7RzFm7AQH,,,1711433586,0.0,0.0,0.0,0,0,0,0.0,0.0,1.0,0.0,,,0,0,0,Helius verified first buyer,2026-08-20 04:48:45
Tv9o5Mty28JXs2QitL8AJHH7nRZ11jhiLACazSP6BtL,,,1711433589,0.0,0.0,0.0,0,0,0,0.0,0.0,1.0,0.0,,,0,0,0,Helius verified first buyer,2026-08-20 04:48:45
Gunp2m7iFYAeJMxMaKCCbvE9MaTzCysY7vNvwwZHKzPs,,,1711433591,0.0,0.0,0.0,0,0,0,0.0,0.0,1.0,0.0,,,0,0,0,Helius verified first buyer,2026-08-20 04:48:45
BvipXGJUJAfauji1HSs7T7QPJ5sTSd71Pt8L33PoxVFa,,,1711433594,0.0,0.0,0.0,0,0,0,0.0,0.0,1.0,0.0,,,0,0,0,Helius verified first buyer,2026-08-20 04:48:46
J6vsTmKurkaVZYuNQSuNdPz34qSNJLKwHtuoh1iPKQNe,,,1711433605,0.0,0.0,0.0,0,0,0,0.0,0.0,1.0,0.0,,,0,0,0,Helius verified first buyer,2026-08-20 04:48:56
3rajmxe5r7inzjBgaG7yrTcMz7L4xN7Mh5gFCqnSJGKf,,,1711433606,0.0,0.0,0.0,0,0,0,0.0,0.0,1.0,0.0,,,0,0,0,Helius verified first buyer,2026-08-20 04:49:00
D3jL7m4oywoUfJ5dKZCyRm5dbcbUFGFGPWM2pEJRJion,,,1711433611,0.0,0.0,0.0,0,0,0,0.0,0.0,1.0,0.0,,,0,0,0,Helius verified first buyer,2026-08-20 04:49:07
EfRAT2vEs6SqY5kytubD5k61br3WRzGmVv8ouBiSjc9c,,,1711433613,0.0,0.0,0.0,0,0,0,0.0,0.0,1.0,0.0,,,0,0,0,Helius verified first buyer,2026-08-20 04:49:07
xLfo2HsxZG9PvR44k3fdt3RdqZFZNhHn2PtZr9HmxfH,,,1711433615,0.0,0.0,0.0,0,0,0,0.0,0.0,1.0,0.0,,,0,0,0,Helius verified first buyer,2026-08-20 04:49:08
7Uh3Q8gr8owgjoCaLcwcasncgTbBrHHdSX2YWWZpGnc7,,,1711433616,0.0,0.0,0.0,0,0,0,0.0,0.0,1.0,0.0,,,0,0,0,Helius verified first buyer,2026-08-20 04:49:08
A7a18LmXMqaTucuWZ749KR5dHrUAN7929hM1zdrhfoKL,,,1711433621,0.0,0.0,0.0,0,0,0,0.0,0.0,1.0,0.0,,,0,0,0,Helius verified first buyer,2026-08-20 04:49:08
7tUtAdfcX5JKnsoXCSE67TRBAh3XswEDM78rTethNodx,,,1711433640,0.0,0.0,0.0,0,0,0,0.0,0.0,1.0,0.0,,,0,0,0,Helius verified first buyer,2026-08-20 04:49:09
5johFELiSYYuR1PsAKmVSoa5iiknjqoEbCsmTSGQGatZ,,,1711433642,0.0,0.0,0.0,0,0,0,0.0,0.0,1.0,0.0,,,0,0,0,Helius verified first buyer,2026-08-20 04:49:10
3bNgqQw3YC62ARbAxKrWtFWwpz1fn4FHLStB2JbdGjSt,,,1711433650,0.0,0.0,0.0,0,0,0,0.0,0.0,1.0,0.0,,,0,0,0,Helius verified first buyer,2026-08-20 04:49:10
D7Da2krnb1XjaEoSCzZwA4TLnj9jQxApenD8iuWiwMqb,,,1711433653,0.0,0.0,0.0,0,0,0,0.0,0.0,1.0,0.0,,,0,0,0,Helius verified first buyer,2026-08-20 04:49:10
94iNEXFsNZq2ysdo8wrrzHz7LsXfGGTDFwZYdbUsDmNt,,,1711433653,0.0,0.0,0.0,0,0,0,0.0,0.0,1.0,0.0,,,0,0,0,Helius verified first buyer,2026-08-20 04:49:11
DCSpdmiQECBPcmCw8R8UN9RnCK4yQ3JZ18Zza3ghbaEV,,,1711433656,0.0,0.0,0.0,0,0,0,0.0,0.0,1.0,0.0,,,0,0,0,Helius verified first buyer,2026-08-20 04:49:11
4zL2zeJh9eyWkcV3Rb4kbSLrNDBfq1BN2Cxz9PcfmJYk,,,1711433657,0.0,0.0,0.0,0,0,0,0.0,0.0,1.0,0.0,,,0,0,0,Helius verified first buyer,2026-08-20 04:49:12
E2N6FkVSsGjwBywEFsRs8M1BqEW3L5V3YQQ2eD3P68b,,,1711433657,0.0,0.0,0.0,0,0,0,0.0,0.0,1.0,0.0,,,0,0,0,Helius verified first buyer,2026-08-20 04:49:12
2wfuVM1xTHruoFLE79EPioCVHuNNgxdtQYRNG9KGSKCb,,,1711433658,0.0,0.0,0.0,0,0,0,0.0,0.0,1.0,0.0,,,0,0,0,Helius verified first buyer,2026-08-20 04:49:12
4qiRJXHNAB4yZ1RiqgSEtSDvXcmxZGcUQGRWpjbG7dM8,,,1711433660,0.0,0.0,0.0,0,0,0,0.0,0.0,1.0,0.0,,,0,0,0,Helius verified first buyer,2026-08-20 04:49:13
C1hPCnVH1xXBY8kzQmXT1oHAX1ggxaHCQJrTDrdDk1VQ,,,1711433661,0.0,0.0,0.0,0,0,0,0.0,0.0,1.0,0.0,,,0,0,0,Helius verified first buyer,2026-08-20 04:49:13
3PJkL127EtuoQucWK4gULWzzxEM25CgGGEF6r5Jx5xHs,,,1711433661,0.0,0.0,0.0,0,0,0,0.0,0.0,1.0,0.0,,,0,0,0,Helius verified first buyer,2026-08-20 04:49:13
BhqGTWT9NHP2obLeQ3Ygxy6TBdbZAt9kpet3A7TnxFFq,,,1711433661,0.0,0.0,0.0,0,0,0,0.0,0.0,1.0,0.0,,,0,0,0,Helius verified first buyer,2026-08-20 04:49:14
2fim5GGh5ECkeM8RQZErrwtTRGVNnCmopbggYZ8V9U4q,,,1711433662,0.0,0.0,0.0,0,0,0,0.0,0.0,1.0,0.0,,,0,0,0,Helius verified first buyer,2026-08-20 04:49:14
2jJfuPMN3R3Se5c8y7BdeiQDJMKv9wms1z1wG14xJH4H,,,1711433663,0.0,0.0,0.0,0,0,0,0.0,0.0,1.0,0.0,,,0,0,0,Helius verified first buyer,2026-08-20 04:49:14
vpZPSaPJxPqZHnqUpXUKzMXH1ivMctztDBnzKYQC2o1,,,1711433664,0.0,0.0,0.0,0,0,0,0.0,0.0,1.0,0.0,,,0,0,0,Helius verified first buyer,2026-08-20 04:49:15
8cNkxKvoRk1v5aH8rg2sVeWZK3f7m2DwR9ZQXuBPxSg7,,,1787115611,0.0,0.0,0.0,0,0,0,0.0,0.0,1.0,0.0,,,0,0,0,Helius verified first buyer,2026-08-20 04:49:50
2CQgjcdNEo7WtbQLpJTAVcC3Ga61pNvRDTgP5grzctFG,,,1787115611,0.0,0.0,0.0,0,0,0,0.0,0.0,1.0,0.0,,,0,0,0,Helius verified first buyer,2026-08-20 04:49:16
H8bgvrbb1E6WWiyFtKSrWZomkuf54LPcNjVGwoH449bz,,,1787115611,0.0,0.0,0.0,0,0,0,0.0,0.0,1.0,0.0,,,0,0,0,Helius verified first buyer,2026-08-20 04:49:16
DQApNebkK5wCmy92T5c4Z9NePWjP7dC4avpLMzuxadxR,,,1787115611,0.0,0.0,0.0,0,0,0,0.0,0.0,1.0,0.0,,,0,0,0,Helius verified first buyer,2026-08-20 04:49:16
HYKRAt4JpcjnJw5E5Th1uFmvL3MP7E2mNEwKawB5CApZ,,,1787115611,0.0,0.0,0.0,0,0,0,0.0,0.0,1.0,0.0,,,0,0,0,Helius verified first buyer,2026-08-20 04:49:17
BUBBLEtr8BEJZ9PyC2DFYxG58r8tu5PiyAKMVm14hCg9,,,1787115613,0.0,0.0,0.0,0,0,0,0.0,0.0,1.0,0.0,,,0,0,0,Helius verified first buyer,2026-08-20 04:49:17
4PXksRzPkfPVYgAFaJ1cwuaJrHMmAvSSd2kPizYmoe5q,,,1787115613,0.0,0.0,0.0,0,0,0,0.0,0.0,1.0,0.0,,,0,0,0,Helius verified first buyer,2026-08-20 04:49:17
CAvvAFNRfXDWTTDqwgxb9qSyYT8fTuTXWSFwL7Jsz8vT,,,1787115613,0.0,0.0,0.0,0,0,0,0.0,0.0,1.0,0.0,,,0,0,0,Helius verified first buyer,2026-08-20 04:49:18
CANNBqESgoqtP43ZECARVAX7r8EEjEeLNvbj1WgxRmbg,,,1787115613,0.0,0.0,0.0,0,0,0,0.0,0.0,1.0,0.0,,,0,0,0,Helius verified first buyer,2026-08-20 04:49:18
DanKSUbF9mkNja3pc2vfzDRPj8K153a8zYK7xkdudDan,,,1787115616,0.0,0.0,0.0,0,0,0,0.0,0.0,1.0,0.0,,,0,0,0,Helius verified first buyer,2026-08-20 04:49:22
8rGd2dsWBS4qbNL3FG5d5RoM5Kdut8V5RePsF4MVNMbi,,,1787115646,0.0,0.0,0.0,0,0,0,0.0,0.0,1.0,0.0,,,0,0,0,Helius verified first buyer,2026-08-20 04:49:19
BYEkjPAhnGvTYzEZEawTwvHmmaeZKmx9HUumhW9fVDPM,,,1787115646,0.0,0.0,0.0,0,0,0,0.0,0.0,1.0,0.0,,,0,0,0,Helius verified first buyer,2026-08-20 04:49:19
C15sjxRLgWxjSeH9QnhPciaPUXMT83XRLhimhCtcrKpS,,,1787115646,0.0,0.0,0.0,0,0,0,0.0,0.0,1.0,0.0,,,0,0,0,Helius verified first buyer,2026-08-20 04:49:19
HCRqPGwpfoLZsoPEV8Hh6GomK56Mse8qo9TqqvxfG3Ji,,,1787115646,0.0,0.0,0.0,0,0,0,0.0,0.0,1.0,0.0,,,0,0,0,Helius verified first buyer,2026-08-20 04:49:19
4Se5fiNbiPKHH9ZxJE8iuARJe7tbrAVgKzu8qoJJWz1L,,,1787115646,0.0,0.0,0.0,0,0,0,0.0,0.0,1.0,0.0,,,0,0,0,Helius verified first buyer,2026-08-20 04:49:20
CcdtsBBonhjibuzf9vviT29sm2Lnc8PL72ZMFJSpN1mB,,,1787115646,0.0,0.0,0.0,0,0,0,0.0,0.0,1.0,0.0,,,0,0,0,Helius verified first buyer,2026-08-20 04:49:20
7W8SEZv79hk4445o56Fd6RzhbUsozkzGXi8vkc7vNRr8,,,1787115646,0.0,0.0,0.0,0,0,0,0.0,0.0,1.0,0.0,,,0,0,0,Helius verified first buyer,2026-08-20 04:49:27
7q1u1jG9vjahv7dyoqNYwZKmfpKe7yUjrrxyYaZ6dn9m,,,1787115646,0.0,0.0,0.0,0,0,0,0.0,0.0,1.0,0.0,,,0,0,0,Helius verified first buyer,2026-08-20 04:49:20
2vRhXKm7w5VMhSMHLHKA3Hb6YUneKMDxj68xTPYiwZB9,,,1787115646,0.0,0.0,0.0,0,0,0,0.0,0.0,1.0,0.0,,,0,0,0,Helius verified first buyer,2026-08-20 04:49:28
8Tcn1AkBTPDXExQT7baVp4KNjpAuYqqmPVpp5fADkfTp,,,1787115647,0.0,0.0,0.0,0,0,0,0.0,0.0,1.0,0.0,,,0,0,0,Helius verified first buyer,2026-08-20 04:49:21
437VxBF2RXB5CTezmgu9UUJ9e8edwbYFWCSiCxN2kriG,,,1787115666,0.0,0.0,0.0,0,0,0,0.0,0.0,1.0,0.0,,,0,0,0,Helius verified first buyer,2026-08-20 04:49:22
FLJKvaZFtui731hMJvGmwn16PoLW4WMNPzD94cz2mM1R,,,1787115785,0.0,0.0,0.0,0,0,0,0.0,0.0,1.0,0.0,,,0,0,0,Helius verified first buyer,2026-08-20 04:49:22
79M3nAXYc62eUgCDn4S555hw5RFfjFDkA927p8DVZ7J2,,,1787116888,0.0,0.0,0.0,0,0,0,0.0,0.0,1.0,0.0,,,0,0,0,Helius verified first buyer,2026-08-20 04:49:24
J5mgGDHBUcCteFgQUwCqyTyzzKo9JbsSR1vKCfqm46DA,,,1787116889,0.0,0.0,0.0,0,0,0,0.0,0.0,1.0,0.0,,,0,0,0,Helius verified first buyer,2026-08-20 04:49:24
28XmmbBDVXEWQ65Cxi1SL6196Fx1jK6dg6yTiFx5M6eT,,,1787116942,0.0,0.0,0.0,0,0,0,0.0,0.0,1.0,0.0,,,0,0,0,Helius verified first buyer,2026-08-20 04:49:24
Hihx7iLhrzygWqGffCFGv2d2MG6FbWGyA3QnnjCg5eyr,,,1787116946,0.0,0.0,0.0,0,0,0,0.0,0.0,1.0,0.0,,,0,0,0,Helius verified first buyer,2026-08-20 04:49:24
AJjKNTbuU1QaX3EhGZmUAbmByZjRLdLkyZVL9J6fTzDs,,,1787117379,0.0,0.0,0.0,0,0,0,0.0,0.0,1.0,0.0,,,0,0,0,Helius verified first buyer,2026-08-20 04:49:24
75qkgAr8Tm69SpVp3ckdHPVAp1wgwDbF3ZWB7PsPK4ei,,,1787117490,0.0,0.0,0.0,0,0,0,0.0,0.0,1.0,0.0,,,0,0,0,Helius verified first buyer,2026-08-20 04:49:25
GrdTThKATs3PHyGtQn6MiBnRA9JGpHJLtz7D3vB6ZMvL,,,1787117519,0.0,0.0,0.0,0,0,0,0.0,0.0,1.0,0.0,,,0,0,0,Helius verified first buyer,2026-08-20 04:49:50
3X6zgpjCL7FC37okjMbAdJmDpmcwfoExCvJNsrdfbamj,,,1787117733,0.0,0.0,0.0,0,0,0,0.0,0.0,1.0,0.0,,,0,0,0,Helius verified first buyer,2026-08-20 04:49:25
9eNcEmLiRUeAmMrrj89iWCjcd3hngr5YZ2yJ88YWqts7,,,1787118682,0.0,0.0,0.0,0,0,0,0.0,0.0,1.0,0.0,,,0,0,0,Helius verified first buyer,2026-08-20 04:49:25
7nWqXKVWE1eMqxT2WHCsJBB6Tp16yG1tSXXRAhzpDYrf,,,1787118895,0.0,0.0,0.0,0,0,0,0.0,0.0,1.0,0.0,,,0,0,0,Helius verified first buyer,2026-08-20 04:49:26
6Rk1AEXdPcXpZf3NTo1ngniUNqgyRo39xjpSRyYQet4V,,,1787119032,0.0,0.0,0.0,0,0,0,0.0,0.0,1.0,0.0,,,0,0,0,Helius verified first buyer,2026-08-20 04:49:40
jmemehQbZXX7QqNE7Eyi81MdTZw6cEAT6TU4Kinwtru,,,1787119032,0.0,0.0,0.0,0,0,0,0.0,0.0,1.0,0.0,,,0,0,0,Helius verified first buyer,2026-08-20 04:49:26
J7GQP9dEoBMSSzbmyXrJFPCzf3YHb9E2BykWNM5rZE6u,,,1787119032,0.0,0.0,0.0,0,0,0,0.0,0.0,1.0,0.0,,,0,0,0,Helius verified first buyer,2026-08-20 04:49:27
9JynKPTAVp7h8mfS4YmWfcXLUgKMEmjPqpLRQNyZyWQw,,,1787119032,0.0,0.0,0.0,0,0,0,0.0,0.0,1.0,0.0,,,0,0,0,Helius verified first buyer,2026-08-20 04:49:27
GZmUDsn8W1rtopeTgwVgab9rsRGMLVVMfsXwWKD1VS9p,,,1787119032,0.0,0.0,0.0,0,0,0,0.0,0.0,1.0,0.0,,,0,0,0,Helius verified first buyer,2026-08-20 04:49:27
4pNkS6fxA3otRC1fWvHEertoLiR1EL5XiFRRGcVvcnxB,,,1787119032,0.0,0.0,0.0,0,0,0,0.0,0.0,1.0,0.0,,,0,0,0,Helius verified first buyer,2026-08-20 04:49:28
H8ioGeFfkj4FT4hPT5LPNSSdt8zgAdKCWvieusc1nbVn,,,1787119083,0.0,0.0,0.0,0,0,0,0.0,0.0,1.0,0.0,,,0,0,0,Helius verified first buyer,2026-08-20 04:49:28
EaEf6TH8Nd2SThZrPKLkR11U6NojWZEExVL4HiQ1XXuw,,,1787119085,0.0,0.0,0.0,0,0,0,0.0,0.0,1.0,0.0,,,0,0,0,Helius verified first buyer,2026-08-20 04:49:45
C5XYPgRfDoKPjGGBCS2EPm7y4pr3sBSSSYXinCTnxcd8,,,1787119174,0.0,0.0,0.0,0,0,0,0.0,0.0,1.0,0.0,,,0,0,0,Helius verified first buyer,2026-08-20 04:49:35
49p8FtRj58wwERHvk3216hVUqUZKPJCDVnvyJPPWSwqc,,,1787119199,0.0,0.0,0.0,0,0,0,0.0,0.0,1.0,0.0,,,0,0,0,Helius verified first buyer,2026-08-20 04:49:29
AowrJaw84rGhmFFYRTqs3diCHwg8Q5zjMVWmWSfNkQJU,,,1787119199,0.0,0.0,0.0,0,0,0,0.0,0.0,1.0,0.0,,,0,0,0,Helius verified first buyer,2026-08-20 04:49:29
Dq3jd3ZpPHzspQWhnoi6hFELVyTcpRDHTMduaPvXpjZ8,,,1787119199,0.0,0.0,0.0,0,0,0,0.0,0.0,1.0,0.0,,,0,0,0,Helius verified first buyer,2026-08-20 04:49:30
GJbUPSRG46jYWdXUmRXW9G2P8J6qAZ815AHUp4xQPRt6,,,1787119199,0.0,0.0,0.0,0,0,0,0.0,0.0,1.0,0.0,,,0,0,0,Helius verified first buyer,2026-08-20 04:49:30
92pY1qXJAakyGp6UZ5tEDMnk8MkLRkwhb2LbpkJTdbWq,,,1787119199,0.0,0.0,0.0,0,0,0,0.0,0.0,1.0,0.0,,,0,0,0,Helius verified first buyer,2026-08-20 04:49:30
g8J7SWGYyAKFKfXGjbR2oormaG5s942wKE5mhvf4MtV,,,1787119199,0.0,0.0,0.0,0,0,0,0.0,0.0,1.0,0.0,,,0,0,0,Helius verified first buyer,2026-08-20 04:49:31
AmEbL82LhQa36NYDEMd3ooD5TjeLPytPuWHyNTXXvCWh,,,1787119199,0.0,0.0,0.0,0,0,0,0.0,0.0,1.0,0.0,,,0,0,0,Helius verified first buyer,2026-08-20 04:49:31
EXyNF1iX7mVDMChgzPhRaSu4SLjgKpadXoXLZNtMuvxC,,,1787119199,0.0,0.0,0.0,0,0,0,0.0,0.0,1.0,0.0,,,0,0,0,Helius verified first buyer,2026-08-20 04:49:31
BVyEmwFa2WUk7PnzMBbspu86PmgTr2j6NHct4K1ok6ki,,,1787119199,0.0,0.0,0.0,0,0,0,0.0,0.0,1.0,0.0,,,0,0,0,Helius verified first buyer,2026-08-20 04:49:31
7SDG2vyv3avA6te2BzUAZ2pSzRRrMKeazaueAyy6q9na,,,1787119199,0.0,0.0,0.0,0,0,0,0.0,0.0,1.0,0.0,,,0,0,0,Helius verified first buyer,2026-08-20 04:49:32
8qHBtZMpvZxkGATGmX3B7TSoBJpVBrTXAJ3CzKKTKBtG,,,1787119200,0.0,0.0,0.0,0,0,0,0.0,0.0,1.0,0.0,,,0,0,0,Helius verified first buyer,2026-08-20 04:49:32
EBfwKmEiWqng5jB9NP33N8ihy42Np7q554pJ2UrNq15a,,,1787119200,0.0,0.0,0.0,0,0,0,0.0,0.0,1.0,0.0,,,0,0,0,Helius verified first buyer,2026-08-20 04:49:32
HPPaPcLb893XUserhoTMRw437p6JZLcjinYX7MKFc9dj,,,1787119200,0.0,0.0,0.0,0,0,0,0.0,0.0,1.0,0.0,,,0,0,0,Helius verified first buyer,2026-08-20 04:49:34
HQQmLGToWiRQddT2XW7WDJ1v8nueskHVQrihKaEHnNtW,,,1787119200,0.0,0.0,0.0,0,0,0,0.0,0.0,1.0,0.0,,,0,0,0,Helius verified first buyer,2026-08-20 04:49:34
7w75fZ3y3S2HeG6C9JFRVkLpob4Jf3bhGugkuVGtPMWD,,,1787119201,0.0,0.0,0.0,0,0,0,0.0,0.0,1.0,0.0,,,0,0,0,Helius verified first buyer,2026-08-20 04:49:46
Dn9AiXijfuPtN1PWtzaHGiLfDzrr6yvjpEcUWfM6e6WX,,,1787119201,0.0,0.0,0.0,0,0,0,0.0,0.0,1.0,0.0,,,0,0,0,Helius verified first buyer,2026-08-20 04:49:45
GjKjTmzuoAMdxmKHJpQp9PTJLNuvN1SBXAEARr4GEB1c,,,1787119202,0.0,0.0,0.0,0,0,0,0.0,0.0,1.0,0.0,,,0,0,0,Helius verified first buyer,2026-08-20 04:49:46
88887QrRZPZmsstEXsoXXB8E7nbmUDde4Gp5s7jG3ENu,,,1787119202,0.0,0.0,0.0,0,0,0,0.0,0.0,1.0,0.0,,,0,0,0,Helius verified first buyer,2026-08-20 04:49:34
Fn8WJ5afkGJp424indxe9jqNZDjbUDPsMcCm3tP8HEeP,,,1787119202,0.0,0.0,0.0,0,0,0,0.0,0.0,1.0,0.0,,,0,0,0,Helius verified first buyer,2026-08-20 04:49:34
HEm66M9EhejLkD1XLbH8YLkA1vdHCiC55XzSMpjrAfJk,,,1787119228,0.0,0.0,0.0,0,0,0,0.0,0.0,1.0,0.0,,,0,0,0,Helius verified first buyer,2026-08-20 04:49:40
2hGR7huFjQnj9odGmkvdQ2k9JXExKnKHY9qWL35Cog3W,,,1787119241,0.0,0.0,0.0,0,0,0,0.0,0.0,1.0,0.0,,,0,0,0,Helius verified first buyer,2026-08-20 04:49:35
86sGyEQB5LYYiXQD674yrV1Ub5QWKUX9Q8vi4SnpbEcD,,,1787119242,0.0,0.0,0.0,0,0,0,0.0,0.0,1.0,0.0,,,0,0,0,Helius verified first buyer,2026-08-20 04:49:38
Enu7WEfRs5Sj632eoZfdE59E3j6AGC99BaSLHz1vv5k2,,,1787119261,0.0,0.0,0.0,0,0,0,0.0,0.0,1.0,0.0,,,0,0,0,Helius verified first buyer,2026-08-20 04:49:50
7Q6RcQKsmpaRsaK17nuVyxDEWMRcPJUhboHvsqNRgTsR,,,1787119278,0.0,0.0,0.0,0,0,0,0.0,0.0,1.0,0.0,,,0,0,0,Helius verified first buyer,2026-08-20 04:49:47
FVK6Jyc2xjAw3GEqu5GhRnwWVKAxGkERShDKpUsy7CPn,,,1787119281,0.0,0.0,0.0,0,0,0,0.0,0.0,1.0,0.0,,,0,0,0,Helius verified first buyer,2026-08-20 04:49:38
4GECRE2bm45JxvhaiJYDBYfjb9byq31ahj5CwhMQGq3H,,,1787119477,0.0,0.0,0.0,0,0,0,0.0,0.0,1.0,0.0,,,0,0,0,Helius verified first buyer,2026-08-20 04:49:39
AJ8Gc1cYzDQmQVyWFnHyJAKV5QK5ysz5ML9NuK3xvJRt,,,1787119478,0.0,0.0,0.0,0,0,0,0.0,0.0,1.0,0.0,,,0,0,0,Helius verified first buyer,2026-08-20 04:49:45
nya666pQkP3PzWxi7JngU3rRMHuc7zbLK8c8wxQ4qpT,,,1787119478,0.0,0.0,0.0,0,0,0,0.0,0.0,1.0,0.0,,,0,0,0,Helius verified first buyer,2026-08-20 04:49:40
hDXGUPwWr2NAF4hhU6jigxBYMi7XqFdDmRXQbSRCdKS,,,1787119479,0.0,0.0,0.0,0,0,0,0.0,0.0,1.0,0.0,,,0,0,0,Helius verified first buyer,2026-08-20 04:49:40
86ugEi2Fo5oZCHVHc9MzMDk7Tht8bzni694qpk3G5t95,,,1787119667,0.0,0.0,0.0,0,0,0,0.0,0.0,1.0,0.0,,,0,0,0,Helius verified first buyer,2026-08-20 04:49:48
6qXxntaMsMWkZhLpQTSGu1MF9jhsrS2CJpZsdFdY22yb,,,1787120123,0.0,0.0,0.0,0,0,0,0.0,0.0,1.0,0.0,,,0,0,0,Helius verified first buyer,2026-08-20 04:49:41
FyPfyDqfRse7dbaps7hmKwHZZg2Cpmj7Y8p9fmDpXYJ5,,,1787120920,0.0,0.0,0.0,0,0,0,0.0,0.0,1.0,0.0,,,0,0,0,Helius verified first buyer,2026-08-20 04:49:41
BSmPruaCau8reUD67UPkMABjJ5U2WAe1nfLacB6UZ5NZ,,,1787121030,0.0,0.0,0.0,0,0,0,0.0,0.0,1.0,0.0,,,0,0,0,Helius verified first buyer,2026-08-20 04:49:41
AsZgZ2TXTdyUVYyFWLVZWiffgbRjhRxCmMUxWaaRpr4N,,,1787122721,0.0,0.0,0.0,0,0,0,0.0,0.0,1.0,0.0,,,0,0,0,Helius verified first buyer,2026-08-20 04:49:48
AQqHdgmKTPoTHdTHb1vacsVcgziK7jfGwwHvbriYt2Rm,,,1787122877,0.0,0.0,0.0,0,0,0,0.0,0.0,1.0,0.0,,,0,0,0,Helius verified first buyer,2026-08-20 04:49:42
3aEoBZFwEPB6LeSixoWucBWXFpjRxTESi4vkssZHB6JU,,,1787122877,0.0,0.0,0.0,0,0,0,0.0,0.0,1.0,0.0,,,0,0,0,Helius verified first buyer,2026-08-20 04:49:42
26raUr6xYEsC8FKS4FPGYBZQPX51duBfHBvJeCRBpomo,,,1787122878,0.0,0.0,0.0,0,0,0,0.0,0.0,1.0,0.0,,,0,0,0,Helius verified first buyer,2026-08-20 04:49:42
FX5z1myknxXXKjezZT2EsburSSohjpMsGuHmC6snWKhb,,,1787122916,0.0,0.0,0.0,0,0,0,0.0,0.0,1.0,0.0,,,0,0,0,Helius verified first buyer,2026-08-20 04:49:42
4sEXuM3Mgt4rEykSFvBn2QXxw6K2ATEFcxLA23WHUpeF,,,1787123180,0.0,0.0,0.0,0,0,0,0.0,0.0,1.0,0.0,,,0,0,0,Helius verified first buyer,2026-08-20 04:49:43
FTZGYndWM9Gmjt1mCQah1cahUMpwMv55cDcETxcRCpoE,,,1787123259,0.0,0.0,0.0,0,0,0,0.0,0.0,1.0,0.0,,,0,0,0,Helius verified first buyer,2026-08-20 04:49:43
DwuKDPu6wpVhq1SsZuD2CSqhVrmziZzXkGmwRDB59vDo,,,1787123463,0.0,0.0,0.0,0,0,0,0.0,0.0,1.0,0.0,,,0,0,0,Helius verified first buyer,2026-08-20 04:49:44
tptsJeAeNyTHMDcTZap7u468eDmZmWGoPXhRLiSNWQP,,,1787123855,0.0,0.0,0.0,0,0,0,0.0,0.0,1.0,0.0,,,0,0,0,Helius verified first buyer,2026-08-20 04:49:44
GX5w7b9gYgjZSzuSYDqRmT6quL9BZsN3fRpLJMmALnb7,,,1787124301,0.0,0.0,0.0,0,0,0,0.0,0.0,1.0,0.0,,,0,0,0,Helius verified first buyer,2026-08-20 04:49:45
F43GGGAhdGkvkhzx58UoK2FZqXDrFthKb9uVHg3PT2eo,,,1787124405,0.0,0.0,0.0,0,0,0,0.0,0.0,1.0,0.0,,,0,0,0,Helius verified first buyer,2026-08-20 04:49:46
8DpMLtiogSukN91oKxwfVABevQSm92GZ2kcUiY7qid2b,,,1787124420,0.0,0.0,0.0,0,0,0,0.0,0.0,1.0,0.0,,,0,0,0,Helius verified first buyer,2026-08-20 04:49:46
B3avppZ4euk1qrBgp4WohPrnNZzTnGiRB9jmHuVZZo4T,,,1787124427,0.0,0.0,0.0,0,0,0,0.0,0.0,1.0,0.0,,,0,0,0,Helius verified first buyer,2026-08-20 04:49:47
3PbbPBwb58jsf6SkHmXk6Y39VyBEUiNGo2mCQJFg14ht,,,1787124519,0.0,0.0,0.0,0,0,0,0.0,0.0,1.0,0.0,,,0,0,0,Helius verified first buyer,2026-08-20 04:49:47
68UmihAjkWUcJ333TynMkKbPKthhTzYt7Gy65o1PsWLp,,,1787124520,0.0,0.0,0.0,0,0,0,0.0,0.0,1.0,0.0,,,0,0,0,Helius verified first buyer,2026-08-20 04:49:48
8TZbEXQ1pd2nRw89QU4E7QJKi2n5NFkH8WsbmxVh9gkf,,,1787124636,0.0,0.0,0.0,0,0,0,0.0,0.0,1.0,0.0,,,0,0,0,Helius verified first buyer,2026-08-20 04:49:48
A3nuXDNTVh21TBKB2WxRvawhHFmMpCKzuB1fCMPfjUZd,,,1787124784,0.0,0.0,0.0,0,0,0,0.0,0.0,1.0,0.0,,,0,0,0,Helius verified first buyer,2026-08-20 04:49:49
FGyT7fu7nML4HrcQf8oL3NRBrfVeH1Z5hRwfacHCcQB,,,1787125074,0.0,0.0,0.0,0,0,0,0.0,0.0,1.0,0.0,,,0,0,0,Helius verified first buyer,2026-08-20 04:49:53
HRVCpvE7WeJ8fC42ThDWRmiyBMJJV7K5U32FpTBHk2Ji,,,1787133819,0.0,0.0,0.0,0,0,0,0.0,0.0,1.0,0.0,,,0,0,0,Helius verified first buyer,2026-08-20 04:49:51
3Q27Umwym2CKZzThRTebVAbSc6QRfdXYtWANYzZrYHt5,,,1787168574,0.0,0.0,0.0,0,0,0,0.0,0.0,1.0,0.0,,,0,0,0,Helius verified first buyer,2026-08-20 04:49:52
DserPanr9aQHdshCCizCD55JBmEnY6VU8rWEMoWdRd9J,,,1787115185,0.0,0.0,0.0,0,0,0,0.0,0.0,1.0,0.0,,,0,0,0,Helius verified first buyer,2026-08-20 04:49:54
8xpsZnf7SEkPcLQ7Qqjtagwiv58ik5kLZDTEFDFUHewj,,,1787115185,0.0,0.0,0.0,0,0,0,0.0,0.0,1.0,0.0,,,0,0,0,Helius verified first buyer,2026-08-20 04:49:54
GsiK6eFaM13NukE3KRHs1zaFYXeVEkbGbV8vDkTPseUP,,,1787115185,0.0,0.0,0.0,0,0,0,0.0,0.0,1.0,0.0,,,0,0,0,Helius verified first buyer,2026-08-20 04:49:55
4Phdts4RfkrL2MArQEx6uDXtSXAfMz4F7VAp4rd2Q8s5,,,1787115185,0.0,0.0,0.0,0,0,0,0.0,0.0,1.0,0.0,,,0,0,0,Helius verified first buyer,2026-08-20 04:54:31
AFxaKeEJKuLc6tSnJ5Q2bUgoXYpH9QkjpM3jXV1bsqeZ,,,1787115185,0.0,0.0,0.0,0,0,0,0.0,0.0,1.0,0.0,,,0,0,0,Helius verified first buyer,2026-08-20 04:49:55
27HFmP7ccLadGswvQfvea4o3juLw75cPF4V6jWpHM3MX,,,1787115185,0.0,0.0,0.0,0,0,0,0.0,0.0,1.0,0.3,,,0,0,0,Helius verified first buyer,2026-08-20 05:03:41
pornhubJKnboZ5DabZKvSW9CW1ZmXLDKQJgNYYQ44Ep,,,1787115185,0.0,0.0,0.0,0,0,0,0.0,0.0,1.0,0.3,,,0,0,0,Helius verified first buyer,2026-08-20 05:03:41
Fs9RN3wAsuJKPbTmtX5eek1bhW5krNH8RkQxkFAtgNfR,,,1787115185,0.0,0.0,0.0,0,0,0,0.0,0.0,1.0,0.3,,,0,0,0,Helius verified first buyer,2026-08-20 05:03:42
9zQVYhTk9AFKYGxQTsXVWNLByvKthTeV26uuKRpDpwEx,,,1787115187,0.0,0.0,0.0,0,0,0,0.0,0.0,1.0,0.0,,,0,0,0,Helius verified first buyer,2026-08-20 04:49:56
CzTeu1upEN9sgjR6JsijvngGv6SdaMZunTeQFDCFHsHW,,,1787115187,0.0,0.0,0.0,0,0,0,0.0,0.0,1.0,0.3,,,0,0,0,Helius verified first buyer,2026-08-20 04:58:49
DKPEwbWaLyuAmx6y2hGVxQ3zFccxB7WKWkvBAEcSDP5S,,,1787115187,0.0,0.0,0.0,0,0,0,0.0,0.0,1.0,0.3,,,0,0,0,Helius verified first buyer,2026-08-20 04:54:39
E83AvoFVWPbVx6m5TvCQytifvBts7p1YF6f4bbNVoydU,,,1787115187,0.0,0.0,0.0,0,0,0,0.0,0.0,1.0,0.3,,,0,0,0,Helius verified first buyer,2026-08-20 04:54:41
C8aPw4t6KXpiUqiCCsPGH4qeQXLv89qPx2hVgQew3wnT,,,1787115187,0.0,0.0,0.0,0,0,0,0.0,0.0,1.0,0.3,,,0,0,0,Helius verified first buyer,2026-08-20 04:54:41
DfMnwKMM4k3RRrESvKMPW3vjU1NzLEZkCi3YsKCxsrZQ,,,1787115189,0.0,0.0,0.0,0,0,0,0.0,0.0,1.0,0.0,,,0,0,0,Helius verified first buyer,2026-08-20 04:49:58
4xGhorJ9vcPSX71RbjXyqZH7kPN8oSVQWz7MfXogPfgZ,,,1787115189,0.0,0.0,0.0,0,0,0,0.0,0.0,1.0,0.3,,,0,0,0,Helius verified first buyer,2026-08-20 05:03:43
AEna42AkgYrJP2qVig6tkZg3YVNatJzrWxJQd4nBKSJF,,,1787115189,0.0,0.0,0.0,0,0,0,0.0,0.0,1.0,0.3,,,0,0,0,Helius verified first buyer,2026-08-20 05:03:44
Dc92LRYPttd4g8poBnZTquj6zHqgnJMmRGjomcXb9Cgk,,,1787115189,0.0,0.0,0.0,0,0,0,0.0,0.0,1.0,0.3,,,0,0,0,Helius verified first buyer,2026-08-20 05:03:44
B3rfXogEbEmqWtx8ZaFjuifoLCbU947ipvPkFCV668UU,,,1787115191,0.0,0.0,0.0,0,0,0,0.0,0.0,1.0,0.0,,,0,0,0,Helius verified first buyer,2026-08-20 04:49:59
AqMoKz922NEWTfqHankMJBYK6iKqe6CqLasVf85hfRsW,,,1787115201,0.0,0.0,0.0,0,0,0,0.0,0.0,1.0,0.3,,,0,0,0,Helius verified first buyer,2026-08-20 04:55:31
7K8JxX9wEiNw6pMoP5fCX8jQ9dqRenKe6ucZRN7aVRoa,,,1787115202,0.0,0.0,0.0,0,0,0,0.0,0.0,1.0,0.3,,,0,0,0,Helius verified first buyer,2026-08-20 04:54:56
8DDA1enAgjGCDo3efdcGLwkPaWQ1MBvxSBQ7Py2tmmUv,,,1787115202,0.0,0.0,0.0,0,0,0,0.0,0.0,1.0,0.3,,,0,0,0,Helius verified first buyer,2026-08-20 04:54:56
5W4TAAdV95H8s6JWZU1n3emGmutUt6U7F89sUZo3k1Bv,,,1787115202,0.0,0.0,0.0,0,0,0,0.0,0.0,1.0,0.3,,,0,0,0,Helius verified first buyer,2026-08-20 05:03:48
AyE1dtZRNXvURHsntMmXHtJdGdH34uK5vdbLV1qXd6To,,,1787115204,0.0,0.0,0.0,0,0,0,0.0,0.0,1.0,0.3,,,0,0,0,Helius verified first buyer,2026-08-20 04:58:55
UHFsHh9trG538evUnJGDEqa71HDLcFT2T9DRRgpyibu,,,1787115205,0.0,0.0,0.0,0,0,0,0.0,0.0,1.0,0.0,,,0,0,0,Helius verified first buyer,2026-08-20 04:50:01
H33ULUJ5MjJ4GHGk84HGRmATfM5bmvhawuNdW6xdQut5,,,1787115212,0.0,0.0,0.0,0,0,0,0.0,0.0,1.0,0.0,,,0,0,0,Helius verified first buyer,2026-08-20 04:50:01
EsxGpkLADnjLKVM1A3m8GtFFc1GUYjc76X2Tu9zHhrKF,,,1787115212,0.0,0.0,0.0,0,0,0,0.0,0.0,1.0,0.3,,,0,0,0,Helius verified first buyer,2026-08-20 04:55:03
yD15GhkAH5tgGhXN87Ln7hGv7yTAZV8YLBGZe1ejsT3,,,1787115227,0.0,0.0,0.0,0,0,0,0.0,0.0,1.0,0.3,,,0,0,0,Helius verified first buyer,2026-08-20 04:55:25
5n2umv17r7Yphdnm3TWW7PHQwcWahPWdoxoUSK9YF4C4,,,1787115227,0.0,0.0,0.0,0,0,0,0.0,0.0,1.0,0.3,,,0,0,0,Helius verified first buyer,2026-08-20 04:55:26
6Vic2NCZpu5J3mJfN396Q2xW5b7SsX7rj6LpZHAhtett,,,1787115227,0.0,0.0,0.0,0,0,0,0.0,0.0,1.0,0.0,,,0,0,0,Helius verified first buyer,2026-08-20 04:50:03
3HHixHPPwDmQHVGpfP5HgVsNh45AyAu2FJA5N1qZrexz,,,1787115228,0.0,0.0,0.0,0,0,0,0.0,0.0,1.0,0.0,,,0,0,0,Helius verified first buyer,2026-08-20 04:50:03
EvUK4rai4hxC3r1YmpgQcWnyUAnXumJjJU59pWobeUC5,,,1787115229,0.0,0.0,0.0,0,0,0,0.0,0.0,1.0,0.0,,,0,0,0,Helius verified first buyer,2026-08-20 04:50:04
3uytk7UPChyPvPD6XykjEAW7dmciA1ktpDy5PSnbJr6q,,,1787115230,0.0,0.0,0.0,0,0,0,0.0,0.0,1.0,0.0,,,0,0,0,Helius verified first buyer,2026-08-20 04:50:04
9xgodU88MR5h7sMXvU1x2TQJRkTdb8cr3bPemmM7PBMn,,,1787115230,0.0,0.0,0.0,0,0,0,0.0,0.0,1.0,0.0,,,0,0,0,Helius verified first buyer,2026-08-20 04:50:04
2AK1eKRcUhKZ9eUa5oqdfUcWQcLHYH4rGJg4wY2MMCWD,,,1787115231,0.0,0.0,0.0,0,0,0,0.0,0.0,1.0,0.0,,,0,0,0,Helius verified first buyer,2026-08-20 04:50:05
2KiU5j1XBqrwpceZCb81PxSVNSoNtT9P3zKGJCsLqerU,,,1787115232,0.0,0.0,0.0,0,0,0,0.0,0.0,1.0,0.0,,,0,0,0,Helius verified first buyer,2026-08-20 04:50:05
ATaqfkx9paAdmQ4SCr2ypquSLkiP3YD3oBJBkTxwtknR,,,1787115233,0.0,0.0,0.0,0,0,0,0.0,0.0,1.0,0.0,,,0,0,0,Helius verified first buyer,2026-08-20 04:50:05
Gqat3QvF9AUZZzF4uRJX33HqCGMwAdRVK6dBbu2Wz36y,,,1787115235,0.0,0.0,0.0,0,0,0,0.0,0.0,1.0,0.0,,,0,0,0,Helius verified first buyer,2026-08-20 04:53:40
3hHBckikvxCiDAXxGHipc5AGLfYLxNNTKCQRT2K3CheK,,,1787115235,0.0,0.0,0.0,0,0,0,0.0,0.0,1.0,0.0,,,0,0,0,Helius verified first buyer,2026-08-20 04:50:06
7uubqWANotmX3KU9mdVUNzP1FXpLBWBkk5ArHquKYDfH,,,1787115235,0.0,0.0,0.0,0,0,0,0.0,0.0,1.0,0.0,,,0,0,0,Helius verified first buyer,2026-08-20 04:50:06
BkkVCXDmhNawffJeND4CbCudeUxi9ssSDpB2XHYCe6mQ,,,1787115236,0.0,0.0,0.0,0,0,0,0.0,0.0,1.0,0.0,,,0,0,0,Helius verified first buyer,2026-08-20 04:50:06
H4gFPyEM9ukBj9gzKArFBaH1TZD49ASDMuQtTDMu99tf,,,1787115236,0.0,0.0,0.0,0,0,0,0.0,0.0,1.0,0.0,,,0,0,0,Helius verified first buyer,2026-08-20 04:53:30
CN263PCiwQYrCHJmJQERiNM9CvncXGXRPdQnGDZ7gGhv,,,1787115237,0.0,0.0,0.0,0,0,0,0.0,0.0,1.0,0.0,,,0,0,0,Helius verified first buyer,2026-08-20 04:50:07
4eK4LkNgNG8Qx278PHakBHxitNXF97vnhxewDVzF81x5,,,1787115237,0.0,0.0,0.0,0,0,0,0.0,0.0,1.0,0.0,,,0,0,0,Helius verified first buyer,2026-08-20 04:50:07
5csH788B8DAJ4zTNW2EBcsiQA2wDbTWzpmWdGUu8tApu,,,1787115238,0.0,0.0,0.0,0,0,0,0.0,0.0,1.0,0.0,,,0,0,0,Helius verified first buyer,2026-08-20 04:50:08
H8RkV3eKBeUnMswUwyBrhdJ1rQDWY3fjiPN3jca2d4h8,,,1787115238,0.0,0.0,0.0,0,0,0,0.0,0.0,1.0,0.0,,,0,0,0,Helius verified first buyer,2026-08-20 04:50:08
3tTi5f5xxZKMXo2SobApbHiJgsg96vBvpeuzPFRoyYdn,,,1787115240,0.0,0.0,0.0,0,0,0,0.0,0.0,1.0,0.0,,,0,0,0,Helius verified first buyer,2026-08-20 04:50:09
bJ9VyZAx5XSADSQyQbmcbB1AYUiWZmSRUPVNAZAH9Je,,,1787115240,0.0,0.0,0.0,0,0,0,0.0,0.0,1.0,0.0,,,0,0,0,Helius verified first buyer,2026-08-20 04:50:09
DsxShBLLXcDCiP99oKm8cRHyKMpuVxTmwChmoxfzaApB,,,1787115240,0.0,0.0,0.0,0,0,0,0.0,0.0,1.0,0.0,,,0,0,0,Helius verified first buyer,2026-08-20 04:50:09
5yKqiXDpGaAG5VNYC5N6MrSiuPkyLKeVeCJ1YHtcME2B,,,1787115240,0.0,0.0,0.0,0,0,0,0.0,0.0,1.0,0.0,,,0,0,0,Helius verified first buyer,2026-08-20 04:50:09
c7LWoMyzsk4QFwXYdr5vyu13Hy3EBnMV1SE9jc97Rd7,,,1787115240,0.0,0.0,0.0,0,0,0,0.0,0.0,1.0,0.0,,,0,0,0,Helius verified first buyer,2026-08-20 04:50:10
5dCq21snzCzshfxRuvcWu7jfcDUD6S7xdSxcxtmTad7D,,,1787115240,0.0,0.0,0.0,0,0,0,0.0,0.0,1.0,0.0,,,0,0,0,Helius verified first buyer,2026-08-20 04:53:46
6xqBF3ANaVJ5fAYoCScQQQFVtmb5USTED4AKSmMoH4Yb,,,1787115240,0.0,0.0,0.0,0,0,0,0.0,0.0,1.0,0.0,,,0,0,0,Helius verified first buyer,2026-08-20 04:53:37
EFCLf22H2cs93XuGs8EfdMUHEfy7cWBLA5BFzEBuua5h,,,1787115240,0.0,0.0,0.0,0,0,0,0.0,0.0,1.0,0.0,,,0,0,0,Helius verified first buyer,2026-08-20 04:50:11
2nLTkbBkLeUNjs258suk8z78wvcidm8iYAgbe6GfUkew,,,1787115241,0.0,0.0,0.0,0,0,0,0.0,0.0,1.0,0.0,,,0,0,0,Helius verified first buyer,2026-08-20 04:50:11
3DvomtR8ieTaCCCo8WMFsaqjcLKYYazsLLKLoV4R4PZT,,,1787115241,0.0,0.0,0.0,0,0,0,0.0,0.0,1.0,0.0,,,0,0,0,Helius verified first buyer,2026-08-20 04:50:12
9A1o8CHfYp2B5opELquHFsvCHUUBhFXXZBVpvJmGRFWk,,,1787115242,0.0,0.0,0.0,0,0,0,0.0,0.0,1.0,0.0,,,0,0,0,Helius verified first buyer,2026-08-20 04:50:12
Hv8P9HAy4B3EjF7MKtoHxnXpdcxkFtcv4E8EMVtGpeez,,,1787115243,0.0,0.0,0.0,0,0,0,0.0,0.0,1.0,0.0,,,0,0,0,Helius verified first buyer,2026-08-20 04:53:47
GnfqgSmifBrXwx156VhvTMVmHKhz2L8hXiBv4Nm8vVSB,,,1787115243,0.0,0.0,0.0,0,0,0,0.0,0.0,1.0,0.0,,,0,0,0,Helius verified first buyer,2026-08-20 04:50:13
DrSJngtonWDm62inRSWX5mDKqb7KzahEmPHp7tomcEwv,,,1787115243,0.0,0.0,0.0,0,0,0,0.0,0.0,1.0,0.0,,,0,0,0,Helius verified first buyer,2026-08-20 04:50:13
Brp2miRRajRPdmBvU9bUYBdt8JDdeBGWx2b9ej3G9iH3,,,1787115243,0.0,0.0,0.0,0,0,0,0.0,0.0,1.0,0.0,,,0,0,0,Helius verified first buyer,2026-08-20 04:50:13
D2WVY8CGH2HUA3ykYDP495zjf8xv9FntDC83x46fqax9,,,1787115244,0.0,0.0,0.0,0,0,0,0.0,0.0,1.0,0.0,,,0,0,0,Helius verified first buyer,2026-08-20 04:53:33
FabedwXgMn3kRE1VNA8NgXYFLSAcwhbUFmiC3hGB9v8c,,,1787115244,0.0,0.0,0.0,0,0,0,0.0,0.0,1.0,0.0,,,0,0,0,Helius verified first buyer,2026-08-20 04:50:14
ABg1PUnX66zqzbf9vFMKzHvmyVEnb4oWyh18yDJQWTLA,,,1787115245,0.0,0.0,0.0,0,0,0,0.0,0.0,1.0,0.0,,,0,0,0,Helius verified first buyer,2026-08-20 04:50:14
rzJGmGzXYjuKxZp33fMoPuVukBGoFnP83i9SG3BVqJL,,,1787115245,0.0,0.0,0.0,0,0,0,0.0,0.0,1.0,0.0,,,0,0,0,Helius verified first buyer,2026-08-20 04:50:15
4ZuifD9CrhY71dBq3qu7eHhyrgshTJzUkCowM2XwTPs4,,,1787115245,0.0,0.0,0.0,0,0,0,0.0,0.0,1.0,0.0,,,0,0,0,Helius verified first buyer,2026-08-20 04:50:15
6A6PqLjwi7ATiSeFsMoEgqJbRDjnzecRNdm7sufWbEkr,,,1787115246,0.0,0.0,0.0,0,0,0,0.0,0.0,1.0,0.0,,,0,0,0,Helius verified first buyer,2026-08-20 04:50:15
DXhr9sS8cVzxPPjxvNke2abgWxVP2LAtWFebUtwpqwJr,,,1787115246,0.0,0.0,0.0,0,0,0,0.0,0.0,1.0,0.0,,,0,0,0,Helius verified first buyer,2026-08-20 04:50:15
DeNCJL2BJwhv6Xe5MvqAenFN7XrwpRosHknYmsHMgB8K,,,1787115247,0.0,0.0,0.0,0,0,0,0.0,0.0,1.0,0.0,,,0,0,0,Helius verified first buyer,2026-08-20 04:50:16
8xgK7LFppRRRw5nk51JVLmHQcHbbPxWMty9TNErdfA8F,,,1787115247,0.0,0.0,0.0,0,0,0,0.0,0.0,1.0,0.0,,,0,0,0,Helius verified first buyer,2026-08-20 04:50:16
8RZ8gTyUwviJbKpEhXvxJ5AwAyzELiDtNVn6ERsj1Lt2,,,1787115248,0.0,0.0,0.0,0,0,0,0.0,0.0,1.0,0.0,,,0,0,0,Helius verified first buyer,2026-08-20 04:50:17
4urauuhcDQM9UQuUDogns2rw96LZQeSykYnYnhnyXiKs,,,1787115248,0.0,0.0,0.0,0,0,0,0.0,0.0,1.0,0.0,,,0,0,0,Helius verified first buyer,2026-08-20 04:50:17
2iPgg3VJAM4dj9CiBXwMAhWSpnSLQtrco48bA7FjJLFv,,,1787115248,0.0,0.0,0.0,0,0,0,0.0,0.0,1.0,0.0,,,0,0,0,Helius verified first buyer,2026-08-20 04:50:17
DH5r6Mi7588xdzz7CgbzTkG1trr4SyCUdrQfDBERQVQN,,,1787115249,0.0,0.0,0.0,0,0,0,0.0,0.0,1.0,0.0,,,0,0,0,Helius verified first buyer,2026-08-20 04:50:18
8iuW5SY8GrS6EZkKRbrwDP1quEkve3t5vNiv2doGqMyn,,,1787115249,0.0,0.0,0.0,0,0,0,0.0,0.0,1.0,0.0,,,0,0,0,Helius verified first buyer,2026-08-20 04:50:18
AyZAn58i4QpfT8VM8rr2fYoy1XiVE7DtMNGREWvzjb5G,,,1787115250,0.0,0.0,0.0,0,0,0,0.0,0.0,1.0,0.0,,,0,0,0,Helius verified first buyer,2026-08-20 04:54:02
LfJHiwpLDWdqNwkKq7P1dJSkDroZAjQzsPkanHZ9bZL,,,1787115250,0.0,0.0,0.0,0,0,0,0.0,0.0,1.0,0.0,,,0,0,0,Helius verified first buyer,2026-08-20 04:50:19
4NfJPxNgWh9yk58QLa4PZzkHpqitTtQ9qrrnS8cFERoo,,,1787115250,0.0,0.0,0.0,0,0,0,0.0,0.0,1.0,0.0,,,0,0,0,Helius verified first buyer,2026-08-20 04:50:19
JBopfQCo8RWDXt5U62qcJkvhSxFssML8s8cEYQy9y14p,,,1787115251,0.0,0.0,0.0,0,0,0,0.0,0.0,1.0,0.0,,,0,0,0,Helius verified first buyer,2026-08-20 04:50:19
87XioQDK9ffwrqKC2x4FTJpxAPssN3FxJiCMg2qnjXXV,,,1787115251,0.0,0.0,0.0,0,0,0,0.0,0.0,1.0,0.0,,,0,0,0,Helius verified first buyer,2026-08-20 04:50:21
DUDJeaXJg5L2j9WZvgCJcQH8oZaEyVBWsmLUDhZ2VunP,,,1787115251,0.0,0.0,0.0,0,0,0,0.0,0.0,1.0,0.0,,,0,0,0,Helius verified first buyer,2026-08-20 04:50:21
9M4DpYVfL2cHkKh8eQN8AxSyFEmEZvsATpKf9H2cgxpV,,,1787115252,0.0,0.0,0.0,0,0,0,0.0,0.0,1.0,0.0,,,0,0,0,Helius verified first buyer,2026-08-20 04:50:21
5zoUHHWLVspHQpHgRfQ1Gjy8FtmoxDph5xUaX6XzRh9a,,,1787115252,0.0,0.0,0.0,0,0,0,0.0,0.0,1.0,0.0,,,0,0,0,Helius verified first buyer,2026-08-20 04:50:22
9aSDsnzj3MXdjDGuYfpo5rzqzZK5uaNUYee9Z2zhqn8a,,,1787115253,0.0,0.0,0.0,0,0,0,0.0,0.0,1.0,0.0,,,0,0,0,Helius verified first buyer,2026-08-20 04:50:22
9E5NPJijy7jTZrcZZmP7sBGTtMexqeTvZYxenmksdsuW,,,1787115253,0.0,0.0,0.0,0,0,0,0.0,0.0,1.0,0.0,,,0,0,0,Helius verified first buyer,2026-08-20 04:50:22
23SdQNQQfBLjizsZWx899zQkqUVMZLyCCZ1fn5qSfr19,,,1787115253,0.0,0.0,0.0,0,0,0,0.0,0.0,1.0,0.0,,,0,0,0,Helius verified first buyer,2026-08-20 04:50:22
Epep8b1QjE8QSuuDgZuktWSn1b6vyLXLDf7K6KW99WaV,,,1787115254,0.0,0.0,0.0,0,0,0,0.0,0.0,1.0,0.0,,,0,0,0,Helius verified first buyer,2026-08-20 04:50:23
5pULcj7Hrg78XJCgxC2XotUD9B32an1jshhBocuM4D7F,,,1787115254,0.0,0.0,0.0,0,0,0,0.0,0.0,1.0,0.0,,,0,0,0,Helius verified first buyer,2026-08-20 04:50:23
9EzYCaNAmxu9T14WJQjd8xcu7t5nHFroF4HAYjhdzPBe,,,1787115255,0.0,0.0,0.0,0,0,0,0.0,0.0,1.0,0.0,,,0,0,0,Helius verified first buyer,2026-08-20 04:50:24
2tEJ32AgGuCzZSofstzD432zJhPsDDTtzQKCd7dy5DMs,,,1787115255,0.0,0.0,0.0,0,0,0,0.0,0.0,1.0,0.0,,,0,0,0,Helius verified first buyer,2026-08-20 04:50:24
5aJDmTQfJnqPbs1Qj88QaRF5J4RqB41Hn1eH2JkH9rUR,,,1787115255,0.0,0.0,0.0,0,0,0,0.0,0.0,1.0,0.0,,,0,0,0,Helius verified first buyer,2026-08-20 04:50:24
BXSqxNpXSUywNW5Z2kYceVVZ38GdM9TG7vGghHNx9ZFv,,,1787115255,0.0,0.0,0.0,0,0,0,0.0,0.0,1.0,0.0,,,0,0,0,Helius verified first buyer,2026-08-20 04:50:24
7S9TVnTr3BjkRsMXQjCLHaYCN66Wrpx4QqEGFxLuUCVn,,,1787115255,0.0,0.0,0.0,0,0,0,0.0,0.0,1.0,0.0,,,0,0,0,Helius verified first buyer,2026-08-20 04:50:25
H9XNYai5XRbJTMFhzZZxRoSttLx2esxkj5nnvXgFfmgV,,,1787115256,0.0,0.0,0.0,0,0,0,0.0,0.0,1.0,0.0,,,0,0,0,Helius verified first buyer,2026-08-20 04:54:22
DrWEm4M2yWFa2wwYsW27UuSmgUqN6BM7qt6MHMv2P1Nn,,,1787115257,0.0,0.0,0.0,0,0,0,0.0,0.0,1.0,0.0,,,0,0,0,Helius verified first buyer,2026-08-20 04:50:26
HZC8r9F1gtjM9REZPN6Mh48gYVPsbKTAvPkY3fujw7WT,,,1787115257,0.0,0.0,0.0,0,0,0,0.0,0.0,1.0,0.0,,,0,0,0,Helius verified first buyer,2026-08-20 04:50:26
2zmQjX6LKdiVoRTrdyQUmKvxfhsRATfnvDY8Q9ctgCmQ,,,1787115257,0.0,0.0,0.0,0,0,0,0.0,0.0,1.0,0.0,,,0,0,0,Helius verified first buyer,2026-08-20 04:50:26
ENRm3h7HRLu9LQ9zPyyYFdBBx3rGYth8BBDe1yLVaYPX,,,1787115258,0.0,0.0,0.0,0,0,0,0.0,0.0,1.0,0.0,,,0,0,0,Helius verified first buyer,2026-08-20 04:54:00
CUB1Y6n5sWeYMyUpWTnWztXyBHmTR5zKWrmAiUtTT7X9,,,1787115258,0.0,0.0,0.0,0,0,0,0.0,0.0,1.0,0.0,,,0,0,0,Helius verified first buyer,2026-08-20 04:50:27
Emq78yAK7MhqZnGsM5vCC5m82mQnWSExEumG15dDdx9J,,,1787115258,0.0,0.0,0.0,0,0,0,0.0,0.0,1.0,0.0,,,0,0,0,Helius verified first buyer,2026-08-20 04:50:27
5YavvcRvLFe1QZfqueWSaVwZTeGjXMCTgKry82GB9XG,,,1787115259,0.0,0.0,0.0,0,0,0,0.0,0.0,1.0,0.0,,,0,0,0,Helius verified first buyer,2026-08-20 04:50:27
CYH2HavfLspiU3s3ENp5RbYBnHPhMokx8Gn7vD6J175c,,,1787115259,0.0,0.0,0.0,0,0,0,0.0,0.0,1.0,0.0,,,0,0,0,Helius verified first buyer,2026-08-20 04:50:27
BzD8kn74pbT4aoniyJZKmkXujT74nBASvZJodp9y4h4c,,,1787115259,0.0,0.0,0.0,0,0,0,0.0,0.0,1.0,0.0,,,0,0,0,Helius verified first buyer,2026-08-20 04:50:28
B6PFKGVsHQu6pgAPNvsrDC7K4EQSJi4tcihgg5jr7jpT,,,1787115260,0.0,0.0,0.0,0,0,0,0.0,0.0,1.0,0.0,,,0,0,0,Helius verified first buyer,2026-08-20 04:50:28
4QdJqZjhho4VgtzA5fW2oLbxLqeo6QzDVdSV2dFhz9KZ,,,1787115260,0.0,0.0,0.0,0,0,0,0.0,0.0,1.0,0.0,,,0,0,0,Helius verified first buyer,2026-08-20 04:50:28
8hShZUKKKAUMzeH2L6m4SYrpMmjJPzt6niHxnTW6TNG1,,,1787115261,0.0,0.0,0.0,0,0,0,0.0,0.0,1.0,0.0,,,0,0,0,Helius verified first buyer,2026-08-20 04:50:29
WBkHkCcQY1mH3824dcUFpDU5MNGwJ1cPTUHji2GNZKy,,,1787115261,0.0,0.0,0.0,0,0,0,0.0,0.0,1.0,0.0,,,0,0,0,Helius verified first buyer,2026-08-20 04:50:29
DPbtHY1YVxTz74pAeqzzQXdbawnNhMveM3uKq6ipj1hb,,,1787115262,0.0,0.0,0.0,0,0,0,0.0,0.0,1.0,0.0,,,0,0,0,Helius verified first buyer,2026-08-20 04:50:30
EpbukYL22dqg5FAnBju4EM8cG9qTqo7uQ4Rgnvnf2dEN,,,1787115262,0.0,0.0,0.0,0,0,0,0.0,0.0,1.0,0.0,,,0,0,0,Helius verified first buyer,2026-08-20 04:50:30
8kZgzZjdJjJ7CLu58oaDqZvHrLugJ9yukd5hWFor8JFy,,,1787115263,0.0,0.0,0.0,0,0,0,0.0,0.0,1.0,0.0,,,0,0,0,Helius verified first buyer,2026-08-20 04:50:30
Ah9eWEu2U2JVPjJZEUGU5ZZBwzSyrj33j7JASVRiWeZM,,,1787115263,0.0,0.0,0.0,0,0,0,0.0,0.0,1.0,0.0,,,0,0,0,Helius verified first buyer,2026-08-20 04:50:31
CzcaNGpZ3VEMLJtJYuf1ooCjtMEX3Yp2UmWrLzBCPRhT,,,1787115263,0.0,0.0,0.0,0,0,0,0.0,0.0,1.0,0.0,,,0,0,0,Helius verified first buyer,2026-08-20 04:50:31
F2aJCH2sWx6THDtxZWidN3TPN3SVnD2h2yy6EDpK3nTE,,,1787115263,0.0,0.0,0.0,0,0,0,0.0,0.0,1.0,0.0,,,0,0,0,Helius verified first buyer,2026-08-20 04:50:31
D8iPzc8bXAEas7Z9ax7xWGTLaTh9H83XE2HyuPY5g71Q,,,1787115263,0.0,0.0,0.0,0,0,0,0.0,0.0,1.0,0.0,,,0,0,0,Helius verified first buyer,2026-08-20 04:50:31
8cVWrxhhcx9JkCE321RPapMbv2w2VNuEqgdJPks2qYxg,,,1787115264,0.0,0.0,0.0,0,0,0,0.0,0.0,1.0,0.0,,,0,0,0,Helius verified first buyer,2026-08-20 04:50:32
F4dxYZvszeGv7o2cohRo6sdsqAf9LY23XbFvdWcWr2yj,,,1787115264,0.0,0.0,0.0,0,0,0,0.0,0.0,1.0,0.0,,,0,0,0,Helius verified first buyer,2026-08-20 04:50:32
G5xF2FKYGdQKeNma6YGns4tshCzosNt7kWuQRMu6aCie,,,1787115264,0.0,0.0,0.0,0,0,0,0.0,0.0,1.0,0.0,,,0,0,0,Helius verified first buyer,2026-08-20 04:50:33
E4DVYLEM3mSNoziNS9rkDZc1KAcPvPehHXhr1sC6c3az,,,1787115265,0.0,0.0,0.0,0,0,0,0.0,0.0,1.0,0.0,,,0,0,0,Helius verified first buyer,2026-08-20 04:50:33
6sHrk4NYKA8iaEWPqu4jBLoGAeFaAxczpyicc9LEKhQT,,,1787115265,0.0,0.0,0.0,0,0,0,0.0,0.0,1.0,0.0,,,0,0,0,Helius verified first buyer,2026-08-20 04:50:33
7HTm8C79bbsLSJbaGo5Sn6hjhMCLT7yu2zDperTNhyr3,,,1787115266,0.0,0.0,0.0,0,0,0,0.0,0.0,1.0,0.0,,,0,0,0,Helius verified first buyer,2026-08-20 04:50:33
FWaLUeQB4c1yoHuGpzVioVhZ4FtcHZtpRPgfbW6L7JK3,,,1787115266,0.0,0.0,0.0,0,0,0,0.0,0.0,1.0,0.0,,,0,0,0,Helius verified first buyer,2026-08-20 04:53:37
DpsjLVd3rk6wPtBujQEwLLwwk5vBQ1JwtqRzhkirh78f,,,1787115266,0.0,0.0,0.0,0,0,0,0.0,0.0,1.0,0.0,,,0,0,0,Helius verified first buyer,2026-08-20 04:50:34
26eZ65Z4BitcYYTaQohFwWRy2rf2Li6zZqoYBN6TNmdS,,,1787115267,0.0,0.0,0.0,0,0,0,0.0,0.0,1.0,0.0,,,0,0,0,Helius verified first buyer,2026-08-20 04:53:54
AVsVZXeC1kstfb3E6GHVf93PC7wpZF8dUMZMJYtwf5J4,,,1787115267,0.0,0.0,0.0,0,0,0,0.0,0.0,1.0,0.0,,,0,0,0,Helius verified first buyer,2026-08-20 04:50:35
26VHNfPrN5VazTbQEu1b5eRtH1RdSsKhXCFdb9W7VeAo,,,1787115268,0.0,0.0,0.0,0,0,0,0.0,0.0,1.0,0.0,,,0,0,0,Helius verified first buyer,2026-08-20 04:50:35
E4YW9rg8oLSBMj4pmPziZvX4gWhVNd1UBtsC4ppTJQ4a,,,1787115268,0.0,0.0,0.0,0,0,0,0.0,0.0,1.0,0.0,,,0,0,0,Helius verified first buyer,2026-08-20 04:50:35
2cL7PfukaoN24A8qXdRcYgSsWHN1qGLE3ETqDeikyULm,,,1787115268,0.0,0.0,0.0,0,0,0,0.0,0.0,1.0,0.0,,,0,0,0,Helius verified first buyer,2026-08-20 04:50:36
9hMpKm3RBxpdUAETX6fdjLhj4VoNLGHwL2ovekc8HXZa,,,1787115269,0.0,0.0,0.0,0,0,0,0.0,0.0,1.0,0.0,,,0,0,0,Helius verified first buyer,2026-08-20 04:50:36
FbDTssHEHFR4shpPLdRZBUMD9GGG3UoawF89NMitYCB8,,,1787115269,0.0,0.0,0.0,0,0,0,0.0,0.0,1.0,0.0,,,0,0,0,Helius verified first buyer,2026-08-20 04:50:36
EU6S6RLAjsdzYSLgrhCtqpPSZsnWdPpF4UzcQaJyKU48,,,1787115270,0.0,0.0,0.0,0,0,0,0.0,0.0,1.0,0.0,,,0,0,0,Helius verified first buyer,2026-08-20 04:54:12
3dRsBaVLWZrQSEAdre2vXfsr6XNxovbr5CXwLxZrMdsr,,,1787115270,0.0,0.0,0.0,0,0,0,0.0,0.0,1.0,0.0,,,0,0,0,Helius verified first buyer,2026-08-20 04:50:37
4foft1ptpJj36dtVDyFWzdYkSrrcWH3pVmiCY8Ad2M1b,,,1787115271,0.0,0.0,0.0,0,0,0,0.0,0.0,1.0,0.0,,,0,0,0,Helius verified first buyer,2026-08-20 04:50:37
45u96eWPUDNmjSpVGULnstGS3AJD8Z1aeSYT6aefHDEL,,,1787115271,0.0,0.0,0.0,0,0,0,0.0,0.0,1.0,0.0,,,0,0,0,Helius verified first buyer,2026-08-20 04:53:36
C5t5zxkCg8xQycqdeToi4yh5zU3KjQq7ARdyg5Vt5gQg,,,1787115271,0.0,0.0,0.0,0,0,0,0.0,0.0,1.0,0.0,,,0,0,0,Helius verified first buyer,2026-08-20 04:50:38
4o1XngXZxMVV9SCpu4DLFKFitWgS5UtFPF7QgvMb9Dwr,,,1787115271,0.0,0.0,0.0,0,0,0,0.0,0.0,1.0,0.0,,,0,0,0,Helius verified first buyer,2026-08-20 04:50:38
61e5yeevgRy1kyTBSFPD7e6gqJJ1kS7viYQ5aB4dDvq3,,,1787115271,0.0,0.0,0.0,0,0,0,0.0,0.0,1.0,0.0,,,0,0,0,Helius verified first buyer,2026-08-20 04:50:38
DGxJAwxFmaPD2s4fZ1ri3QVPJFx7KKhouMPaGrmYxaGZ,,,1787115272,0.0,0.0,0.0,0,0,0,0.0,0.0,1.0,0.0,,,0,0,0,Helius verified first buyer,2026-08-20 04:50:39
6KtkX8PpXaf1mDUBj1bQPi3wXdjfguc3fbcdVm4niazn,,,1787115273,0.0,0.0,0.0,0,0,0,0.0,0.0,1.0,0.0,,,0,0,0,Helius verified first buyer,2026-08-20 04:50:39
4fHcVixV8mTMiNg2dvyehTErBaJow4BqVrVmUZBdq9Ve,,,1787115273,0.0,0.0,0.0,0,0,0,0.0,0.0,1.0,0.0,,,0,0,0,Helius verified first buyer,2026-08-20 04:50:39
HrZgPDXLF3iPgCotBZ5UmmsrLuCo6BQNKexnFD5WV7Ti,,,1787115273,0.0,0.0,0.0,0,0,0,0.0,0.0,1.0,0.0,,,0,0,0,Helius verified first buyer,2026-08-20 04:53:45
9TcGac6xdHyVofn68wW4gqR1JkuU4tEGiUjkrqf8Gvf8,,,1787115274,0.0,0.0,0.0,0,0,0,0.0,0.0,1.0,0.0,,,0,0,0,Helius verified first buyer,2026-08-20 04:50:40
28yFTJuw88rEAJ2s1xKx7aaEWUq2qnjDYE2TWjY51MHz,,,1787115274,0.0,0.0,0.0,0,0,0,0.0,0.0,1.0,0.0,,,0,0,0,Helius verified first buyer,2026-08-20 04:54:17
Ak8PDooPSozQskjR9pAMhNQtM74LDS1HvNTRnBCgbzMZ,,,1787115274,0.0,0.0,0.0,0,0,0,0.0,0.0,1.0,0.0,,,0,0,0,Helius verified first buyer,2026-08-20 04:50:41
FMbuLo1HuD6ePTtWBPmdfBwNGAkGasLPKF9LybPfk9Jv,,,1787115274,0.0,0.0,0.0,0,0,0,0.0,0.0,1.0,0.0,,,0,0,0,Helius verified first buyer,2026-08-20 04:50:41
HxAEXpkM2UGeed12u9XmCQvHX35iE1ZCoFxKoWUiG3Gu,,,1787115275,0.0,0.0,0.0,0,0,0,0.0,0.0,1.0,0.0,,,0,0,0,Helius verified first buyer,2026-08-20 04:50:41
2XBZswraAZAAC34rdhcnfKDHog9sB5PT4DSBTEimScQF,,,1787115275,0.0,0.0,0.0,0,0,0,0.0,0.0,1.0,0.0,,,0,0,0,Helius verified first buyer,2026-08-20 04:53:39
DbNXKPducuFQf3CX9vb6bEa3JsmEo8RK7CwA7TwKPdTE,,,1787115275,0.0,0.0,0.0,0,0,0,0.0,0.0,1.0,0.0,,,0,0,0,Helius verified first buyer,2026-08-20 04:50:42
EYeKL1RgUDbYXzvVUckCZ6VAPMfiZevR6pp44zcfSCmN,,,1787115276,0.0,0.0,0.0,0,0,0,0.0,0.0,1.0,0.0,,,0,0,0,Helius verified first buyer,2026-08-20 04:50:42
A4N75FAWsDfE43BYG8qvAVK7tugf8Z1mXd3y5jWHAa5T,,,1787115276,0.0,0.0,0.0,0,0,0,0.0,0.0,1.0,0.0,,,0,0,0,Helius verified first buyer,2026-08-20 04:54:08
DeC5GHX9Hc6EvbWP95jbefEjg4MhETkaFmdKSstoD58E,,,1787115276,0.0,0.0,0.0,0,0,0,0.0,0.0,1.0,0.0,,,0,0,0,Helius verified first buyer,2026-08-20 04:50:43
E4n68cjSav6qxNcux52f1z7dfkhZYRnNhNntZtv3e9nE,,,1787115277,0.0,0.0,0.0,0,0,0,0.0,0.0,1.0,0.0,,,0,0,0,Helius verified first buyer,2026-08-20 04:50:43
zywuQ6fXkRyfBymsQiGmSeAwopRTLQAiZJr4C1CmCn7,,,1787115277,0.0,0.0,0.0,0,0,0,0.0,0.0,1.0,0.0,,,0,0,0,Helius verified first buyer,2026-08-20 04:54:12
Bei3tsPFXGnYvMnUVUv399X9Jmjgem656sUQuCVAa1yU,,,1787115278,0.0,0.0,0.0,0,0,0,0.0,0.0,1.0,0.0,,,0,0,0,Helius verified first buyer,2026-08-20 04:50:44
DDE5NibKgXMfQpNP6d62YFrFdCuE5rTsmYYA5JCdVTWS,,,1787115278,0.0,0.0,0.0,0,0,0,0.0,0.0,1.0,0.0,,,0,0,0,Helius verified first buyer,2026-08-20 04:54:16
FBJFvivjuYQhJkJAaZyL75zoy3L1spJWBr1vDt1Dek7V,,,1787115278,0.0,0.0,0.0,0,0,0,0.0,0.0,1.0,0.0,,,0,0,0,Helius verified first buyer,2026-08-20 04:50:45
7XJQB1S6vQF42CMMv5jouPM537WvvFyGrNR9fvSWcPwY,,,1787115278,0.0,0.0,0.0,0,0,0,0.0,0.0,1.0,0.0,,,0,0,0,Helius verified first buyer,2026-08-20 04:50:45
EnGDhuMVTW5PcfXY8Lwvm8kwTtf8UDZPY8dYZP2CYJy5,,,1787115279,0.0,0.0,0.0,0,0,0,0.0,0.0,1.0,0.0,,,0,0,0,Helius verified first buyer,2026-08-20 04:50:45
G3dn81ysntFC4cXKuyGGh9dTPakAZyMGBopD3f5UboAv,,,1787115279,0.0,0.0,0.0,0,0,0,0.0,0.0,1.0,0.0,,,0,0,0,Helius verified first buyer,2026-08-20 04:50:46
BSAuBcBQsbfyYwriXzH5eckaBHTmKFjACHLuWRRZcZHL,,,1787115279,0.0,0.0,0.0,0,0,0,0.0,0.0,1.0,0.0,,,0,0,0,Helius verified first buyer,2026-08-20 04:50:46
8CDp9zjWF2uQB7q9uQpJrQ8AyT1n89ieBjBUL7hhryfJ,,,1787115280,0.0,0.0,0.0,0,0,0,0.0,0.0,1.0,0.0,,,0,0,0,Helius verified first buyer,2026-08-20 04:50:46
ATYrEThTZ8zVbZCudKdm4vp5rzHzsonTSti7NURrEctM,,,1787115280,0.0,0.0,0.0,0,0,0,0.0,0.0,1.0,0.0,,,0,0,0,Helius verified first buyer,2026-08-20 04:50:47
Hguu2uX7Dk8j2rVSCcizoTmziG4eHuVbTM1iwihTdpDe,,,1787115280,0.0,0.0,0.0,0,0,0,0.0,0.0,1.0,0.0,,,0,0,0,Helius verified first buyer,2026-08-20 04:50:47
8BSzjAvGZ9zHfm9za9f4FZ6KMvjhVEzMhDYSfLu3N7CR,,,1787115281,0.0,0.0,0.0,0,0,0,0.0,0.0,1.0,0.0,,,0,0,0,Helius verified first buyer,2026-08-20 04:50:48
G4e6nzXE77xRREriV3Aktw7mAyfAaScSvY3zAWxB2j62,,,1787115281,0.0,0.0,0.0,0,0,0,0.0,0.0,1.0,0.0,,,0,0,0,Helius verified first buyer,2026-08-20 04:50:48
95MbQqZ4wUnSwFqJsWvyMmgRRrtozeVC68KJerro2bjW,,,1787115282,0.0,0.0,0.0,0,0,0,0.0,0.0,1.0,0.0,,,0,0,0,Helius verified first buyer,2026-08-20 04:50:50
1dsQhKgewkzdBRLy19j3LgjztBbNwX81okDQdXUZ91j,,,1787115282,0.0,0.0,0.0,0,0,0,0.0,0.0,1.0,0.0,,,0,0,0,Helius verified first buyer,2026-08-20 04:50:50
AdruDw3WYPsBTotWnDpyz598PtajXDSbW2417nhtiZ58,,,1787115283,0.0,0.0,0.0,0,0,0,0.0,0.0,1.0,0.0,,,0,0,0,Helius verified first buyer,2026-08-20 04:50:51
2SyU6YGpHg4uVbbNwj4PCP7MCk26fD4UXRJbJ7Q2izDF,,,1787115283,0.0,0.0,0.0,0,0,0,0.0,0.0,1.0,0.0,,,0,0,0,Helius verified first buyer,2026-08-20 04:50:51
6UADZVfjwzpuL4wCUVb7XNy28HQU7MryepAm12JjaF9p,,,1787115283,0.0,0.0,0.0,0,0,0,0.0,0.0,1.0,0.0,,,0,0,0,Helius verified first buyer,2026-08-20 04:50:51
7GaatSi6rkN51XX4d4AKeuge8hbdYGgpReZ2icCCApQQ,,,1787115283,0.0,0.0,0.0,0,0,0,0.0,0.0,1.0,0.0,,,0,0,0,Helius verified first buyer,2026-08-20 04:50:52
8JAPGBKk2egot8LYdn4QCEhd3ngDLG5PTupLZxj62wYH,,,1787115284,0.0,0.0,0.0,0,0,0,0.0,0.0,1.0,0.0,,,0,0,0,Helius verified first buyer,2026-08-20 04:50:52
F5GKFSpG23MKmuJdKdgjgWefmxTScZvPbAL9v1yf4PFV,,,1787115284,0.0,0.0,0.0,0,0,0,0.0,0.0,1.0,0.0,,,0,0,0,Helius verified first buyer,2026-08-20 04:50:52
8LQo5M3vbvDEhk7qiicLmAtSNPYDmUBtuBndLLgZNYZj,,,1787115284,0.0,0.0,0.0,0,0,0,0.0,0.0,1.0,0.0,,,0,0,0,Helius verified first buyer,2026-08-20 04:50:53
C7WCKMHKXZRcpgoy8j37sk4Sa71tzygZgHjMSUCP9VWb,,,1787115285,0.0,0.0,0.0,0,0,0,0.0,0.0,1.0,0.0,,,0,0,0,Helius verified first buyer,2026-08-20 04:50:53
89YqbpGdTRHzkrknr7bsndGQBndQyhDE9gCog4hQtsJk,,,1787115285,0.0,0.0,0.0,0,0,0,0.0,0.0,1.0,0.0,,,0,0,0,Helius verified first buyer,2026-08-20 04:54:33
7tWuoyzZJENXyY52Q11dx3ct1dyrhH2VbUvVwwCiqCAN,,,1787115286,0.0,0.0,0.0,0,0,0,0.0,0.0,1.0,0.0,,,0,0,0,Helius verified first buyer,2026-08-20 04:50:54
EmRcq1JRejrFKtHNLmR6He28AzafzWJEvxQr437zCEdD,,,1787115286,0.0,0.0,0.0,0,0,0,0.0,0.0,1.0,0.0,,,0,0,0,Helius verified first buyer,2026-08-20 04:50:54
DfFbkCGTbtAYJatK6AsDC63rvPM5Y54xEEJ1uMKmWTew,,,1787115286,0.0,0.0,0.0,0,0,0,0.0,0.0,1.0,0.0,,,0,0,0,Helius verified first buyer,2026-08-20 04:50:54
99hPRH1Ti4JPXdfVh6DBAvF9toKqBWMiEcVz5jQP8szT,,,1787115287,0.0,0.0,0.0,0,0,0,0.0,0.0,1.0,0.0,,,0,0,0,Helius verified first buyer,2026-08-20 04:50:55
7Aj3KMnfXLE4zEN8iANp7u7yYmuA4d8cxSKswZXSR47a,,,1787115287,0.0,0.0,0.0,0,0,0,0.0,0.0,1.0,0.0,,,0,0,0,Helius verified first buyer,2026-08-20 04:50:55
H4vdn3sr73pdUfwuMAMByAA2YTj3h1g4u9b82D12rDs2,,,1787115288,0.0,0.0,0.0,0,0,0,0.0,0.0,1.0,0.0,,,0,0,0,Helius verified first buyer,2026-08-20 04:50:56
HwHZMaeXubTY7ggVtKVSyANsrNoFkFVZzegHCC8GYoxW,,,1787115288,0.0,0.0,0.0,0,0,0,0.0,0.0,1.0,0.0,,,0,0,0,Helius verified first buyer,2026-08-20 04:50:56
4rA9Ya4mrCyrrR9QCSJhB2ckv7HcaaVMJ6h4fuK62fTu,,,1787115289,0.0,0.0,0.0,0,0,0,0.0,0.0,1.0,0.0,,,0,0,0,Helius verified first buyer,2026-08-20 04:50:56
CjuxXBdiJY9sXxTrKmYGsfvbSygbrysy3V8MJiFW5Avu,,,1787115289,0.0,0.0,0.0,0,0,0,0.0,0.0,1.0,0.0,,,0,0,0,Helius verified first buyer,2026-08-20 04:50:57
5VMQkXpjZ6uLhxfdrzRaJZfF855Cp2jxWyvzEghYNFwK,,,1787115289,0.0,0.0,0.0,0,0,0,0.0,0.0,1.0,0.0,,,0,0,0,Helius verified first buyer,2026-08-20 04:50:57
D8p7XDV3kPfEHh6mfc3FrcwNQeQYmkwRHj3nwy2nvabh,,,1787115289,0.0,0.0,0.0,0,0,0,0.0,0.0,1.0,0.0,,,0,0,0,Helius verified first buyer,2026-08-20 04:50:57
6DjierhxYnXUAnsTfMrbpuDSa2nwAXzMC3SMZN2rmRjy,,,1787115290,0.0,0.0,0.0,0,0,0,0.0,0.0,1.0,0.0,,,0,0,0,Helius verified first buyer,2026-08-20 04:50:58
8syjz8vQvQjWmFnyK68kc1DULe8JhXD143bezfyGkxG7,,,1787115290,0.0,0.0,0.0,0,0,0,0.0,0.0,1.0,0.0,,,0,0,0,Helius verified first buyer,2026-08-20 04:50:58
67ZvfAjJCqkxCxLKq4NwDbu3BkfphAYk2TzfDfmkhGGN,,,1787115291,0.0,0.0,0.0,0,0,0,0.0,0.0,1.0,0.0,,,0,0,0,Helius verified first buyer,2026-08-20 04:50:58
8DHegWLbSxNiPPsXQdDsSKRsZFY8UBAbxj4KdstEdJey,,,1787115291,0.0,0.0,0.0,0,0,0,0.0,0.0,1.0,0.0,,,0,0,0,Helius verified first buyer,2026-08-20 04:50:59
892qu6txtzzrY72H3SAYX1k8zvVuKrJAV3J1E9LiZgYD,,,1787115291,0.0,0.0,0.0,0,0,0,0.0,0.0,1.0,0.0,,,0,0,0,Helius verified first buyer,2026-08-20 04:50:59
5M99EwdZBDft3syh8n2DqrA9gt9CLebWfx81xdoPTNyg,,,1787115292,0.0,0.0,0.0,0,0,0,0.0,0.0,1.0,0.0,,,0,0,0,Helius verified first buyer,2026-08-20 04:50:59
2ACq3i1Vmm3WCuMENDj9cQXU2sng4QCsZFSKsKKTmYQQ,,,1787115292,0.0,0.0,0.0,0,0,0,0.0,0.0,1.0,0.0,,,0,0,0,Helius verified first buyer,2026-08-20 04:51:00
3NTRg45AhR177mCypTFaFDLPkPTvsV9oHFXF5SADhz3z,,,1787115292,0.0,0.0,0.0,0,0,0,0.0,0.0,1.0,0.0,,,0,0,0,Helius verified first buyer,2026-08-20 04:51:00
6z7KZrdRNkxh9ZRtpEfER4QCXHpaZYt4aSKuYkL9xdQC,,,1787115293,0.0,0.0,0.0,0,0,0,0.0,0.0,1.0,0.0,,,0,0,0,Helius verified first buyer,2026-08-20 04:51:00
DaPXg1QKMb2HnAHMJMsHs2pFSKWLVs5qVrmbFAYp2Pih,,,1787115293,0.0,0.0,0.0,0,0,0,0.0,0.0,1.0,0.0,,,0,0,0,Helius verified first buyer,2026-08-20 04:51:00
D65pm5GndqJZBG8jt1QYWY1oaqjSkcSa2m4hpAYWy3vT,,,1787115293,0.0,0.0,0.0,0,0,0,0.0,0.0,1.0,0.0,,,0,0,0,Helius verified first buyer,2026-08-20 04:51:01
CrXbP6ZanprQw6ai4viMsTf7kWpUzpsfMgZ7CqCJBs3Y,,,1787115294,0.0,0.0,0.0,0,0,0,0.0,0.0,1.0,0.0,,,0,0,0,Helius verified first buyer,2026-08-20 04:51:02
FRadt3kq3E2HJMFqfH4hytEAjZfLx8BkZjmvJ15W4WbK,,,1787115294,0.0,0.0,0.0,0,0,0,0.0,0.0,1.0,0.0,,,0,0,0,Helius verified first buyer,2026-08-20 04:54:28
5Ab3GKnHZBpZCNQT13YazhC7LosuhUpHs67K6uBACx2E,,,1787115294,0.0,0.0,0.0,0,0,0,0.0,0.0,1.0,0.0,,,0,0,0,Helius verified first buyer,2026-08-20 04:51:02
89NxnL9gmP914uaPuHaJHnAKT6DvMbmTYfH4brpXmpTx,,,1787115295,0.0,0.0,0.0,0,0,0,0.0,0.0,1.0,0.0,,,0,0,0,Helius verified first buyer,2026-08-20 04:51:03
7z3t1Lz8jBNJ9kmQ3gVQF1rndCNfhS4b8sd3RQm7WcKF,,,1787115296,0.0,0.0,0.0,0,0,0,0.0,0.0,1.0,0.0,,,0,0,0,Helius verified first buyer,2026-08-20 04:51:03
6AUrnbPGFNYCXoiik8gMKZpMm5MEokzLu6oaj1wobLQq,,,1787115296,0.0,0.0,0.0,0,0,0,0.0,0.0,1.0,0.0,,,0,0,0,Helius verified first buyer,2026-08-20 04:51:03
CJFT2xKyzeThR9zdTHXjxwEUSBw1mthuhTwU929NLb52,,,1787115296,0.0,0.0,0.0,0,0,0,0.0,0.0,1.0,0.0,,,0,0,0,Helius verified first buyer,2026-08-20 04:51:04
ELL9y5gHTuw87LgDA8cgnUC65sKEK2YodQBNm5DHQB5g,,,1787115297,0.0,0.0,0.0,0,0,0,0.0,0.0,1.0,0.0,,,0,0,0,Helius verified first buyer,2026-08-20 04:51:04
7nyJ19T5tn38d4gMsqcEUWoZJRoHvUbo71dNsZoE7ZpH,,,1787115297,0.0,0.0,0.0,0,0,0,0.0,0.0,1.0,0.0,,,0,0,0,Helius verified first buyer,2026-08-20 04:53:34
8AL8NRLbBLodbAj92G1yayrBtpezyUte7pSRSveDWxc1,,,1787115297,0.0,0.0,0.0,0,0,0,0.0,0.0,1.0,0.0,,,0,0,0,Helius verified first buyer,2026-08-20 04:51:05
5JBjCNPRei9dDWFaN1tLhgwrQs33vL6geDrB6cosRy1L,,,1787115301,0.0,0.0,0.0,0,0,0,0.0,0.0,1.0,0.0,,,0,0,0,Helius verified first buyer,2026-08-20 04:51:05
EZQyQXmLTGF4bTfwzG9f11Ae1h6uEnQuXFAhWKcccCXs,,,1787115301,0.0,0.0,0.0,0,0,0,0.0,0.0,1.0,0.0,,,0,0,0,Helius verified first buyer,2026-08-20 04:53:31
HAttGfWDHTDjC2hpBDcB6SdnQzs6qihLtsmfTTEyZGpn,,,1787115301,0.0,0.0,0.0,0,0,0,0.0,0.0,1.0,0.0,,,0,0,0,Helius verified first buyer,2026-08-20 04:51:06
UJDC6wstgNESvCccY6ECoCqvkTgq3HWKdSoHWL3timi,,,1787115301,0.0,0.0,0.0,0,0,0,0.0,0.0,1.0,0.0,,,0,0,0,Helius verified first buyer,2026-08-20 04:51:06
8RF7UKz1N1jKfC3xpo5shZJyZRFYQPZiTd3TVpFRBnbj,,,1787115301,0.0,0.0,0.0,0,0,0,0.0,0.0,1.0,0.0,,,0,0,0,Helius verified first buyer,2026-08-20 04:51:06
6zHSDnfcb49gzyMe3DSXaagvUdM9yfPCimRPo56UPFoC,,,1787115301,0.0,0.0,0.0,0,0,0,0.0,0.0,1.0,0.0,,,0,0,0,Helius verified first buyer,2026-08-20 04:51:06
64CRPcZ8XaeydRvykUHhuiQBiKGKnT5tazyyZ8wMxJij,,,1787115301,0.0,0.0,0.0,0,0,0,0.0,0.0,1.0,0.0,,,0,0,0,Helius verified first buyer,2026-08-20 04:51:07
GUPhRETysAsRMXKxaoL4BMjWzGYdAVzqtkkVoWiduBAS,,,1787115301,0.0,0.0,0.0,0,0,0,0.0,0.0,1.0,0.0,,,0,0,0,Helius verified first buyer,2026-08-20 04:53:49
6YtEDfumXDQ9zAkdpMXSNuQPMABN5vjs4ZRKgTyxpXxC,,,1787115302,0.0,0.0,0.0,0,0,0,0.0,0.0,1.0,0.0,,,0,0,0,Helius verified first buyer,2026-08-20 04:51:07
7PfhmiwB2ZpfhHzm7LqX4g7HjBbUmpF7J4A1GpJzynYR,,,1787115302,0.0,0.0,0.0,0,0,0,0.0,0.0,1.0,0.0,,,0,0,0,Helius verified first buyer,2026-08-20 04:51:07
Hn3FXSmWS5gi12J2VYyYjXvMKaXNZuW4xx6ddSVHeqZ2,,,1787115303,0.0,0.0,0.0,0,0,0,0.0,0.0,1.0,0.0,,,0,0,0,Helius verified first buyer,2026-08-20 04:51:08
FUdUUsv6sJH6YMt8A2ogTgw16espv4iFzY6ZyVDU7mtQ,,,1787115303,0.0,0.0,0.0,0,0,0,0.0,0.0,1.0,0.0,,,0,0,0,Helius verified first buyer,2026-08-20 04:51:08
BGGUSJsXMS11XX4PXSqrtS8neEc9JbPtiU3Cmw9vRazn,,,1787115303,0.0,0.0,0.0,0,0,0,0.0,0.0,1.0,0.0,,,0,0,0,Helius verified first buyer,2026-08-20 04:51:09
2n1N5w6bPkjNTGrF58PeCc3kKPm5STVJ2BDChzPA7kf3,,,1787115304,0.0,0.0,0.0,0,0,0,0.0,0.0,1.0,0.0,,,0,0,0,Helius verified first buyer,2026-08-20 04:51:09
8yBSthtc9YqK3dpCdxCHJV7f1j19DfdEx3LmRdgSZ67J,,,1787115304,0.0,0.0,0.0,0,0,0,0.0,0.0,1.0,0.0,,,0,0,0,Helius verified first buyer,2026-08-20 04:51:10
5Sx3yVSGdHov8NGn3we34sXe23WkzC5yuazE8rq5qz8E,,,1787115305,0.0,0.0,0.0,0,0,0,0.0,0.0,1.0,0.0,,,0,0,0,Helius verified first buyer,2026-08-20 04:51:10
F2ZjoqyEDpGPY1UG3rvSuDDsEG9F3dsaDgygPBBTkgr1,,,1787115305,0.0,0.0,0.0,0,0,0,0.0,0.0,1.0,0.0,,,0,0,0,Helius verified first buyer,2026-08-20 04:51:10
F9sidzpv1o2kAf56tCopWhJupUXCZXN7rUt8MmvtEEB8,,,1787115305,0.0,0.0,0.0,0,0,0,0.0,0.0,1.0,0.0,,,0,0,0,Helius verified first buyer,2026-08-20 04:51:11
w6Z1dw3b3dgMgs2aEs38oE7LjLfQoRzuFPcbBe7YW7D,,,1787115305,0.0,0.0,0.0,0,0,0,0.0,0.0,1.0,0.0,,,0,0,0,Helius verified first buyer,2026-08-20 04:51:11
5f2pc8U9Q3xcCFK8WGXbi8WDCoy5oom5GdfQPXkWNwvs,,,1787115305,0.0,0.0,0.0,0,0,0,0.0,0.0,1.0,0.0,,,0,0,0,Helius verified first buyer,2026-08-20 04:51:11
6GgSmwNt1FVzCMprqu3TJ4Mfb4Yk6YXLhUNV8PwWcYh4,,,1787115306,0.0,0.0,0.0,0,0,0,0.0,0.0,1.0,0.0,,,0,0,0,Helius verified first buyer,2026-08-20 04:51:12
J1qi1kxGHWWj97Toi8uhzKyBB1LUev6yFjVGBpVJZaEj,,,1787115307,0.0,0.0,0.0,0,0,0,0.0,0.0,1.0,0.0,,,0,0,0,Helius verified first buyer,2026-08-20 04:51:12
G16fByC6mRRKxH4XDwW3621EWpRw4oaN1an1VL3346cW,,,1787115308,0.0,0.0,0.0,0,0,0,0.0,0.0,1.0,0.0,,,0,0,0,Helius verified first buyer,2026-08-20 04:51:12
6D5w96RfKw52y3qY5XkY3XUqK8SzcTY4VaR5yzwLASDe,,,1787115309,0.0,0.0,0.0,0,0,0,0.0,0.0,1.0,0.0,,,0,0,0,Helius verified first buyer,2026-08-20 04:51:13
GzMvugbFRuW2TpGniuqqje3HyqiUq7maXJZZ987MZ3LT,,,1787115309,0.0,0.0,0.0,0,0,0,0.0,0.0,1.0,0.0,,,0,0,0,Helius verified first buyer,2026-08-20 04:54:20
GgwmR8tQ8pwDPo8s1oErkyoP3rBkR6i5RSiDLVLG8q7M,,,1787115310,0.0,0.0,0.0,0,0,0,0.0,0.0,1.0,0.0,,,0,0,0,Helius verified first buyer,2026-08-20 04:51:14
ssGZi2a9CE2ZwoFaXhaY3devzE8grtvDjZtbZSEQf7y,,,1787115311,0.0,0.0,0.0,0,0,0,0.0,0.0,1.0,0.0,,,0,0,0,Helius verified first buyer,2026-08-20 04:51:14
4VMUVJwdTZDVdhkcLPSwspLkxFBbDzXdjQiJDhnJNZRT,,,1787115311,0.0,0.0,0.0,0,0,0,0.0,0.0,1.0,0.0,,,0,0,0,Helius verified first buyer,2026-08-20 04:51:15
GeajPKkQVeLrzwyJkq5CZtFYr5kRoFCnQ6RVx75LBSxA,,,1787115312,0.0,0.0,0.0,0,0,0,0.0,0.0,1.0,0.0,,,0,0,0,Helius verified first buyer,2026-08-20 04:51:15
4hCW1dKnXV6MP25dBNMpgqVY463PqFBxX782daciazeo,,,1787115312,0.0,0.0,0.0,0,0,0,0.0,0.0,1.0,0.0,,,0,0,0,Helius verified first buyer,2026-08-20 04:51:15
63B2EJX1ebQqE6F21bf3wKLFkKvE4C4vJ27GkDDCcUP8,,,1787115313,0.0,0.0,0.0,0,0,0,0.0,0.0,1.0,0.0,,,0,0,0,Helius verified first buyer,2026-08-20 04:53:52
4QjGxEiiVQsygbK4gkwfZrqd8hV2pYHQoSVtcdtRRtoo,,,1787115313,0.0,0.0,0.0,0,0,0,0.0,0.0,1.0,0.0,,,0,0,0,Helius verified first buyer,2026-08-20 04:51:17
EgJW7dkcJTuCPMHp8YjZwkUpL2bXFQ7WzPRMV88o4Gti,,,1787115314,0.0,0.0,0.0,0,0,0,0.0,0.0,1.0,0.0,,,0,0,0,Helius verified first buyer,2026-08-20 04:51:18
5pWMKPxQHcAP1xYLATGq1fmGCSVgwDj6ej6oNm8zMz65,,,1787115314,0.0,0.0,0.0,0,0,0,0.0,0.0,1.0,0.0,,,0,0,0,Helius verified first buyer,2026-08-20 04:54:25
4CVB4qnKqZfMe1z2zrhzMAZhkVN2JsjjcaeA39DQc7LU,,,1787115314,0.0,0.0,0.0,0,0,0,0.0,0.0,1.0,0.0,,,0,0,0,Helius verified first buyer,2026-08-20 04:51:19
BYhC2cB74wciBogXrvuvfpZt97WWiPqz8SWdM2b3ow5Z,,,1787115314,0.0,0.0,0.0,0,0,0,0.0,0.0,1.0,0.0,,,0,0,0,Helius verified first buyer,2026-08-20 04:51:19
14pRGgxn7VJP9AhejhpDf4dKUU7JTSkn1anTegytXt7V,,,1787115315,0.0,0.0,0.0,0,0,0,0.0,0.0,1.0,0.0,,,0,0,0,Helius verified first buyer,2026-08-20 04:51:19
4nYKQJCJpULG33NwYHL7rqiW23qH44FJKT9MZpqeJggF,,,1787115315,0.0,0.0,0.0,0,0,0,0.0,0.0,1.0,0.0,,,0,0,0,Helius verified first buyer,2026-08-20 04:51:19
8vEFoce5S8mjZg42gJJRPPTdrAkfmsyadFJ4QcCXSNic,,,1787115316,0.0,0.0,0.0,0,0,0,0.0,0.0,1.0,0.0,,,0,0,0,Helius verified first buyer,2026-08-20 04:51:20
8btVifqnFvnuv4a1g9NrZzWDkS1SPgboM3tTnc1qbACg,,,1787115316,0.0,0.0,0.0,0,0,0,0.0,0.0,1.0,0.0,,,0,0,0,Helius verified first buyer,2026-08-20 04:54:13
BBWRKo9qDMrkAAaCduF37mdGduX11BN5sr5QV5c3kD2y,,,1787115316,0.0,0.0,0.0,0,0,0,0.0,0.0,1.0,0.0,,,0,0,0,Helius verified first buyer,2026-08-20 04:51:20
anCrzGARxxGnAJ6MGwwehMMAxvziPm7G3ncWzZY7Neg,,,1787115316,0.0,0.0,0.0,0,0,0,0.0,0.0,1.0,0.0,,,0,0,0,Helius verified first buyer,2026-08-20 04:53:56
A3D5awDqPJBeHE9wqYEeZDMh1jjq8Ju1WxvLSoQUfArE,,,1787115317,0.0,0.0,0.0,0,0,0,0.0,0.0,1.0,0.0,,,0,0,0,Helius verified first buyer,2026-08-20 04:51:21
E2KmTLWYabwqajqo9qhQqYhVqb5Ki871BaDpCTXTGzmj,,,1787115317,0.0,0.0,0.0,0,0,0,0.0,0.0,1.0,0.0,,,0,0,0,Helius verified first buyer,2026-08-20 04:51:21
GMLarp2tAw5vSCMFyw3U2Lhx8vuEEN8R9BR8kdYmq9wk,,,1787115317,0.0,0.0,0.0,0,0,0,0.0,0.0,1.0,0.0,,,0,0,0,Helius verified first buyer,2026-08-20 04:51:21
7wXayVt8JZVPu2Mkx7v2Bv5W3foy24RAPFF3A6GrUT96,,,1787115318,0.0,0.0,0.0,0,0,0,0.0,0.0,1.0,0.0,,,0,0,0,Helius verified first buyer,2026-08-20 04:51:22
Cp8Rjur9uytyYZqbSGMMoBmEL3T7GvhPswnZdQETui7f,,,1787115318,0.0,0.0,0.0,0,0,0,0.0,0.0,1.0,0.0,,,0,0,0,Helius verified first buyer,2026-08-20 04:51:22
po2uiCgogsr8npqWcjdXLZNjuteiQDyGJ4SVYCyYBGw,,,1787115318,0.0,0.0,0.0,0,0,0,0.0,0.0,1.0,0.0,,,0,0,0,Helius verified first buyer,2026-08-20 04:51:22
8Tuu1MXdJkLBchVcecFZZj4LaB3ibCC4S4Gq1eEpvx7T,,,1787115319,0.0,0.0,0.0,0,0,0,0.0,0.0,1.0,0.0,,,0,0,0,Helius verified first buyer,2026-08-20 04:51:22
Aq6tJSgpMefGqyaBfSdhp5QbgwAy9zWzB1nXo2ZwdWtq,,,1787115319,0.0,0.0,0.0,0,0,0,0.0,0.0,1.0,0.0,,,0,0,0,Helius verified first buyer,2026-08-20 04:54:10
HZfhb2gqLS5Dd95jzW6cZkNZr8eaCPMx3opSELXT7L7u,,,1787115319,0.0,0.0,0.0,0,0,0,0.0,0.0,1.0,0.0,,,0,0,0,Helius verified first buyer,2026-08-20 04:51:23
6txTnaHupoeRo1SGYWkFZcCtdyK3esrRJUwjWDYawTsE,,,1787115320,0.0,0.0,0.0,0,0,0,0.0,0.0,1.0,0.0,,,0,0,0,Helius verified first buyer,2026-08-20 04:51:23
CRKVtYzZnLGNV3KUJTdQJBETsUZ6j4zgXHzLUXWNJPWY,,,1787115320,0.0,0.0,0.0,0,0,0,0.0,0.0,1.0,0.0,,,0,0,0,Helius verified first buyer,2026-08-20 04:51:24
4NcebPYkhNJbMTkzNccqWThuBe7ZnMQYXDfxRFw8EV87,,,1787115320,0.0,0.0,0.0,0,0,0,0.0,0.0,1.0,0.0,,,0,0,0,Helius verified first buyer,2026-08-20 04:51:24
74fQpeWP9EpUifgC7kiYQLxNXKsfgCCaeoDAdRQEtkeg,,,1787115321,0.0,0.0,0.0,0,0,0,0.0,0.0,1.0,0.0,,,0,0,0,Helius verified first buyer,2026-08-20 04:51:24
8dMaFmdVRDk3QgDpYnyRCoB5zCRhHUfmiYmtd5hCFvkN,,,1787115321,0.0,0.0,0.0,0,0,0,0.0,0.0,1.0,0.0,,,0,0,0,Helius verified first buyer,2026-08-20 04:51:25
GhiqTdjuN59YzdSZuXqBWeJJxeLFQMde82f7tY6nn6Ku,,,1787115322,0.0,0.0,0.0,0,0,0,0.0,0.0,1.0,0.0,,,0,0,0,Helius verified first buyer,2026-08-20 04:53:28
96UKR2fdy1A7qpgk3zpGbP5gA1d8D4imxLStqEVsAVH6,,,1787115322,0.0,0.0,0.0,0,0,0,0.0,0.0,1.0,0.0,,,0,0,0,Helius verified first buyer,2026-08-20 04:51:25
AkgZyDLurXxbACuP4iduVrWscw9ekjiDW6MeHdWBn44W,,,1787115322,0.0,0.0,0.0,0,0,0,0.0,0.0,1.0,0.0,,,0,0,0,Helius verified first buyer,2026-08-20 04:51:25
HEv3C9W63Vp9XW4CvtZ7txwiRXXPPDWkrGeNyP81ixS2,,,1787115322,0.0,0.0,0.0,0,0,0,0.0,0.0,1.0,0.0,,,0,0,0,Helius verified first buyer,2026-08-20 04:53:29
EBWwTRaSGErjWYfJK7VdBqs9Z6s4DDskQ1KN1ZiRbQgH,,,1787115323,0.0,0.0,0.0,0,0,0,0.0,0.0,1.0,0.0,,,0,0,0,Helius verified first buyer,2026-08-20 04:51:26
7NSZ3UNs88URbJVkjKS2aHQA5qs1UdiGDeHuZHbzfkER,,,1787115324,0.0,0.0,0.0,0,0,0,0.0,0.0,1.0,0.0,,,0,0,0,Helius verified first buyer,2026-08-20 04:53:31
BKbHbxycLCytXWxvunvCJd8KxK8LYyje8TGqUyPyFnWC,,,1787115324,0.0,0.0,0.0,0,0,0,0.0,0.0,1.0,0.0,,,0,0,0,Helius verified first buyer,2026-08-20 04:51:27
3t2mZG8YmEbvoYXPRC8g5Frrz6gJ2nJxgk4f1fby9bjc,,,1787115324,0.0,0.0,0.0,0,0,0,0.0,0.0,1.0,0.0,,,0,0,0,Helius verified first buyer,2026-08-20 04:51:27
DczPbtfj4Uj6r7amZkcypRwPcPcwmVCJL6A64DJSRVUB,,,1787115324,0.0,0.0,0.0,0,0,0,0.0,0.0,1.0,0.0,,,0,0,0,Helius verified first buyer,2026-08-20 04:51:27
DMW8M1U7zy6BjkMeSDR4ffiU9DM9nhfut89j8gC64sU7,,,1787115325,0.0,0.0,0.0,0,0,0,0.0,0.0,1.0,0.0,,,0,0,0,Helius verified first buyer,2026-08-20 04:51:28
7rFNaBB75Yxkwpoq7TXtbJwYMc776CdfQBc4nPYHAwiD,,,1787115325,0.0,0.0,0.0,0,0,0,0.0,0.0,1.0,0.0,,,0,0,0,Helius verified first buyer,2026-08-20 04:51:28
BB8iwrnmDyYwX7NcUVGF7sHU2G3tvTUHUWXmoiKh2VrB,,,1787115326,0.0,0.0,0.0,0,0,0,0.0,0.0,1.0,0.0,,,0,0,0,Helius verified first buyer,2026-08-20 04:51:28
5c5qaz6ci4nS4LENJH6wE1NCSZQtUrkFtPBcJDmR6nL7,,,1787115326,0.0,0.0,0.0,0,0,0,0.0,0.0,1.0,0.0,,,0,0,0,Helius verified first buyer,2026-08-20 04:51:28
BxJftYkQYQsErVatxLeWkym1krBRHaXxpBUetVwHmPJo,,,1787115326,0.0,0.0,0.0,0,0,0,0.0,0.0,1.0,0.0,,,0,0,0,Helius verified first buyer,2026-08-20 04:51:29
FwkCqgdSBYuNgkPPv6ysnf4dE6BBpGXsXK3affm5XLm6,,,1787115327,0.0,0.0,0.0,0,0,0,0.0,0.0,1.0,0.0,,,0,0,0,Helius verified first buyer,2026-08-20 04:51:29
AVFcpcyGyXSjmo4vbruTJPDXqsp1k9fD35q84p1wqYY,,,1787115327,0.0,0.0,0.0,0,0,0,0.0,0.0,1.0,0.0,,,0,0,0,Helius verified first buyer,2026-08-20 04:54:23
HXyrqRgbRtdEHN7mXkTfyRpJfkEkxeV9eVPeq5ZAUYgC,,,1787115327,0.0,0.0,0.0,0,0,0,0.0,0.0,1.0,0.0,,,0,0,0,Helius verified first buyer,2026-08-20 04:51:29
7cUTDH4NBJAQp6QFBZMe7m1W3bELW6CZPmY9Ff3vfZo5,,,1787115327,0.0,0.0,0.0,0,0,0,0.0,0.0,1.0,0.3,,,0,0,0,Helius verified first buyer,2026-08-20 04:58:05
B7pB6zPepM3CSgSuF7iMTxiEbYfHzEG9aAtJpTMh1nbR,,,1787115328,0.0,0.0,0.0,0,0,0,0.0,0.0,1.0,0.0,,,0,0,0,Helius verified first buyer,2026-08-20 04:51:30
FhaR2YxtJqrt5ZnmYibo9fGxjczzRXavYSKFtSjv7CjN,,,1787115328,0.0,0.0,0.0,0,0,0,0.0,0.0,1.0,0.0,,,0,0,0,Helius verified first buyer,2026-08-20 04:54:11
7Pctotq5cP8TYd2FFzW1w2QYbTmWM6UBpXBHG4kG3Sag,,,1787115328,0.0,0.0,0.0,0,0,0,0.0,0.0,1.0,0.0,,,0,0,0,Helius verified first buyer,2026-08-20 04:51:30
HrjNAgmT9iXzetXARDuBSziGhxcwThnGNxMRzLerp7Rj,,,1787115329,0.0,0.0,0.0,0,0,0,0.0,0.0,1.0,0.0,,,0,0,0,Helius verified first buyer,2026-08-20 04:51:31
F8v6TeLxM7WiBhgo7wbV1gbKexHAW4iPq8rAC8Wj7h2x,,,1787115329,0.0,0.0,0.0,0,0,0,0.0,0.0,1.0,0.0,,,0,0,0,Helius verified first buyer,2026-08-20 04:51:31
AfJGzuYGVykfiBGNQ62j1PYWBGtNerBTxaxSa5qVSXbS,,,1787115329,0.0,0.0,0.0,0,0,0,0.0,0.0,1.0,0.0,,,0,0,0,Helius verified first buyer,2026-08-20 04:51:31
2uwXJWLHPQQZjnhkh1PdXM4tSPZrtqGvRTTLpVpPm3dM,,,1787115330,0.0,0.0,0.0,0,0,0,0.0,0.0,1.0,0.0,,,0,0,0,Helius verified first buyer,2026-08-20 04:51:31
7mQirLtbJrPcRGgEUM7j17sCoT1pcapGfhx8gUc5Twyr,,,1787115330,0.0,0.0,0.0,0,0,0,0.0,0.0,1.0,0.0,,,0,0,0,Helius verified first buyer,2026-08-20 04:51:31
Ey6yFgV7eH2ccHibtt5LPW1GFfaLJkNQxTjzHd5hKu6q,,,1787115331,0.0,0.0,0.0,0,0,0,0.0,0.0,1.0,0.0,,,0,0,0,Helius verified first buyer,2026-08-20 04:51:32
664LguR7uirYTgm6cudkxPsfC7mqELaxTUacpYTpV8LL,,,1787115331,0.0,0.0,0.0,0,0,0,0.0,0.0,1.0,0.0,,,0,0,0,Helius verified first buyer,2026-08-20 04:51:32
5GgrwZ6WubTiwQVwPsfVFznSKyQtBbuDdv4dmb4epD48,,,1787115332,0.0,0.0,0.0,0,0,0,0.0,0.0,1.0,0.0,,,0,0,0,Helius verified first buyer,2026-08-20 04:51:33
MDfuZdycJqQ5CJZMVkt71KgsTMTQDxoR9U8YKvZGgVz,,,1787115332,0.0,0.0,0.0,0,0,0,0.0,0.0,1.0,0.0,,,0,0,0,Helius verified first buyer,2026-08-20 04:51:33
7PGFDmERm6mtKchi4Qy4bzKbpuHQQywqvKws9VcLUins,,,1787115332,0.0,0.0,0.0,0,0,0,0.0,0.0,1.0,0.0,,,0,0,0,Helius verified first buyer,2026-08-20 04:51:33
GtAkb6VtafY5a6evLndNMmqmrG5gfATP3Ee9WEt2LPmw,,,1787115333,0.0,0.0,0.0,0,0,0,0.0,0.0,1.0,0.0,,,0,0,0,Helius verified first buyer,2026-08-20 04:51:34
HDHzXG16h1q3Af8bwGboajCJ9k2JMLhHqrsbnngaPxf4,,,1787115333,0.0,0.0,0.0,0,0,0,0.0,0.0,1.0,0.0,,,0,0,0,Helius verified first buyer,2026-08-20 04:51:34
G2ZzN8acLaon93tso3T9oeEjNMmfaasRNGzf7Myjpa4Y,,,1787115334,0.0,0.0,0.0,0,0,0,0.0,0.0,1.0,0.0,,,0,0,0,Helius verified first buyer,2026-08-20 04:54:17
2F5x36wTxSfZ12MrWuxMtsa5KRJtyMUWezk6ejEjh5i7,,,1787115334,0.0,0.0,0.0,0,0,0,0.0,0.0,1.0,0.0,,,0,0,0,Helius verified first buyer,2026-08-20 04:51:35
D8sHc35vXfU2xWrcHKoNHMnJg64E8PBHo9GrMCpi7FZE,,,1787115334,0.0,0.0,0.0,0,0,0,0.0,0.0,1.0,0.0,,,0,0,0,Helius verified first buyer,2026-08-20 04:51:35
23Y7DjYiq4j246MZSZkg2msarXYdiPqHoyg9XMvoe86g,,,1787115335,0.0,0.0,0.0,0,0,0,0.0,0.0,1.0,0.0,,,0,0,0,Helius verified first buyer,2026-08-20 04:51:35
32ELvp278FvvnrAKrREiyJPGYbQys2Y7i4YgFoKemyoS,,,1787115335,0.0,0.0,0.0,0,0,0,0.0,0.0,1.0,0.0,,,0,0,0,Helius verified first buyer,2026-08-20 04:53:46
AnMHmmgCoYuMWB2opTSEYEhNigFNrZdgZCTf9dYRJ1aj,,,1787115335,0.0,0.0,0.0,0,0,0,0.0,0.0,1.0,0.0,,,0,0,0,Helius verified first buyer,2026-08-20 04:51:36
FdPbz7qBnGynVwibjPZDy6VRXU56kFNics8QGitW32TY,,,1787115336,0.0,0.0,0.0,0,0,0,0.0,0.0,1.0,0.0,,,0,0,0,Helius verified first buyer,2026-08-20 04:53:58
rzDhMNWSyD9aTaTG4VsGNS2gyT9cyos8QgsQyhiKPnr,,,1787115337,0.0,0.0,0.0,0,0,0,0.0,0.0,1.0,0.0,,,0,0,0,Helius verified first buyer,2026-08-20 04:51:37
FjZEteKLRQywjpnubReuqcm8sF1Z2RQvsFicm41nMkCr,,,1787115337,0.0,0.0,0.0,0,0,0,0.0,0.0,1.0,0.0,,,0,0,0,Helius verified first buyer,2026-08-20 04:51:37
4n6vMdRV26NNh9FegvnXfy65o7YC1HRsWRnUFWa739z6,,,1787115337,0.0,0.0,0.0,0,0,0,0.0,0.0,1.0,0.0,,,0,0,0,Helius verified first buyer,2026-08-20 04:51:38
3r5MvF8KrhY793DgwgjCZgqMo9WK3NsmgsRi6jXneLQz,,,1787115338,0.0,0.0,0.0,0,0,0,0.0,0.0,1.0,0.0,,,0,0,0,Helius verified first buyer,2026-08-20 04:51:38
YCarorBafTkA46BQBGY6MhJNht6vVi4qUS9XWRaSsGo,,,1787115338,0.0,0.0,0.0,0,0,0,0.0,0.0,1.0,0.0,,,0,0,0,Helius verified first buyer,2026-08-20 04:51:38
GtDreTvdRookuNQrCC7h87afz8An5fptBYrN1kK1dDn3,,,1787115339,0.0,0.0,0.0,0,0,0,0.0,0.0,1.0,0.0,,,0,0,0,Helius verified first buyer,2026-08-20 04:51:39
GRSAHyodF3fT7F9ctqZy6TjBg1ouEhUV5kWEcrY6EPxP,,,1787115339,0.0,0.0,0.0,0,0,0,0.0,0.0,1.0,0.0,,,0,0,0,Helius verified first buyer,2026-08-20 04:51:39
2tCw15DSzHZae1Ny9Aptzr1k2Mms8zX3ZZkxPHnPbSq9,,,1787115339,0.0,0.0,0.0,0,0,0,0.0,0.0,1.0,0.0,,,0,0,0,Helius verified first buyer,2026-08-20 04:51:39
B2UGaJMUbur5b4rMYrB7oyJ8agdBHjsYzCP2PwsFToCw,,,1787115339,0.0,0.0,0.0,0,0,0,0.0,0.0,1.0,0.0,,,0,0,0,Helius verified first buyer,2026-08-20 04:51:40
8JhdcmQvf53dbrbVurGAxn8cY8aEcbVhjHqGFQvs5o7i,,,1787115340,0.0,0.0,0.0,0,0,0,0.0,0.0,1.0,0.0,,,0,0,0,Helius verified first buyer,2026-08-20 04:51:40
7pKp2zzu3wzaD6KuPeCKX6e1qcy3tbGv2yquVMvTbr67,,,1787115340,0.0,0.0,0.0,0,0,0,0.0,0.0,1.0,0.0,,,0,0,0,Helius verified first buyer,2026-08-20 04:51:40
J2yqNLikCq76jw4b3dQ4BR97s4My94CP764qDvoK6kJh,,,1787115340,0.0,0.0,0.0,0,0,0,0.0,0.0,1.0,0.0,,,0,0,0,Helius verified first buyer,2026-08-20 04:51:41
BEqVQcjy51c3CZwmWXToPoXzBnimN6GTCwUV5ReAexEm,,,1787115341,0.0,0.0,0.0,0,0,0,0.0,0.0,1.0,0.0,,,0,0,0,Helius verified first buyer,2026-08-20 04:51:41
8MF6G6FkbmnL845Hqsm6MuvSePUTfMY9MxcTFfAetgDA,,,1787115341,0.0,0.0,0.0,0,0,0,0.0,0.0,1.0,0.0,,,0,0,0,Helius verified first buyer,2026-08-20 04:51:41
7LNa5PNdRBJ9Bh1Qjf9PqUuwvYybZWVVLyrs6Xhjb6B8,,,1787115341,0.0,0.0,0.0,0,0,0,0.0,0.0,1.0,0.0,,,0,0,0,Helius verified first buyer,2026-08-20 04:51:41
ECxUhUYoYTjoC6T8HP9PG2SxaJbQvWSR8s4yeZFJsW18,,,1787115342,0.0,0.0,0.0,0,0,0,0.0,0.0,1.0,0.0,,,0,0,0,Helius verified first buyer,2026-08-20 04:53:41
AfbGP1dhy5qwFRgGQwAe9UXCfLVMedE9QCcnY1TEbNSr,,,1787115343,0.0,0.0,0.0,0,0,0,0.0,0.0,1.0,0.0,,,0,0,0,Helius verified first buyer,2026-08-20 04:51:42
AXjpDhsqMWbLTRJpVCUaYqMbQvh4q9LvQrCyBvDYTLjW,,,1787115343,0.0,0.0,0.0,0,0,0,0.0,0.0,1.0,0.0,,,0,0,0,Helius verified first buyer,2026-08-20 04:51:42
Dz29VDpkzTVv9oL4py3yjEGwb5qahxUDkBP5EcVuD35d,,,1787115343,0.0,0.0,0.0,0,0,0,0.0,0.0,1.0,0.0,,,0,0,0,Helius verified first buyer,2026-08-20 04:51:42
3dahgJa8xsRvqL4JKK5M5YdfiN7KDpGYsqTP6XUquXRz,,,1787115343,0.0,0.0,0.0,0,0,0,0.0,0.0,1.0,0.0,,,0,0,0,Helius verified first buyer,2026-08-20 04:51:44
HaTG9iGVG7CTeGsT9WCjjJzicTPGeDsMUoJGK4DzaujR,,,1787115343,0.0,0.0,0.0,0,0,0,0.0,0.0,1.0,0.0,,,0,0,0,Helius verified first buyer,2026-08-20 04:51:44
EMvqQxyUZstypbWGfNA9DzKaZU67XbrQcz4gBchinr9n,,,1787115344,0.0,0.0,0.0,0,0,0,0.0,0.0,1.0,0.0,,,0,0,0,Helius verified first buyer,2026-08-20 04:51:45
7BLNZBpFePNreKrZGY9geDwzURs2aH3UUU516faBqPA,,,1787115344,0.0,0.0,0.0,0,0,0,0.0,0.0,1.0,0.0,,,0,0,0,Helius verified first buyer,2026-08-20 04:51:45
45RZ8fbUF4uiVCf4Mp7g2Lk4DSeBUPr1NVhkqr8qx5Di,,,1787115345,0.0,0.0,0.0,0,0,0,0.0,0.0,1.0,0.0,,,0,0,0,Helius verified first buyer,2026-08-20 04:51:45
2qFndzqCDUqqzekRANXd9hhDT3QbNDJcxvXmBDC9qwGT,,,1787115345,0.0,0.0,0.0,0,0,0,0.0,0.0,1.0,0.0,,,0,0,0,Helius verified first buyer,2026-08-20 04:51:46
FxGj2J6rXVkurxRxGK3fAoMR58CJ8yUvhTEmFBjJcKog,,,1787115345,0.0,0.0,0.0,0,0,0,0.0,0.0,1.0,0.0,,,0,0,0,Helius verified first buyer,2026-08-20 04:51:46
347DAZ5gqtj3evRcniBqM2uY67JkjhU9xQjTuHNuwM84,,,1787115345,0.0,0.0,0.0,0,0,0,0.0,0.0,1.0,0.0,,,0,0,0,Helius verified first buyer,2026-08-20 04:53:37
CEchKtqJXBmLf5nFmZr8c6CZid1UNKFmjPq5zKsSsw8m,,,1787115346,0.0,0.0,0.0,0,0,0,0.0,0.0,1.0,0.0,,,0,0,0,Helius verified first buyer,2026-08-20 04:51:46
F3TtLLU7HTeHtsrHDu1EpKpBYytYZ33YTmY9ybqgZp7Q,,,1787115346,0.0,0.0,0.0,0,0,0,0.0,0.0,1.0,0.0,,,0,0,0,Helius verified first buyer,2026-08-20 04:54:10
DSVh1oczq42ftzH5McQsz2TUWygb3XrQ8qgYMFnhiiW4,,,1787115347,0.0,0.0,0.0,0,0,0,0.0,0.0,1.0,0.0,,,0,0,0,Helius verified first buyer,2026-08-20 04:51:47
6qLygfNUquTecJhHHNjKETd8s43BMoMRDLXYg9xPHM4e,,,1787115347,0.0,0.0,0.0,0,0,0,0.0,0.0,1.0,0.0,,,0,0,0,Helius verified first buyer,2026-08-20 04:51:47
ADVSDbZbznYu1C8HThZpQbE2syXL4HHm5KC4L5AWL5vb,,,1787115347,0.0,0.0,0.0,0,0,0,0.0,0.0,1.0,0.0,,,0,0,0,Helius verified first buyer,2026-08-20 04:51:47
6JWrtQVGA7GHAaTn3zB8eCdkHqk7iX9ZkVTGSoJDS6RV,,,1787115348,0.0,0.0,0.0,0,0,0,0.0,0.0,1.0,0.0,,,0,0,0,Helius verified first buyer,2026-08-20 04:51:47
2PYQm5LJav8wVtbmyEJ8rjiNS7LRqgeG73yyBKjZ1Rvr,,,1787115348,0.0,0.0,0.0,0,0,0,0.0,0.0,1.0,0.0,,,0,0,0,Helius verified first buyer,2026-08-20 04:51:48
iW3D4TU28CKmqxgpAVW7zSNwKJWEjvsG1h5ojdJP6QY,,,1787115348,0.0,0.0,0.0,0,0,0,0.0,0.0,1.0,0.0,,,0,0,0,Helius verified first buyer,2026-08-20 04:51:49
BHWwaca5bDP8BC46odGC3t3UxLD8xTp3DB1q554QufTR,,,1787115349,0.0,0.0,0.0,0,0,0,0.0,0.0,1.0,0.0,,,0,0,0,Helius verified first buyer,2026-08-20 04:51:49
6JdTT1xS6APzzS1jkZs3vCMpnV96LiS1UZ2PVcGJGyXn,,,1787115349,0.0,0.0,0.0,0,0,0,0.0,0.0,1.0,0.0,,,0,0,0,Helius verified first buyer,2026-08-20 04:54:29
74gVyN4axKVAyJazKMxKvi2f4ZFg6TRmZcrGyNFKCBtr,,,1787115349,0.0,0.0,0.0,0,0,0,0.0,0.0,1.0,0.0,,,0,0,0,Helius verified first buyer,2026-08-20 04:51:50
CoNP5mtPPPgiwhFYZnxQhGEZjKbKmWuinEAns22n323F,,,1787115350,0.0,0.0,0.0,0,0,0,0.0,0.0,1.0,0.0,,,0,0,0,Helius verified first buyer,2026-08-20 04:51:50
H2JB1HAegBu8GWU6Yunox4r4byARdXF4Z4AKBPZ4GoMy,,,1787115350,0.0,0.0,0.0,0,0,0,0.0,0.0,1.0,0.0,,,0,0,0,Helius verified first buyer,2026-08-20 04:53:48
DaX3qz2HMvroAg6V72UhRnoyzK1PbXz2u2f6jCmBmbdJ,,,1787115351,0.0,0.0,0.0,0,0,0,0.0,0.0,1.0,0.0,,,0,0,0,Helius verified first buyer,2026-08-20 04:51:51
7Hq6ye2qgvmdrEvvQGtQMZ1WCCAbXM99uDTSJRZY6vbw,,,1787115351,0.0,0.0,0.0,0,0,0,0.0,0.0,1.0,0.0,,,0,0,0,Helius verified first buyer,2026-08-20 04:51:51
FqvTknHmu2rXrhGePesPLR2DFhe5sHBtgULMJ2aMqVVv,,,1787115351,0.0,0.0,0.0,0,0,0,0.0,0.0,1.0,0.0,,,0,0,0,Helius verified first buyer,2026-08-20 04:51:51
GYJpnnvooc9pMBfaL1zzQPdTDXrxiW5sY7hyuiTaPJSj,,,1787115352,0.0,0.0,0.0,0,0,0,0.0,0.0,1.0,0.0,,,0,0,0,Helius verified first buyer,2026-08-20 04:51:51
8JjqFx15NxGCTw6REc4h9pNveAz77Jj14tEx6LyZDDi7,,,1787115352,0.0,0.0,0.0,0,0,0,0.0,0.0,1.0,0.0,,,0,0,0,Helius verified first buyer,2026-08-20 04:51:51
9Ph76Qr83Co84JEC4Eybix3gR5HbJRRLmaJdAvNPUZ3W,,,1787115353,0.0,0.0,0.0,0,0,0,0.0,0.0,1.0,0.0,,,0,0,0,Helius verified first buyer,2026-08-20 04:51:52
7Y9Res87VkqiXBbGzMvUemh2A7bHDz1A4cyrCqVffMFz,,,1787115353,0.0,0.0,0.0,0,0,0,0.0,0.0,1.0,0.0,,,0,0,0,Helius verified first buyer,2026-08-20 04:51:52
6itXPmkTxENX8tXhbdby5kw5o3sK9mQhdyLnXBY4my1F,,,1787115353,0.0,0.0,0.0,0,0,0,0.0,0.0,1.0,0.0,,,0,0,0,Helius verified first buyer,2026-08-20 04:51:52
5bDUMnRjxCcFSe5f15pdi8rxP7w1wz5HtxQdtYvcvcxh,,,1787115354,0.0,0.0,0.0,0,0,0,0.0,0.0,1.0,0.0,,,0,0,0,Helius verified first buyer,2026-08-20 04:51:52
CqJoC4QGXZMYkFyuyR4hThDL3Ad97EGk3xZhytAvBQph,,,1787115354,0.0,0.0,0.0,0,0,0,0.0,0.0,1.0,0.0,,,0,0,0,Helius verified first buyer,2026-08-20 04:51:53
7FXeHFvfF4buWak2Sa4wN5QF6CqCoZh646TsDUmwCrwE,,,1787115354,0.0,0.0,0.0,0,0,0,0.0,0.0,1.0,0.0,,,0,0,0,Helius verified first buyer,2026-08-20 04:51:53
6dbHRSaJyzGZUuJ5cxgEZwXxfGJeUPpBKhzEvtBu2Qrn,,,1787115354,0.0,0.0,0.0,0,0,0,0.0,0.0,1.0,0.0,,,0,0,0,Helius verified first buyer,2026-08-20 04:51:53
2PDSwe3krtpvWET4eesBotHVkoSoEnG6388oUwaYpe7h,,,1787115355,0.0,0.0,0.0,0,0,0,0.0,0.0,1.0,0.0,,,0,0,0,Helius verified first buyer,2026-08-20 04:51:53
8L5XhcAEb3jjuZ4NJLaVs67RpFVTBuMSzic2bYr1ry8D,,,1787115356,0.0,0.0,0.0,0,0,0,0.0,0.0,1.0,0.0,,,0,0,0,Helius verified first buyer,2026-08-20 04:51:54
GozUHDsgVWwyuGotcBm8E7oeqaqLe2UmKXRHcVBxKzPA,,,1787115356,0.0,0.0,0.0,0,0,0,0.0,0.0,1.0,0.0,,,0,0,0,Helius verified first buyer,2026-08-20 04:51:54
J2fUq1LQjbV5dkDbGyN8g7FEEk8yqFyPr4dC8rDmZZuS,,,1787115356,0.0,0.0,0.0,0,0,0,0.0,0.0,1.0,0.0,,,0,0,0,Helius verified first buyer,2026-08-20 04:51:54
3uEj5Xd8D894x19dLF11QezprrmuMrTpAghH8ejZUqNV,,,1787115356,0.0,0.0,0.0,0,0,0,0.0,0.0,1.0,0.0,,,0,0,0,Helius verified first buyer,2026-08-20 04:51:54
FHbwwgmHseJtxmaqdJ8UE35tGLrMEp9MUzU4N26TJ9uG,,,1787115356,0.0,0.0,0.0,0,0,0,0.0,0.0,1.0,0.0,,,0,0,0,Helius verified first buyer,2026-08-20 04:51:55
B4gMzvy1LWjmV6fsVbExRqPfdGE9mUinMcqBNPgyt8Qj,,,1787115357,0.0,0.0,0.0,0,0,0,0.0,0.0,1.0,0.0,,,0,0,0,Helius verified first buyer,2026-08-20 04:51:55
APN9ix1ZQAsErREm6e17j99Q8iD5r9ZXg5R9D38avk1v,,,1787115357,0.0,0.0,0.0,0,0,0,0.0,0.0,1.0,0.0,,,0,0,0,Helius verified first buyer,2026-08-20 04:51:55
AHpKPGHAdcEXgZKpVBBAm13654jtBK4zqz7tFDvLA4PG,,,1787115358,0.0,0.0,0.0,0,0,0,0.0,0.0,1.0,0.0,,,0,0,0,Helius verified first buyer,2026-08-20 04:51:56
Qg5wyLrSCWp9S33pg7UZwAk1sWPenrhio2nkuqSYxc1,,,1787115358,0.0,0.0,0.0,0,0,0,0.0,0.0,1.0,0.0,,,0,0,0,Helius verified first buyer,2026-08-20 04:51:56
Gb3GBYzLHs4ieojFb61QqNxyrGhUf7d59tTKm4LKaHBk,,,1787115358,0.0,0.0,0.0,0,0,0,0.0,0.0,1.0,0.0,,,0,0,0,Helius verified first buyer,2026-08-20 04:51:56
EwEpsF8crPsrg1yp9GfrtWpXDkhDyNYXJDgDQbmjGZJC,,,1787115359,0.0,0.0,0.0,0,0,0,0.0,0.0,1.0,0.0,,,0,0,0,Helius verified first buyer,2026-08-20 04:51:57
BoDA92FQKoCn9U68mEXsXR2LCwKQf4ynn5w2QijQ93Sj,,,1787115359,0.0,0.0,0.0,0,0,0,0.0,0.0,1.0,0.0,,,0,0,0,Helius verified first buyer,2026-08-20 04:51:57
DnKfwAW4XvbvdTnf24GxhULRBi3Ta4sixM4a3g6Cmfd9,,,1787115360,0.0,0.0,0.0,0,0,0,0.0,0.0,1.0,0.0,,,0,0,0,Helius verified first buyer,2026-08-20 04:51:57
A5us1p61jTvDnQKxSaZznEY6Qrzv1cyKj7NLsVWifgzU,,,1787115360,0.0,0.0,0.0,0,0,0,0.0,0.0,1.0,0.0,,,0,0,0,Helius verified first buyer,2026-08-20 04:51:57
C3JRp1Ff1cLyQrjhEHzsAm3v4JJ77KUL2PznHZ4yLoSz,,,1787115360,0.0,0.0,0.0,0,0,0,0.0,0.0,1.0,0.0,,,0,0,0,Helius verified first buyer,2026-08-20 04:54:32
ZyNJaNrY1EA6k8HUUPZHqVuMZCwh89rFzUmwemfXanX,,,1787115361,0.0,0.0,0.0,0,0,0,0.0,0.0,1.0,0.0,,,0,0,0,Helius verified first buyer,2026-08-20 04:51:58
5haqybPg8BewabkqqzRydWmLk2ZpZnx75i9ChCnErFsT,,,1787115361,0.0,0.0,0.0,0,0,0,0.0,0.0,1.0,0.0,,,0,0,0,Helius verified first buyer,2026-08-20 04:51:58
5DNG9QuLvZvoZp9ehvzb1kJDibfpFFcfzRehN8n9cw8V,,,1787115362,0.0,0.0,0.0,0,0,0,0.0,0.0,1.0,0.0,,,0,0,0,Helius verified first buyer,2026-08-20 04:51:59
5Z8A8BthYZxP9DX6BHcEBNn1vW7yVUsbdNgKtjiAWirK,,,1787115362,0.0,0.0,0.0,0,0,0,0.0,0.0,1.0,0.0,,,0,0,0,Helius verified first buyer,2026-08-20 04:51:59
7TZX5cv1rwCnxsQVq981fvaRGivLQ4BPHbiTTFidqFyV,,,1787115362,0.0,0.0,0.0,0,0,0,0.0,0.0,1.0,0.0,,,0,0,0,Helius verified first buyer,2026-08-20 04:53:33
x794QN6JsiRg7JsMDcy9BT1XkK9QgTiLMHYAwGzwfes,,,1787115363,0.0,0.0,0.0,0,0,0,0.0,0.0,1.0,0.0,,,0,0,0,Helius verified first buyer,2026-08-20 04:51:59
2HckX7vsYzYx431EhBzYcxw9ADkuqWG6tK8kcKfw9sUs,,,1787115363,0.0,0.0,0.0,0,0,0,0.0,0.0,1.0,0.0,,,0,0,0,Helius verified first buyer,2026-08-20 04:51:59
B7eaNL8oymAfPdg8yWmHqGoS6y6y9qm1g1PM2Edm8JES,,,1787115363,0.0,0.0,0.0,0,0,0,0.0,0.0,1.0,0.0,,,0,0,0,Helius verified first buyer,2026-08-20 04:52:00
57oL4SEqfS28uSLBdBpFgYcPt8Pz14V3ujmwmjFzRtmt,,,1787115364,0.0,0.0,0.0,0,0,0,0.0,0.0,1.0,0.0,,,0,0,0,Helius verified first buyer,2026-08-20 04:52:00
AopUnE8xzyQYSnAxAevKHRFhxWoYVnwcMTGsukUnM3iJ,,,1787115364,0.0,0.0,0.0,0,0,0,0.0,0.0,1.0,0.0,,,0,0,0,Helius verified first buyer,2026-08-20 04:52:00
5VzvpACwBMxGehLaGvPXVgRLe1oteiyxzmAEVf91qozz,,,1787115365,0.0,0.0,0.0,0,0,0,0.0,0.0,1.0,0.0,,,0,0,0,Helius verified first buyer,2026-08-20 04:52:01
6DbDjHJkj4mrfhf94hZrrWYsZhyG4kER1aLxYgbaRhL4,,,1787115366,0.0,0.0,0.0,0,0,0,0.0,0.0,1.0,0.0,,,0,0,0,Helius verified first buyer,2026-08-20 04:52:01
SbxN9XpRB8CAZXoq8c4F7SWsJ8DwYFppgtfULfsGVUj,,,1787115366,0.0,0.0,0.0,0,0,0,0.0,0.0,1.0,0.0,,,0,0,0,Helius verified first buyer,2026-08-20 04:52:01
5KUet4uyBUS43qgCoBsZUaNq9KvEGH8VxqFicG3TtaWu,,,1787115366,0.0,0.0,0.0,0,0,0,0.0,0.0,1.0,0.0,,,0,0,0,Helius verified first buyer,2026-08-20 04:52:02
H215uwNJXPCBXSuW6Ycyq5RQXPcYBQ2BXdkxGopePJyu,,,1787115367,0.0,0.0,0.0,0,0,0,0.0,0.0,1.0,0.0,,,0,0,0,Helius verified first buyer,2026-08-20 04:52:02
3CCJLdYm4EecZkMDtAnnHwDhGVQqAtCbCSVRtFchfqKL,,,1787115367,0.0,0.0,0.0,0,0,0,0.0,0.0,1.0,0.0,,,0,0,0,Helius verified first buyer,2026-08-20 04:52:02
ERWARoruPMBYsqDNe6JPHQKAAXYNmGU9UtJ7skdUc2xo,,,1787115368,0.0,0.0,0.0,0,0,0,0.0,0.0,1.0,0.0,,,0,0,0,Helius verified first buyer,2026-08-20 04:52:02
EgXjQZEuevb9sd4BGK2MhHDL3vuR86oEV5RhLG8TWXaq,,,1787115368,0.0,0.0,0.0,0,0,0,0.0,0.0,1.0,0.0,,,0,0,0,Helius verified first buyer,2026-08-20 04:54:07
3ErjrppQgQ2xYBGDnNr48VfXCk3dUSpooudnnYA1qKdj,,,1787115368,0.0,0.0,0.0,0,0,0,0.0,0.0,1.0,0.0,,,0,0,0,Helius verified first buyer,2026-08-20 04:52:03
Bsk9sQALbNZiZ1JisW9pGSTsDUQag25Fsrb1ZHoJrSvT,,,1787115369,0.0,0.0,0.0,0,0,0,0.0,0.0,1.0,0.0,,,0,0,0,Helius verified first buyer,2026-08-20 04:52:03
2Vm11XGgTTADahMyvU1RsbHZjBJaRmX1mYQ82uqZVuMi,,,1787115369,0.0,0.0,0.0,0,0,0,0.0,0.0,1.0,0.0,,,0,0,0,Helius verified first buyer,2026-08-20 04:53:44
7Ky1PEsV8mSE2L8rwkW8sNgFxdNMki5SAU4L9iYetmzX,,,1787115370,0.0,0.0,0.0,0,0,0,0.0,0.0,1.0,0.0,,,0,0,0,Helius verified first buyer,2026-08-20 04:52:04
Fcoi7XdjgVRaHLBmEYJmi1FS8woCY4hgLtK26ahAfRoC,,,1787115371,0.0,0.0,0.0,0,0,0,0.0,0.0,1.0,0.0,,,0,0,0,Helius verified first buyer,2026-08-20 04:52:05
pEFiYMe4hg8TCpzd8n8pLfUm4rXCWToeUiec76TbZhq,,,1787115371,0.0,0.0,0.0,0,0,0,0.0,0.0,1.0,0.0,,,0,0,0,Helius verified first buyer,2026-08-20 04:52:05
Huvmt8D1xDRGDEvqxE5MvZ2Aby6WFQqSUk2UbojsUT28,,,1787115371,0.0,0.0,0.0,0,0,0,0.0,0.0,1.0,0.0,,,0,0,0,Helius verified first buyer,2026-08-20 04:52:05
4n72QuKqkn2t2SHSNMTdWTVW1rpaDcKR5hf8ifJeLwMJ,,,1787115371,0.0,0.0,0.0,0,0,0,0.0,0.0,1.0,0.0,,,0,0,0,Helius verified first buyer,2026-08-20 04:52:05
DrMQGKc6QMN49YNjv2k9REmNEqadwkjr1nuUBBJXQjXD,,,1787115371,0.0,0.0,0.0,0,0,0,0.0,0.0,1.0,0.0,,,0,0,0,Helius verified first buyer,2026-08-20 04:52:06
ApkpG73kt3VXf5sNQVX2Qv7kB4J3HPHtb3GMgT5gmgzg,,,1787115372,0.0,0.0,0.0,0,0,0,0.0,0.0,1.0,0.0,,,0,0,0,Helius verified first buyer,2026-08-20 04:52:06
2vCbVjqbYEWqirXT23hVNpNnRVCv8tjZBhRFFR6sqasX,,,1787115372,0.0,0.0,0.0,0,0,0,0.0,0.0,1.0,0.0,,,0,0,0,Helius verified first buyer,2026-08-20 04:52:06
HVGvrGhbdhY2GTrUx342f7EvgRbao5vv4LBWo69HoNSC,,,1787115373,0.0,0.0,0.0,0,0,0,0.0,0.0,1.0,0.0,,,0,0,0,Helius verified first buyer,2026-08-20 04:54:32
DfDG3Av2pjAbbLErqFHckbnthg4AR4SZ4cJDEAuvmh3R,,,1787115374,0.0,0.0,0.0,0,0,0,0.0,0.0,1.0,0.0,,,0,0,0,Helius verified first buyer,2026-08-20 04:52:08
7HAzLUHmphWtEzQrsyo7yPV5K6h5TGrDYtnobEZnJdT2,,,1787115374,0.0,0.0,0.0,0,0,0,0.0,0.0,1.0,0.0,,,0,0,0,Helius verified first buyer,2026-08-20 04:52:09
7QEyUBFp2P8piyzGjsHDFxvW6eZVpyTcgCdJahcZgUdY,,,1787115374,0.0,0.0,0.0,0,0,0,0.0,0.0,1.0,0.0,,,0,0,0,Helius verified first buyer,2026-08-20 04:52:09
D5DdbZ7XjiyrzuPkhCDF4kzXSmdcj2zbUaQrah78Px6Q,,,1787115375,0.0,0.0,0.0,0,0,0,0.0,0.0,1.0,0.0,,,0,0,0,Helius verified first buyer,2026-08-20 04:52:09
CqmaARX6wQbsoDMTSPUrvZwW7Cue9sUJj5jjirozd4fE,,,1787115375,0.0,0.0,0.0,0,0,0,0.0,0.0,1.0,0.0,,,0,0,0,Helius verified first buyer,2026-08-20 04:52:09
3R5faaiaiF3AodHiKvtREf81JvXvHcnonxTqx7St9hE6,,,1787115375,0.0,0.0,0.0,0,0,0,0.0,0.0,1.0,0.0,,,0,0,0,Helius verified first buyer,2026-08-20 04:52:10
828C1yANqpzJmzb3FMYQQnv7B2Dyehyzh9hqLahF7wve,,,1787115376,0.0,0.0,0.0,0,0,0,0.0,0.0,1.0,0.0,,,0,0,0,Helius verified first buyer,2026-08-20 04:52:10
4irfFS83Hs519sLfHr7Fz3YLZs8ko9LoDQrf7QV1Mbuf,,,1787115376,0.0,0.0,0.0,0,0,0,0.0,0.0,1.0,0.0,,,0,0,0,Helius verified first buyer,2026-08-20 04:52:10
5PkHvgbauenbNEtaqPKLbWZ8LakbKQXZZ1YBwDrpS4uq,,,1787115376,0.0,0.0,0.0,0,0,0,0.0,0.0,1.0,0.0,,,0,0,0,Helius verified first buyer,2026-08-20 04:52:10
FMapHYjH6NDvv5eLr4J4msv1pZh4sRUH4V1dSwT9o4aC,,,1787115377,0.0,0.0,0.0,0,0,0,0.0,0.0,1.0,0.0,,,0,0,0,Helius verified first buyer,2026-08-20 04:52:11
46FiaXrDWpn2eRfqCvzcQrwE3cVcErr6qBJkNmwCtuZn,,,1787115377,0.0,0.0,0.0,0,0,0,0.0,0.0,1.0,0.0,,,0,0,0,Helius verified first buyer,2026-08-20 04:52:11
GRXbWfaNaD5rPGoxf32NfbR7ypvzfXHjvYQX8NDSSNmb,,,1787115377,0.0,0.0,0.0,0,0,0,0.0,0.0,1.0,0.0,,,0,0,0,Helius verified first buyer,2026-08-20 04:54:21
AkcLCvtu7maRffuwARYxG6SHhPp3mFJJG75DYvgUGWVo,,,1787115379,0.0,0.0,0.0,0,0,0,0.0,0.0,1.0,0.0,,,0,0,0,Helius verified first buyer,2026-08-20 04:52:12
2QhdKMC32FgftbJFMYRq6VWnVpKAYnjjiu7BE52deshK,,,1787115379,0.0,0.0,0.0,0,0,0,0.0,0.0,1.0,0.0,,,0,0,0,Helius verified first buyer,2026-08-20 04:52:13
DuyymaY7W7geiD4h7EKV8r4MPMKC9RefcuKcT8CKYPMk,,,1787115380,0.0,0.0,0.0,0,0,0,0.0,0.0,1.0,0.0,,,0,0,0,Helius verified first buyer,2026-08-20 04:52:14
8t2TVhY3rQbeejpXaFLCLzxMtH18ZV6a7xRR6Du6JNZX,,,1787115380,0.0,0.0,0.0,0,0,0,0.0,0.0,1.0,0.0,,,0,0,0,Helius verified first buyer,2026-08-20 04:52:14
2AwWeRzF6A6SZpA3rKw7UzfnB9hhutELawpwUWkFkvQW,,,1787115380,0.0,0.0,0.0,0,0,0,0.0,0.0,1.0,0.0,,,0,0,0,Helius verified first buyer,2026-08-20 04:54:15
8GwHCm5BMdwcvPhzgZaQUoZfaRD84SNH8CdQY4VUHK1z,,,1787115381,0.0,0.0,0.0,0,0,0,0.0,0.0,1.0,0.0,,,0,0,0,Helius verified first buyer,2026-08-20 04:52:16
Dnw3SArWjG4CFBa8nJS75qhi7uSVepxyBzUxqv32rChw,,,1787115381,0.0,0.0,0.0,0,0,0,0.0,0.0,1.0,0.0,,,0,0,0,Helius verified first buyer,2026-08-20 04:52:16
6ZvK5ioJTjMHaPJyZzVYMkvcJuh5G4Bowgb5pCxhuaag,,,1787115382,0.0,0.0,0.0,0,0,0,0.0,0.0,1.0,0.0,,,0,0,0,Helius verified first buyer,2026-08-20 04:52:17
7z48mSJKSVP9HDesuVoPGLS5bGBNZDfQNUhnLnQbpKH3,,,1787115382,0.0,0.0,0.0,0,0,0,0.0,0.0,1.0,0.0,,,0,0,0,Helius verified first buyer,2026-08-20 04:52:18
8ji4sS9dJ2cbmEALZy2rnpUZZbcUbDxUwZUNrWhivLtz,,,1787115382,0.0,0.0,0.0,0,0,0,0.0,0.0,1.0,0.0,,,0,0,0,Helius verified first buyer,2026-08-20 04:52:18
J93Rd5V269ecexSBzdHwnCxCWnazTPJWGiWgEmcNW4gL,,,1787115383,0.0,0.0,0.0,0,0,0,0.0,0.0,1.0,0.0,,,0,0,0,Helius verified first buyer,2026-08-20 04:52:19
4s116N7sJUQqfpL1v4nQxrdEtoAf4uXSPaLmTp1UwAPz,,,1787115383,0.0,0.0,0.0,0,0,0,0.0,0.0,1.0,0.0,,,0,0,0,Helius verified first buyer,2026-08-20 04:52:19
2dCxBF6Sv4uxNud1FDTa7FdEheomCJAXBmjRvoCDpo6w,,,1787115383,0.0,0.0,0.0,0,0,0,0.0,0.0,1.0,0.0,,,0,0,0,Helius verified first buyer,2026-08-20 04:52:20
CeuGDxzJhR2hBrRtxtzZe4o3VtFfMvYv4bfypAoJ415c,,,1787115384,0.0,0.0,0.0,0,0,0,0.0,0.0,1.0,0.0,,,0,0,0,Helius verified first buyer,2026-08-20 04:52:21
GyJ8GmXRp5tkdrSHxmpU3ektBUGWw6HNBfRnHC24cTVU,,,1787115384,0.0,0.0,0.0,0,0,0,0.0,0.0,1.0,0.0,,,0,0,0,Helius verified first buyer,2026-08-20 04:52:22
Da6HzqdHksppUcyq1cfC2DZZLGm4vyECboZPKwoAnvdw,,,1787115385,0.0,0.0,0.0,0,0,0,0.0,0.0,1.0,0.0,,,0,0,0,Helius verified first buyer,2026-08-20 04:52:22
4tr28Zub3b9AMiBrxHinw9R85TGZooVK8fi6yXYV8ZAC,,,1787115386,0.0,0.0,0.0,0,0,0,0.0,0.0,1.0,0.0,,,0,0,0,Helius verified first buyer,2026-08-20 04:52:23
EMMG2GJk1JfHEWA83HyGMRhy4EsXquvdUHJqr3UnDuy6,,,1787115386,0.0,0.0,0.0,0,0,0,0.0,0.0,1.0,0.0,,,0,0,0,Helius verified first buyer,2026-08-20 04:52:23
GtKdwTjudm2yYoyVv88j76ThV4q3bMUtifw5h8tMByvX,,,1787115386,0.0,0.0,0.0,0,0,0,0.0,0.0,1.0,0.0,,,0,0,0,Helius verified first buyer,2026-08-20 04:52:23
D8RwWNvcZDGYzkNBvwjMvVvYBrUigWsgUL9spZ8NqmXH,,,1787115387,0.0,0.0,0.0,0,0,0,0.0,0.0,1.0,0.0,,,0,0,0,Helius verified first buyer,2026-08-20 04:52:23
DhQzYh3E6YNs2g7vGy5P4t4WEKPGg1rKSgrr5D6XCJBf,,,1787115387,0.0,0.0,0.0,0,0,0,0.0,0.0,1.0,0.0,,,0,0,0,Helius verified first buyer,2026-08-20 04:52:24
311xLepT1iVbcPE9cTbn9yDcwS2mVpJw2XfLCVNPBVUv,,,1787115387,0.0,0.0,0.0,0,0,0,0.0,0.0,1.0,0.0,,,0,0,0,Helius verified first buyer,2026-08-20 04:52:24
BBpamEbnum4bJc9AXcTVk3cLUzuS675AutDHCfrxYniR,,,1787115388,0.0,0.0,0.0,0,0,0,0.0,0.0,1.0,0.0,,,0,0,0,Helius verified first buyer,2026-08-20 04:52:24
2b4ZpsHq8644qfh1zz9MJTsLwALTVK22yQZ7UW7C8cf3,,,1787115388,0.0,0.0,0.0,0,0,0,0.0,0.0,1.0,0.0,,,0,0,0,Helius verified first buyer,2026-08-20 04:52:24
Epd1g5SY8v4KudQPNts4fj2FNck8M7FrgWeZfvaLiFpr,,,1787115389,0.0,0.0,0.0,0,0,0,0.0,0.0,1.0,0.0,,,0,0,0,Helius verified first buyer,2026-08-20 04:52:25
C36G5qyXg5FyVU8LaPjXgE9YDRMfn1NRLJDm88gRxUsZ,,,1787115389,0.0,0.0,0.0,0,0,0,0.0,0.0,1.0,0.0,,,0,0,0,Helius verified first buyer,2026-08-20 04:52:25
9sVit7CkJL6H6coi1xJCLBnyLWHWXuaSciZN4e8qR7QL,,,1787115390,0.0,0.0,0.0,0,0,0,0.0,0.0,1.0,0.0,,,0,0,0,Helius verified first buyer,2026-08-20 04:54:05
5FaSGXbNzbPsZrKKCY5BpStnaa72VtU4erNr2923rdDz,,,1787115390,0.0,0.0,0.0,0,0,0,0.0,0.0,1.0,0.0,,,0,0,0,Helius verified first buyer,2026-08-20 04:52:26
4j6QRU22Y2n22D5zieGMeWpL3rEdUnuFRrdE36L4LZvY,,,1787115390,0.0,0.0,0.0,0,0,0,0.0,0.0,1.0,0.0,,,0,0,0,Helius verified first buyer,2026-08-20 04:52:26
TYj4yMCSyJH2jmdxaJnchgDuyYNRsttSbkuGoEGJ5kD,,,1787115391,0.0,0.0,0.0,0,0,0,0.0,0.0,1.0,0.0,,,0,0,0,Helius verified first buyer,2026-08-20 04:52:27
8XAPpsCoQCiNRbXFEJyECZV78LBLGszAs3WTBwjHVg16,,,1787115391,0.0,0.0,0.0,0,0,0,0.0,0.0,1.0,0.0,,,0,0,0,Helius verified first buyer,2026-08-20 04:52:27
hsc86ncDRczJ8BzFmFYRpMuezVELz75FNsTwTuMJm77,,,1787115393,0.0,0.0,0.0,0,0,0,0.0,0.0,1.0,0.0,,,0,0,0,Helius verified first buyer,2026-08-20 04:52:27
94nBj9YQz7S4bMDxzv1BuA5Qq3GEpdSEJwHYFFozBpJ2,,,1787115393,0.0,0.0,0.0,0,0,0,0.0,0.0,1.0,0.0,,,0,0,0,Helius verified first buyer,2026-08-20 04:52:27
GyBR9nosTrcfyKhhwBByqYrH3jC6RWEBKb3JENrRPfTr,,,1787115393,0.0,0.0,0.0,0,0,0,0.0,0.0,1.0,0.0,,,0,0,0,Helius verified first buyer,2026-08-20 04:52:28
CT5DVMWgMaLyCawBArVHCuusmgjXyMao7vjAoNkPJZT1,,,1787115393,0.0,0.0,0.0,0,0,0,0.0,0.0,1.0,0.0,,,0,0,0,Helius verified first buyer,2026-08-20 04:52:28
GtDvWTadxtRfuqciR2qrjdQGeGjucpPMTatu1wdEpC3A,,,1787115393,0.0,0.0,0.0,0,0,0,0.0,0.0,1.0,0.0,,,0,0,0,Helius verified first buyer,2026-08-20 04:52:28
7ZQCQ1aNwwZnRWJpo2RaXcC1etFvQyUa73KWwqq7zVSK,,,1787115393,0.0,0.0,0.0,0,0,0,0.0,0.0,1.0,0.0,,,0,0,0,Helius verified first buyer,2026-08-20 04:52:28
HYsJzQeQiHWZ6J9HpA6VKcK3yDNdnrWAiatdqPSfQe5K,,,1787115393,0.0,0.0,0.0,0,0,0,0.0,0.0,1.0,0.0,,,0,0,0,Helius verified first buyer,2026-08-20 04:52:29
6sB9wTAvaofJrQeCZAWFDTyno1zAysbhZKRNsAsq65NE,,,1787115393,0.0,0.0,0.0,0,0,0,0.0,0.0,1.0,0.0,,,0,0,0,Helius verified first buyer,2026-08-20 04:52:29
FE5vesXymbYK28CgwVzKhajak3gDp71RkiyVkuVFPTWk,,,1787115396,0.0,0.0,0.0,0,0,0,0.0,0.0,1.0,0.0,,,0,0,0,Helius verified first buyer,2026-08-20 04:52:30
Afeyve4qJ215rXQR16kRzuXiqUaffwfMp6kd9Q8mnjqB,,,1787115396,0.0,0.0,0.0,0,0,0,0.0,0.0,1.0,0.0,,,0,0,0,Helius verified first buyer,2026-08-20 04:52:30
9UFi3wTVXWwFBHX8t84ADakxs6R4TAm6dTMQY6FR1Baa,,,1787115396,0.0,0.0,0.0,0,0,0,0.0,0.0,1.0,0.0,,,0,0,0,Helius verified first buyer,2026-08-20 04:52:30
EisWrLQY6y5G166Ve2j6wFNGpTwtEa1vAfydHczTdpW1,,,1787115396,0.0,0.0,0.0,0,0,0,0.0,0.0,1.0,0.0,,,0,0,0,Helius verified first buyer,2026-08-20 04:52:31
5ojPeVtkyyeNc9osDykaqGtguCbEun6VFhEVNz7QE9w2,,,1787115396,0.0,0.0,0.0,0,0,0,0.0,0.0,1.0,0.0,,,0,0,0,Helius verified first buyer,2026-08-20 04:52:31
GyP7PgdXbnMvPQ9ovCpdTXEmTrp6C9uqRLc8MBfaC1dx,,,1787115396,0.0,0.0,0.0,0,0,0,0.0,0.0,1.0,0.0,,,0,0,0,Helius verified first buyer,2026-08-20 04:52:31
3TxCFKgMUgCB99YQJ8TgEJjP9Uzgk8FUXcH1p7rxRF1e,,,1787115396,0.0,0.0,0.0,0,0,0,0.0,0.0,1.0,0.3,,,0,0,0,Helius verified first buyer,2026-08-20 05:04:04
3t58g13SEeLxTmqcaXZMS6RpNr7Jig9Lkdd9bWAPZo4v,,,1787115397,0.0,0.0,0.0,0,0,0,0.0,0.0,1.0,0.0,,,0,0,0,Helius verified first buyer,2026-08-20 04:52:32
DDZAiSaSb8vepSjNhGGsrRurMGN1zUt8hYKEMrP8BU41,,,1787115397,0.0,0.0,0.0,0,0,0,0.0,0.0,1.0,0.0,,,0,0,0,Helius verified first buyer,2026-08-20 04:52:32
3NDQysaZDhZ8DJC7CanbTfvbgAQ2NjFmbvMCp1GBKVjq,,,1787115398,0.0,0.0,0.0,0,0,0,0.0,0.0,1.0,0.0,,,0,0,0,Helius verified first buyer,2026-08-20 04:52:33
4j3ihymAZvEwNUunZga9xXAiwxdwXeDv7Di9i9oQYErQ,,,1787115398,0.0,0.0,0.0,0,0,0,0.0,0.0,1.0,0.0,,,0,0,0,Helius verified first buyer,2026-08-20 04:52:33
FrDPUrtydh3dhDRLbXVDtyYngiGEECYWNqjgyUca15uz,,,1787115398,0.0,0.0,0.0,0,0,0,0.0,0.0,1.0,0.0,,,0,0,0,Helius verified first buyer,2026-08-20 04:52:33
GwQWbDo4WtJeaZiSFXvsdZQu8K8r4HywDKHDveDJciiK,,,1787115399,0.0,0.0,0.0,0,0,0,0.0,0.0,1.0,0.0,,,0,0,0,Helius verified first buyer,2026-08-20 04:52:33
BeQ3bph4WLsqbc64rcwJT1R639UiTi6XWbGCwt1XAxe6,,,1787115399,0.0,0.0,0.0,0,0,0,0.0,0.0,1.0,0.0,,,0,0,0,Helius verified first buyer,2026-08-20 04:52:34
J6LZRJNSUfMgNx7qFgp4ZFMnV8hpWNnG4DJfBwGnjf7N,,,1787115400,0.0,0.0,0.0,0,0,0,0.0,0.0,1.0,0.0,,,0,0,0,Helius verified first buyer,2026-08-20 04:52:34
FrT1LMX6ZmWJ5Q3SWTBuMM6xeQVvYcty4XhP54UR9Cmu,,,1787115400,0.0,0.0,0.0,0,0,0,0.0,0.0,1.0,0.0,,,0,0,0,Helius verified first buyer,2026-08-20 04:52:34
BQmgEpK1nhHSzN4qPEfJvkvd4pvLmujCTqu7CvsHKRW,,,1787115400,0.0,0.0,0.0,0,0,0,0.0,0.0,1.0,0.0,,,0,0,0,Helius verified first buyer,2026-08-20 04:52:35
zMWPP7jiMLWxwWcxgJirBgbrCtASgCHFE3pLCFqwZz5,,,1787115401,0.0,0.0,0.0,0,0,0,0.0,0.0,1.0,0.0,,,0,0,0,Helius verified first buyer,2026-08-20 04:52:35
FwtboYJaDM1XDQUV6v9i69txez9XKXNokwYJ4Xp5f23Y,,,1787115401,0.0,0.0,0.0,0,0,0,0.0,0.0,1.0,0.0,,,0,0,0,Helius verified first buyer,2026-08-20 04:52:35
E6SPU3e9DucZFFfNnJLvptxpZWyPZMKJaM4yAZwQgJtc,,,1787115401,0.0,0.0,0.0,0,0,0,0.0,0.0,1.0,0.0,,,0,0,0,Helius verified first buyer,2026-08-20 04:52:35
9WgZaLv2A6kwJkRRvo1JNPA8vwwWUGgddaR1ErerH5Sm,,,1787115402,0.0,0.0,0.0,0,0,0,0.0,0.0,1.0,0.0,,,0,0,0,Helius verified first buyer,2026-08-20 04:52:36
Hny5ZfGXUj4prtbVWMiPuc2s9btrbfzt2NjHcBqp9BvY,,,1787115402,0.0,0.0,0.0,0,0,0,0.0,0.0,1.0,0.0,,,0,0,0,Helius verified first buyer,2026-08-20 04:52:36
J3s343krcfsqRAZezUNsFPmbTQjDVYSQMTfCbA2nzvyq,,,1787115402,0.0,0.0,0.0,0,0,0,0.0,0.0,1.0,0.0,,,0,0,0,Helius verified first buyer,2026-08-20 04:52:36
72eygp5fXLiU3iptrsz8Gdae4aiiuuHLAEPrcxh9gefu,,,1787115402,0.0,0.0,0.0,0,0,0,0.0,0.0,1.0,0.0,,,0,0,0,Helius verified first buyer,2026-08-20 04:52:37
3VK3nkRPogLWgzMCRbGHE5tx1ifru3sZs8v3ZmF6Rip9,,,1787115403,0.0,0.0,0.0,0,0,0,0.0,0.0,1.0,0.0,,,0,0,0,Helius verified first buyer,2026-08-20 04:52:37
ELG6C2cL5GqE19rxsAiMXwUyE2nFhQHn5aBKmJRzAgZp,,,1787115403,0.0,0.0,0.0,0,0,0,0.0,0.0,1.0,0.0,,,0,0,0,Helius verified first buyer,2026-08-20 04:52:37
DEgC8C1Tq3QbaD6gy64NYrj9atMdYZphujGCVstdtWir,,,1787115404,0.0,0.0,0.0,0,0,0,0.0,0.0,1.0,0.0,,,0,0,0,Helius verified first buyer,2026-08-20 04:52:38
C19ySSeCnr9LJ1vvTgGLXeFR4in5jcJJ53HTAfNpYnU5,,,1787115404,0.0,0.0,0.0,0,0,0,0.0,0.0,1.0,0.0,,,0,0,0,Helius verified first buyer,2026-08-20 04:53:55
8tboJFsmorNxYzhZrkunRDwGh8eNFBeSm9akq41pBZrH,,,1787115405,0.0,0.0,0.0,0,0,0,0.0,0.0,1.0,0.0,,,0,0,0,Helius verified first buyer,2026-08-20 04:52:38
HMJcfeuryCQqYgfNFojHKxohh8jBbyfWK43eRAnHUdQj,,,1787115405,0.0,0.0,0.0,0,0,0,0.0,0.0,1.0,0.0,,,0,0,0,Helius verified first buyer,2026-08-20 04:52:40
EtGf4CHrhLzioDSMvKQqDaW81euS19EVoSNZ9YK3KE8a,,,1787115405,0.0,0.0,0.0,0,0,0,0.0,0.0,1.0,0.0,,,0,0,0,Helius verified first buyer,2026-08-20 04:54:27
B25nmHXFkWs3TEggYQ8QwJWFzkkwZMoow8SezhDUqExs,,,1787115405,0.0,0.0,0.0,0,0,0,0.0,0.0,1.0,0.0,,,0,0,0,Helius verified first buyer,2026-08-20 04:52:40
9BWzpBnezKTxSokvxRx6rUPWUxY1mvCDhrR4N8vP9zXH,,,1787115406,0.0,0.0,0.0,0,0,0,0.0,0.0,1.0,0.0,,,0,0,0,Helius verified first buyer,2026-08-20 04:52:41
sRbybf4DKukwFoSZC9iHVPiMjdKPLFzUj8YwYkXpRAi,,,1787115406,0.0,0.0,0.0,0,0,0,0.0,0.0,1.0,0.0,,,0,0,0,Helius verified first buyer,2026-08-20 04:52:41
FSYEc7aqbX81g54JtNKGkPxgVFyKTPZdoiCSD2TxnPsf,,,1787115407,0.0,0.0,0.0,0,0,0,0.0,0.0,1.0,0.0,,,0,0,0,Helius verified first buyer,2026-08-20 04:52:41
C52Z4CzZESA6WbU9jykUyY55riRsMFJQfLYBK9xrf6fe,,,1787115407,0.0,0.0,0.0,0,0,0,0.0,0.0,1.0,0.0,,,0,0,0,Helius verified first buyer,2026-08-20 04:54:13
5nog47XpWUmBgaZcLsL3sxPsmPCEAPoG4nYWx23gDUCi,,,1787115407,0.0,0.0,0.0,0,0,0,0.0,0.0,1.0,0.0,,,0,0,0,Helius verified first buyer,2026-08-20 04:52:42
7av4JUxJoz7L5zjsS9hmYdyqW31i6D6UsVyMuU9FJPRX,,,1787115408,0.0,0.0,0.0,0,0,0,0.0,0.0,1.0,0.0,,,0,0,0,Helius verified first buyer,2026-08-20 04:52:42
8V6tNu8bRtfTej25HzHPahtvwJN51xyL5HPpH4Z2eQ91,,,1787115408,0.0,0.0,0.0,0,0,0,0.0,0.0,1.0,0.0,,,0,0,0,Helius verified first buyer,2026-08-20 04:53:51
5pkr71RysHYT8CrKBAijXUWE87U6QHg5Lkde1e7ZbrdM,,,1787115409,0.0,0.0,0.0,0,0,0,0.0,0.0,1.0,0.0,,,0,0,0,Helius verified first buyer,2026-08-20 04:52:43
6yGpcxzS2h9gNNSq7NShnfE2Z3Y5BnLwBGkhqHNVJnds,,,1787115409,0.0,0.0,0.0,0,0,0,0.0,0.0,1.0,0.0,,,0,0,0,Helius verified first buyer,2026-08-20 04:53:57
HE9aSTM3KSfara89NNS9ytLrf9MyYNFAVCdeAYPLdoir,,,1787115410,0.0,0.0,0.0,0,0,0,0.0,0.0,1.0,0.0,,,0,0,0,Helius verified first buyer,2026-08-20 04:52:44
KgV8trJAaPsQSsSjjq3c6B9XC22GVQvJ79uaBBotMJu,,,1787115411,0.0,0.0,0.0,0,0,0,0.0,0.0,1.0,0.0,,,0,0,0,Helius verified first buyer,2026-08-20 04:52:44
EkNiZJv1F7PgmL9i8txC365VMqrnpSBwQZaupgKj8rr2,,,1787115411,0.0,0.0,0.0,0,0,0,0.0,0.0,1.0,0.0,,,0,0,0,Helius verified first buyer,2026-08-20 04:52:45
37SDB4gzw6txv7AFYHQzKfcRycMrEKFFNkQ1XLn33YdA,,,1787115411,0.0,0.0,0.0,0,0,0,0.0,0.0,1.0,0.0,,,0,0,0,Helius verified first buyer,2026-08-20 04:52:45
CQc4QRCa34N9KgBGyGovdLmor7vczoEHQn2LG1H9X6Bs,,,1787115412,0.0,0.0,0.0,0,0,0,0.0,0.0,1.0,0.0,,,0,0,0,Helius verified first buyer,2026-08-20 04:52:45
2CbXL5VEorZgqizSgNuUTz3SmRvHX1Ng2g3SaftxDQQm,,,1787115412,0.0,0.0,0.0,0,0,0,0.0,0.0,1.0,0.0,,,0,0,0,Helius verified first buyer,2026-08-20 04:52:45
A7MkT8wXPubU6zyC2mqxuZYgzQ4CeXgs2yLEzH1xxqY5,,,1787115412,0.0,0.0,0.0,0,0,0,0.0,0.0,1.0,0.0,,,0,0,0,Helius verified first buyer,2026-08-20 04:52:46
8YF3HTJAzZyyhzM4YUFSwk2dpbkMHqvwhHx6N8zAAapS,,,1787115413,0.0,0.0,0.0,0,0,0,0.0,0.0,1.0,0.0,,,0,0,0,Helius verified first buyer,2026-08-20 04:54:19
Gpag52MYv6W3PeBnur5P2WC7gumQqivbsivY2crTcGua,,,1787115413,0.0,0.0,0.0,0,0,0,0.0,0.0,1.0,0.0,,,0,0,0,Helius verified first buyer,2026-08-20 04:52:46
HGtZE5bRfFKxXaGS9aSGZMZPVcL7jrnTVryAta67XPrk,,,1787115414,0.0,0.0,0.0,0,0,0,0.0,0.0,1.0,0.0,,,0,0,0,Helius verified first buyer,2026-08-20 04:52:47
53w59kk5u8Qz68kpiwoKSVPWvLoaWYF6vcgXcrY1z5xr,,,1787115414,0.0,0.0,0.0,0,0,0,0.0,0.0,1.0,0.0,,,0,0,0,Helius verified first buyer,2026-08-20 04:52:47
HeadagEtXk859QHNqciChtcKMfoxuDgPuctHebDqPr7A,,,1787115414,0.0,0.0,0.0,0,0,0,0.0,0.0,1.0,0.0,,,0,0,0,Helius verified first buyer,2026-08-20 04:52:47
6NVp6K9msQ9iXDSTvBeTfLq5uJ4iTxGDTk3r3kmQTXqs,,,1787115414,0.0,0.0,0.0,0,0,0,0.0,0.0,1.0,0.0,,,0,0,0,Helius verified first buyer,2026-08-20 04:52:48
FF8avP9HKHYP6mdnJt8wBF5AuosPFdA4d1EK1cHosXqP,,,1787115414,0.0,0.0,0.0,0,0,0,0.0,0.0,1.0,0.0,,,0,0,0,Helius verified first buyer,2026-08-20 04:52:48
9TWWHZ7WoYWuuKwgB93BwhGXb16q5GbKqvZEVgzeBrem,,,1787115415,0.0,0.0,0.0,0,0,0,0.0,0.0,1.0,0.0,,,0,0,0,Helius verified first buyer,2026-08-20 04:52:48
12LzAFhcF8TjMBe69fuQY91fmNESDYaFRgZFjYvzxZjQ,,,1787115415,0.0,0.0,0.0,0,0,0,0.0,0.0,1.0,0.0,,,0,0,0,Helius verified first buyer,2026-08-20 04:52:49
6JGvofkmXjbtHpgWuZShskGdEidHCSfb4uGuT8SC66nZ,,,1787115416,0.0,0.0,0.0,0,0,0,0.0,0.0,1.0,0.0,,,0,0,0,Helius verified first buyer,2026-08-20 04:52:49
4NzkVfM44SFmYPvSxakGSPgPWuJ2PC1qHpYBL9j8q16f,,,1787115416,0.0,0.0,0.0,0,0,0,0.0,0.0,1.0,0.0,,,0,0,0,Helius verified first buyer,2026-08-20 04:52:49
F53p2eLHVcaiGx1e4ZjieUmSQNjCsrpj3Lg4LuH4Fcse,,,1787115417,0.0,0.0,0.0,0,0,0,0.0,0.0,1.0,0.0,,,0,0,0,Helius verified first buyer,2026-08-20 04:53:45
4apkNPbrVUAZ9eTCPzLNrNm18LNEjpCEAJMwkhRwXMDk,,,1787115417,0.0,0.0,0.0,0,0,0,0.0,0.0,1.0,0.0,,,0,0,0,Helius verified first buyer,2026-08-20 04:52:50
6D3avW8KWdWzdCLNPh3Ge6Gke2yeddP4mMTECVvxgCt6,,,1787115417,0.0,0.0,0.0,0,0,0,0.0,0.0,1.0,0.0,,,0,0,0,Helius verified first buyer,2026-08-20 04:52:50
2Nkr8pwFKNVeqgxiPwpxN5gnbLFkxUFtrtQwX7yXtvxS,,,1787115418,0.0,0.0,0.0,0,0,0,0.0,0.0,1.0,0.0,,,0,0,0,Helius verified first buyer,2026-08-20 04:52:50
5i22F29CPoM5167N1YEMctfEL4Nbkks7Mqt1KyZkjGFz,,,1787115418,0.0,0.0,0.0,0,0,0,0.0,0.0,1.0,0.0,,,0,0,0,Helius verified first buyer,2026-08-20 04:52:51
AWgyH7JxQvC4tLQhbzdPnLXT5bVokqom3bTVXKsSbdCy,,,1787115419,0.0,0.0,0.0,0,0,0,0.0,0.0,1.0,0.0,,,0,0,0,Helius verified first buyer,2026-08-20 04:52:51
5odC8uy8Nxtisdkst4mH4QP5jiSfZRjj22viU8NjbqYq,,,1787115419,0.0,0.0,0.0,0,0,0,0.0,0.0,1.0,0.0,,,0,0,0,Helius verified first buyer,2026-08-20 04:52:52
7UrNCvd7SQUe1MLpToXzHFf7Sn98gf9hxjjgkSrTr3NR,,,1787115419,0.0,0.0,0.0,0,0,0,0.0,0.0,1.0,0.0,,,0,0,0,Helius verified first buyer,2026-08-20 04:52:52
ArKsgppLLgv7vvMJwiTTmRdvZmBcssJSXovXbXZEV5Ff,,,1787115419,0.0,0.0,0.0,0,0,0,0.0,0.0,1.0,0.0,,,0,0,0,Helius verified first buyer,2026-08-20 04:52:53
BmCDGL8qnn6uAbU92jHzSQacDpaDvvynwJWoFmcAQJ9H,,,1787115420,0.0,0.0,0.0,0,0,0,0.0,0.0,1.0,0.0,,,0,0,0,Helius verified first buyer,2026-08-20 04:52:53
HiZCtsDX3bSNPMzcF8EyL5JBZJA8B7gw4Csb23YzV88m,,,1787115420,0.0,0.0,0.0,0,0,0,0.0,0.0,1.0,0.0,,,0,0,0,Helius verified first buyer,2026-08-20 04:53:34
6FqfR6GGRp28Q2Ps4VCUEfvHkHJnGZxEwoEp53iN8Fbq,,,1787115421,0.0,0.0,0.0,0,0,0,0.0,0.0,1.0,0.0,,,0,0,0,Helius verified first buyer,2026-08-20 04:52:54
D8g9HzhFPyEkzEyk79AW9ysygieTtxukotpZQsxTkG9F,,,1787115421,0.0,0.0,0.0,0,0,0,0.0,0.0,1.0,0.0,,,0,0,0,Helius verified first buyer,2026-08-20 04:54:04
872jB9RBKpMDbBRyyXTYbvCprtrAVttFQXJZSsD9efLY,,,1787115421,0.0,0.0,0.0,0,0,0,0.0,0.0,1.0,0.0,,,0,0,0,Helius verified first buyer,2026-08-20 04:52:54
7sEMBGisZ5wxwsY6hqfxtqKxfrh2kPKXfY1bn42GWCRX,,,1787115421,0.0,0.0,0.0,0,0,0,0.0,0.0,1.0,0.0,,,0,0,0,Helius verified first buyer,2026-08-20 04:52:54
4peDSoTV1WmMBBsGi5XoVk6b7MHMa5bJTiMooKnT8PdA,,,1787115422,0.0,0.0,0.0,0,0,0,0.0,0.0,1.0,0.0,,,0,0,0,Helius verified first buyer,2026-08-20 04:52:55
43FBys5o2gc74PMRT6XiMCdjBu57MwFzGEf1NjSJ5SJB,,,1787115422,0.0,0.0,0.0,0,0,0,0.0,0.0,1.0,0.0,,,0,0,0,Helius verified first buyer,2026-08-20 04:52:55
6YCJ3ibtiat6ZzQZzMeTsLXePA7YXCc8xFNYSCVZeWjB,,,1787115423,0.0,0.0,0.0,0,0,0,0.0,0.0,1.0,0.0,,,0,0,0,Helius verified first buyer,2026-08-20 04:52:55
7mxQUU1R3vBvG5uvnNnkyrnVkdjW2HddZkU8SUitjzzK,,,1787115423,0.0,0.0,0.0,0,0,0,0.0,0.0,1.0,0.0,,,0,0,0,Helius verified first buyer,2026-08-20 04:52:55
3RSCkDZhNRcQsexXCpfqbunhw5fXZjwfWi9npMghEQPX,,,1787115423,0.0,0.0,0.0,0,0,0,0.0,0.0,1.0,0.0,,,0,0,0,Helius verified first buyer,2026-08-20 04:52:56
65gmnjB6RxLuwEXsMbHVoWTFg7Nxg4XGHMv4TffZeh8D,,,1787115424,0.0,0.0,0.0,0,0,0,0.0,0.0,1.0,0.0,,,0,0,0,Helius verified first buyer,2026-08-20 04:52:56
AefUBZHCtpq1bABjunvrYQqgAq5Th4vk8f9tG1xnCvgq,,,1787115424,0.0,0.0,0.0,0,0,0,0.0,0.0,1.0,0.0,,,0,0,0,Helius verified first buyer,2026-08-20 04:52:56
GPrkb6oiPcUB9eGZDZuRahYJMW7UMHjwy1d199x376me,,,1787115425,0.0,0.0,0.0,0,0,0,0.0,0.0,1.0,0.0,,,0,0,0,Helius verified first buyer,2026-08-20 04:52:57
67UoxxhyZsmiaZMrh1RwVerKRmBWyuY8eZU8h5aUZ6AK,,,1787115425,0.0,0.0,0.0,0,0,0,0.0,0.0,1.0,0.0,,,0,0,0,Helius verified first buyer,2026-08-20 04:52:57
3ESpoBAHb2zAKVgwg6kztcL4SkVGx1AjUmcfzgWuFWD1,,,1787115425,0.0,0.0,0.0,0,0,0,0.0,0.0,1.0,0.0,,,0,0,0,Helius verified first buyer,2026-08-20 04:52:58
AF77MQ8Gu4RrMsshykmStg5y4gRByRGZhJq73eYbesC8,,,1787115425,0.0,0.0,0.0,0,0,0,0.0,0.0,1.0,0.0,,,0,0,0,Helius verified first buyer,2026-08-20 04:52:58
BRBfQkAGaXXRWhbYBHHLAafKjMNTu6AaNrZVYV836jkn,,,1787115425,0.0,0.0,0.0,0,0,0,0.0,0.0,1.0,0.0,,,0,0,0,Helius verified first buyer,2026-08-20 04:52:58
GZGLQnfpktkVr9uELySrW8jVrxnUed3CkQwRGUXpe7o4,,,1787115426,0.0,0.0,0.0,0,0,0,0.0,0.0,1.0,0.0,,,0,0,0,Helius verified first buyer,2026-08-20 04:52:59
3bhYcArreNWkGK7qjGx3P5tfVqaBmupyBWwQgyzgtJ7o,,,1787115426,0.0,0.0,0.0,0,0,0,0.0,0.0,1.0,0.0,,,0,0,0,Helius verified first buyer,2026-08-20 04:52:59
9upHdb4nRtsG3i1tmrwjzBWXnLmitSUHmzobqugC1Nhc,,,1787115427,0.0,0.0,0.0,0,0,0,0.0,0.0,1.0,0.0,,,0,0,0,Helius verified first buyer,2026-08-20 04:52:59
9C938nat7huXS8pW5T13Njgq41Pz6qEdWRrnAPk9HZiC,,,1787115427,0.0,0.0,0.0,0,0,0,0.0,0.0,1.0,0.0,,,0,0,0,Helius verified first buyer,2026-08-20 04:53:00
899gWVtHn8YRWUEiZVEiCJpBGMjHa31XZoacSXNmDJ5Q,,,1787115427,0.0,0.0,0.0,0,0,0,0.0,0.0,1.0,0.0,,,0,0,0,Helius verified first buyer,2026-08-20 04:53:00
AJ9pfggvsK67q9Xts5KgMqzS2rpRkyCe6KK3pCfhc3tQ,,,1787115428,0.0,0.0,0.0,0,0,0,0.0,0.0,1.0,0.0,,,0,0,0,Helius verified first buyer,2026-08-20 04:53:01
8suyyj946MGdAmgRT1BM4ChrHS4DwVTrzNNgrvH1kq9W,,,1787115429,0.0,0.0,0.0,0,0,0,0.0,0.0,1.0,0.0,,,0,0,0,Helius verified first buyer,2026-08-20 04:53:42
524vJkapbe3EMV46trwozFktSKZSxU1L9QYoWPHeC9dh,,,1787115430,0.0,0.0,0.0,0,0,0,0.0,0.0,1.0,0.0,,,0,0,0,Helius verified first buyer,2026-08-20 04:53:02
7X9ZUpyc6snGRJcSYjjwrrprNS8T5k7BBJvfW4mu6eCC,,,1787115431,0.0,0.0,0.0,0,0,0,0.0,0.0,1.0,0.0,,,0,0,0,Helius verified first buyer,2026-08-20 04:53:03
BWtuzsATjW288rFwsYfveGH2HhosVFcUTW4h59KnYUYh,,,1787115431,0.0,0.0,0.0,0,0,0,0.0,0.0,1.0,0.0,,,0,0,0,Helius verified first buyer,2026-08-20 04:54:07
DqJ7GN56ENdrdvMnZyhWfW3w2DXLSh2db1Ct1b9qg8gh,,,1787115431,0.0,0.0,0.0,0,0,0,0.0,0.0,1.0,0.0,,,0,0,0,Helius verified first buyer,2026-08-20 04:53:03
4ibQvNgYDr9xzDJn9M5a8JphQw38roRYNf7uC5q2nFc8,,,1787115432,0.0,0.0,0.0,0,0,0,0.0,0.0,1.0,0.0,,,0,0,0,Helius verified first buyer,2026-08-20 04:53:04
7F6WeH9CJAKNA1azegcojLa1kUi8Hj7atFDEuvLU2KjK,,,1787115432,0.0,0.0,0.0,0,0,0,0.0,0.0,1.0,0.0,,,0,0,0,Helius verified first buyer,2026-08-20 04:53:04
852wkxDHxYYFktjFyHmcdpzXRQBGFtCGF8ccXvXVh64o,,,1787115433,0.0,0.0,0.0,0,0,0,0.0,0.0,1.0,0.0,,,0,0,0,Helius verified first buyer,2026-08-20 04:53:04
6QXJ97jjpmFf7PvfF64aYeq5z4oqmjrerJwYzPGTtzRH,,,1787115433,0.0,0.0,0.0,0,0,0,0.0,0.0,1.0,0.0,,,0,0,0,Helius verified first buyer,2026-08-20 04:53:04
j1wSwhZykMq181hpQB6kYdoBhvvkwMA5V8PfsUhLjXJ,,,1787115433,0.0,0.0,0.0,0,0,0,0.0,0.0,1.0,0.0,,,0,0,0,Helius verified first buyer,2026-08-20 04:53:05
DQvoy7tG1XNdzg8z5LoTuLfV7DMCuuhzdWBNHRC4Cda2,,,1787115434,0.0,0.0,0.0,0,0,0,0.0,0.0,1.0,0.0,,,0,0,0,Helius verified first buyer,2026-08-20 04:53:05
5foV2uqEf7dWPP645K28zGq2xsaGBjVJ2wNSeL1LpfbV,,,1787115434,0.0,0.0,0.0,0,0,0,0.0,0.0,1.0,0.0,,,0,0,0,Helius verified first buyer,2026-08-20 04:53:06
2PLtUq8YeqAt1MjgQN6zopWnKLotiAz171qZYzeL71XE,,,1787115435,0.0,0.0,0.0,0,0,0,0.0,0.0,1.0,0.0,,,0,0,0,Helius verified first buyer,2026-08-20 04:53:06
2T34gvpMPj3ELkLGf7N5eNnkByovcWQzj9XGtcwtvPZh,,,1787115435,0.0,0.0,0.0,0,0,0,0.0,0.0,1.0,0.0,,,0,0,0,Helius verified first buyer,2026-08-20 04:53:06
EpzWKNCMxW3dFtrHg8519gq4sYWk4ofy5Cd9RBbohjqZ,,,1787115435,0.0,0.0,0.0,0,0,0,0.0,0.0,1.0,0.0,,,0,0,0,Helius verified first buyer,2026-08-20 04:53:07
4mURmGkUF8Fd3TsfPGuyQYSpjg21ibJYqkqsfrMi5Nch,,,1787115435,0.0,0.0,0.0,0,0,0,0.0,0.0,1.0,0.0,,,0,0,0,Helius verified first buyer,2026-08-20 04:54:26
CAQhJavvVqo4xNV6eWRSrj5LBq6Wo3uVBcqtp21HEcLS,,,1787115436,0.0,0.0,0.0,0,0,0,0.0,0.0,1.0,0.0,,,0,0,0,Helius verified first buyer,2026-08-20 04:53:08
DeVbWagNpS7r6nT1FxApQJvnwXCLBdVst16A3PVhHDR2,,,1787115436,0.0,0.0,0.0,0,0,0,0.0,0.0,1.0,0.0,,,0,0,0,Helius verified first buyer,2026-08-20 04:53:09
H7MH4idiM34CaAxF2Cn9rQdRgPyrk4RikmbZc4GiLkBz,,,1787115437,0.0,0.0,0.0,0,0,0,0.0,0.0,1.0,0.0,,,0,0,0,Helius verified first buyer,2026-08-20 04:53:09
B4BLJHVhxZnjHauoL7xLT5skh9WvkV98GTHfCrByQ3j4,,,1787115437,0.0,0.0,0.0,0,0,0,0.0,0.0,1.0,0.0,,,0,0,0,Helius verified first buyer,2026-08-20 04:53:09
EEqE9Ty2LgS3nmMn7YmCHZxP9sXj9pJbNc61kRCF6NEV,,,1787115438,0.0,0.0,0.0,0,0,0,0.0,0.0,1.0,0.0,,,0,0,0,Helius verified first buyer,2026-08-20 04:53:09
CeyPD4pTQfaAuZqeYYH134xYWEd2Wx41Ut1ioPhVF8q8,,,1787115438,0.0,0.0,0.0,0,0,0,0.0,0.0,1.0,0.0,,,0,0,0,Helius verified first buyer,2026-08-20 04:53:10
8eRXLy9P2ASrchrRt5k83F8psPsxjdUM6GPPqqMyeKBK,,,1787115438,0.0,0.0,0.0,0,0,0,0.0,0.0,1.0,0.0,,,0,0,0,Helius verified first buyer,2026-08-20 04:53:10
Aso327ocDDDewqrxoYm8F1djUVdRu4u85j4eTp6yGDyW,,,1787115438,0.0,0.0,0.0,0,0,0,0.0,0.0,1.0,0.0,,,0,0,0,Helius verified first buyer,2026-08-20 04:53:10
AkrGoX8a7mXBLysgwMqn6xXN5e7KNt5HfDXCndBLd4Zr,,,1787115439,0.0,0.0,0.0,0,0,0,0.0,0.0,1.0,0.0,,,0,0,0,Helius verified first buyer,2026-08-20 04:53:10
5Xfx7KSohY8MSv1oyybidzhevReXLiqus2dqLJJthAGE,,,1787115439,0.0,0.0,0.0,0,0,0,0.0,0.0,1.0,0.0,,,0,0,0,Helius verified first buyer,2026-08-20 04:53:11
AKrbjTAWRdMEbujhVpcBHPmFornb263hnMypTpFxzyTZ,,,1787115439,0.0,0.0,0.0,0,0,0,0.0,0.0,1.0,0.0,,,0,0,0,Helius verified first buyer,2026-08-20 04:53:33
3gRbCjYT31mYFRgCkU5U42BwVL7mEcQXuv4wYu76qTbz,,,1787115440,0.0,0.0,0.0,0,0,0,0.0,0.0,1.0,0.0,,,0,0,0,Helius verified first buyer,2026-08-20 04:53:11
6u6tmWEnQjyKwf4CWcvp9maLuGfgVoVM7oepA1c8faVM,,,1787115440,0.0,0.0,0.0,0,0,0,0.0,0.0,1.0,0.0,,,0,0,0,Helius verified first buyer,2026-08-20 04:53:12
6hKWh8skb6mzwairFBXcoGvyRMZAxViVv9hKCeFarp9t,,,1787115440,0.0,0.0,0.0,0,0,0,0.0,0.0,1.0,0.0,,,0,0,0,Helius verified first buyer,2026-08-20 04:53:12
Fbks1QjPYwa1K9Y4Dfy5QS6kPECYSkMyNXL7CqUBPf56,,,1787115441,0.0,0.0,0.0,0,0,0,0.0,0.0,1.0,0.0,,,0,0,0,Helius verified first buyer,2026-08-20 04:53:12
V3TxPFZ6DHwLZdZeHKpvvQpcKFsSKzreG6cPHVY9EG5,,,1787115441,0.0,0.0,0.0,0,0,0,0.0,0.0,1.0,0.0,,,0,0,0,Helius verified first buyer,2026-08-20 04:54:03
BtfffYnzPs9TX6m87uuSVopnpdNDv2PD1EUK5DZu3fCn,,,1787115442,0.0,0.0,0.0,0,0,0,0.0,0.0,1.0,0.0,,,0,0,0,Helius verified first buyer,2026-08-20 04:53:13
7NvTEvVVRxZdSWXbhQ34utGSJdrHtSt37nDkZVqA1qAk,,,1787115442,0.0,0.0,0.0,0,0,0,0.0,0.0,1.0,0.0,,,0,0,0,Helius verified first buyer,2026-08-20 04:53:13
7N8uhPxgbhtLZGvrdCEpTCYAKGDfsfd2D5AVbSdMww3k,,,1787115442,0.0,0.0,0.0,0,0,0,0.0,0.0,1.0,0.0,,,0,0,0,Helius verified first buyer,2026-08-20 04:53:13
rjDAz9dgPCvBFGXEPEvL85Tw1bzu3zxXqSYnYvV45Gs,,,1787115443,0.0,0.0,0.0,0,0,0,0.0,0.0,1.0,0.0,,,0,0,0,Helius verified first buyer,2026-08-20 04:53:14
AqSN3Myfr4dHyR19G5Q2GARq4hzjE7RGf9kZFbq1zoGn,,,1787115443,0.0,0.0,0.0,0,0,0,0.0,0.0,1.0,0.0,,,0,0,0,Helius verified first buyer,2026-08-20 04:53:14
7hWa35QqtnJbiv525XfGRpPRSuUh7XiH86e3oZLE69WU,,,1787115443,0.0,0.0,0.0,0,0,0,0.0,0.0,1.0,0.0,,,0,0,0,Helius verified first buyer,2026-08-20 04:53:15
EZ7riymzFAKGaBc1WzmjHCQvGMtxr3ARfB8G9C2ZQt2n,,,1787115444,0.0,0.0,0.0,0,0,0,0.0,0.0,1.0,0.0,,,0,0,0,Helius verified first buyer,2026-08-20 04:53:15
Eb7oKeEY3VBzA5t76meySSzVk7FvfnBykaiEzYrRJxD1,,,1787115444,0.0,0.0,0.0,0,0,0,0.0,0.0,1.0,0.0,,,0,0,0,Helius verified first buyer,2026-08-20 04:53:16
EFBkcoLtQkyJMTrPVfbNkHcAiWo47eZi9M3AhNBm79d,,,1787115445,0.0,0.0,0.0,0,0,0,0.0,0.0,1.0,0.0,,,0,0,0,Helius verified first buyer,2026-08-20 04:53:16
JE6nG4xzqUp4cseoQZW9ogp12ZKuf4kg4RzUbCtWuQbh,,,1787115445,0.0,0.0,0.0,0,0,0,0.0,0.0,1.0,0.0,,,0,0,0,Helius verified first buyer,2026-08-20 04:53:16
Bg93pexPms6M1jGAu4WhEy375XZF4Tvn2QAeE6QbbiP2,,,1787115445,0.0,0.0,0.0,0,0,0,0.0,0.0,1.0,0.0,,,0,0,0,Helius verified first buyer,2026-08-20 04:53:17
EiM18zfhhPjfJ51wfnEC7HoLS9GhafHny5dPvJ6aDwxV,,,1787115446,0.0,0.0,0.0,0,0,0,0.0,0.0,1.0,0.0,,,0,0,0,Helius verified first buyer,2026-08-20 04:53:17
9AfVC7NAoUrkbaoJoQgKcsJdDyVVKJyfwpGkNA33iXg4,,,1787115446,0.0,0.0,0.0,0,0,0,0.0,0.0,1.0,0.0,,,0,0,0,Helius verified first buyer,2026-08-20 04:53:17
3VJvSQj3HM6HRXi3JGQzXxEEpECsaF7Kh6xdhvByERDH,,,1787115446,0.0,0.0,0.0,0,0,0,0.0,0.0,1.0,0.0,,,0,0,0,Helius verified first buyer,2026-08-20 04:53:18
C4ReY95myAgzYvsTG4Yetz6nVJpBKyx96aqY1vjgtbAF,,,1787115447,0.0,0.0,0.0,0,0,0,0.0,0.0,1.0,0.0,,,0,0,0,Helius verified first buyer,2026-08-20 04:53:18
AMtAAffTcH8Sk8EjTeBKbxLqzncVm73e1xSXZm7sCiyv,,,1787115447,0.0,0.0,0.0,0,0,0,0.0,0.0,1.0,0.0,,,0,0,0,Helius verified first buyer,2026-08-20 04:53:18
8EzUW5eAfZVeZA81fHGD9QnuyXcX4y2iCkX85Ghp4U37,,,1787115448,0.0,0.0,0.0,0,0,0,0.0,0.0,1.0,0.0,,,0,0,0,Helius verified first buyer,2026-08-20 04:53:18
9J6NARYk69TZSdMHREnbLyBAsmq6zFq5Sos9kzvuAdrB,,,1787115448,0.0,0.0,0.0,0,0,0,0.0,0.0,1.0,0.0,,,0,0,0,Helius verified first buyer,2026-08-20 04:53:19
EdTRLjZDrHnYhM8NZCpvcTP5u74htsB3qw2NDZRbDDyr,,,1787115448,0.0,0.0,0.0,0,0,0,0.0,0.0,1.0,0.0,,,0,0,0,Helius verified first buyer,2026-08-20 04:53:19
94SybnF9mChTeXWycGGX4BitwoGvPfWiJ5q91AAzgpMo,,,1787115449,0.0,0.0,0.0,0,0,0,0.0,0.0,1.0,0.0,,,0,0,0,Helius verified first buyer,2026-08-20 04:53:20
EyoQypc5vTv66Yjtye5EFpf8hhKQvsrtefRHvXqGarvG,,,1787115449,0.0,0.0,0.0,0,0,0,0.0,0.0,1.0,0.0,,,0,0,0,Helius verified first buyer,2026-08-20 04:53:20
A38tETRC3wqKLBT1srpnRDgXEVXvwriUEzRnacj8V2LH,,,1787115449,0.0,0.0,0.0,0,0,0,0.0,0.0,1.0,0.0,,,0,0,0,Helius verified first buyer,2026-08-20 04:53:20
44Lg18GTnTHYvq7ynGz1Mh6oxxK8NsmrU5AcstcA55mt,,,1787115450,0.0,0.0,0.0,0,0,0,0.0,0.0,1.0,0.0,,,0,0,0,Helius verified first buyer,2026-08-20 04:53:21
8WELzjNGom6Ncdr6YkefCwjz1PdUjsyixf4pVoyEu1PN,,,1787115450,0.0,0.0,0.0,0,0,0,0.0,0.0,1.0,0.0,,,0,0,0,Helius verified first buyer,2026-08-20 04:53:21
BZCzQcyeGaZCi7U5wEJnjRV2oMwZbFRV8jCAcJUwLBN4,,,1787115450,0.0,0.0,0.0,0,0,0,0.0,0.0,1.0,0.0,,,0,0,0,Helius verified first buyer,2026-08-20 04:53:21
2xTCnxa19Z4JyLP1VGndd68NdQQ5skC8GBYv6z2nbMgp,,,1787115450,0.0,0.0,0.0,0,0,0,0.0,0.0,1.0,0.0,,,0,0,0,Helius verified first buyer,2026-08-20 04:53:21
2bMmTCRiMbZfB5iKt6284MMZgDGDDsvVVkMc51CBKrD3,,,1787115451,0.0,0.0,0.0,0,0,0,0.0,0.0,1.0,0.0,,,0,0,0,Helius verified first buyer,2026-08-20 04:53:22
5G1KEt6KQUmGgq5j4MZcjs2DPtga5NMDgnk8ypzon4TK,,,1787115451,0.0,0.0,0.0,0,0,0,0.0,0.0,1.0,0.0,,,0,0,0,Helius verified first buyer,2026-08-20 04:53:22
HHzv13ja163WjsyAUPWtiGNSnjnxBGZGqKr7T4YXGG88,,,1787115452,0.0,0.0,0.0,0,0,0,0.0,0.0,1.0,0.0,,,0,0,0,Helius verified first buyer,2026-08-20 04:53:23
AAwiRi2uXaBTsn7gTWrSav1pqa5iK58zTTmS9Ay2hkHS,,,1787115452,0.0,0.0,0.0,0,0,0,0.0,0.0,1.0,0.0,,,0,0,0,Helius verified first buyer,2026-08-20 04:53:23
6itLhX6S1xgLGKhMCrnVgfXfPQ7EkNwy2NdjyzP6otS5,,,1787115452,0.0,0.0,0.0,0,0,0,0.0,0.0,1.0,0.0,,,0,0,0,Helius verified first buyer,2026-08-20 04:53:23
Gdr6DmEFpn8eE3YyW6nSZkXTeQBTyuyRDCaYoqZYkbin,,,1787115453,0.0,0.0,0.0,0,0,0,0.0,0.0,1.0,0.0,,,0,0,0,Helius verified first buyer,2026-08-20 04:53:24
6mubxb9TKg1rpfrYsNs3R31XQjWjccMKsFMMmTaoExMW,,,1787115453,0.0,0.0,0.0,0,0,0,0.0,0.0,1.0,0.0,,,0,0,0,Helius verified first buyer,2026-08-20 04:53:24
AQqsuiWu2rUqqLVii8tVR2jrWeoacNSdWe9JxCVpigGk,,,1787115454,0.0,0.0,0.0,0,0,0,0.0,0.0,1.0,0.0,,,0,0,0,Helius verified first buyer,2026-08-20 04:53:24
3fbbxdfHJZNbzy8SGxi5NH6hvuWsdpSmdGbqrv62mtct,,,1787115454,0.0,0.0,0.0,0,0,0,0.0,0.0,1.0,0.0,,,0,0,0,Helius verified first buyer,2026-08-20 04:53:25
2EdDooqxqC99DUznXhcA1efQ49XoJ1B6VrEw3yJmpro8,,,1787115455,0.0,0.0,0.0,0,0,0,0.0,0.0,1.0,0.0,,,0,0,0,Helius verified first buyer,2026-08-20 04:53:25
G3ZgdUZuMuE8Mu1LpZ7f3WGDxzmee8G9SH2cSt3DBqNF,,,1787115455,0.0,0.0,0.0,0,0,0,0.0,0.0,1.0,0.0,,,0,0,0,Helius verified first buyer,2026-08-20 04:54:31
T2EuEFkYwB1b1mRfzCvJoEoMUMWzLtTqc1fP22uyqef,,,1787115457,0.0,0.0,0.0,0,0,0,0.0,0.0,1.0,0.0,,,0,0,0,Helius verified first buyer,2026-08-20 04:54:21
EFofni85R5HiTZkgtZQxJxNZ3WH8Jq6mD8wzLF39DaFP,,,1787115457,0.0,0.0,0.0,0,0,0,0.0,0.0,1.0,0.0,,,0,0,0,Helius verified first buyer,2026-08-20 04:53:26
CgTytugWJewXd7F78abyyV6UA6aapk6Femz87dxNYXP9,,,1787115457,0.0,0.0,0.0,0,0,0,0.0,0.0,1.0,0.0,,,0,0,0,Helius verified first buyer,2026-08-20 04:53:26
7AU3khtMMt2WbcfTA7dqi818WAY3MhccjdzsKvyfmvp2,,,1787115457,0.0,0.0,0.0,0,0,0,0.0,0.0,1.0,0.0,,,0,0,0,Helius verified first buyer,2026-08-20 04:53:26
C4paByLL2d3yGf2LdYZMz3e39fQLw1MtsPj7WWGwdNiV,,,1787115457,0.0,0.0,0.0,0,0,0,0.0,0.0,1.0,0.0,,,0,0,0,Helius verified first buyer,2026-08-20 04:54:19
4ueZMCgCit5LpyrUfrRSsyK6ooBRcX8m6FNKPWsfS5tY,,,1787115457,0.0,0.0,0.0,0,0,0,0.0,0.0,1.0,0.0,,,0,0,0,Helius verified first buyer,2026-08-20 04:53:27
2NzeiBrGnYjB2AmJPhS26xNiXLMAbTF952eRig1ztijF,,,1787115457,0.0,0.0,0.0,0,0,0,0.0,0.0,1.0,0.0,,,0,0,0,Helius verified first buyer,2026-08-20 04:53:27
9Ve4wKV74oQLFTURFqWnX412sj1dKkxW5h9QxXBBM7CA,,,1787115458,0.0,0.0,0.0,0,0,0,0.0,0.0,1.0,0.0,,,0,0,0,Helius verified first buyer,2026-08-20 04:53:28
3L5XLSwy49bNm7unJXtW2tAu3Rp6dGn8M9ioQG6qjz3M,,,1787115458,0.0,0.0,0.0,0,0,0,0.0,0.0,1.0,0.0,,,0,0,0,Helius verified first buyer,2026-08-20 04:53:28
5PGZq8GrqUhEWVwyYFMrmwXkDSgNDsJvpttg7NzEuaJk,,,1787115458,0.0,0.0,0.0,0,0,0,0.0,0.0,1.0,0.0,,,0,0,0,Helius verified first buyer,2026-08-20 04:53:28
PhPDthx4zyK9RTjgnMbS9WrWrzKqN2Un39cA54ZtERV,,,1787115459,0.0,0.0,0.0,0,0,0,0.0,0.0,1.0,0.0,,,0,0,0,Helius verified first buyer,2026-08-20 04:53:28
EwmYquEjtyPJZqWMhu3BKKwvo5LF6us3sZPzkuoMFxE6,,,1787115460,0.0,0.0,0.0,0,0,0,0.0,0.0,1.0,0.0,,,0,0,0,Helius verified first buyer,2026-08-20 04:53:30
Gip1Pe3NGATobn7CN95V3atBLARRebJdLGCh4mGHnSuk,,,1787115460,0.0,0.0,0.0,0,0,0,0.0,0.0,1.0,0.0,,,0,0,0,Helius verified first buyer,2026-08-20 04:53:30
5rNec9RDyjGCFjayKXazRg9CCoq1cqZJKCD42MA3uHdk,,,1787115461,0.0,0.0,0.0,0,0,0,0.0,0.0,1.0,0.0,,,0,0,0,Helius verified first buyer,2026-08-20 04:53:30
3fGpu5E1nvUyEwEYh22DMJzwpbNzs9sN81v8K1hULoqK,,,1787115461,0.0,0.0,0.0,0,0,0,0.0,0.0,1.0,0.0,,,0,0,0,Helius verified first buyer,2026-08-20 04:53:31
GGoF7RTyXzPCA8u9SidQuv6QierjznWWzJxkEnPHCWk9,,,1787115462,0.0,0.0,0.0,0,0,0,0.0,0.0,1.0,0.0,,,0,0,0,Helius verified first buyer,2026-08-20 04:53:31
DCoKKbSvZ28uPqREtn1neevBeJx5yqbDypEixXsovn8F,,,1787115462,0.0,0.0,0.0,0,0,0,0.0,0.0,1.0,0.0,,,0,0,0,Helius verified first buyer,2026-08-20 04:53:32
75Rm5uF4QTuMwRhdGPdULyKUf7L4EEfXTJ1biZE7anqE,,,1787115466,0.0,0.0,0.0,0,0,0,0.0,0.0,1.0,0.0,,,0,0,0,Helius verified first buyer,2026-08-20 04:53:32
GcsqFZtxeZBcvGxY6pALHYM3DjrCG4r7oYMN7Y9TnNrk,,,1787115466,0.0,0.0,0.0,0,0,0,0.0,0.0,1.0,0.0,,,0,0,0,Helius verified first buyer,2026-08-20 04:53:32
9TDJmjcLYpdXQHsHUczQBebgXfXSNBCCJ9RknzFioS7w,,,1787115466,0.0,0.0,0.0,0,0,0,0.0,0.0,1.0,0.0,,,0,0,0,Helius verified first buyer,2026-08-20 04:53:33
5Vmcp1J6vf1JVP6oPu5bGWaWJxQJ1eK7f43znAehQuGz,,,1787115466,0.0,0.0,0.0,0,0,0,0.0,0.0,1.0,0.0,,,0,0,0,Helius verified first buyer,2026-08-20 04:53:34
24A8Q9kbYJ31CNXZpFg68akfagax9MNoymXfJYt4YoCF,,,1787115466,0.0,0.0,0.0,0,0,0,0.0,0.0,1.0,0.0,,,0,0,0,Helius verified first buyer,2026-08-20 04:53:36
Gtiq4c1GeFAE9kSabmgWkd7o1BHHWKVY65zZQ178fYGP,,,1787115466,0.0,0.0,0.0,0,0,0,0.0,0.0,1.0,0.0,,,0,0,0,Helius verified first buyer,2026-08-20 04:53:36
6oiDUVyS6jXrNoRk5gnUDLt5V6sHzuoRBKgZ3EYWJs2X,,,1787115466,0.0,0.0,0.0,0,0,0,0.0,0.0,1.0,0.0,,,0,0,0,Helius verified first buyer,2026-08-20 04:53:38
6mqz91PynLKpW67xpzRKrst6L3DitQtDvCEQFyLsTsx5,,,1787115467,0.0,0.0,0.0,0,0,0,0.0,0.0,1.0,0.0,,,0,0,0,Helius verified first buyer,2026-08-20 04:53:38
7uoKhzYWcTBnbaKmPbaD5a9V24mfn335eeNNkC5yNvJK,,,1787115469,0.0,0.0,0.0,0,0,0,0.0,0.0,1.0,0.0,,,0,0,0,Helius verified first buyer,2026-08-20 04:53:40
4ygURVptga3CV7NCa19CoPiCDjwP4NdU5XWiqAtYXTqW,,,1787115469,0.0,0.0,0.0,0,0,0,0.0,0.0,1.0,0.0,,,0,0,0,Helius verified first buyer,2026-08-20 04:53:41
GDgRPszN9yumB9JLNBC8brq7CTQX5UHKNK1sgovgN2xC,,,1787115470,0.0,0.0,0.0,0,0,0,0.0,0.0,1.0,0.0,,,0,0,0,Helius verified first buyer,2026-08-20 04:53:41
GZHWnTMgYzF9MruiAauxJA9t4vrm13Zk2n1jvu9hFmG6,,,1787115471,0.0,0.0,0.0,0,0,0,0.0,0.0,1.0,0.0,,,0,0,0,Helius verified first buyer,2026-08-20 04:53:42
7mWwwLwU4E31f3cawRTTZ1zaMmXwYZv81dWx7f8uQiEQ,,,1787115471,0.0,0.0,0.0,0,0,0,0.0,0.0,1.0,0.0,,,0,0,0,Helius verified first buyer,2026-08-20 04:53:42
DJrnTgJJBvpnE6V58MeCKH4Cuj9WRHcn5W6iycV2wH3B,,,1787115472,0.0,0.0,0.0,0,0,0,0.0,0.0,1.0,0.0,,,0,0,0,Helius verified first buyer,2026-08-20 04:53:42
6aHJePMBRdVoWonhXtL43i4GhU2TNPmFB41Vf6UBmdpT,,,1787115472,0.0,0.0,0.0,0,0,0,0.0,0.0,1.0,0.0,,,0,0,0,Helius verified first buyer,2026-08-20 04:53:43
8s575vCVyd5wVHkAysAvEB3sMWQRwT56pkcDnsiDTgfG,,,1787115473,0.0,0.0,0.0,0,0,0,0.0,0.0,1.0,0.0,,,0,0,0,Helius verified first buyer,2026-08-20 04:53:43
DZmquteQTTkH7R4YLA8WpSP8DKFxd2iJTjypFdmmCVW6,,,1787115474,0.0,0.0,0.0,0,0,0,0.0,0.0,1.0,0.0,,,0,0,0,Helius verified first buyer,2026-08-20 04:53:44
Gp9XQAnBuUUz78N2D7f669osBATzoLPJjLyuhzSskzDd,,,1787115474,0.0,0.0,0.0,0,0,0,0.0,0.0,1.0,0.0,,,0,0,0,Helius verified first buyer,2026-08-20 04:53:44
2zZXyqxRTaBWuM7rEzzB9WfgyYTc3NCdEUaGiAdN52nB,,,1787115474,0.0,0.0,0.0,0,0,0,0.0,0.0,1.0,0.0,,,0,0,0,Helius verified first buyer,2026-08-20 04:53:45
5WghnPH2MjMzmiggZMW5py7oEa3rahiDn51XAJDU9wAc,,,1787115475,0.0,0.0,0.0,0,0,0,0.0,0.0,1.0,0.0,,,0,0,0,Helius verified first buyer,2026-08-20 04:53:45
GXhmyRpvPTqgGh532LN6nXHg7YiAQTfpvo3a4xNXKyuz,,,1787115476,0.0,0.0,0.0,0,0,0,0.0,0.0,1.0,0.0,,,0,0,0,Helius verified first buyer,2026-08-20 04:53:46
FzGz62LfSmgpzfZcbKiu8LFk9gjjs31Tfb3BfWQzQBDz,,,1787115476,0.0,0.0,0.0,0,0,0,0.0,0.0,1.0,0.0,,,0,0,0,Helius verified first buyer,2026-08-20 04:53:46
4ruSH8eEkDs7AyvuPsRtREytyjfFcxvbyd7QTpwrxjta,,,1787115477,0.0,0.0,0.0,0,0,0,0.0,0.0,1.0,0.0,,,0,0,0,Helius verified first buyer,2026-08-20 04:53:46
B6Yyr4uPx1vTFWecoj73qw6VEZV9XFydhbpx8pYWw1n3,,,1787115477,0.0,0.0,0.0,0,0,0,0.0,0.0,1.0,0.0,,,0,0,0,Helius verified first buyer,2026-08-20 04:53:47
AANaDSP44QmHdnsZJq4537F2PZegrur9pQsf4xc1bZE6,,,1787115478,0.0,0.0,0.0,0,0,0,0.0,0.0,1.0,0.0,,,0,0,0,Helius verified first buyer,2026-08-20 04:53:47
FTtzzRN59Zxab1vLNKTm97VrK2a2KCMWgCX7eyH1ngxK,,,1787115478,0.0,0.0,0.0,0,0,0,0.0,0.0,1.0,0.0,,,0,0,0,Helius verified first buyer,2026-08-20 04:53:47
9PkRzggvfkxuDBx9Mn3ALCb9WgqEm8MAtADM2PbEH9KW,,,1787115479,0.0,0.0,0.0,0,0,0,0.0,0.0,1.0,0.0,,,0,0,0,Helius verified first buyer,2026-08-20 04:53:48
89SveovQFkRzhSbgJX8LJbKZCKuhKaSJChhpojmrqjye,,,1787115479,0.0,0.0,0.0,0,0,0,0.0,0.0,1.0,0.0,,,0,0,0,Helius verified first buyer,2026-08-20 04:53:48
4CYMtobinZjm2J3zRZCBH1DuTK5n9PJ7s35d8VGptcMr,,,1787115480,0.0,0.0,0.0,0,0,0,0.0,0.0,1.0,0.0,,,0,0,0,Helius verified first buyer,2026-08-20 04:53:48
6gXvhq8wnheMpLppHtSSs3VNhaip9HENEDxPR8aCkbfj,,,1787115481,0.0,0.0,0.0,0,0,0,0.0,0.0,1.0,0.0,,,0,0,0,Helius verified first buyer,2026-08-20 04:53:49
AiW14Zc1YSCStxnxE1Cc7j2nxNY8GYHDCrJ1CGV5nG5X,,,1787115481,0.0,0.0,0.0,0,0,0,0.0,0.0,1.0,0.0,,,0,0,0,Helius verified first buyer,2026-08-20 04:53:49
Fy6kprCVD8PL6a7ub1hDLxJpaHfvyRP1WGYKraq9fifC,,,1787115482,0.0,0.0,0.0,0,0,0,0.0,0.0,1.0,0.0,,,0,0,0,Helius verified first buyer,2026-08-20 04:53:50
FMZ6YRVtoQxb5xQtf7DZASZaP9fkcFo4UFjBzwmR9Bvb,,,1787115482,0.0,0.0,0.0,0,0,0,0.0,0.0,1.0,0.0,,,0,0,0,Helius verified first buyer,2026-08-20 04:53:50
6c6Ui2EA214hiBNL6VdtJCUfnRxHN5NKTuTpo5V9sTih,,,1787115483,0.0,0.0,0.0,0,0,0,0.0,0.0,1.0,0.0,,,0,0,0,Helius verified first buyer,2026-08-20 04:53:50
GSAcBMb5XBKo8KTEitPqMLiSJNMQetdUzACf1xu3Bfto,,,1787115484,0.0,0.0,0.0,0,0,0,0.0,0.0,1.0,0.0,,,0,0,0,Helius verified first buyer,2026-08-20 04:53:51
4PvzmB6TxyJFUqeXpubs5rvdiKCHuDmC4ykWRSB4f72S,,,1787115484,0.0,0.0,0.0,0,0,0,0.0,0.0,1.0,0.0,,,0,0,0,Helius verified first buyer,2026-08-20 04:53:52
eLZXLDK5vvf46zqfjTnEdcfbv88cnAGJrNdHFHoD9CG,,,1787115484,0.0,0.0,0.0,0,0,0,0.0,0.0,1.0,0.0,,,0,0,0,Helius verified first buyer,2026-08-20 04:53:53
CcSNKExVG98Vtua2RFpd5vCKoWFdCMSJZaVhjWoM2LVc,,,1787115485,0.0,0.0,0.0,0,0,0,0.0,0.0,1.0,0.0,,,0,0,0,Helius verified first buyer,2026-08-20 04:53:53
EGgLui2nATNoBiAGuBe7jrHfn3wKrrZj2gpSf1EAjqmD,,,1787115486,0.0,0.0,0.0,0,0,0,0.0,0.0,1.0,0.0,,,0,0,0,Helius verified first buyer,2026-08-20 04:53:54
G77Y7Sis2ZTXdznpzWMmfdiHZu125rqFHntKSVF3SV9o,,,1787115487,0.0,0.0,0.0,0,0,0,0.0,0.0,1.0,0.0,,,0,0,0,Helius verified first buyer,2026-08-20 04:53:55
7hS7Rk4PgXr2bo178b69fiURTM9m5tPz6HidJiXotL9M,,,1787115487,0.0,0.0,0.0,0,0,0,0.0,0.0,1.0,0.0,,,0,0,0,Helius verified first buyer,2026-08-20 04:53:55
2pYtGXN4YgqL2cTzUaZBXVR2bsmA3nmmF511JAANYuaD,,,1787115488,0.0,0.0,0.0,0,0,0,0.0,0.0,1.0,0.0,,,0,0,0,Helius verified first buyer,2026-08-20 04:53:56
DsSXvyzF4jZCDdJg5MW7nP4s2FSyfhwWSCLVSje7kDYY,,,1787115489,0.0,0.0,0.0,0,0,0,0.0,0.0,1.0,0.0,,,0,0,0,Helius verified first buyer,2026-08-20 04:53:57
6L2gxTYA1Kzg9yYv1chhMnFdLz45nk1DeHuCip2HFGcN,,,1787115489,0.0,0.0,0.0,0,0,0,0.0,0.0,1.0,0.0,,,0,0,0,Helius verified first buyer,2026-08-20 04:53:57
Cc1Yjo8Bi5T9h2HePssBzBAcJmuDaH5NGds7gtJE71fT,,,1787115490,0.0,0.0,0.0,0,0,0,0.0,0.0,1.0,0.0,,,0,0,0,Helius verified first buyer,2026-08-20 04:53:57
36Hjav38hjc6junnoNd9HmRJqMLUrnDVPb6FdbxguFCE,,,1787115490,0.0,0.0,0.0,0,0,0,0.0,0.0,1.0,0.0,,,0,0,0,Helius verified first buyer,2026-08-20 04:53:58
Dd72u6jd9XcMPK91KpHfCyArqhw3BDdemLMFPUVcscY,,,1787115491,0.0,0.0,0.0,0,0,0,0.0,0.0,1.0,0.0,,,0,0,0,Helius verified first buyer,2026-08-20 04:53:59
FJ3CQyRytVvoHkNLEh3LQVjBcxdidCZGoT5GNTgvcxF8,,,1787115492,0.0,0.0,0.0,0,0,0,0.0,0.0,1.0,0.0,,,0,0,0,Helius verified first buyer,2026-08-20 04:53:59
2aK37BGu2zL1enckGcawKiP4woAHevoCFieYCVuF3HV5,,,1787115493,0.0,0.0,0.0,0,0,0,0.0,0.0,1.0,0.0,,,0,0,0,Helius verified first buyer,2026-08-20 04:54:00
B3C49VTGHJkZ1B3kAstgoYj8fCJCfHPpwJ6V2oNFkW9F,,,1787115493,0.0,0.0,0.0,0,0,0,0.0,0.0,1.0,0.0,,,0,0,0,Helius verified first buyer,2026-08-20 04:54:02
34EZy4SD2EM7RvphszcbNTBYr8nzJjMRVazaNjNoeLHc,,,1787115495,0.0,0.0,0.0,0,0,0,0.0,0.0,1.0,0.0,,,0,0,0,Helius verified first buyer,2026-08-20 04:54:02
4zsPijEZ3JwWoAj8P2dFFPbqQUcTXmv3SK5SkkPb9u5G,,,1787115495,0.0,0.0,0.0,0,0,0,0.0,0.0,1.0,0.0,,,0,0,0,Helius verified first buyer,2026-08-20 04:54:03
ek8XuouNnyU6JkP8Kf1nC6Ui8GQjBvNwRmd5hK2Ts2Z,,,1787115496,0.0,0.0,0.0,0,0,0,0.0,0.0,1.0,0.0,,,0,0,0,Helius verified first buyer,2026-08-20 04:54:03
9HsdDZeXwCLCMhbnAx5r1TSUXaZwoZ3yWHMftpTy6vVN,,,1787115496,0.0,0.0,0.0,0,0,0,0.0,0.0,1.0,0.0,,,0,0,0,Helius verified first buyer,2026-08-20 04:54:04
Aiz8G8MVyqF7pWWvncBHrYJEc1AQdkpJL78aFt8LMgyw,,,1787115497,0.0,0.0,0.0,0,0,0,0.0,0.0,1.0,0.0,,,0,0,0,Helius verified first buyer,2026-08-20 04:54:04
C8DA9ggd5bzFnf1N1NampDveaCgK33k6PyzDNhCAfqSo,,,1787115497,0.0,0.0,0.0,0,0,0,0.0,0.0,1.0,0.0,,,0,0,0,Helius verified first buyer,2026-08-20 04:54:05
2jL1ePVSjWkzXU3nWwp3g7d4wNuTAt2EkBQkrJH1LrZ5,,,1787115498,0.0,0.0,0.0,0,0,0,0.0,0.0,1.0,0.0,,,0,0,0,Helius verified first buyer,2026-08-20 04:54:05
8FLBu1ftugQviUFoU3Xm3w1RVs4RoKwngZU179EYeTYN,,,1787115499,0.0,0.0,0.0,0,0,0,0.0,0.0,1.0,0.0,,,0,0,0,Helius verified first buyer,2026-08-20 04:54:06
8zpZfmQHZ2WDr89F13RACHJ7Vh9L3ka8LpL9ww5w9kYj,,,1787115499,0.0,0.0,0.0,0,0,0,0.0,0.0,1.0,0.0,,,0,0,0,Helius verified first buyer,2026-08-20 04:54:06
J9NLBqZBPqwqLEW7D9Vun9cY6Ri3igfU3GtRSxwEX3S7,,,1787115500,0.0,0.0,0.0,0,0,0,0.0,0.0,1.0,0.0,,,0,0,0,Helius verified first buyer,2026-08-20 04:54:06
2k5x5wy7G9Jwws82zhhoxZi2LSm3VRaWHSRDCiXWkzo6,,,1787115501,0.0,0.0,0.0,0,0,0,0.0,0.0,1.0,0.0,,,0,0,0,Helius verified first buyer,2026-08-20 04:54:07
8hPSLonCyRF4tyFcDxPKRgFEsGhE3ExsAtiFb2grkFmU,,,1787115501,0.0,0.0,0.0,0,0,0,0.0,0.0,1.0,0.0,,,0,0,0,Helius verified first buyer,2026-08-20 04:54:07
69VgE1vAXCaGSCE52ayhxgYbcPQwqi676JYBAJKqQq7K,,,1787115502,0.0,0.0,0.0,0,0,0,0.0,0.0,1.0,0.0,,,0,0,0,Helius verified first buyer,2026-08-20 04:54:08
88UD3y95RjumpMaGeMNrrGBTSqKWESWspzVJvqAW5zfX,,,1787115502,0.0,0.0,0.0,0,0,0,0.0,0.0,1.0,0.0,,,0,0,0,Helius verified first buyer,2026-08-20 04:54:08
5ijKgKT2ZM7budbDLwxuo8t1fAjLkRGfofA76yEPkhQ1,,,1787115503,0.0,0.0,0.0,0,0,0,0.0,0.0,1.0,0.0,,,0,0,0,Helius verified first buyer,2026-08-20 04:54:08
8nr4ZAHBsaEC6dcdDtYzCvGXoDVDZWyKaky5RGCtEMTR,,,1787115503,0.0,0.0,0.0,0,0,0,0.0,0.0,1.0,0.0,,,0,0,0,Helius verified first buyer,2026-08-20 04:54:09
8Xh8ZgRmHTuraNJyB8S2WY9bN9bYgn8R8BH8HVfEXHSN,,,1787115504,0.0,0.0,0.0,0,0,0,0.0,0.0,1.0,0.0,,,0,0,0,Helius verified first buyer,2026-08-20 04:54:10
ReG18pZDBUNXLTQ5mxD3xDZdQjW2ycpyJoF6vhqoYva,,,1787115504,0.0,0.0,0.0,0,0,0,0.0,0.0,1.0,0.0,,,0,0,0,Helius verified first buyer,2026-08-20 04:54:10
BkzNyRMxhi5c5NH5f4Dudb81BSU8x4q9SeJMfKWcofEi,,,1787115505,0.0,0.0,0.0,0,0,0,0.0,0.0,1.0,0.0,,,0,0,0,Helius verified first buyer,2026-08-20 04:54:10
D5to5PX4MYbXi6pmoyJbHcBDNX92c3Nn2UgkCPJPe3VN,,,1787115506,0.0,0.0,0.0,0,0,0,0.0,0.0,1.0,0.0,,,0,0,0,Helius verified first buyer,2026-08-20 04:54:11
DSZmWJ1253vTrBan531e9kW5Q4wXc3ud8EBLzvRU1WzS,,,1787115506,0.0,0.0,0.0,0,0,0,0.0,0.0,1.0,0.0,,,0,0,0,Helius verified first buyer,2026-08-20 04:54:11
31fT3KTMpASnq31npEtvYW8jxe4N3gXRuoR51Wg35ADd,,,1787115507,0.0,0.0,0.0,0,0,0,0.0,0.0,1.0,0.0,,,0,0,0,Helius verified first buyer,2026-08-20 04:54:11
PtvxzviJscvnvm9vrMdRF14aPXXYb3NsQkjhfPgNPnf,,,1787115507,0.0,0.0,0.0,0,0,0,0.0,0.0,1.0,0.0,,,0,0,0,Helius verified first buyer,2026-08-20 04:54:12
CtLeL3nEHZYBbt9gCXWdk6L8U63YWSmdM9zmbwfT1vdU,,,1787115508,0.0,0.0,0.0,0,0,0,0.0,0.0,1.0,0.0,,,0,0,0,Helius verified first buyer,2026-08-20 04:54:12
7YtSALwMt2Fv2JRB4LpX12TL1gn8gn8rFeQQcv2VgZFq,,,1787115509,0.0,0.0,0.0,0,0,0,0.0,0.0,1.0,0.0,,,0,0,0,Helius verified first buyer,2026-08-20 04:54:12
8xh92GUu1rh2ZpqRRbFcbyQUbafBNgzXGP4PYFnqCkzT,,,1787115509,0.0,0.0,0.0,0,0,0,0.0,0.0,1.0,0.0,,,0,0,0,Helius verified first buyer,2026-08-20 04:54:13
CPicbdQJH4okFVPrsk3saMftmiUDd94qGa8ePYdjCk5E,,,1787115510,0.0,0.0,0.0,0,0,0,0.0,0.0,1.0,0.0,,,0,0,0,Helius verified first buyer,2026-08-20 04:54:13
8CLuk3HvKefujcHBFr5BcN7QrLyvXj9gsUoZA3n4pDmR,,,1787115511,0.0,0.0,0.0,0,0,0,0.0,0.0,1.0,0.0,,,0,0,0,Helius verified first buyer,2026-08-20 04:54:14
DhxAmdd6S2DCtxv3nudSRE3EPQS2soN195QUdoQELYzZ,,,1787115511,0.0,0.0,0.0,0,0,0,0.0,0.0,1.0,0.0,,,0,0,0,Helius verified first buyer,2026-08-20 04:54:14
2tAZzoqY9c2n7CTjn4WqbfReAXk2rLHts1PyqCTpLiyh,,,1787115511,0.0,0.0,0.0,0,0,0,0.0,0.0,1.0,0.0,,,0,0,0,Helius verified first buyer,2026-08-20 04:54:15
GtgApba7DFS2zEZHd91uVVQZ4UTekPicr88pFTs4rcg9,,,1787115512,0.0,0.0,0.0,0,0,0,0.0,0.0,1.0,0.0,,,0,0,0,Helius verified first buyer,2026-08-20 04:54:15
Dena4brWKkhHxuJQvZYyFNrU6SVSmnZ8Y39HbGgsKkRo,,,1787115514,0.0,0.0,0.0,0,0,0,0.0,0.0,1.0,0.0,,,0,0,0,Helius verified first buyer,2026-08-20 04:54:16
BZhoR4tn72hHfmxg49R9bxdLt6rDZgdixCz6nuJGP31C,,,1787115514,0.0,0.0,0.0,0,0,0,0.0,0.0,1.0,0.0,,,0,0,0,Helius verified first buyer,2026-08-20 04:54:16
9XWwhrZNNTnbKs3CpXP6STXcFo6g2jwTMmqEvN9JDJpa,,,1787115514,0.0,0.0,0.0,0,0,0,0.0,0.0,1.0,0.0,,,0,0,0,Helius verified first buyer,2026-08-20 04:54:17
9DyrAtxSSdTaX38P66crmiEaR9nX6kf2vVE3jcp1Lupg,,,1787115515,0.0,0.0,0.0,0,0,0,0.0,0.0,1.0,0.0,,,0,0,0,Helius verified first buyer,2026-08-20 04:54:17
AKTJvNYSWW4zr6RtG4ppP74jtYcifxgrmpg731rVDPXr,,,1787115515,0.0,0.0,0.0,0,0,0,0.0,0.0,1.0,0.0,,,0,0,0,Helius verified first buyer,2026-08-20 04:54:18
7jsu3KRz74REeAxQYrCgzwPFUzdWbwLEX3ZfaFbZ4jgS,,,1787115517,0.0,0.0,0.0,0,0,0,0.0,0.0,1.0,0.0,,,0,0,0,Helius verified first buyer,2026-08-20 04:54:18
CmCh2KkxQKM1rjfwn4tRAA4fb48oFfkdshvnczNFHeqP,,,1787115517,0.0,0.0,0.0,0,0,0,0.0,0.0,1.0,0.0,,,0,0,0,Helius verified first buyer,2026-08-20 04:54:19
BLL7qJvdYhSL9wm1a1dN3dUGuJzq6m2uxD3t4krWyqWS,,,1787115518,0.0,0.0,0.0,0,0,0,0.0,0.0,1.0,0.0,,,0,0,0,Helius verified first buyer,2026-08-20 04:54:19
4dxF6p9gVuH37FwLC3rp9wuZdJ7izKGjogdJKaiF7o7j,,,1787115518,0.0,0.0,0.0,0,0,0,0.0,0.0,1.0,0.0,,,0,0,0,Helius verified first buyer,2026-08-20 04:54:20
3784yjyQxNigCYHAU8KjTHQYRSTH2SgFwuCmrAAiq1YS,,,1787115519,0.0,0.0,0.0,0,0,0,0.0,0.0,1.0,0.0,,,0,0,0,Helius verified first buyer,2026-08-20 04:54:20
CbMoGhx4fVU83S8zJGcHj1XxTk7jt4xoDEH9fEbG2mAR,,,1787115520,0.0,0.0,0.0,0,0,0,0.0,0.0,1.0,0.0,,,0,0,0,Helius verified first buyer,2026-08-20 04:54:20
8MeeUcRpZseypiMQZEeRZq5n9L24NYnv4PLUvWcJC7kk,,,1787115520,0.0,0.0,0.0,0,0,0,0.0,0.0,1.0,0.0,,,0,0,0,Helius verified first buyer,2026-08-20 04:54:21
J4xTS76rpX15fveqA4ciPdnP5YFS27DyfcP9fUMpbYoX,,,1787115521,0.0,0.0,0.0,0,0,0,0.0,0.0,1.0,0.0,,,0,0,0,Helius verified first buyer,2026-08-20 04:54:21
Cf85fBov3ehZAFbmYtTXJ9eCozKHbdZStQsPbL4JVcwR,,,1787115521,0.0,0.0,0.0,0,0,0,0.0,0.0,1.0,0.0,,,0,0,0,Helius verified first buyer,2026-08-20 04:54:22
CqMg1dx5njoydnMyG8V8u6PMB1YJqbKXagT8XZ5HQyuG,,,1787115522,0.0,0.0,0.0,0,0,0,0.0,0.0,1.0,0.0,,,0,0,0,Helius verified first buyer,2026-08-20 04:54:22
BTBz8Lq1CNXFm51DNhhW1dhNhYVJtEn7SDWGYFUMKTJt,,,1787115522,0.0,0.0,0.0,0,0,0,0.0,0.0,1.0,0.0,,,0,0,0,Helius verified first buyer,2026-08-20 04:54:22
5nh4tmABxsoJ2C88ttqF8S3KPEtefQFD5pnZ2i1HnBBa,,,1787115522,0.0,0.0,0.0,0,0,0,0.0,0.0,1.0,0.0,,,0,0,0,Helius verified first buyer,2026-08-20 04:54:23
EFbHWvPSRJTX3k6LPqULmgyt8P6bEHumLgzbV7zYu7RF,,,1787115523,0.0,0.0,0.0,0,0,0,0.0,0.0,1.0,0.0,,,0,0,0,Helius verified first buyer,2026-08-20 04:54:23
53psWesmcUX3nDuMCBUBrXB21nbfs2BNqVGxcBejVDbJ,,,1787115524,0.0,0.0,0.0,0,0,0,0.0,0.0,1.0,0.0,,,0,0,0,Helius verified first buyer,2026-08-20 04:54:24
JA7wffqXLgsFvbPPm8kd9z1rJSSBAWUf9gqHt6wt1ySA,,,1787115524,0.0,0.0,0.0,0,0,0,0.0,0.0,1.0,0.0,,,0,0,0,Helius verified first buyer,2026-08-20 04:54:25
9ynCcmf5WyQ6gJzEMGnVUSnM1sH8XfsvN55yeuGECbjz,,,1787115525,0.0,0.0,0.0,0,0,0,0.0,0.0,1.0,0.0,,,0,0,0,Helius verified first buyer,2026-08-20 04:54:25
5iyyX7fYJzZvjEkMkCWpgXG5p6uGBkvMuBWxfghZNUKr,,,1787115525,0.0,0.0,0.0,0,0,0,0.0,0.0,1.0,0.0,,,0,0,0,Helius verified first buyer,2026-08-20 04:54:26
6onQAafNHccJznPx2tgP22w9pBbmqDJ6sWtvuoDFhBg2,,,1787115526,0.0,0.0,0.0,0,0,0,0.0,0.0,1.0,0.0,,,0,0,0,Helius verified first buyer,2026-08-20 04:54:26
72zhhNkFJ5AG3vH1fbUxkPwTVChSA9vtLdH4fZcBZnuo,,,1787115527,0.0,0.0,0.0,0,0,0,0.0,0.0,1.0,0.0,,,0,0,0,Helius verified first buyer,2026-08-20 04:54:27
4dwC1u9XbcWcZciXu6DRbPKFtxyJrVBb5X4NXKUfXoiy,,,1787115527,0.0,0.0,0.0,0,0,0,0.0,0.0,1.0,0.0,,,0,0,0,Helius verified first buyer,2026-08-20 04:54:27
GRUdJG7UzRvUpymPSugqtYGQw8qFaGewvQZ9wRf5PX5C,,,1787115529,0.0,0.0,0.0,0,0,0,0.0,0.0,1.0,0.0,,,0,0,0,Helius verified first buyer,2026-08-20 04:54:28
8fvkDAm1ErD8R15pWxu9ZjVP7Ab9tpxtBhKHawMAV6VT,,,1787115529,0.0,0.0,0.0,0,0,0,0.0,0.0,1.0,0.0,,,0,0,0,Helius verified first buyer,2026-08-20 04:54:29
GgkeGRwXhsNop9ex9EyeDEJatF944PG66FLtwVN776si,,,1787115530,0.0,0.0,0.0,0,0,0,0.0,0.0,1.0,0.0,,,0,0,0,Helius verified first buyer,2026-08-20 04:54:29
8Z8guPBbJdTEraoTu3Y5YX7GaM7sNE2WceFLk8Ad2Ht1,,,1787115530,0.0,0.0,0.0,0,0,0,0.0,0.0,1.0,0.0,,,0,0,0,Helius verified first buyer,2026-08-20 04:54:30
25ZqAM5GPxSNiJZB79Yzqq7wE4EwcdFgMR2bGNtkzc3n,,,1787115531,0.0,0.0,0.0,0,0,0,0.0,0.0,1.0,0.0,,,0,0,0,Helius verified first buyer,2026-08-20 04:54:30
7uQG6e8phAYUPPFV965Viiwt2iXNLp9ptKN2NEZbsui,,,1787115532,0.0,0.0,0.0,0,0,0,0.0,0.0,1.0,0.0,,,0,0,0,Helius verified first buyer,2026-08-20 04:54:30
B3Ff3ssqcYSqEGxC6V5jksaMx3oCC8CLnTDkZfpnYC9Y,,,1787115532,0.0,0.0,0.0,0,0,0,0.0,0.0,1.0,0.0,,,0,0,0,Helius verified first buyer,2026-08-20 04:54:31
3VWhXVEFogB3fqUs3xgdM1uhGbbah2dhiNmFhegtLgse,,,1787115533,0.0,0.0,0.0,0,0,0,0.0,0.0,1.0,0.0,,,0,0,0,Helius verified first buyer,2026-08-20 04:54:31
HsMugF3BMZbVfDwpwo92YMcYWcApP3HbrMmwsaP4XidY,,,1787115534,0.0,0.0,0.0,0,0,0,0.0,0.0,1.0,0.0,,,0,0,0,Helius verified first buyer,2026-08-20 04:54:32
HETLgrunHfdjheuMzukeRLRV1Rbadm8UvDp9dKGPLNLG,,,1787115534,0.0,0.0,0.0,0,0,0,0.0,0.0,1.0,0.0,,,0,0,0,Helius verified first buyer,2026-08-20 04:54:32
6jrxtTRaKcV9HY5fZDyfWA5NcshZ2eqCSv5xtTBWDWRp,,,1787115535,0.0,0.0,0.0,0,0,0,0.0,0.0,1.0,0.0,,,0,0,0,Helius verified first buyer,2026-08-20 04:54:33
6Gusdh6PdNme8eGW3DuYgcL6Lk41pKTYnz1Qd1tHstfB,,,1787115535,0.0,0.0,0.0,0,0,0,0.0,0.0,1.0,0.0,,,0,0,0,Helius verified first buyer,2026-08-20 04:54:33
CTQXj4HzAj9zc57nX4ERh5xLKAmGKo1ue57m1MhVXzkz,,,1787114906,0.0,0.0,0.0,0,0,0,0.0,0.0,1.0,0.0,,,0,0,0,Helius verified first buyer,2026-08-20 04:58:29
E7T1Vs7aCLkN7TyFg382rhG7yVM5cWvjuwhfQkWPiSEH,,,1787114906,0.0,0.0,0.0,0,0,0,0.0,0.0,1.0,0.0,,,0,0,0,Helius verified first buyer,2026-08-20 04:54:35
BxLmrDJaNr9hA35FBGASAhUK74Gs98AyvQXx6HSR1Qft,,,1787114906,0.0,0.0,0.0,0,0,0,0.0,0.0,1.0,0.0,,,0,0,0,Helius verified first buyer,2026-08-20 04:54:35
AQVoCADzm2aoXW3Qwj4rBsNm9YMHoLFt8SnyitqjcHRP,,,1787114906,0.0,0.0,0.0,0,0,0,0.0,0.0,1.0,0.0,,,0,0,0,Helius verified first buyer,2026-08-20 04:54:35
2LLHCtDpZWWsoeyAcjnnBgwsqzfvWx8EKfE8YTmGyafk,,,1787114906,0.0,0.0,0.0,0,0,0,0.0,0.0,1.0,0.0,,,0,0,0,Helius verified first buyer,2026-08-20 04:54:36
5t7WHxJTQ2t2XU44zztUWNa2FMfme99M5fA4ND2oUxNp,,,1787114906,0.0,0.0,0.0,0,0,0,0.0,0.0,1.0,0.0,,,0,0,0,Helius verified first buyer,2026-08-20 04:54:36
FcvvJvHU1jk5Y5JqjsuoSwzqgiqTAdxmzbggYmVQWJMD,,,1787114906,0.0,0.0,0.0,0,0,0,0.0,0.0,1.0,0.3,,,0,0,0,Helius verified first buyer,2026-08-20 05:03:41
DqTG8k1SSuXUnbLLr17pvPK8iKwjaARqqeRSsPmeNgeU,,,1787114906,0.0,0.0,0.0,0,0,0,0.0,0.0,1.0,0.0,,,0,0,0,Helius verified first buyer,2026-08-20 04:54:36
BnnNJJgy9w2MLQ9XBKJKG9FQa2r9qdW7u5VpzEkwUcc3,,,1787114906,0.0,0.0,0.0,0,0,0,0.0,0.0,1.0,0.0,,,0,0,0,Helius verified first buyer,2026-08-20 04:54:37
eJLPuRWht4aMEwXJgwqve2PQAEvvPvpWnDMW4UajHEB,,,1787114906,0.0,0.0,0.0,0,0,0,0.0,0.0,1.0,0.0,,,0,0,0,Helius verified first buyer,2026-08-20 04:54:38
GQ4vh4ZWVYmskxt9i4k2EcDF6k61AJWxk9wPcqjNY1kg,,,1787114906,0.0,0.0,0.0,0,0,0,0.0,0.0,1.0,0.0,,,0,0,0,Helius verified first buyer,2026-08-20 04:54:38
G9L28EBGWxxJg98hEXVYyC5X4GFerau73BktZHCNCjUm,,,1787114906,0.0,0.0,0.0,0,0,0,0.0,0.0,1.0,0.0,,,0,0,0,Helius verified first buyer,2026-08-20 04:54:38
621M6Pqyfjmwhr3yeHVCfHNGCJafFXMhdVh5Nt1PZq2D,,,1787114906,0.0,0.0,0.0,0,0,0,0.0,0.0,1.0,0.0,,,0,0,0,Helius verified first buyer,2026-08-20 04:54:39
3SkBCx49BsK64h6tssBBJZ1WNvpiLdnhnXNmJtP46d7b,,,1787114907,0.0,0.0,0.0,0,0,0,0.0,0.0,1.0,0.0,,,0,0,0,Helius verified first buyer,2026-08-20 04:54:39
5fZQazS75TMZBdzMmfcRTq6UGG4yHhf8pFSAwaH7VUZB,,,1787114907,0.0,0.0,0.0,0,0,0,0.0,0.0,1.0,0.0,,,0,0,0,Helius verified first buyer,2026-08-20 04:58:45
SEN1fhwBn4Fqvdaw5R4M12DG6az5p6a3eiJYJyzE8UH,,,1787114908,0.0,0.0,0.0,0,0,0,0.0,0.0,1.0,0.0,,,0,0,0,Helius verified first buyer,2026-08-20 04:54:40
9kW9nGW67Yjou2WY1vY6uqqoFJA9ePreSmHZStnvftGC,,,1787114908,0.0,0.0,0.0,0,0,0,0.0,0.0,1.0,0.0,,,0,0,0,Helius verified first buyer,2026-08-20 04:54:40
7JzH5xv82HKEK2kwitBiVi9CvGhu5dB8kui6tsbp962S,,,1787114908,0.0,0.0,0.0,0,0,0,0.0,0.0,1.0,0.0,,,0,0,0,Helius verified first buyer,2026-08-20 04:54:41
GoU9mTtFwQyCSqUyqv7mtA7FSQoqftdavhztXExtvQgb,,,1787114908,0.0,0.0,0.0,0,0,0,0.0,0.0,1.0,0.3,,,0,0,0,Helius verified first buyer,2026-08-20 05:03:43
5C62wGTqcqkbpTx26xXkrq1EPfDk8p1eRaTscZPep21j,,,1787114908,0.0,0.0,0.0,0,0,0,0.0,0.0,1.0,0.0,,,0,0,0,Helius verified first buyer,2026-08-20 04:54:42
Ep4yBraVVnS2U4p3c1yJBNMfHsf8UC9yubUW3rzM8X2e,,,1787114909,0.0,0.0,0.0,0,0,0,0.0,0.0,1.0,0.0,,,0,0,0,Helius verified first buyer,2026-08-20 04:54:42
WFfNqe2ZCAaksBKqSjFjBjXkEovGQ8QgqQD9QKsToTF,,,1787114909,0.0,0.0,0.0,0,0,0,0.0,0.0,1.0,0.0,,,0,0,0,Helius verified first buyer,2026-08-20 04:54:43
8U7ZYeLqArvxz4U99K2pLHrZmCD1ASPfeQKBMAycP2v,,,1787114909,0.0,0.0,0.0,0,0,0,0.0,0.0,1.0,0.0,,,0,0,0,Helius verified first buyer,2026-08-20 04:54:43
4t2VKysQSwAzCFCjFQePnpwEUB6V4pfh7AfpTu69sLEh,,,1787114910,0.0,0.0,0.0,0,0,0,0.0,0.0,1.0,0.0,,,0,0,0,Helius verified first buyer,2026-08-20 04:54:43
4Kz3vM6RJSTXVzKFyMNurhWK1DJCeHKmrSAXz8nLCLrh,,,1787114910,0.0,0.0,0.0,0,0,0,0.0,0.0,1.0,0.0,,,0,0,0,Helius verified first buyer,2026-08-20 04:54:44
DGidLoNkmkHHSSNi8nS4fF6FvUrhRaNkpGyNQ5qcvE83,,,1787114910,0.0,0.0,0.0,0,0,0,0.0,0.0,1.0,0.0,,,0,0,0,Helius verified first buyer,2026-08-20 04:54:54
JBArDAQnUhQnwZWJux9ScY3DNoBE63mXMqK5UY51RiKV,,,1787114910,0.0,0.0,0.0,0,0,0,0.0,0.0,1.0,0.0,,,0,0,0,Helius verified first buyer,2026-08-20 04:54:44
3C1GhzuKGVfAweANVea4enCFQmoRPip1xCAHXVGGuNWM,,,1787114910,0.0,0.0,0.0,0,0,0,0.0,0.0,1.0,0.3,,,0,0,0,Helius verified first buyer,2026-08-20 05:03:43
Zrumzk7TbUpHNNc8gPaSgZqjndDhMijFb1hngYu5orD,,,1787114910,0.0,0.0,0.0,0,0,0,0.0,0.0,1.0,0.3,,,0,0,0,Helius verified first buyer,2026-08-20 05:03:44
BohHTVdwVDnSvhpg8GcLjZQ8ipNC6dEWydDWLh6JqVNN,,,1787114911,0.0,0.0,0.0,0,0,0,0.0,0.0,1.0,0.3,,,0,0,0,Helius verified first buyer,2026-08-20 05:03:44
45Utoztg7rWyNtNYjECmXeELfWm3LkReJGZ3iGpz3wko,,,1787114913,0.0,0.0,0.0,0,0,0,0.0,0.0,1.0,0.0,,,0,0,0,Helius verified first buyer,2026-08-20 04:54:47
Ek8yVvuq4tXkpA2wtjpqXTmtu7pCc7b5Lk8HWPdHjcku,,,1787114913,0.0,0.0,0.0,0,0,0,0.0,0.0,1.0,0.0,,,0,0,0,Helius verified first buyer,2026-08-20 04:54:48
Bg98gR3ztuHwknwbozkUQkD8KcEjBYK1axDVvuTGrrrK,,,1787114914,0.0,0.0,0.0,0,0,0,0.0,0.0,1.0,0.0,,,0,0,0,Helius verified first buyer,2026-08-20 04:54:48
A6Dpt4FVxoPFTqo7i2kTBoSXtjHHngUcfiNNdXPLEtiS,,,1787114915,0.0,0.0,0.0,0,0,0,0.0,0.0,1.0,0.3,,,0,0,0,Helius verified first buyer,2026-08-20 05:03:45
5KdhDT61wug1nYrcDbpW2jx18zbwozyFuexZxGKopuG3,,,1787114915,0.0,0.0,0.0,0,0,0,0.0,0.0,1.0,0.0,,,0,0,0,Helius verified first buyer,2026-08-20 04:54:49
G9tBh7m1rnT95unrThTYvzVkud3Y9ZYctMjbx7AZH8Gh,,,1787114915,0.0,0.0,0.0,0,0,0,0.0,0.0,1.0,0.0,,,0,0,0,Helius verified first buyer,2026-08-20 04:54:50
A29DzkWim6tdaN4TKVzG8iE6u8dMwERuWro7ivuW3L6o,,,1787114915,0.0,0.0,0.0,0,0,0,0.0,0.0,1.0,0.0,,,0,0,0,Helius verified first buyer,2026-08-20 04:54:50
FNkbQS8kTZfS7eWpur1bnMchon9UXSsKZo5YDLSzNyrV,,,1787114915,0.0,0.0,0.0,0,0,0,0.0,0.0,1.0,0.0,,,0,0,0,Helius verified first buyer,2026-08-20 04:54:50
3FdNJVZaEnJ5jC4DheXCB1zpgfLKSRvRHKQijsg5PAEL,,,1787114915,0.0,0.0,0.0,0,0,0,0.0,0.0,1.0,0.3,,,0,0,0,Helius verified first buyer,2026-08-20 05:03:45
5vLijXmqzSCEyLTmkJKvnojbTmRjrLVWXmvG4t7j63X4,,,1787114915,0.0,0.0,0.0,0,0,0,0.0,0.0,1.0,0.0,,,0,0,0,Helius verified first buyer,2026-08-20 04:56:15
8pdLwsPATC5mdrmEsJ1UDAN5ndioYKPTCpwpvZ7ec61i,,,1787114915,0.0,0.0,0.0,0,0,0,0.0,0.0,1.0,0.0,,,0,0,0,Helius verified first buyer,2026-08-20 04:54:51
6C7xG3DCBzCabCeerh5boxAZWqsx14KNa5BUhZWNW56q,,,1787114915,0.0,0.0,0.0,0,0,0,0.0,0.0,1.0,0.0,,,0,0,0,Helius verified first buyer,2026-08-20 04:56:16
4Vse8KsG9ep2yNjHDLn8qUev3MQTKrF7ddEmgCqM2bUf,,,1787114916,0.0,0.0,0.0,0,0,0,0.0,0.0,1.0,0.0,,,0,0,0,Helius verified first buyer,2026-08-20 04:55:18
CXtkN6WEUHLiF1sGNk7VUcZhdit1BUuFUhP61tv6YmuS,,,1787114917,0.0,0.0,0.0,0,0,0,0.0,0.0,1.0,0.0,,,0,0,0,Helius verified first buyer,2026-08-20 04:54:52
CxNXXxL9kCVSFHt2qya9h16PFqSuuHHif3z2TEoi9U9Z,,,1787114920,0.0,0.0,0.0,0,0,0,0.0,0.0,1.0,0.0,,,0,0,0,Helius verified first buyer,2026-08-20 04:54:53
J2Q57YdpZ44A8kzUNCwEzfboLrq1SKqDHVWyRaknmmQq,,,1787114920,0.0,0.0,0.0,0,0,0,0.0,0.0,1.0,0.0,,,0,0,0,Helius verified first buyer,2026-08-20 04:54:53
3HdBniFuJFJaNuvBZtcfwBP3HU8zddmM5WBZ7T59LQBh,,,1787114920,0.0,0.0,0.0,0,0,0,0.0,0.0,1.0,0.0,,,0,0,0,Helius verified first buyer,2026-08-20 04:54:54
HoCDggb2h9AfXVVyuPNhQnbvdo7mXYnHjcFvzgJs91sU,,,1787114922,0.0,0.0,0.0,0,0,0,0.0,0.0,1.0,0.0,,,0,0,0,Helius verified first buyer,2026-08-20 04:54:54
26FZKkYKuLSotFAjw3tx5xj8m59SvvKazHRZWFLk5Wwc,,,1787114922,0.0,0.0,0.0,0,0,0,0.0,0.0,1.0,0.0,,,0,0,0,Helius verified first buyer,2026-08-20 04:54:54
8A83EFYGPVDqNw5vXXdu253Cf1MkdzNn8vLVh6KyYrei,,,1787114922,0.0,0.0,0.0,0,0,0,0.0,0.0,1.0,0.0,,,0,0,0,Helius verified first buyer,2026-08-20 04:54:55
Cfsp5JHex74wUotJrSe6Zfc11AJGay8MX7Q9181kfhQf,,,1787114922,0.0,0.0,0.0,0,0,0,0.0,0.0,1.0,0.0,,,0,0,0,Helius verified first buyer,2026-08-20 04:54:55
8X89YUjrDyyzdVhKeijZtKiqbWPYumQZQkRMpt5Do7Cm,,,1787114924,0.0,0.0,0.0,0,0,0,0.0,0.0,1.0,0.0,,,0,0,0,Helius verified first buyer,2026-08-20 04:54:55
Gsj7VaPZDTPRuNiYBMiEUQ2W9q8iVFUxPvhkTLBkJar,,,1787114924,0.0,0.0,0.0,0,0,0,0.0,0.0,1.0,0.0,,,0,0,0,Helius verified first buyer,2026-08-20 04:54:56
FLrG5G3rKdf6CbUKb85JX86U9XCVFYihxuiU6vMwY3cb,,,1787114925,0.0,0.0,0.0,0,0,0,0.0,0.0,1.0,0.0,,,0,0,0,Helius verified first buyer,2026-08-20 04:54:57
2ZucQk5cqZFDNESxN9iDDk9DPhE5wCcQsKU9bhhajEWJ,,,1787114926,0.0,0.0,0.0,0,0,0,0.0,0.0,1.0,0.3,,,0,0,0,Helius verified first buyer,2026-08-20 05:03:42
GtFviPDbJk3W7ECRAFJx7DVcJRg94QWV9yQ9Pxz9ew5s,,,1787114926,0.0,0.0,0.0,0,0,0,0.0,0.0,1.0,0.0,,,0,0,0,Helius verified first buyer,2026-08-20 04:54:58
7SGq3d9NKwKqNpy1QPLqfYZFjQ6fsCp2TcDzFRtWr8pJ,,,1787114927,0.0,0.0,0.0,0,0,0,0.0,0.0,1.0,0.0,,,0,0,0,Helius verified first buyer,2026-08-20 04:58:21
CzvhhTUHZVNpW9c14RisMut6EAsQPFQDcPBNyyMSktGj,,,1787114928,0.0,0.0,0.0,0,0,0,0.0,0.0,1.0,0.0,,,0,0,0,Helius verified first buyer,2026-08-20 04:54:59
9HXimGfUx9eofgswfnSArYZhA3FQT7EV8KM22mZDK6Jk,,,1787114928,0.0,0.0,0.0,0,0,0,0.0,0.0,1.0,0.0,,,0,0,0,Helius verified first buyer,2026-08-20 04:54:59
2t1j6aYdc8KpegQsbarBETiNbgnq4FH8dVzjzYpYWgB5,,,1787114928,0.0,0.0,0.0,0,0,0,0.0,0.0,1.0,0.0,,,0,0,0,Helius verified first buyer,2026-08-20 04:54:59
4ffaMk6PHYg4Q7Wpr8dk7hTNTYKAtJ71ncRvqcy2isR3,,,1787114928,0.0,0.0,0.0,0,0,0,0.0,0.0,1.0,0.0,,,0,0,0,Helius verified first buyer,2026-08-20 04:55:00
24VwMM5dNbDLUaQQbYQN9giyujy1Luxg1Jz4v2t8Dnqx,,,1787114930,0.0,0.0,0.0,0,0,0,0.0,0.0,1.0,0.0,,,0,0,0,Helius verified first buyer,2026-08-20 04:55:01
HdBxLuDRnAVLoDRPP76o4AwAG33arz9bSBu1d7iNL3Uf,,,1787114930,0.0,0.0,0.0,0,0,0,0.0,0.0,1.0,0.0,,,0,0,0,Helius verified first buyer,2026-08-20 04:55:01
4YTsfPaQPJLcCgk5UWkZXBPfXKAPRcD1fwe93uFVAUcL,,,1787114930,0.0,0.0,0.0,0,0,0,0.0,0.0,1.0,0.0,,,0,0,0,Helius verified first buyer,2026-08-20 04:55:02
BuDXaFtbMqz5m5CfEehBiYBgeZMtPGSruExa2DyHvQ8v,,,1787114931,0.0,0.0,0.0,0,0,0,0.0,0.0,1.0,0.0,,,0,0,0,Helius verified first buyer,2026-08-20 04:55:02
NGDxcnaYTTDmCxis8d87VDFQy4v7tkjpr27m5tH2NSC,,,1787114931,0.0,0.0,0.0,0,0,0,0.0,0.0,1.0,0.3,,,0,0,0,Helius verified first buyer,2026-08-20 05:03:52
Dra5hkDHamXnY8hc5GLFK5cCKK2WPFSWFVwh5thoRD3H,,,1787114931,0.0,0.0,0.0,0,0,0,0.0,0.0,1.0,0.3,,,0,0,0,Helius verified first buyer,2026-08-20 05:03:52
2cDQptKhHHPKhYu9uTvNMWNaGAT9uf4KdiypJbaiyNCm,,,1787114931,0.0,0.0,0.0,0,0,0,0.0,0.0,1.0,0.0,,,0,0,0,Helius verified first buyer,2026-08-20 04:55:03
Gh8SfAicnQBxhMCTkZke2ZfrigCzCo8912cKdUvCqDjL,,,1787114932,0.0,0.0,0.0,0,0,0,0.0,0.0,1.0,0.0,,,0,0,0,Helius verified first buyer,2026-08-20 04:55:04
DyNiyDgYg3A4sHKXFLccUEVHX3zBDGxx1m7xtqxnKjKP,,,1787114933,0.0,0.0,0.0,0,0,0,0.0,0.0,1.0,0.0,,,0,0,0,Helius verified first buyer,2026-08-20 04:58:41
4HhjMFz8R5uzovXPUHP9m2gsyoJk3qjq4PnoAo9E5gYq,,,1787114933,0.0,0.0,0.0,0,0,0,0.0,0.0,1.0,0.0,,,0,0,0,Helius verified first buyer,2026-08-20 04:55:05
HhYi89Mzt4RBUEEK7ommppP7tHWeCWubLaUg4xxMDqoN,,,1787114933,0.0,0.0,0.0,0,0,0,0.0,0.0,1.0,0.0,,,0,0,0,Helius verified first buyer,2026-08-20 04:56:55
4DxubcszAgjpruMjgkEGC17E1WhMzN24BgWy67eXGDi8,,,1787114933,0.0,0.0,0.0,0,0,0,0.0,0.0,1.0,0.0,,,0,0,0,Helius verified first buyer,2026-08-20 04:55:05
FSCxqxG18a85CZBLNBpSgprN63CFksf9iVJX98cXSQnj,,,1787114934,0.0,0.0,0.0,0,0,0,0.0,0.0,1.0,0.0,,,0,0,0,Helius verified first buyer,2026-08-20 04:55:05
4BNMaUdBjUB54SKCTjBEoiEjcF3nGP5pqj3KXV4VEnCu,,,1787114935,0.0,0.0,0.0,0,0,0,0.0,0.0,1.0,0.0,,,0,0,0,Helius verified first buyer,2026-08-20 04:55:06
6iBgH9bJHPaFG27ynLEGPhENL4CP46L6GqgD3McxDLWX,,,1787114935,0.0,0.0,0.0,0,0,0,0.0,0.0,1.0,0.0,,,0,0,0,Helius verified first buyer,2026-08-20 04:55:06
9yAjA4YhYb1LR3ZFPmPtYKN35zYnLmNJKkkAy7oVxpcW,,,1787114935,0.0,0.0,0.0,0,0,0,0.0,0.0,1.0,0.0,,,0,0,0,Helius verified first buyer,2026-08-20 04:55:07
2tgUbS9UMoQD6GkDZBiqKYCURnGrSb6ocYwRABrSJUvY,,,1787114936,0.0,0.0,0.0,0,0,0,0.0,0.0,1.0,0.3,,,0,0,0,Helius verified first buyer,2026-08-20 05:05:11
29yg6zBj1FEnnJpccDNLKXyivjUqgAjzp5Ge8vU6ZBxK,,,1787114936,0.0,0.0,0.0,0,0,0,0.0,0.0,1.0,0.0,,,0,0,0,Helius verified first buyer,2026-08-20 04:55:08
7LsaAwdWRKufr45emXRBxBLwV7WNQ4iAe9H8Achby8Pg,,,1787114936,0.0,0.0,0.0,0,0,0,0.0,0.0,1.0,0.0,,,0,0,0,Helius verified first buyer,2026-08-20 04:55:08
61GM9JoR9yUd3pgbN1GL7V2UM8w7bEUAtNsQZjbT5Ew4,,,1787114937,0.0,0.0,0.0,0,0,0,0.0,0.0,1.0,0.0,,,0,0,0,Helius verified first buyer,2026-08-20 04:55:44
FDWJ7wQWKHWRCBv4172uihXiYte5McEE4izGoEcwSocT,,,1787114937,0.0,0.0,0.0,0,0,0,0.0,0.0,1.0,0.0,,,0,0,0,Helius verified first buyer,2026-08-20 04:55:09
2z2q5gk8TDgqCidzkXkyevXH1aDaVjWL8cQwoRbMF1Jq,,,1787114938,0.0,0.0,0.0,0,0,0,0.0,0.0,1.0,0.0,,,0,0,0,Helius verified first buyer,2026-08-20 04:55:30
37fpedr1Z2X8SPEtVAvQvLHVVgcF2LQRbxKSas2ewpu5,,,1787114938,0.0,0.0,0.0,0,0,0,0.0,0.0,1.0,0.0,,,0,0,0,Helius verified first buyer,2026-08-20 04:55:14
ASaZ4HzZDmvxhDHZMAdXPSBZBnR6vsGschube32U3GoX,,,1787114938,0.0,0.0,0.0,0,0,0,0.0,0.0,1.0,0.0,,,0,0,0,Helius verified first buyer,2026-08-20 04:55:11
7D4Pc1b2uZ8YUEjaCuxdfqi3zvLxHgXzcdKYM5ydfWdR,,,1787114938,0.0,0.0,0.0,0,0,0,0.0,0.0,1.0,0.0,,,0,0,0,Helius verified first buyer,2026-08-20 04:55:11
8RcfC1FFWcdcQyRjtr5fpbRqcuw6EHrACpmyhRb4CXDq,,,1787114938,0.0,0.0,0.0,0,0,0,0.0,0.0,1.0,0.0,,,0,0,0,Helius verified first buyer,2026-08-20 04:55:12
Fg35GX54fwsWQy5KEYVaij2x8NCKbFHL4Qzpk35GN79k,,,1787114938,0.0,0.0,0.0,0,0,0,0.0,0.0,1.0,0.0,,,0,0,0,Helius verified first buyer,2026-08-20 04:55:12
GH49zREGwrMHi9PL2CbAZoudwTU6KDW5rXFa7MjQ3X4d,,,1787114938,0.0,0.0,0.0,0,0,0,0.0,0.0,1.0,0.3,,,0,0,0,Helius verified first buyer,2026-08-20 05:03:54
EmfzvjYatDEJc1vHqLDqkJ6suFtY1aFPYa25uDUbb9xy,,,1787114938,0.0,0.0,0.0,0,0,0,0.0,0.0,1.0,0.3,,,0,0,0,Helius verified first buyer,2026-08-20 05:03:54
BteqeSKSZvFzkTSMWh3SMHo6EmnYRUQA8DxHfoSQ2g6G,,,1787114939,0.0,0.0,0.0,0,0,0,0.0,0.0,1.0,0.3,,,0,0,0,Helius verified first buyer,2026-08-20 05:04:19
GhfBrunNrrZWLjZryRfjcbPajsvnUNpB7tp7fFDJEpn9,,,1787114939,0.0,0.0,0.0,0,0,0,0.0,0.0,1.0,0.0,,,0,0,0,Helius verified first buyer,2026-08-20 04:55:13
9BAYe4Y8RikJgQTPRbdj32nsdfWqHc76AeANGPHGR9hG,,,1787114939,0.0,0.0,0.0,0,0,0,0.0,0.0,1.0,0.0,,,0,0,0,Helius verified first buyer,2026-08-20 04:55:14
AUExg3bprudLHpAecqcmAyAQMmFKzs3aFxNLEhmnfEbC,,,1787114939,0.0,0.0,0.0,0,0,0,0.0,0.0,1.0,0.0,,,0,0,0,Helius verified first buyer,2026-08-20 04:55:14
BCDUS718HJyVqnWH8kiCGymNNVzLAv6bSK88wx21eLRg,,,1787114939,0.0,0.0,0.0,0,0,0,0.0,0.0,1.0,0.0,,,0,0,0,Helius verified first buyer,2026-08-20 04:55:15
HPNNdsLRDBBsqBsRUtqxz7pzed8g91aYynwabVnznq8j,,,1787114940,0.0,0.0,0.0,0,0,0,0.0,0.0,1.0,0.0,,,0,0,0,Helius verified first buyer,2026-08-20 04:55:15
E2QeCEHniFxxKuVZuYAVNXxPeeUCfTJgQWDjqcQ9RYKf,,,1787114941,0.0,0.0,0.0,0,0,0,0.0,0.0,1.0,0.0,,,0,0,0,Helius verified first buyer,2026-08-20 04:55:52
5vF6s9PGY6dUXiJFKiCfArVaTRHgybFM6RDpaCEeACpo,,,1787114941,0.0,0.0,0.0,0,0,0,0.0,0.0,1.0,0.0,,,0,0,0,Helius verified first buyer,2026-08-20 04:57:34
AYArRLmnJN2uyzxc3E7C5ZaXjz7NuKSgzgvum558r7xK,,,1787114941,0.0,0.0,0.0,0,0,0,0.0,0.0,1.0,0.0,,,0,0,0,Helius verified first buyer,2026-08-20 04:57:55
BFAm2EK9CCduaMYmohzT6DpgM7WvfLaKu2wCXLnLd3rr,,,1787114942,0.0,0.0,0.0,0,0,0,0.0,0.0,1.0,0.0,,,0,0,0,Helius verified first buyer,2026-08-20 04:55:19
7YNXzLjmZWxaUBZJC7CKuTBRN9gh9hGq31XorTCX9vVD,,,1787114942,0.0,0.0,0.0,0,0,0,0.0,0.0,1.0,0.3,,,0,0,0,Helius verified first buyer,2026-08-20 05:07:36
9RGjjbRdxyErozMgTzgtF2Y3fdduHNQSHT5ZbmW1jLAK,,,1787114943,0.0,0.0,0.0,0,0,0,0.0,0.0,1.0,0.0,,,0,0,0,Helius verified first buyer,2026-08-20 04:55:20
7nMt1Deca1d3mio7q86mjTbCq2yVAqhEKDoVBYWRauaK,,,1787114943,0.0,0.0,0.0,0,0,0,0.0,0.0,1.0,0.0,,,0,0,0,Helius verified first buyer,2026-08-20 04:56:45
BBLsgR63u3ohnBbmTa9yR7CQEy3ddMx8mQ8Uka4AR9om,,,1787114943,0.0,0.0,0.0,0,0,0,0.0,0.0,1.0,0.0,,,0,0,0,Helius verified first buyer,2026-08-20 04:55:21
D44UXemDc7d3yRXnmFAjvzykFrbSmxqvSvbTDG1fDkeh,,,1787114944,0.0,0.0,0.0,0,0,0,0.0,0.0,1.0,0.0,,,0,0,0,Helius verified first buyer,2026-08-20 04:55:22
Cq9vrYbJTPk1RAJAZSWEKT11y4fBM2ohB41VRab5wxcq,,,1787114944,0.0,0.0,0.0,0,0,0,0.0,0.0,1.0,0.0,,,0,0,0,Helius verified first buyer,2026-08-20 04:55:22
9TSgNnndoYA5VJBkGCVwb6D1icqgQNjvXisS6SdM4JdE,,,1787114945,0.0,0.0,0.0,0,0,0,0.0,0.0,1.0,0.0,,,0,0,0,Helius verified first buyer,2026-08-20 04:55:23
1NfvrDHLL2LkoxKcfwWFbm48ugeB8XKkFPBtrkGm3BK,,,1787114945,0.0,0.0,0.0,0,0,0,0.0,0.0,1.0,0.0,,,0,0,0,Helius verified first buyer,2026-08-20 04:55:55
FuUHVVtf3U3SLeEeZ4T3JLngig7fygkCBbcZrC4eeUYA,,,1787114946,0.0,0.0,0.0,0,0,0,0.0,0.0,1.0,0.0,,,0,0,0,Helius verified first buyer,2026-08-20 04:55:24
5tb5aF1Uj4Vt2ByjXTt3vxXgmjVf3Bk9iDee8uq52E8u,,,1787114946,0.0,0.0,0.0,0,0,0,0.0,0.0,1.0,0.0,,,0,0,0,Helius verified first buyer,2026-08-20 04:55:24
AeRyNDFKZCra7B68Zpd2eDyVmijyNRq7Hs4gYrW6Qvf3,,,1787114946,0.0,0.0,0.0,0,0,0,0.0,0.0,1.0,0.0,,,0,0,0,Helius verified first buyer,2026-08-20 04:55:25
8onxzPhFeCTkwELU1d4Y3qaT4VXVNZ1zrTYtevqkPKse,,,1787114946,0.0,0.0,0.0,0,0,0,0.0,0.0,1.0,0.0,,,0,0,0,Helius verified first buyer,2026-08-20 04:55:25
FALMyY4KdHXYdi6A78z7ysFJfP2MXXcFMB2At2fPywES,,,1787114947,0.0,0.0,0.0,0,0,0,0.0,0.0,1.0,0.3,,,0,0,0,Helius verified first buyer,2026-08-20 05:07:55
GvbttFjLD6yprE6n94PnKWycg2mGvkoQybvhsAu7Gm6B,,,1787114947,0.0,0.0,0.0,0,0,0,0.0,0.0,1.0,0.0,,,0,0,0,Helius verified first buyer,2026-08-20 04:55:28
9SXmahcYzTpTvAsMKFjqgJM5xNyBBvWnsEGriDNc32rr,,,1787114948,0.0,0.0,0.0,0,0,0,0.0,0.0,1.0,0.0,,,0,0,0,Helius verified first buyer,2026-08-20 04:55:28
Bt2MZcEADNYvdQZWLEbLH8cVeXKaya6xEqMBchartdmz,,,1787114949,0.0,0.0,0.0,0,0,0,0.0,0.0,1.0,0.0,,,0,0,0,Helius verified first buyer,2026-08-20 04:58:08
GKSJFuQ4hzg3TwvfpZB3d8ZqJZtHic9yMmPre694KYnJ,,,1787114949,0.0,0.0,0.0,0,0,0,0.0,0.0,1.0,0.0,,,0,0,0,Helius verified first buyer,2026-08-20 04:55:29
86raAWbjQnCnnQ8WzDSUFa44sDxrDKzz394sRZ3dJQ4t,,,1787114949,0.0,0.0,0.0,0,0,0,0.0,0.0,1.0,0.0,,,0,0,0,Helius verified first buyer,2026-08-20 04:55:30
FmyeTuJgW6Z2TvSqsVGXKRmGVPzo3b8R35dFbtYwRkm,,,1787114950,0.0,0.0,0.0,0,0,0,0.0,0.0,1.0,0.0,,,0,0,0,Helius verified first buyer,2026-08-20 04:55:31
2GFDWMxiWi84einPaVM9j9vLe6WHuFEXxm9NPioWemVs,,,1787114952,0.0,0.0,0.0,0,0,0,0.0,0.0,1.0,0.0,,,0,0,0,Helius verified first buyer,2026-08-20 04:55:32
8Ww23oonoaD2CUUFaUcxP73CM2jHK1Gk8SV4ZbuT73CX,,,1787114952,0.0,0.0,0.0,0,0,0,0.0,0.0,1.0,0.0,,,0,0,0,Helius verified first buyer,2026-08-20 04:55:47
CWP1rCayQtJpg46odSk53TEp3cqnWGgM9nYdikp1E4rc,,,1787114952,0.0,0.0,0.0,0,0,0,0.0,0.0,1.0,0.0,,,0,0,0,Helius verified first buyer,2026-08-20 04:55:33
5unjh58N6V1qZGMzFjugAaYrzCkt9X1BAj5ftzeZDdcn,,,1787114954,0.0,0.0,0.0,0,0,0,0.0,0.0,1.0,0.0,,,0,0,0,Helius verified first buyer,2026-08-20 04:55:34
GQzugiBcJV8U71yqpKcXW2LjUrXAiJcPzbHcu3QJSet8,,,1787114954,0.0,0.0,0.0,0,0,0,0.0,0.0,1.0,0.0,,,0,0,0,Helius verified first buyer,2026-08-20 04:55:35
EcMv9RHNPazUKPAz8kcMxyXqhz33vKA2xXWGBU6FrpZd,,,1787114956,0.0,0.0,0.0,0,0,0,0.0,0.0,1.0,0.0,,,0,0,0,Helius verified first buyer,2026-08-20 04:55:35
3wDbhsnafdcM4YRbdoDNLRZA7djsd82DrwS5HyuW33hL,,,1787114956,0.0,0.0,0.0,0,0,0,0.0,0.0,1.0,0.0,,,0,0,0,Helius verified first buyer,2026-08-20 04:55:36
58kNCMaYwfvpJ74bNByab9KWcU8Q2GN9VNgKFij79rKs,,,1787114956,0.0,0.0,0.0,0,0,0,0.0,0.0,1.0,0.0,,,0,0,0,Helius verified first buyer,2026-08-20 04:55:36
EZ4VJRxqAe4JKQEZTZUn7q4RLQ12DNZmABvTiz7wroUJ,,,1787114956,0.0,0.0,0.0,0,0,0,0.0,0.0,1.0,0.0,,,0,0,0,Helius verified first buyer,2026-08-20 04:56:40
Gd3K53hNyfXsocktJAgQTHBYwdEMPwqzULyQtLWA582U,,,1787114957,0.0,0.0,0.0,0,0,0,0.0,0.0,1.0,0.0,,,0,0,0,Helius verified first buyer,2026-08-20 04:55:39
Lf9ce17TCM3EWFYZhWnvSLo6SMPusuWZrvjFdp5qzLf,,,1787114957,0.0,0.0,0.0,0,0,0,0.0,0.0,1.0,0.0,,,0,0,0,Helius verified first buyer,2026-08-20 04:55:40
EuHtYdrroU8Vs6ZKm294FSZQRcjrxAtir7m7pgokwfL3,,,1787114958,0.0,0.0,0.0,0,0,0,0.0,0.0,1.0,0.0,,,0,0,0,Helius verified first buyer,2026-08-20 04:55:40
73EjVveysw2vcs4wjdx9W8g3DBuSAnzJ5XndXkrP9VUy,,,1787114958,0.0,0.0,0.0,0,0,0,0.0,0.0,1.0,0.0,,,0,0,0,Helius verified first buyer,2026-08-20 04:55:41
JE1siL4ufRdnB4esFTvTnBtpFEft176G8Xv6waYeK7yC,,,1787114958,0.0,0.0,0.0,0,0,0,0.0,0.0,1.0,0.0,,,0,0,0,Helius verified first buyer,2026-08-20 04:55:42
7gWDYEPuQseM33quVpqm6zZGZyKTT65x2MeyVwRGwvUt,,,1787114958,0.0,0.0,0.0,0,0,0,0.0,0.0,1.0,0.0,,,0,0,0,Helius verified first buyer,2026-08-20 04:55:43
972LmyhB8FZ1pMQYQ3uaTMFNdkZ2SAgRRNuGufYkgHJ6,,,1787114959,0.0,0.0,0.0,0,0,0,0.0,0.0,1.0,0.0,,,0,0,0,Helius verified first buyer,2026-08-20 04:55:44
92eeKXspoWA4GUnqrSBtftdQ8aqg9GUfazyzXaKUL5D7,,,1787114960,0.0,0.0,0.0,0,0,0,0.0,0.0,1.0,0.0,,,0,0,0,Helius verified first buyer,2026-08-20 04:55:45
GKVvVwp7J7RCBD3ExXHPTGjnjjEBf4PGzSG6cHPuv7Z6,,,1787114961,0.0,0.0,0.0,0,0,0,0.0,0.0,1.0,0.0,,,0,0,0,Helius verified first buyer,2026-08-20 04:55:45
FuksXcZdAAdM8DsF1CLbd39BYriYeqxSDfGyH9hkXg6Y,,,1787114961,0.0,0.0,0.0,0,0,0,0.0,0.0,1.0,0.0,,,0,0,0,Helius verified first buyer,2026-08-20 04:57:29
Eqt7EjmPtyH7Xyan9sfasNqjz44zKXNYLy8i7R4M2SD4,,,1787114961,0.0,0.0,0.0,0,0,0,0.0,0.0,1.0,0.0,,,0,0,0,Helius verified first buyer,2026-08-20 04:56:58
DnorUw9ErXQQiGrke9sd3Lc6DMNQnSg4V9Fbmc6kjLfq,,,1787114961,0.0,0.0,0.0,0,0,0,0.0,0.0,1.0,0.0,,,0,0,0,Helius verified first buyer,2026-08-20 04:55:47
cRo9WLFgfDzwVs9j1vFNiY8DJin4tcTt2MVBbT5cHvb,,,1787114962,0.0,0.0,0.0,0,0,0,0.0,0.0,1.0,0.0,,,0,0,0,Helius verified first buyer,2026-08-20 04:55:48
9YK17XPAp8p64zhRaqaRK569MP8avayUDoeF2jiuUmjZ,,,1787114962,0.0,0.0,0.0,0,0,0,0.0,0.0,1.0,0.0,,,0,0,0,Helius verified first buyer,2026-08-20 04:55:49
5mk1ZHiGfRJFKh1WFbDkwYvcjQQmPKeGX6U3iEmDDWYd,,,1787114963,0.0,0.0,0.0,0,0,0,0.0,0.0,1.0,0.0,,,0,0,0,Helius verified first buyer,2026-08-20 04:55:50
4VdVe7bXDJ7v2BnXiiTEdo3Yv2gpM7RLuzXRp3UT378P,,,1787114964,0.0,0.0,0.0,0,0,0,0.0,0.0,1.0,0.0,,,0,0,0,Helius verified first buyer,2026-08-20 04:55:51
5trYMSyyY6dHTEQyBy5wMkACqomADMQygghoo4jEWav9,,,1787114964,0.0,0.0,0.0,0,0,0,0.0,0.0,1.0,0.0,,,0,0,0,Helius verified first buyer,2026-08-20 04:55:51
AWzGyHRzcYNYAyzQFAR9CKaGvzZQFjfhFc2eYjAApMAB,,,1787114964,0.0,0.0,0.0,0,0,0,0.0,0.0,1.0,0.0,,,0,0,0,Helius verified first buyer,2026-08-20 04:55:52
9pB7rkbRwPBrStkvtwZYWJM8NpVZg8wSRsT3xHmVjhFe,,,1787114965,0.0,0.0,0.0,0,0,0,0.0,0.0,1.0,0.0,,,0,0,0,Helius verified first buyer,2026-08-20 04:55:54
BkKUmm6D68gse38w2xQTjJCpCDW2oTBWZW7aB6BWjNXb,,,1787114966,0.0,0.0,0.0,0,0,0,0.0,0.0,1.0,0.0,,,0,0,0,Helius verified first buyer,2026-08-20 04:55:57
6dzVa8eL6qH7YrhM7kisVZuPPVX1hQTpR7sswLHwuTZi,,,1787114967,0.0,0.0,0.0,0,0,0,0.0,0.0,1.0,0.0,,,0,0,0,Helius verified first buyer,2026-08-20 04:55:57
8iYKDujTwiLXhtRdbBD8uxeDHdDp7q33kRib5HR1Y3pL,,,1787114967,0.0,0.0,0.0,0,0,0,0.0,0.0,1.0,0.0,,,0,0,0,Helius verified first buyer,2026-08-20 04:55:57
FsME7ErindvuJy7jYTkwYt5zAuQfaA9a5KaCEVXoSLLR,,,1787114967,0.0,0.0,0.0,0,0,0,0.0,0.0,1.0,0.0,,,0,0,0,Helius verified first buyer,2026-08-20 04:55:58
6R7RYMGRr8CVwpFVx65dqba8SybdjUT7hZJbcaned9dP,,,1787114968,0.0,0.0,0.0,0,0,0,0.0,0.0,1.0,0.3,,,0,0,0,Helius verified first buyer,2026-08-20 05:06:50
Hkom1QEe78HfmPR4dYxPh1Sk4nEJT2k74j7SjEsni7aP,,,1787114968,0.0,0.0,0.0,0,0,0,0.0,0.0,1.0,0.0,,,0,0,0,Helius verified first buyer,2026-08-20 04:56:00
J2ApkRza8do84tHB8PzcmUhWgu3XrLyPYMfTGCKLe7Yy,,,1787114968,0.0,0.0,0.0,0,0,0,0.0,0.0,1.0,0.0,,,0,0,0,Helius verified first buyer,2026-08-20 04:56:01
25SZaQXWrxDHyDvCRk3JtttYGBJ4fufku8mptVMRRZTu,,,1787114969,0.0,0.0,0.0,0,0,0,0.0,0.0,1.0,0.0,,,0,0,0,Helius verified first buyer,2026-08-20 04:56:14
FHS3R8DvRwNwoxaqUWVFjMhRKj2q3ZixLn3GCKviJTJ2,,,1787114969,0.0,0.0,0.0,0,0,0,0.0,0.0,1.0,0.0,,,0,0,0,Helius verified first buyer,2026-08-20 04:56:02
BrCzip8b2W4AxptwmJKaQUb2moFo5Q8WKe8JsAWKAVq4,,,1787114969,0.0,0.0,0.0,0,0,0,0.0,0.0,1.0,0.0,,,0,0,0,Helius verified first buyer,2026-08-20 04:56:02
5VaaGKpGXqxDgMXrcKeBSnp2K36jzFXQjBKFXPTiuAwA,,,1787114970,0.0,0.0,0.0,0,0,0,0.0,0.0,1.0,0.0,,,0,0,0,Helius verified first buyer,2026-08-20 04:56:04
mjizWi99sciuHDFeD4Yg9uUeUe6UTqHg8K9CSFhmhA1,,,1787114971,0.0,0.0,0.0,0,0,0,0.0,0.0,1.0,0.0,,,0,0,0,Helius verified first buyer,2026-08-20 04:56:05
5YowpJtqGseLJLZDwpon1X8iJn52Bb6H6XdcoutS2vkM,,,1787114971,0.0,0.0,0.0,0,0,0,0.0,0.0,1.0,0.0,,,0,0,0,Helius verified first buyer,2026-08-20 04:56:05
BMHuuVbjfqUThPE4yLbmaRnzSq3vXbvd7U3q1PRHMmW6,,,1787114973,0.0,0.0,0.0,0,0,0,0.0,0.0,1.0,0.0,,,0,0,0,Helius verified first buyer,2026-08-20 04:56:06
GhQq4teshSsDNmJQqr53gu5BDrnR7VJcVsNphvfdaqhC,,,1787114973,0.0,0.0,0.0,0,0,0,0.0,0.0,1.0,0.0,,,0,0,0,Helius verified first buyer,2026-08-20 04:56:07
6iY2ujJdubqZVkWUq5Rs8Ec9qdD4aCUhwJPZf4i1jjmo,,,1787114974,0.0,0.0,0.0,0,0,0,0.0,0.0,1.0,0.0,,,0,0,0,Helius verified first buyer,2026-08-20 04:56:08
7KsfSubRcDU4yMUra4BjqjNRzGE66YGTB779CGunZvsm,,,1787114977,0.0,0.0,0.0,0,0,0,0.0,0.0,1.0,0.0,,,0,0,0,Helius verified first buyer,2026-08-20 04:56:09
5mRwJ1q4Q9Zr1a56ZEKwu3TiWuZ1QxJVr72RmCc2Uq1n,,,1787114977,0.0,0.0,0.0,0,0,0,0.0,0.0,1.0,0.0,,,0,0,0,Helius verified first buyer,2026-08-20 04:56:10
ZEyvUA8WVKLguKdwFXyAvWHs8trZLAudMYWXw5gZgKK,,,1787114977,0.0,0.0,0.0,0,0,0,0.0,0.0,1.0,0.0,,,0,0,0,Helius verified first buyer,2026-08-20 04:56:10
CUWN1SR7QXpHrGonM4Zr5aHmwmBhYn4WajtKHEw7fFoA,,,1787114978,0.0,0.0,0.0,0,0,0,0.0,0.0,1.0,0.0,,,0,0,0,Helius verified first buyer,2026-08-20 04:56:11
8FYab3uy8NSzyywgvjGXXJuFYtmQ1mE88ve3uQLUsfcb,,,1787114978,0.0,0.0,0.0,0,0,0,0.0,0.0,1.0,0.0,,,0,0,0,Helius verified first buyer,2026-08-20 04:56:12
DD4Fqfz6gkAwkdZ4wpCNWfrhXcpLXeE9LaPK3qBj2DSE,,,1787114980,0.0,0.0,0.0,0,0,0,0.0,0.0,1.0,0.0,,,0,0,0,Helius verified first buyer,2026-08-20 04:56:12
9jdoCqotgDGAqL2rrwaesBQBGWRmnaQ8cFxBBcbfPkQ7,,,1787114980,0.0,0.0,0.0,0,0,0,0.0,0.0,1.0,0.0,,,0,0,0,Helius verified first buyer,2026-08-20 04:56:13
65XBze9NkN78zU3J2Sh8m5HCVNDq7ySV3sfADk7bVraH,,,1787114981,0.0,0.0,0.0,0,0,0,0.0,0.0,1.0,0.0,,,0,0,0,Helius verified first buyer,2026-08-20 04:56:14
5Ak4DWDjvGhFerGjWhLG8zFLzv8WENhuWHGpq3EnytEH,,,1787114987,0.0,0.0,0.0,0,0,0,0.0,0.0,1.0,0.0,,,0,0,0,Helius verified first buyer,2026-08-20 04:56:16
GHKzc5XZrE4USCZ31Qx3dN3kbW8fZbtPCSiEB82onm6B,,,1787114987,0.0,0.0,0.0,0,0,0,0.0,0.0,1.0,0.0,,,0,0,0,Helius verified first buyer,2026-08-20 04:56:16
HbgsX5LsjVmiEnRWNoRfKKDXCosXWr8iM8dLRXhXoxPb,,,1787114987,0.0,0.0,0.0,0,0,0,0.0,0.0,1.0,0.0,,,0,0,0,Helius verified first buyer,2026-08-20 04:56:16
21DngU86NkBUy96aHc4Fj6e5buVH4YJKHBUAmjUWSgQj,,,1787114988,0.0,0.0,0.0,0,0,0,0.0,0.0,1.0,0.0,,,0,0,0,Helius verified first buyer,2026-08-20 04:56:18
4bgRQkHx3bs3cnmzJPZMtMmvhjdXXo1TbXFBDEU6hCvs,,,1787114989,0.0,0.0,0.0,0,0,0,0.0,0.0,1.0,0.0,,,0,0,0,Helius verified first buyer,2026-08-20 04:57:38
8FUrHVKVib99dgHRGaMGdce4SEqwJkUgZG6jaULTszyd,,,1787114989,0.0,0.0,0.0,0,0,0,0.0,0.0,1.0,0.0,,,0,0,0,Helius verified first buyer,2026-08-20 04:56:18
HwNfJ9VZWtz4QPv2pYHSW3GRzP3KjgNR26Z6RFjzkxu7,,,1787114991,0.0,0.0,0.0,0,0,0,0.0,0.0,1.0,0.0,,,0,0,0,Helius verified first buyer,2026-08-20 04:56:19
38NbMvpFK7DbYctsAHGcioapNnYMWPCDFFS37b33pVDX,,,1787114991,0.0,0.0,0.0,0,0,0,0.0,0.0,1.0,0.0,,,0,0,0,Helius verified first buyer,2026-08-20 04:56:20
ELqHZXQCKFySrbvaGeoNBLaiQSm6W3pi1FnyXBmDfEGi,,,1787114992,0.0,0.0,0.0,0,0,0,0.0,0.0,1.0,0.0,,,0,0,0,Helius verified first buyer,2026-08-20 04:57:54
7q3qqMuf8rbs6qaaimjMHXiPpqnHvkrcx1TFKPCtFpZ1,,,1787114993,0.0,0.0,0.0,0,0,0,0.0,0.0,1.0,0.0,,,0,0,0,Helius verified first buyer,2026-08-20 04:56:22
Ay4a6WMJjtfpU9Q5SuNPv6N1LbTig1ovprJ2DYfYk5po,,,1787114993,0.0,0.0,0.0,0,0,0,0.0,0.0,1.0,0.0,,,0,0,0,Helius verified first buyer,2026-08-20 04:56:22
7BWU8mRKF68mSMuvr5LLD3Qec6vtjgj3UqHrnTfnwg5Z,,,1787114993,0.0,0.0,0.0,0,0,0,0.0,0.0,1.0,0.0,,,0,0,0,Helius verified first buyer,2026-08-20 04:56:23
J1tChBAj7T9tCjZ1MT27WxZRH4e7UFZjUXHzf41FpvJB,,,1787114994,0.0,0.0,0.0,0,0,0,0.0,0.0,1.0,0.0,,,0,0,0,Helius verified first buyer,2026-08-20 04:56:23
C4VC2yeHWbSFwUNQ9DPMzxNCfvgptAb6k2vLjo1zJTgV,,,1787114994,0.0,0.0,0.0,0,0,0,0.0,0.0,1.0,0.0,,,0,0,0,Helius verified first buyer,2026-08-20 04:58:06
J8oAzDxrLzih8ojRYTRKST92Nb66rG75MSHCQVqeLa5T,,,1787114995,0.0,0.0,0.0,0,0,0,0.0,0.0,1.0,0.0,,,0,0,0,Helius verified first buyer,2026-08-20 04:56:24
894Wb9eyWTrtSutaiYixpeemdUip6uEF8NqAeE1pQMvF,,,1787114995,0.0,0.0,0.0,0,0,0,0.0,0.0,1.0,0.0,,,0,0,0,Helius verified first buyer,2026-08-20 04:56:24
VvF1i3dhSskMoHMgQq9yqyCX5g7Mz7FefudFae8tp4Q,,,1787114995,0.0,0.0,0.0,0,0,0,0.0,0.0,1.0,0.0,,,0,0,0,Helius verified first buyer,2026-08-20 04:56:25
AHpKdUSPApmoD6pub1p8iSGZDq2eQmYnqbdUxFysZku1,,,1787114995,0.0,0.0,0.0,0,0,0,0.0,0.0,1.0,0.0,,,0,0,0,Helius verified first buyer,2026-08-20 04:56:25
7ikQUQTH9MwScz2MmzUV3h9Khyo7Ww12gc3tqqv8bcWM,,,1787114996,0.0,0.0,0.0,0,0,0,0.0,0.0,1.0,0.0,,,0,0,0,Helius verified first buyer,2026-08-20 04:56:25
6M8CMuCf5rEDSKdLrNdJG29Xfr7CmJT6DeJCkHaeTvnu,,,1787114996,0.0,0.0,0.0,0,0,0,0.0,0.0,1.0,0.0,,,0,0,0,Helius verified first buyer,2026-08-20 04:57:56
GWvGEFA8aBgPUSkRbQfp3UawnYGVnbanfnmSaZZ8nyqA,,,1787114996,0.0,0.0,0.0,0,0,0,0.0,0.0,1.0,0.0,,,0,0,0,Helius verified first buyer,2026-08-20 04:56:26
HweQxMGZtumENr12kAstT6XgZmTKtzrnQK1abjngQMY5,,,1787114997,0.0,0.0,0.0,0,0,0,0.0,0.0,1.0,0.0,,,0,0,0,Helius verified first buyer,2026-08-20 04:56:27
Gr3ofg7Ma7CRcRvCdUF5rofvcFWXwxgtNzHoAQ8qhqqu,,,1787114998,0.0,0.0,0.0,0,0,0,0.0,0.0,1.0,0.0,,,0,0,0,Helius verified first buyer,2026-08-20 04:56:28
Ff8QSzrsZXoY8syPjGF53vvpsN3dFNQwE5R26PztZWuX,,,1787114998,0.0,0.0,0.0,0,0,0,0.0,0.0,1.0,0.0,,,0,0,0,Helius verified first buyer,2026-08-20 04:56:28
GvAYXjFRzMKEYqK6dptfbpUJWqjJddrMux8xNePsMFYu,,,1787114999,0.0,0.0,0.0,0,0,0,0.0,0.0,1.0,0.0,,,0,0,0,Helius verified first buyer,2026-08-20 04:56:29
5EerhnLJj4zJPrDmuiPs3TqQPrKpYfgogYFzT71CMuJ4,,,1787115000,0.0,0.0,0.0,0,0,0,0.0,0.0,1.0,0.0,,,0,0,0,Helius verified first buyer,2026-08-20 04:56:29
HnUsi9LQWzfLvZbdew78DwYw7PU6ZcpzCfAEKJMPtJRT,,,1787115001,0.0,0.0,0.0,0,0,0,0.0,0.0,1.0,0.0,,,0,0,0,Helius verified first buyer,2026-08-20 04:58:00
9D634r74T2rQ26vCTHg3uRWvAd3r7rHJ1N6C5FFnwCfw,,,1787115001,0.0,0.0,0.0,0,0,0,0.0,0.0,1.0,0.0,,,0,0,0,Helius verified first buyer,2026-08-20 04:56:30
7FD4PYE5aRbsmqHL7NKEk2EsotBj4seYWetBUCp9EbFs,,,1787115002,0.0,0.0,0.0,0,0,0,0.0,0.0,1.0,0.0,,,0,0,0,Helius verified first buyer,2026-08-20 04:56:31
5hrJadR38SJu3AzoRu9Bgk2n6C9a8F7REXPrat1zXxwY,,,1787115002,0.0,0.0,0.0,0,0,0,0.0,0.0,1.0,0.0,,,0,0,0,Helius verified first buyer,2026-08-20 04:56:31
3FcWBMWkHD9gZ6STZzr6eAtAvddjgnGqiRXhHE3qGR93,,,1787115002,0.0,0.0,0.0,0,0,0,0.0,0.0,1.0,0.0,,,0,0,0,Helius verified first buyer,2026-08-20 04:56:31
AWgGhyTyMUW7KkL93S8C5ZsLgasBDZYPXAShmBvQCMJn,,,1787115003,0.0,0.0,0.0,0,0,0,0.0,0.0,1.0,0.0,,,0,0,0,Helius verified first buyer,2026-08-20 04:56:32
Fgd6pajF6G2BamBhHXtjmzRRb8Fmeskg6vZWLdcMMhtY,,,1787115003,0.0,0.0,0.0,0,0,0,0.0,0.0,1.0,0.0,,,0,0,0,Helius verified first buyer,2026-08-20 04:56:32
ARzBS4zTZP16wxiV1p8aj2w1xaW3Bqb5JjhNjUJMHX1D,,,1787115004,0.0,0.0,0.0,0,0,0,0.0,0.0,1.0,0.0,,,0,0,0,Helius verified first buyer,2026-08-20 04:58:05
BmDin74btKFS6yz6af1dWvtA1epfs3uoE5cqALAUfnmg,,,1787115006,0.0,0.0,0.0,0,0,0,0.0,0.0,1.0,0.0,,,0,0,0,Helius verified first buyer,2026-08-20 04:56:34
9VG2exapJ55nsZT9Qkf1e3FzQAmGfRzkNVRNyuc52mjQ,,,1787115006,0.0,0.0,0.0,0,0,0,0.0,0.0,1.0,0.0,,,0,0,0,Helius verified first buyer,2026-08-20 04:56:35
9zrY43AvHbzsRCHPdNZS8L2YGNbuTSUqTPubxvZxjLRY,,,1787115006,0.0,0.0,0.0,0,0,0,0.0,0.0,1.0,0.0,,,0,0,0,Helius verified first buyer,2026-08-20 04:56:35
FHkVRoYRCzqEcqCBcnC3tP2EzU2WY6gAbiPuyUH4D7J2,,,1787115007,0.0,0.0,0.0,0,0,0,0.0,0.0,1.0,0.0,,,0,0,0,Helius verified first buyer,2026-08-20 04:56:35
GhR7xu5eEJyXz1rGEckrUHnBCURaW2Y1Ka7iwb9Z1DyH,,,1787115009,0.0,0.0,0.0,0,0,0,0.0,0.0,1.0,0.0,,,0,0,0,Helius verified first buyer,2026-08-20 04:56:36
EdDnstqRHny7L1HZWVMRdMrcJ2NyevMNTJB2feWn9CQA,,,1787115009,0.0,0.0,0.0,0,0,0,0.0,0.0,1.0,0.0,,,0,0,0,Helius verified first buyer,2026-08-20 04:56:36
2EdQwTzdcvwgEfYywh2H937Dbk7EjeGBNDAfng26dXY3,,,1787115011,0.0,0.0,0.0,0,0,0,0.0,0.0,1.0,0.0,,,0,0,0,Helius verified first buyer,2026-08-20 04:56:37
9R52fnsC1RgfsFqdnZq81LN77TChqs9VXa285pmr3YJd,,,1787115012,0.0,0.0,0.0,0,0,0,0.0,0.0,1.0,0.0,,,0,0,0,Helius verified first buyer,2026-08-20 04:56:37
TGRuVB7Z5RBHuqWr6D38oo1FHJ9TsmFASJaz2SLVoJU,,,1787115013,0.0,0.0,0.0,0,0,0,0.0,0.0,1.0,0.0,,,0,0,0,Helius verified first buyer,2026-08-20 04:56:37
9ZKUkSvUFvwe8FsyNXnigszJbq1wffE68Ku4X8EMDASY,,,1787115014,0.0,0.0,0.0,0,0,0,0.0,0.0,1.0,0.0,,,0,0,0,Helius verified first buyer,2026-08-20 04:56:38
EdSdTHSAtdZcDGbz2McEfsijobiGmsfr8dzkQ1pASJPd,,,1787115015,0.0,0.0,0.0,0,0,0,0.0,0.0,1.0,0.0,,,0,0,0,Helius verified first buyer,2026-08-20 04:56:40
2rJPhMvv8ByQHE9rpNVqUohPR4bnWEPzHPmN2QQKs8W5,,,1787115016,0.0,0.0,0.0,0,0,0,0.0,0.0,1.0,0.0,,,0,0,0,Helius verified first buyer,2026-08-20 04:56:40
EEcCztYL2icV5vk7azcupCB1q5pZCqjyDBoZX6pgHFB4,,,1787115016,0.0,0.0,0.0,0,0,0,0.0,0.0,1.0,0.0,,,0,0,0,Helius verified first buyer,2026-08-20 04:56:41
B5a1axmyzaKFLNaDsA3cfCEyqJPh2T46Dm7exHbuYgBn,,,1787115016,0.0,0.0,0.0,0,0,0,0.0,0.0,1.0,0.0,,,0,0,0,Helius verified first buyer,2026-08-20 04:56:41
HjULAaENPNJRUBcyMuPmMeQxGYysq9ymXHYRZMRRJPLJ,,,1787115017,0.0,0.0,0.0,0,0,0,0.0,0.0,1.0,0.0,,,0,0,0,Helius verified first buyer,2026-08-20 04:56:42
8vT5yUoXjQbQoLUjjVw25JRJgT3RiAHipe51wkALdyif,,,1787115018,0.0,0.0,0.0,0,0,0,0.0,0.0,1.0,0.0,,,0,0,0,Helius verified first buyer,2026-08-20 04:56:43
ARUfNmBpaNTNXVxKSNu6BwBa2smXMj4nYKXnWtf5zgpE,,,1787115019,0.0,0.0,0.0,0,0,0,0.0,0.0,1.0,0.0,,,0,0,0,Helius verified first buyer,2026-08-20 04:56:43
7h26TLdpRAm8DrBcA1mqdA5h2ey6yTHUPUB6NnZeqCVn,,,1787115019,0.0,0.0,0.0,0,0,0,0.0,0.0,1.0,0.0,,,0,0,0,Helius verified first buyer,2026-08-20 04:56:43
9mkiMtcZ5RGwyo7nNV66Uu1sGnNkNhmbMs8ztifgKch7,,,1787115019,0.0,0.0,0.0,0,0,0,0.0,0.0,1.0,0.0,,,0,0,0,Helius verified first buyer,2026-08-20 04:56:44
2jfiNkfkYz2dtBFMQBY6W4YgsqjAeEJJpV6uVr9qLBZH,,,1787115023,0.0,0.0,0.0,0,0,0,0.0,0.0,1.0,0.0,,,0,0,0,Helius verified first buyer,2026-08-20 04:56:46
DaVSsZ1xrqpHzeK1Uc1mM4sLZrxeG1CR6LzgDiNsscwL,,,1787115023,0.0,0.0,0.0,0,0,0,0.0,0.0,1.0,0.0,,,0,0,0,Helius verified first buyer,2026-08-20 04:56:46
SFP5BWJhGGv11uapUL76hPiRKtdQc8gTd3QomW7kQ2i,,,1787115025,0.0,0.0,0.0,0,0,0,0.0,0.0,1.0,0.0,,,0,0,0,Helius verified first buyer,2026-08-20 04:56:48
33vYGn1kt4kQV36eNruyVauyLZgqrVzpgTeQ6XqoQxAH,,,1787115025,0.0,0.0,0.0,0,0,0,0.0,0.0,1.0,0.0,,,0,0,0,Helius verified first buyer,2026-08-20 04:56:49
5Dnc7KVgvGFat1PJtaoKG3qsmaNr1ceT4YbRYEoZLWs4,,,1787115025,0.0,0.0,0.0,0,0,0,0.0,0.0,1.0,0.0,,,0,0,0,Helius verified first buyer,2026-08-20 04:56:49
GFt7qpCS8AVUB9Fptus8pCVfT9Uj6r9fVw18JsMjZX9o,,,1787115025,0.0,0.0,0.0,0,0,0,0.0,0.0,1.0,0.0,,,0,0,0,Helius verified first buyer,2026-08-20 04:56:50
Dg5wpYGP8FNjjzzRJpkZhjTgDLjAaRWP56yxrDTMNg9k,,,1787115025,0.0,0.0,0.0,0,0,0,0.0,0.0,1.0,0.0,,,0,0,0,Helius verified first buyer,2026-08-20 04:56:50
6wnpaNTYErvsnZx7ZcTWU4Yctp4u9cfu5vKv8KsPPfFm,,,1787115025,0.0,0.0,0.0,0,0,0,0.0,0.0,1.0,0.0,,,0,0,0,Helius verified first buyer,2026-08-20 04:56:50
6NTTawFHaEWzBRKhFMVJKbuLLvz8dX78etMmEjKSTVuy,,,1787115025,0.0,0.0,0.0,0,0,0,0.0,0.0,1.0,0.0,,,0,0,0,Helius verified first buyer,2026-08-20 04:56:51
3e84aRxKqPzP1zZbYEWDbRZtg2CCpXvqzEsWYNa2Zpjz,,,1787115025,0.0,0.0,0.0,0,0,0,0.0,0.0,1.0,0.0,,,0,0,0,Helius verified first buyer,2026-08-20 04:56:51
5SEGnqyxQHJsTewv5ev9jxEkzv8s2mFgFxco1XJy4mQH,,,1787115025,0.0,0.0,0.0,0,0,0,0.0,0.0,1.0,0.0,,,0,0,0,Helius verified first buyer,2026-08-20 04:56:52
6dZoQXfrg5AAA35SqpgFMSopScB8TZTQ36o48o4gXRJV,,,1787115025,0.0,0.0,0.0,0,0,0,0.0,0.0,1.0,0.0,,,0,0,0,Helius verified first buyer,2026-08-20 04:56:52
6vshxKmWitsL94i6CVrbZskbTVrVE3bMUSKPnZRTgfME,,,1787115026,0.0,0.0,0.0,0,0,0,0.0,0.0,1.0,0.0,,,0,0,0,Helius verified first buyer,2026-08-20 04:56:52
H1d45f6jYB2W21kovL9G4FKSnVzTtiRFJhsET5RuETNW,,,1787115027,0.0,0.0,0.0,0,0,0,0.0,0.0,1.0,0.0,,,0,0,0,Helius verified first buyer,2026-08-20 04:56:52
3toi81KkoMQCqW39RQ9A5N8QWidYQYubXhRmC6oYKR5Z,,,1787115027,0.0,0.0,0.0,0,0,0,0.0,0.0,1.0,0.0,,,0,0,0,Helius verified first buyer,2026-08-20 04:56:53
At9Vi6pHBWmpC1CoLXg7C4DsFDXsi9T8fFszjCYw3NJu,,,1787115028,0.0,0.0,0.0,0,0,0,0.0,0.0,1.0,0.0,,,0,0,0,Helius verified first buyer,2026-08-20 04:56:54
GFRZepjv3jDsPAB9GJ6cv2MJMuvxaF9xUi8JddueGpf8,,,1787115028,0.0,0.0,0.0,0,0,0,0.0,0.0,1.0,0.0,,,0,0,0,Helius verified first buyer,2026-08-20 04:56:54
3gJNtw5oD3RAuDhR1NnN9mgQNQQnJG4zsYcVRpL3DRGL,,,1787115029,0.0,0.0,0.0,0,0,0,0.0,0.0,1.0,0.0,,,0,0,0,Helius verified first buyer,2026-08-20 04:56:55
J5BvSeYaxDP8Me9C6TpoUpT1iR6mkGXSEXmkq4cUuMDx,,,1787115029,0.0,0.0,0.0,0,0,0,0.0,0.0,1.0,0.0,,,0,0,0,Helius verified first buyer,2026-08-20 04:56:55
AoB6h5cuLvimmjPMkXoYQNrDWwv5qgBfvdXxbgiXT1tu,,,1787115030,0.0,0.0,0.0,0,0,0,0.0,0.0,1.0,0.0,,,0,0,0,Helius verified first buyer,2026-08-20 04:56:56
77Y8Y8sMA4gyjjpXX53fXvxUzqe7Ndeex75wPECDXKiX,,,1787115030,0.0,0.0,0.0,0,0,0,0.0,0.0,1.0,0.0,,,0,0,0,Helius verified first buyer,2026-08-20 04:56:56
7Q19YPqfvzXmm3rt2VpDMzfTGQEv8A397Yyum4Rk7Y1H,,,1787115031,0.0,0.0,0.0,0,0,0,0.0,0.0,1.0,0.0,,,0,0,0,Helius verified first buyer,2026-08-20 04:56:57
3ZhuDzbpSVTkpH5NEfVVnKFtLhGZHHAy1pb5Ckke14RH,,,1787115032,0.0,0.0,0.0,0,0,0,0.0,0.0,1.0,0.0,,,0,0,0,Helius verified first buyer,2026-08-20 04:56:57
Dj9two1HaPCj4sp5z2aRaQirK3yF14FaYb8VNYXo94bw,,,1787115034,0.0,0.0,0.0,0,0,0,0.0,0.0,1.0,0.0,,,0,0,0,Helius verified first buyer,2026-08-20 04:57:02
4R6RRfFRAGJ1rc3ZuJWzUemKgxPQ9yHwtTNthNo9f82W,,,1787115035,0.0,0.0,0.0,0,0,0,0.0,0.0,1.0,0.0,,,0,0,0,Helius verified first buyer,2026-08-20 04:57:52
13mAangbi5N4H9i87kK5Qn321YvXSxrsdGAXu4kJfpCY,,,1787115035,0.0,0.0,0.0,0,0,0,0.0,0.0,1.0,0.0,,,0,0,0,Helius verified first buyer,2026-08-20 04:57:03
C1GG5GAqXrTy4QgNNWia775p2qFyZqqWjqDgymYBjNMk,,,1787115035,0.0,0.0,0.0,0,0,0,0.0,0.0,1.0,0.0,,,0,0,0,Helius verified first buyer,2026-08-20 04:57:48
HfCNHbSc3rBFuoZuRVU1Z9E1aWtF6AbwNtCvwesD61kg,,,1787115036,0.0,0.0,0.0,0,0,0,0.0,0.0,1.0,0.0,,,0,0,0,Helius verified first buyer,2026-08-20 04:57:04
6J1qQjUQj5uXYjEKvcGvd6mG8mFxgdjqEsYLcaF9hu1q,,,1787115036,0.0,0.0,0.0,0,0,0,0.0,0.0,1.0,0.0,,,0,0,0,Helius verified first buyer,2026-08-20 04:57:05
6Rz6rHUCZKa2115sJddqKNUa2y2GBcMXLAyb3TxruxBi,,,1787115037,0.0,0.0,0.0,0,0,0,0.0,0.0,1.0,0.0,,,0,0,0,Helius verified first buyer,2026-08-20 04:57:07
DiBhmFfmNNrwr7DAn1N6BJUgqsnKayHiWWCpchSZz7bT,,,1787115037,0.0,0.0,0.0,0,0,0,0.0,0.0,1.0,0.0,,,0,0,0,Helius verified first buyer,2026-08-20 04:57:07
J9ohoLmjrWvT4p7Wm3UvcpuDZNJMetYtGnWcvU6qSwyc,,,1787115038,0.0,0.0,0.0,0,0,0,0.0,0.0,1.0,0.0,,,0,0,0,Helius verified first buyer,2026-08-20 04:57:08
Gi4uU3S3QPgqLDP7QyhhSkpFCivWWQYRCZD48ivt5MXh,,,1787115039,0.0,0.0,0.0,0,0,0,0.0,0.0,1.0,0.0,,,0,0,0,Helius verified first buyer,2026-08-20 04:57:09
3ypArNcQ45GadY7bKLBSoGTqkCyFR38hJbhquPmFHcYK,,,1787115040,0.0,0.0,0.0,0,0,0,0.0,0.0,1.0,0.0,,,0,0,0,Helius verified first buyer,2026-08-20 04:57:09
AHvdkLFMUeUPt4GusUoSxWsMXsSD74WASaCLMNL76p5B,,,1787115040,0.0,0.0,0.0,0,0,0,0.0,0.0,1.0,0.0,,,0,0,0,Helius verified first buyer,2026-08-20 04:57:11
ArkNE7AbHR7EpP14ndC6Gg5GJUKQaHFUirDBTZrbCwJs,,,1787115041,0.0,0.0,0.0,0,0,0,0.0,0.0,1.0,0.0,,,0,0,0,Helius verified first buyer,2026-08-20 04:57:12
7bPNWMHdC9yqUTskpYUivUikwTbm4D5KPt1vJxK9fJD6,,,1787115042,0.0,0.0,0.0,0,0,0,0.0,0.0,1.0,0.0,,,0,0,0,Helius verified first buyer,2026-08-20 04:57:13
7BQofs9vbzkPf29nDL9K5Tn6SrJZY6KSUp5FVU6yqyuX,,,1787115043,0.0,0.0,0.0,0,0,0,0.0,0.0,1.0,0.0,,,0,0,0,Helius verified first buyer,2026-08-20 04:57:14
5hsgaNzovd3evi8zB3Ba7fy45tcBsvAKZEByfMvfyy1r,,,1787115043,0.0,0.0,0.0,0,0,0,0.0,0.0,1.0,0.0,,,0,0,0,Helius verified first buyer,2026-08-20 04:57:14
3GBy669JfapCBxfDj2EYCsHbxqYRqcvc8j3LarH78rCE,,,1787115043,0.0,0.0,0.0,0,0,0,0.0,0.0,1.0,0.0,,,0,0,0,Helius verified first buyer,2026-08-20 04:57:15
2tn5HeHF3gMEGaxAzY27uwM4wKtjVoHgNSxFLR9UpP2j,,,1787115045,0.0,0.0,0.0,0,0,0,0.0,0.0,1.0,0.0,,,0,0,0,Helius verified first buyer,2026-08-20 04:57:15
7kYkM5Bu6GAMbw3GtrkWr6EeiJfousH89C4H5fSJezvc,,,1787115047,0.0,0.0,0.0,0,0,0,0.0,0.0,1.0,0.0,,,0,0,0,Helius verified first buyer,2026-08-20 04:57:16
AMjHaXVa7tP6fpmPEc45i2JXPLsNQtspx6s2CEbNyDf3,,,1787115048,0.0,0.0,0.0,0,0,0,0.0,0.0,1.0,0.0,,,0,0,0,Helius verified first buyer,2026-08-20 04:57:16
3k9yC4qaZGnAX65a8YFPa3LYedH35ifVJx841sKS8o5v,,,1787115050,0.0,0.0,0.0,0,0,0,0.0,0.0,1.0,0.0,,,0,0,0,Helius verified first buyer,2026-08-20 04:57:17
2ycP7TtTFMmP1fWmJxQyaesvGi3tjfKHcPabPTTHYKWg,,,1787115050,0.0,0.0,0.0,0,0,0,0.0,0.0,1.0,0.0,,,0,0,0,Helius verified first buyer,2026-08-20 04:57:18
HwqFsETZ1pwVzS1ZmAAXVRokiPjfyRywR9JitVSBHn9W,,,1787115050,0.0,0.0,0.0,0,0,0,0.0,0.0,1.0,0.0,,,0,0,0,Helius verified first buyer,2026-08-20 04:57:18
BwpCQ8TpVGcTng21qogfUWg1cxAqqujmM4kyLZH6xrd4,,,1787115053,0.0,0.0,0.0,0,0,0,0.0,0.0,1.0,0.0,,,0,0,0,Helius verified first buyer,2026-08-20 04:57:19
GSbgJn7NKHqK5m6LCCctFaB7KkyqfDbQomppv8KEbzib,,,1787115057,0.0,0.0,0.0,0,0,0,0.0,0.0,1.0,0.0,,,0,0,0,Helius verified first buyer,2026-08-20 04:57:21
DaKSn9Vy7pbnwuTkW1LNsd5hXskjWbjNVuXjGpNsQCLb,,,1787115057,0.0,0.0,0.0,0,0,0,0.0,0.0,1.0,0.0,,,0,0,0,Helius verified first buyer,2026-08-20 04:57:21
3kaskGCR1hucFFHUHc8XCHuN1Kzs9LBnYe6JfaWuMG1e,,,1787115057,0.0,0.0,0.0,0,0,0,0.0,0.0,1.0,0.0,,,0,0,0,Helius verified first buyer,2026-08-20 04:57:21
A6Vp2TbnZrjYHuV1727AFk2Rws7Qutp2HFTHWQRV5crC,,,1787115057,0.0,0.0,0.0,0,0,0,0.0,0.0,1.0,0.0,,,0,0,0,Helius verified first buyer,2026-08-20 04:57:23
AxBuoiMzPy7Hqp7nJ2kmJWAhYVKkhJx8PjsRRJCZ7wAs,,,1787115059,0.0,0.0,0.0,0,0,0,0.0,0.0,1.0,0.0,,,0,0,0,Helius verified first buyer,2026-08-20 04:57:23
BRtMjSqKXRrTdXLNkvVw16F9NEJYXnXFB4EqgDhKmS74,,,1787115059,0.0,0.0,0.0,0,0,0,0.0,0.0,1.0,0.0,,,0,0,0,Helius verified first buyer,2026-08-20 04:57:23
7CiB9FCECRV4gC93Vaxfi283zqZhg9dtN3GMXjxKdpFM,,,1787115059,0.0,0.0,0.0,0,0,0,0.0,0.0,1.0,0.0,,,0,0,0,Helius verified first buyer,2026-08-20 04:57:24
AJUrGiwSHFyasL4Bpf7RwseFrwxNcvkoAwL9eubVpL8T,,,1787115060,0.0,0.0,0.0,0,0,0,0.0,0.0,1.0,0.0,,,0,0,0,Helius verified first buyer,2026-08-20 04:57:24
BaRwefRVoXc9EKEewBJdmYiso14EF1iiwydL2F4pCdiv,,,1787115060,0.0,0.0,0.0,0,0,0,0.0,0.0,1.0,0.0,,,0,0,0,Helius verified first buyer,2026-08-20 04:58:15
E9Hcc4CAzEpQ4wviS23wnorPwr7Z7pw11YSNkxzsV6Sb,,,1787115061,0.0,0.0,0.0,0,0,0,0.0,0.0,1.0,0.0,,,0,0,0,Helius verified first buyer,2026-08-20 04:57:25
Cb4WoFfT5FjSRZPGurbiKCw7xzRhtsJHptAFun7SpDuJ,,,1787115066,0.0,0.0,0.0,0,0,0,0.0,0.0,1.0,0.0,,,0,0,0,Helius verified first buyer,2026-08-20 04:57:31
ACCXC9w1Q1e9VhgrvtZWzeSS78UakKFgEDmAQ7jhqH43,,,1787115070,0.0,0.0,0.0,0,0,0,0.0,0.0,1.0,0.0,,,0,0,0,Helius verified first buyer,2026-08-20 04:57:39
ApgkoTNpy9cpWWz8o11oXqY5YHieLvd8jR2evZrBdq37,,,1787115072,0.0,0.0,0.0,0,0,0,0.0,0.0,1.0,0.0,,,0,0,0,Helius verified first buyer,2026-08-20 04:57:34
B1iWjGQYwpRJarjBmm47pU38VPiF6gyDgqF3E5weaLdE,,,1787115075,0.0,0.0,0.0,0,0,0,0.0,0.0,1.0,0.0,,,0,0,0,Helius verified first buyer,2026-08-20 04:57:35
Cgj1fCntUQKHiehSJN62poCmb9nkm4jQSh1pYGnFUCXz,,,1787115078,0.0,0.0,0.0,0,0,0,0.0,0.0,1.0,0.0,,,0,0,0,Helius verified first buyer,2026-08-20 04:57:35
FdiKvfBe95fW1jg9V1MJSY1D9dnJhqa3v6fwXRZDFdYj,,,1787115083,0.0,0.0,0.0,0,0,0,0.0,0.0,1.0,0.0,,,0,0,0,Helius verified first buyer,2026-08-20 04:57:36
Ebp2HhvUrTvUnmTTdP1Fos5taiZeL3Yu6mNEW4AqZgQ4,,,1787115084,0.0,0.0,0.0,0,0,0,0.0,0.0,1.0,0.0,,,0,0,0,Helius verified first buyer,2026-08-20 04:57:37
H1rmgekGbT2JXHFiVxRkKzb8KqAezFL5GJHacsy7dQuK,,,1787115084,0.0,0.0,0.0,0,0,0,0.0,0.0,1.0,0.0,,,0,0,0,Helius verified first buyer,2026-08-20 04:57:37
AzcEpqLFK6CVYaXJcrtWjKV9CnxdPRRnvY9Pr4acLYKs,,,1787115086,0.0,0.0,0.0,0,0,0,0.0,0.0,1.0,0.0,,,0,0,0,Helius verified first buyer,2026-08-20 04:57:38
9JVcnRLxoMxZKNDRzoCBkjevYZN6P6TjUX3CsHTWUytp,,,1787115086,0.0,0.0,0.0,0,0,0,0.0,0.0,1.0,0.0,,,0,0,0,Helius verified first buyer,2026-08-20 04:57:39
4h8dr6oUEtx8LVVLRGKKPxaCbuSa1dMaU8BjQtdY8acj,,,1787115087,0.0,0.0,0.0,0,0,0,0.0,0.0,1.0,0.0,,,0,0,0,Helius verified first buyer,2026-08-20 04:58:08
Fiwf18Z1121bYKqYNw5WjHGK2AxmTSXGiuJoijX4ojdv,,,1787115087,0.0,0.0,0.0,0,0,0,0.0,0.0,1.0,0.0,,,0,0,0,Helius verified first buyer,2026-08-20 04:57:40
2mxuVKuPu8YsFeZ1tiXSVwHLbbYSkB54oMGqMCDvk4At,,,1787115089,0.0,0.0,0.0,0,0,0,0.0,0.0,1.0,0.0,,,0,0,0,Helius verified first buyer,2026-08-20 04:57:45
D7vkhe4ucB7daGQxWjZsDcxuBcXzdYQ2XY72jZU2aG2t,,,1787115089,0.0,0.0,0.0,0,0,0,0.0,0.0,1.0,0.0,,,0,0,0,Helius verified first buyer,2026-08-20 04:57:41
CBTiF7hiVQq9cpx8YF5N7J9LaczpoDQjS5wEMy5RqQtL,,,1787115090,0.0,0.0,0.0,0,0,0,0.0,0.0,1.0,0.0,,,0,0,0,Helius verified first buyer,2026-08-20 04:57:41
ExceEoLqozJZm9h5f5fAVX8e3GMFkww4e8utjZWA7ox8,,,1787115092,0.0,0.0,0.0,0,0,0,0.0,0.0,1.0,0.0,,,0,0,0,Helius verified first buyer,2026-08-20 04:57:44
7CeXUZVgBpZjWW5WGP8L5ZjLXA48aaGpgAyXNEMe6UP4,,,1787115092,0.0,0.0,0.0,0,0,0,0.0,0.0,1.0,0.0,,,0,0,0,Helius verified first buyer,2026-08-20 04:57:44
CL3HUmLVMe7x4uctfNp2mQEE6WXymtpUPCYtg3z28wWL,,,1787115093,0.0,0.0,0.0,0,0,0,0.0,0.0,1.0,0.0,,,0,0,0,Helius verified first buyer,2026-08-20 04:57:45
8Nz5gxgkk87TcijJCXJEbnNdtinSBCerTEnnniHmRxwj,,,1787115094,0.0,0.0,0.0,0,0,0,0.0,0.0,1.0,0.0,,,0,0,0,Helius verified first buyer,2026-08-20 04:57:46
Ez3KRZYNgjZx3JBPGSVJoB4vbuSiARUZBUEdefqe5RAb,,,1787115095,0.0,0.0,0.0,0,0,0,0.0,0.0,1.0,0.0,,,0,0,0,Helius verified first buyer,2026-08-20 04:57:50
6V34VnBL6YtcupMg4gGh4nj7Zb73JVLLmbAcUBQJooKa,,,1787115097,0.0,0.0,0.0,0,0,0,0.0,0.0,1.0,0.0,,,0,0,0,Helius verified first buyer,2026-08-20 04:57:48
36RXGcBWGS1fnWZQbpDWDVDnjodLv78L2ibGiUK9uKgm,,,1787115097,0.0,0.0,0.0,0,0,0,0.0,0.0,1.0,0.0,,,0,0,0,Helius verified first buyer,2026-08-20 04:57:49
FDa1cv1BL5Mc4eN2bQdfnNbSSsJ72WEDski89JwQW8dT,,,1787115100,0.0,0.0,0.0,0,0,0,0.0,0.0,1.0,0.0,,,0,0,0,Helius verified first buyer,2026-08-20 04:57:52
RyRWnoWtkQ1eVmDE29HU9bgnEmG9kGVzCTebWFGLQAt,,,1787115101,0.0,0.0,0.0,0,0,0,0.0,0.0,1.0,0.0,,,0,0,0,Helius verified first buyer,2026-08-20 04:57:53
3gXgrAwkEqGx5JNk9PPtQpvhHqY1ce8tr5tS5PwNLXPP,,,1787115101,0.0,0.0,0.0,0,0,0,0.0,0.0,1.0,0.0,,,0,0,0,Helius verified first buyer,2026-08-20 04:57:56
2RRUxCEZbV5PArftArpRMLowqnVajdmAJRFaLZVs7fSG,,,1787115103,0.0,0.0,0.0,0,0,0,0.0,0.0,1.0,0.0,,,0,0,0,Helius verified first buyer,2026-08-20 04:57:55
5BTiqiSaYJ4Twthr7VUYoWG7a7FCsjSKqh7cefhPPUq3,,,1787115103,0.0,0.0,0.0,0,0,0,0.0,0.0,1.0,0.0,,,0,0,0,Helius verified first buyer,2026-08-20 04:58:12
BhaqET5qnUjLEfz7T7Ce7d5vn6sTNe8wByeYiFkMAZnG,,,1787115103,0.0,0.0,0.0,0,0,0,0.0,0.0,1.0,0.0,,,0,0,0,Helius verified first buyer,2026-08-20 04:57:56
EGuaJ1FmNbE3XgjEzwTGsPCkVpW5yg1oQRtBfKPpXAwv,,,1787115107,0.0,0.0,0.0,0,0,0,0.0,0.0,1.0,0.0,,,0,0,0,Helius verified first buyer,2026-08-20 04:58:01
iVRL5ggLVF6xYqM9qBF89nsn1M5qm8CarRpeN3CFY88,,,1787115107,0.0,0.0,0.0,0,0,0,0.0,0.0,1.0,0.0,,,0,0,0,Helius verified first buyer,2026-08-20 04:57:58
DDzPg6n3K8HMux7HeiHMcregCchzhatAexvZpHy6fiLj,,,1787115107,0.0,0.0,0.0,0,0,0,0.0,0.0,1.0,0.0,,,0,0,0,Helius verified first buyer,2026-08-20 04:57:58
3Xw9txEodpxAMPnX9TjS7K4MMKfTwGdsQMX3uvYx5M9G,,,1787115108,0.0,0.0,0.0,0,0,0,0.0,0.0,1.0,0.0,,,0,0,0,Helius verified first buyer,2026-08-20 04:57:59
EcWDbD9tSXWZ9Pdmcs33cqj7LaaEvQWDRuQCRXm593hX,,,1787115110,0.0,0.0,0.0,0,0,0,0.0,0.0,1.0,0.0,,,0,0,0,Helius verified first buyer,2026-08-20 04:58:00
F8YqJwDwuqnHX5AaZtu6dXFfABFq7s9K2pKoJ4cpVa2n,,,1787115112,0.0,0.0,0.0,0,0,0,0.0,0.0,1.0,0.0,,,0,0,0,Helius verified first buyer,2026-08-20 04:58:02
d9e7GowpyjaYghLd1X3YACpNU1X9usgTefY3wWPk6Ez,,,1787115112,0.0,0.0,0.0,0,0,0,0.0,0.0,1.0,0.0,,,0,0,0,Helius verified first buyer,2026-08-20 04:58:02
3etgXRnBzbrowwGsLFfpwN7LPcfeUNXLZSXpRKqHFfG9,,,1787115113,0.0,0.0,0.0,0,0,0,0.0,0.0,1.0,0.0,,,0,0,0,Helius verified first buyer,2026-08-20 04:58:03
Fz7H72qmp3Tzyb3zVEbjEZh4pCK4Vmo3g4M6nA1pracz,,,1787115114,0.0,0.0,0.0,0,0,0,0.0,0.0,1.0,0.0,,,0,0,0,Helius verified first buyer,2026-08-20 04:58:09
517hnMGwG1dJcCvkbaYc5K7SAih3qQGxpUqgTuEnTrHM,,,1787115117,0.0,0.0,0.0,0,0,0,0.0,0.0,1.0,0.0,,,0,0,0,Helius verified first buyer,2026-08-20 04:58:12
BRnmP3ZAvWwK1aR8KdcosxQanChHX2bEkkoAi5ni6qD8,,,1787115117,0.0,0.0,0.0,0,0,0,0.0,0.0,1.0,0.0,,,0,0,0,Helius verified first buyer,2026-08-20 04:58:05
J8RpSiNV8CYm4eBKnA29EmxH5uD96i43xBNuZ2RWRAmf,,,1787115119,0.0,0.0,0.0,0,0,0,0.0,0.0,1.0,0.0,,,0,0,0,Helius verified first buyer,2026-08-20 04:58:07
GuwJPQvvjY7uYQjg4iPQnACav29Ehy9zXW9hdyMiuYMm,,,1787115120,0.0,0.0,0.0,0,0,0,0.0,0.0,1.0,0.0,,,0,0,0,Helius verified first buyer,2026-08-20 04:58:09
As5rjZNCoyAtUhzTU8w74zGf4VEuTbNimCJUqsVicyGw,,,1787115121,0.0,0.0,0.0,0,0,0,0.0,0.0,1.0,0.0,,,0,0,0,Helius verified first buyer,2026-08-20 04:58:09
9XQFjCdVLE93TAdnDBaMP1GZx7aps4waqgKgCLnwKnRS,,,1787115123,0.0,0.0,0.0,0,0,0,0.0,0.0,1.0,0.0,,,0,0,0,Helius verified first buyer,2026-08-20 04:58:11
3sspSza6TMg2xvPAvvCWXydz8vgpGwpw9Ys2K1tXN5JF,,,1787115126,0.0,0.0,0.0,0,0,0,0.0,0.0,1.0,0.0,,,0,0,0,Helius verified first buyer,2026-08-20 04:58:14
HwxDqVu5rLnqVgxR3KiTHsZe8P83jVvGSBQ76pzniFo3,,,1787115128,0.0,0.0,0.0,0,0,0,0.0,0.0,1.0,0.0,,,0,0,0,Helius verified first buyer,2026-08-20 04:58:13
3j3qXUj6p79MQhKYz3kvJTfHmc9AhWdhHwTAWvydPUtW,,,1787115128,0.0,0.0,0.0,0,0,0,0.0,0.0,1.0,0.0,,,0,0,0,Helius verified first buyer,2026-08-20 04:58:22
8ypnccYDUARwEnShoMKyKLFTuwfuw44HNsxZuYsjLtpr,,,1787115129,0.0,0.0,0.0,0,0,0,0.0,0.0,1.0,0.0,,,0,0,0,Helius verified first buyer,2026-08-20 04:58:14
Gshe1y9Rs1mr6bZTkMMxNfMrgACuMpE5urfT3MiC2TrC,,,1787115132,0.0,0.0,0.0,0,0,0,0.0,0.0,1.0,0.0,,,0,0,0,Helius verified first buyer,2026-08-20 04:58:18
CnGe4fxNFrLgYjo8QrSHz48G8Fsgc9XgeM9FeoqWFUgR,,,1787115134,0.0,0.0,0.0,0,0,0,0.0,0.0,1.0,0.0,,,0,0,0,Helius verified first buyer,2026-08-20 04:58:17
7QdgKCMmCc72QZgYWKLc2tCMH6oRyYqJHDZgn9fLXwKC,,,1787115135,0.0,0.0,0.0,0,0,0,0.0,0.0,1.0,0.0,,,0,0,0,Helius verified first buyer,2026-08-20 04:58:18
3pdstZrxrBd3m1MnGTm6MA3q4n8U8dv9VJZtQ83XdbNB,,,1787115137,0.0,0.0,0.0,0,0,0,0.0,0.0,1.0,0.0,,,0,0,0,Helius verified first buyer,2026-08-20 04:58:19
4dnULQhjdHCavxnCt1iEf45LoKMa2Ns8HvQhk2ndmQgE,,,1787115137,0.0,0.0,0.0,0,0,0,0.0,0.0,1.0,0.0,,,0,0,0,Helius verified first buyer,2026-08-20 04:58:19
41657U7z5KvewgUMPSHA4DRm3xWkWuTqpRVSLzhG993n,,,1787115138,0.0,0.0,0.0,0,0,0,0.0,0.0,1.0,0.0,,,0,0,0,Helius verified first buyer,2026-08-20 04:58:22
9suQdL12VQfThDsBX8zHKZsoeaLrbKsgXn2atKSFW4NW,,,1787115147,0.0,0.0,0.0,0,0,0,0.0,0.0,1.0,0.0,,,0,0,0,Helius verified first buyer,2026-08-20 04:58:26
BqRYJ66uSt9Rat7r8pyxNonNysnZkNJxrNKnZagWHoVR,,,1787115149,0.0,0.0,0.0,0,0,0,0.0,0.0,1.0,0.0,,,0,0,0,Helius verified first buyer,2026-08-20 04:58:25
3yMutjjm5JMeoDvpKp2D5JVJZP8N1yPpJD7Sg3P3QyDM,,,1787115150,0.0,0.0,0.0,0,0,0,0.0,0.0,1.0,0.0,,,0,0,0,Helius verified first buyer,2026-08-20 04:58:25
FFDR6LbN2Q248NmVBaR3PwKfeupo76x5h8Lwhkux5huW,,,1787115152,0.0,0.0,0.0,0,0,0,0.0,0.0,1.0,0.0,,,0,0,0,Helius verified first buyer,2026-08-20 04:58:26
E75Vu9PU1ksPV9gD7nL7DwVQKDtVqu7LYt5UppLrkhZA,,,1787115152,0.0,0.0,0.0,0,0,0,0.0,0.0,1.0,0.0,,,0,0,0,Helius verified first buyer,2026-08-20 04:58:31
HciY7L2FNmAH16sxB5i3QrBuYaYe5atZx9zmKjp586VQ,,,1787115153,0.0,0.0,0.0,0,0,0,0.0,0.0,1.0,0.0,,,0,0,0,Helius verified first buyer,2026-08-20 04:58:27
7pR5U4CEuRmVd5QhBnqjrMi9tX183JjSxcC6SPoCLAJ7,,,1787115153,0.0,0.0,0.0,0,0,0,0.0,0.0,1.0,0.0,,,0,0,0,Helius verified first buyer,2026-08-20 04:58:39
C1GnTtBFewxTLf2Z737XHT46VSAExjQXSPq5LxcU2Hfk,,,1787115154,0.0,0.0,0.0,0,0,0,0.0,0.0,1.0,0.0,,,0,0,0,Helius verified first buyer,2026-08-20 04:58:30
MMCr6qA3gg514ZvpVrCb7SjjQpgAjBdTQhadvQE36gX,,,1787115155,0.0,0.0,0.0,0,0,0,0.0,0.0,1.0,0.0,,,0,0,0,Helius verified first buyer,2026-08-20 04:58:30
14TPJHK5LjJGYBtxk59oRn2uVkgFhrHb4nN4iLJVPAPf,,,1787115157,0.0,0.0,0.0,0,0,0,0.0,0.0,1.0,0.0,,,0,0,0,Helius verified first buyer,2026-08-20 04:58:31
8q1yB152zL1hiphXe2PUzXio8GTiJwh512gVoSo2GJ8V,,,1787115158,0.0,0.0,0.0,0,0,0,0.0,0.0,1.0,0.0,,,0,0,0,Helius verified first buyer,2026-08-20 04:58:32
9jVANTw2xZ8V2gFD3jrZ3u6esRdXF2urCvJPKf4fMr2H,,,1787115160,0.0,0.0,0.0,0,0,0,0.0,0.0,1.0,0.0,,,0,0,0,Helius verified first buyer,2026-08-20 04:58:34
ETGsTKWyXwF41fw7ewGjjf6to1ck5gdkxTUMdh6H1ac4,,,1787115160,0.0,0.0,0.0,0,0,0,0.0,0.0,1.0,0.0,,,0,0,0,Helius verified first buyer,2026-08-20 04:58:36
FMbmnVgbMqLutcq9FoS8LzSzebk244qFpzyFdj2TVdGd,,,1787115161,0.0,0.0,0.0,0,0,0,0.0,0.0,1.0,0.0,,,0,0,0,Helius verified first buyer,2026-08-20 04:58:36
7ozoNcVqgptbAUHjLR1vNHgEfKiE5aYufStEHzJhxKeG,,,1787115161,0.0,0.0,0.0,0,0,0,0.0,0.0,1.0,0.0,,,0,0,0,Helius verified first buyer,2026-08-20 04:58:42
DQZNiqEYcyTMUWkRxm2oF8wwHGvRJPcvpduWZnjjwppJ,,,1787115161,0.0,0.0,0.0,0,0,0,0.0,0.0,1.0,0.0,,,0,0,0,Helius verified first buyer,2026-08-20 04:58:37
Ch4UpM8g9oed1MEwEiuApyAfXYo21bQwagJskCqXb9Sa,,,1787115161,0.0,0.0,0.0,0,0,0,0.0,0.0,1.0,0.0,,,0,0,0,Helius verified first buyer,2026-08-20 04:58:37
EorVdPWrg4anqChqdbzk5NgHwSxNNRRwynZvvDm5cM6G,,,1787115161,0.0,0.0,0.0,0,0,0,0.0,0.0,1.0,0.0,,,0,0,0,Helius verified first buyer,2026-08-20 04:58:38
GV5tv4bRucmzm39UdsGXEuf6nDQSyr51btJqDwnTbQvi,,,1787115162,0.0,0.0,0.0,0,0,0,0.0,0.0,1.0,0.0,,,0,0,0,Helius verified first buyer,2026-08-20 04:58:39
DpHvxxRgj2zqpocbs8oLtMtDsFzx9Kh4CTsVGmC6o4A,,,1787115165,0.0,0.0,0.0,0,0,0,0.0,0.0,1.0,0.0,,,0,0,0,Helius verified first buyer,2026-08-20 04:58:39
EpcNdZ7umQCBea6rHcHnR8isKw4jgDCRUbYeGycg3y1i,,,1787115165,0.0,0.0,0.0,0,0,0,0.0,0.0,1.0,0.0,,,0,0,0,Helius verified first buyer,2026-08-20 04:58:40
36SLrf4bV5mbevq2b3x3EJ6nYDkY6wj1LxsNHzewfvXW,,,1787115166,0.0,0.0,0.0,0,0,0,0.0,0.0,1.0,0.0,,,0,0,0,Helius verified first buyer,2026-08-20 04:58:41
8S16jHVkcjRx87ATSBp6B5seEfVoVRxBpJ68oGLAWieF,,,1787115167,0.0,0.0,0.0,0,0,0,0.0,0.0,1.0,0.0,,,0,0,0,Helius verified first buyer,2026-08-20 04:58:42
9EPvq9ftcUUgbq94thqukmYFUdnjBdm2s1rAbztADLUB,,,1787115168,0.0,0.0,0.0,0,0,0,0.0,0.0,1.0,0.0,,,0,0,0,Helius verified first buyer,2026-08-20 04:58:43
2HzADqByqqAZ2sSjDUzPF3ytWNduFLhsf16mxexBaoSy,,,1787115168,0.0,0.0,0.0,0,0,0,0.0,0.0,1.0,0.0,,,0,0,0,Helius verified first buyer,2026-08-20 04:58:43
DwF66UZMqtff4XSj5YoeHmV1eoWJct39HADgPAwCokT2,,,1787115169,0.0,0.0,0.0,0,0,0,0.0,0.0,1.0,0.0,,,0,0,0,Helius verified first buyer,2026-08-20 04:58:44
9aLXDsWRkPwi6AmK5T1NfoBcevrJi6Jg7R54LnN2uqv8,,,1787115170,0.0,0.0,0.0,0,0,0,0.0,0.0,1.0,0.0,,,0,0,0,Helius verified first buyer,2026-08-20 04:58:44
2WXjLqKWhCfWqK8RvypKrGbR4d5kSUJNgoY28qXPT6nJ,,,1787112398,0.0,0.0,0.0,0,0,0,0.0,0.0,1.0,0.0,,,0,0,0,Helius verified first buyer,2026-08-20 04:58:47
L4CDQwG3yAmyUmLaBWYRPCPVmMYsX9NVQKkgh6BMjKt,,,1787112398,0.0,0.0,0.0,0,0,0,0.0,0.0,1.0,0.0,,,0,0,0,Helius verified first buyer,2026-08-20 04:58:47
GqtTfbFq34LVNB6WjH9s4JqYuG2QtLHvC4LYvB9L1PKq,,,1787112398,0.0,0.0,0.0,0,0,0,0.0,0.0,1.0,0.0,,,0,0,0,Helius verified first buyer,2026-08-20 04:58:47
CQpqEU1HEYxRbGcDWAvePKWAnuvF38frFNiCFoNRsn8n,,,1787112398,0.0,0.0,0.0,0,0,0,0.0,0.0,1.0,0.0,,,0,0,0,Helius verified first buyer,2026-08-20 05:03:38
Cz8Cq1TqUDQiLdXHXSruV4983PU7sN6CiLqRxYc4Fh1e,,,1787112398,0.0,0.0,0.0,0,0,0,0.0,0.0,1.0,0.0,,,0,0,0,Helius verified first buyer,2026-08-20 04:58:48
7FdnmS2RCZsMJ1DKBinYoZsANHUoGEykf9S61Sw6U9Mn,,,1787112414,0.0,0.0,0.0,0,0,0,0.0,0.0,1.0,0.0,,,0,0,0,Helius verified first buyer,2026-08-20 04:58:49
DCD3t95Xo9RPPBZBySABKeqt84weEG7k1367nEnb4Mo9,,,1787112414,0.0,0.0,0.0,0,0,0,0.0,0.0,1.0,0.0,,,0,0,0,Helius verified first buyer,2026-08-20 04:58:50
DvewB6CGrkHHGqyGrXBT3kfy1mwa1rcZkuuQJFWxogyf,,,1787112414,0.0,0.0,0.0,0,0,0,0.0,0.0,1.0,0.0,,,0,0,0,Helius verified first buyer,2026-08-20 04:58:50
Av7sPWZMrDr2a9rt1hPc1EosBtL6RFDxkxRmynvR27e2,,,1787112415,0.0,0.0,0.0,0,0,0,0.0,0.0,1.0,0.0,,,0,0,0,Helius verified first buyer,2026-08-20 04:58:50
8Qmmc75GG6Dz8hhWN9TasXPY6ktqNLEqfNmkFwDsuEtU,,,1787112415,0.0,0.0,0.0,0,0,0,0.0,0.0,1.0,0.0,,,0,0,0,Helius verified first buyer,2026-08-20 04:58:50
5BT5FD5TAY42wMwhFJyYzavkwtWNWLCERxN1ANCx2evM,,,1787112415,0.0,0.0,0.0,0,0,0,0.0,0.0,1.0,0.0,,,0,0,0,Helius verified first buyer,2026-08-20 04:58:50
JBhaYaVrvM7pSzoDBAE2FcjGW2NoKg4kR8u43aeCTjVA,,,1787112415,0.0,0.0,0.0,0,0,0,0.0,0.0,1.0,0.0,,,0,0,0,Helius verified first buyer,2026-08-20 04:58:51
EXjDR3yKQrv9HiNuc9P8B2tW6r8BLEJvzGzVPjfHSVUW,,,1787112415,0.0,0.0,0.0,0,0,0,0.0,0.0,1.0,0.0,,,0,0,0,Helius verified first buyer,2026-08-20 04:58:51
CCfc9FHmz6oJpTMCc8K6rmwuSqeKVsCLZKSBnWG9VLvU,,,1787112415,0.0,0.0,0.0,0,0,0,0.0,0.0,1.0,0.0,,,0,0,0,Helius verified first buyer,2026-08-20 04:58:51
6hDZiwCgwRuE9nVm6HyyucS5RoyAhASYecxsdKyL6rh4,,,1787112416,0.0,0.0,0.0,0,0,0,0.0,0.0,1.0,0.0,,,0,0,0,Helius verified first buyer,2026-08-20 04:58:51
7BVWSji6BaRbyNzSKnKSeVwBEKnVac4Swk2M2VoB645B,,,1787112416,0.0,0.0,0.0,0,0,0,0.0,0.0,1.0,0.0,,,0,0,0,Helius verified first buyer,2026-08-20 04:58:52
3ytUcDyt1rt8vvvkWZeqmzcgtVqhqVVcn8v1dG4fCoyH,,,1787112416,0.0,0.0,0.0,0,0,0,0.0,0.0,1.0,0.0,,,0,0,0,Helius verified first buyer,2026-08-20 04:58:52
6GG6FComh88WHA3Ec1HqyckvjEX3EZ831aZpKQ8dY7cu,,,1787112417,0.0,0.0,0.0,0,0,0,0.0,0.0,1.0,0.0,,,0,0,0,Helius verified first buyer,2026-08-20 04:58:53
HAsaFmTiJD3n2dEfx5PkHAQ6t1q2Kd5RiHCHMAHqsDVL,,,1787112417,0.0,0.0,0.0,0,0,0,0.0,0.0,1.0,0.0,,,0,0,0,Helius verified first buyer,2026-08-20 04:58:53
Ge8dbjmfVuHhiRwZk4XMokr6Kpo8oo3QyV7vZjDLbU4u,,,1787112417,0.0,0.0,0.0,0,0,0,0.0,0.0,1.0,0.0,,,0,0,0,Helius verified first buyer,2026-08-20 04:58:53
opQZBvst2F8XnJ1fqwbg822fFrxz6vkWEHuhKAWq1SZ,,,1787112417,0.0,0.0,0.0,0,0,0,0.0,0.0,1.0,0.0,,,0,0,0,Helius verified first buyer,2026-08-20 04:58:54
7RsuGJ7ZLHruCJsXwita8vrXA3xZgH8UVJM4N82pnZLT,,,1787112417,0.0,0.0,0.0,0,0,0,0.0,0.0,1.0,0.0,,,0,0,0,Helius verified first buyer,2026-08-20 04:58:54
7aPSuqk5K7PPPUuK3RbdiHC5KCcRH9BdbsLxcKA1udXk,,,1787112417,0.0,0.0,0.0,0,0,0,0.0,0.0,1.0,0.0,,,0,0,0,Helius verified first buyer,2026-08-20 04:58:55
mKRjxSP43hu5hpSQC9ZUdApxRF5Lipa8ycJPnY422Nv,,,1787112418,0.0,0.0,0.0,0,0,0,0.0,0.0,1.0,0.0,,,0,0,0,Helius verified first buyer,2026-08-20 04:58:56
6fzj5RbEwg7xwbckuBiZcqqU1NutZ7foDgwC9tBZ5ncV,,,1787112418,0.0,0.0,0.0,0,0,0,0.0,0.0,1.0,0.0,,,0,0,0,Helius verified first buyer,2026-08-20 04:58:56
GjTreYZEENjpF2vJkogjGpGMwqRE393gPzDtJvesvphU,,,1787112418,0.0,0.0,0.0,0,0,0,0.0,0.0,1.0,0.0,,,0,0,0,Helius verified first buyer,2026-08-20 04:58:56
EKKWSfTUqz3uE7AE7z7n2g4Ytxw6iGs1cFNKZuPoYo9U,,,1787112418,0.0,0.0,0.0,0,0,0,0.0,0.0,1.0,0.0,,,0,0,0,Helius verified first buyer,2026-08-20 04:58:57
F6XqUJEqQ6yzoasvj1puAuQbo56p9YoVaf82kp9Gbhxd,,,1787112419,0.0,0.0,0.0,0,0,0,0.0,0.0,1.0,0.0,,,0,0,0,Helius verified first buyer,2026-08-20 04:58:57
5RyWMLLbkJJFXchih6Ssoxut4EpjdysiaPXbhwcLmBXx,,,1787112419,0.0,0.0,0.0,0,0,0,0.0,0.0,1.0,0.0,,,0,0,0,Helius verified first buyer,2026-08-20 04:58:58
GDvqw5M8CBifMqzMLRSMcmHeFYFaLDHwxqUPbPRbQAwR,,,1787112419,0.0,0.0,0.0,0,0,0,0.0,0.0,1.0,0.0,,,0,0,0,Helius verified first buyer,2026-08-20 04:58:58
3KCVu4KT6MhKgWr53NVXEzsyNQ1YSRzn29C9VguuubTB,,,1787112420,0.0,0.0,0.0,0,0,0,0.0,0.0,1.0,0.0,,,0,0,0,Helius verified first buyer,2026-08-20 04:58:58
ACsnoRczJKoYeyewpDRYSmRruSb9esENx5k5L7JRxmR9,,,1787112420,0.0,0.0,0.0,0,0,0,0.0,0.0,1.0,0.0,,,0,0,0,Helius verified first buyer,2026-08-20 04:58:58
2oBZEMtE5AqqKtWvVqHv9jTuzEdTyEEXMKvAYkQgxuxa,,,1787112421,0.0,0.0,0.0,0,0,0,0.0,0.0,1.0,0.0,,,0,0,0,Helius verified first buyer,2026-08-20 04:58:59
2cQ9R8Juwukp7fwh64xDhhMsFU8hcnxRpm8mPDWNd5fD,,,1787112421,0.0,0.0,0.0,0,0,0,0.0,0.0,1.0,0.0,,,0,0,0,Helius verified first buyer,2026-08-20 04:58:59
9C1W4SSfJNV7KhRpVkCPzqxLqHzWtTGUGfuX7jVFQYTH,,,1787112421,0.0,0.0,0.0,0,0,0,0.0,0.0,1.0,0.0,,,0,0,0,Helius verified first buyer,2026-08-20 04:58:59
Y2U1MLUpQ9QBvVU8q2mVnvtBU3KdvkRsGM92J6Qtbpg,,,1787112421,0.0,0.0,0.0,0,0,0,0.0,0.0,1.0,0.0,,,0,0,0,Helius verified first buyer,2026-08-20 04:59:00
FBsmoFvKeRfZTmN4sZVSgqdHWV19zbeQttkFgbg67cyu,,,1787112421,0.0,0.0,0.0,0,0,0,0.0,0.0,1.0,0.0,,,0,0,0,Helius verified first buyer,2026-08-20 04:59:00
F5aMUPx4VbBuWBr9icbuQLmLp2k9i42Q7uRsYgmVYWSk,,,1787112421,0.0,0.0,0.0,0,0,0,0.0,0.0,1.0,0.0,,,0,0,0,Helius verified first buyer,2026-08-20 04:59:01
uRW45RKGgihkzY1z2dRZMZvf6f7H88SuYUXnWMHX7Se,,,1787112421,0.0,0.0,0.0,0,0,0,0.0,0.0,1.0,0.0,,,0,0,0,Helius verified first buyer,2026-08-20 04:59:01
aHN2V9AsXJiSYwPHkMBdcH3Ho8UbPun6EvbzjwjFoUA,,,1787112422,0.0,0.0,0.0,0,0,0,0.0,0.0,1.0,0.0,,,0,0,0,Helius verified first buyer,2026-08-20 04:59:01
2QcWCo1CDVi2LrW88DfWxZ6yB9BPAuJeLDbN1hwULisA,,,1787112422,0.0,0.0,0.0,0,0,0,0.0,0.0,1.0,0.0,,,0,0,0,Helius verified first buyer,2026-08-20 04:59:01
G62uhVAe2brNrUaJ47pcnYRyCbDyp2nDEVtgDccxZ8y,,,1787112422,0.0,0.0,0.0,0,0,0,0.0,0.0,1.0,0.0,,,0,0,0,Helius verified first buyer,2026-08-20 04:59:02
Bs8KYrE5S1bDaEx5AjoQ1vKi9R7AnWbWYbjHDLPvQzHM,,,1787112422,0.0,0.0,0.0,0,0,0,0.0,0.0,1.0,0.0,,,0,0,0,Helius verified first buyer,2026-08-20 04:59:02
7s4woBusAnVVDhy2ny7nBu62DBvZncPXuaYUBZysVKSY,,,1787112423,0.0,0.0,0.0,0,0,0,0.0,0.0,1.0,0.0,,,0,0,0,Helius verified first buyer,2026-08-20 04:59:02
GQkZfFAidLAgdqvWqhYFSoRHM9u94Wbn8UxCGJmiaXdi,,,1787112423,0.0,0.0,0.0,0,0,0,0.0,0.0,1.0,0.0,,,0,0,0,Helius verified first buyer,2026-08-20 04:59:03
8fgrzuRBx6dJES8LwNfG1EHtFrYLu3mnBeHx39P8dvw9,,,1787112423,0.0,0.0,0.0,0,0,0,0.0,0.0,1.0,0.0,,,0,0,0,Helius verified first buyer,2026-08-20 04:59:03
8KPFxPCw58C2amsTLQVepnFjdjLYH8GngvzXxczav7n3,,,1787112423,0.0,0.0,0.0,0,0,0,0.0,0.0,1.0,0.0,,,0,0,0,Helius verified first buyer,2026-08-20 04:59:03
8mgnzUygLv46m2R1mp5bRN3UBAmgDzATNBS8ACCcqHfp,,,1787112423,0.0,0.0,0.0,0,0,0,0.0,0.0,1.0,0.0,,,0,0,0,Helius verified first buyer,2026-08-20 04:59:04
HM1chhNsLkbVNACe6N76TMHwXroCHebwxBvv2ZA2xgqz,,,1787112424,0.0,0.0,0.0,0,0,0,0.0,0.0,1.0,0.0,,,0,0,0,Helius verified first buyer,2026-08-20 04:59:04
3iYJRexjdovP1mgg8u1Q1L9rbVMqiBbvd6SdthZVsnmy,,,1787112424,0.0,0.0,0.0,0,0,0,0.0,0.0,1.0,0.0,,,0,0,0,Helius verified first buyer,2026-08-20 04:59:04
CwSsdYmT3raSKnCQJPGnkNurB4AVPkmKutvTgB4KUR8A,,,1787112424,0.0,0.0,0.0,0,0,0,0.0,0.0,1.0,0.0,,,0,0,0,Helius verified first buyer,2026-08-20 04:59:05
KeLYiKVxZKd3oXPoojJevXRwr5gpRVEgznv4ecmsvmL,,,1787112425,0.0,0.0,0.0,0,0,0,0.0,0.0,1.0,0.0,,,0,0,0,Helius verified first buyer,2026-08-20 04:59:05
2qjEwJ8F9BKWbqyWkc8MPJFEmZDZedNyfg4zGnKm6cqy,,,1787112425,0.0,0.0,0.0,0,0,0,0.0,0.0,1.0,0.0,,,0,0,0,Helius verified first buyer,2026-08-20 04:59:05
Bev7MdtU5fC55VA843qiaigHtZXjXmVgmhVPMVPiaeAm,,,1787112425,0.0,0.0,0.0,0,0,0,0.0,0.0,1.0,0.0,,,0,0,0,Helius verified first buyer,2026-08-20 04:59:05
5RZByAP8AkFEoUvSU1JtrtuKNjYrUDpj9rkFzjinukkS,,,1787112426,0.0,0.0,0.0,0,0,0,0.0,0.0,1.0,0.0,,,0,0,0,Helius verified first buyer,2026-08-20 04:59:06
4zwunEuAKQZSvNzZx6qnomFVGxiY9ZorwJhFna4mmtGS,,,1787112426,0.0,0.0,0.0,0,0,0,0.0,0.0,1.0,0.0,,,0,0,0,Helius verified first buyer,2026-08-20 04:59:06
2sTauGV6oxYp37RFKHoQGjhSysNJPn7Nn9E4RpF6rLcn,,,1787112426,0.0,0.0,0.0,0,0,0,0.0,0.0,1.0,0.0,,,0,0,0,Helius verified first buyer,2026-08-20 04:59:07
A9otabd25FDu3duTRYrXEbCX7uRqU53yJGtpNweAe3Hi,,,1787112427,0.0,0.0,0.0,0,0,0,0.0,0.0,1.0,0.0,,,0,0,0,Helius verified first buyer,2026-08-20 04:59:07
7S2fdKhnc7ii4joYBEoftA23kxpuEA26gpuHKDQ7L6hE,,,1787112427,0.0,0.0,0.0,0,0,0,0.0,0.0,1.0,0.0,,,0,0,0,Helius verified first buyer,2026-08-20 04:59:07
5aLgDKMR8fUiJywGZngCGbu1Vo3ZEjJkGrT4YySPuu26,,,1787112427,0.0,0.0,0.0,0,0,0,0.0,0.0,1.0,0.0,,,0,0,0,Helius verified first buyer,2026-08-20 04:59:08
439acDbxpDK1fUSnhyJzgDxXNmqxQMqPZotq2fvCyszn,,,1787112427,0.0,0.0,0.0,0,0,0,0.0,0.0,1.0,0.0,,,0,0,0,Helius verified first buyer,2026-08-20 04:59:08
6WaSkZcJyw1xUsgQw1bKZ4USaPb3nq95hYVoDQtTz5Hv,,,1787112428,0.0,0.0,0.0,0,0,0,0.0,0.0,1.0,0.0,,,0,0,0,Helius verified first buyer,2026-08-20 04:59:08
ERoUQuco9BAhfR98ZY5t4xBrgu3kgzDsN2jpWumJQ9wq,,,1787112428,0.0,0.0,0.0,0,0,0,0.0,0.0,1.0,0.0,,,0,0,0,Helius verified first buyer,2026-08-20 04:59:09
GzzECVsTG5uhByRsmdSYK1yZA9skdpZmVtkC7QraaDpa,,,1787112428,0.0,0.0,0.0,0,0,0,0.0,0.0,1.0,0.0,,,0,0,0,Helius verified first buyer,2026-08-20 04:59:09
5utHJXUeAHGYV4ZmkjMyvv1tTzoji33JnttRKEHp2dpg,,,1787112428,0.0,0.0,0.0,0,0,0,0.0,0.0,1.0,0.0,,,0,0,0,Helius verified first buyer,2026-08-20 04:59:09
G6JQvv4UfPV9qenifWm7XfdCrvDcVUd93vtUUU7z3ynD,,,1787112428,0.0,0.0,0.0,0,0,0,0.0,0.0,1.0,0.0,,,0,0,0,Helius verified first buyer,2026-08-20 04:59:09
5u7rz9V9kpDh57F5xXn2d8gLv6ddfJmPQvF6wHqB1goJ,,,1787112429,0.0,0.0,0.0,0,0,0,0.0,0.0,1.0,0.0,,,0,0,0,Helius verified first buyer,2026-08-20 04:59:10
14u6QhywxXpbJindP5ZHqTU7q2Hk7h1SAAbkNiWBDeuS,,,1787112429,0.0,0.0,0.0,0,0,0,0.0,0.0,1.0,0.0,,,0,0,0,Helius verified first buyer,2026-08-20 04:59:10
7Su7v3753u8wsdsiVwnYt515yFSJXZK9AYTD1ZbSYqVP,,,1787112429,0.0,0.0,0.0,0,0,0,0.0,0.0,1.0,0.0,,,0,0,0,Helius verified first buyer,2026-08-20 04:59:10
49zPjjo5c43Ytu88soP5e69TaHoKbTra4o79m4sotdp3,,,1787112430,0.0,0.0,0.0,0,0,0,0.0,0.0,1.0,0.0,,,0,0,0,Helius verified first buyer,2026-08-20 04:59:11
DXgneSZ6WFcuhPY5sRVaQYVYaDuU9BeGJt75tfRnB57o,,,1787112430,0.0,0.0,0.0,0,0,0,0.0,0.0,1.0,0.0,,,0,0,0,Helius verified first buyer,2026-08-20 04:59:11
HZz8zzKgQMPT2DVFKd4fvLpCJq6LbhheeFWq6CZZAtrG,,,1787112430,0.0,0.0,0.0,0,0,0,0.0,0.0,1.0,0.0,,,0,0,0,Helius verified first buyer,2026-08-20 04:59:11
SMccMeu6SvHUiJ49AtiBhtU9jiud3nrii4MAWNYMUk2,,,1787112431,0.0,0.0,0.0,0,0,0,0.0,0.0,1.0,0.0,,,0,0,0,Helius verified first buyer,2026-08-20 04:59:13
7vwoV1ZG6eebhYbgL8DMNWgYyHXeHLF1S88BvgXgyutR,,,1787112431,0.0,0.0,0.0,0,0,0,0.0,0.0,1.0,0.0,,,0,0,0,Helius verified first buyer,2026-08-20 04:59:13
GwLDcAjz1qmaNLhE5aASHb8Bvoh59Bu9huxvLfSoAMEy,,,1787112431,0.0,0.0,0.0,0,0,0,0.0,0.0,1.0,0.0,,,0,0,0,Helius verified first buyer,2026-08-20 04:59:13
14beZzvWXEHBrECZiuDgBm1vEaUCWWxkrThqzCx4KaEa,,,1787112432,0.0,0.0,0.0,0,0,0,0.0,0.0,1.0,0.0,,,0,0,0,Helius verified first buyer,2026-08-20 04:59:13
6fCcUeUyofjT7q9WgXtczMczmk4LryJaVTtUQyeMdWRy,,,1787112432,0.0,0.0,0.0,0,0,0,0.0,0.0,1.0,0.0,,,0,0,0,Helius verified first buyer,2026-08-20 04:59:14
9Rs5a2jg2hU9xQ9683ieSsgxDwn4ejZtC9Lugjd4YoVk,,,1787112433,0.0,0.0,0.0,0,0,0,0.0,0.0,1.0,0.0,,,0,0,0,Helius verified first buyer,2026-08-20 04:59:14
3f5RJPda5JtoYK1m5qppsuEJyMNywSgrWxp83d3ZfiBJ,,,1787112433,0.0,0.0,0.0,0,0,0,0.0,0.0,1.0,0.0,,,0,0,0,Helius verified first buyer,2026-08-20 04:59:15
Dc1GfGF96y3Qa5paDW2opnkH9A97T4ZaHx2578DNsgft,,,1787112433,0.0,0.0,0.0,0,0,0,0.0,0.0,1.0,0.0,,,0,0,0,Helius verified first buyer,2026-08-20 04:59:15
8Y54WuhbxazJkV7Gn2KV8EACyEYRPJw9p6dcoHQof3ug,,,1787112434,0.0,0.0,0.0,0,0,0,0.0,0.0,1.0,0.0,,,0,0,0,Helius verified first buyer,2026-08-20 04:59:15
CQj3mxMjSFfRGZ5Zip38gwhrwTw4XNBr3XWnsJwj5veH,,,1787112434,0.0,0.0,0.0,0,0,0,0.0,0.0,1.0,0.0,,,0,0,0,Helius verified first buyer,2026-08-20 04:59:16
3aargh47T3zV6HkWL4DPTChHeX88AoDozgbQT3Q4YTyq,,,1787112435,0.0,0.0,0.0,0,0,0,0.0,0.0,1.0,0.0,,,0,0,0,Helius verified first buyer,2026-08-20 04:59:16
6mrSFo15mYdhQGR6u1HWDnpGEBoneth8g4DQpJcji8t5,,,1787112435,0.0,0.0,0.0,0,0,0,0.0,0.0,1.0,0.0,,,0,0,0,Helius verified first buyer,2026-08-20 04:59:17
5MLDjoppcwjRQ5PtKAjSh6im1n2VpitKTTi6zf9wMpkm,,,1787112436,0.0,0.0,0.0,0,0,0,0.0,0.0,1.0,0.0,,,0,0,0,Helius verified first buyer,2026-08-20 04:59:17
5stwRqtQpDRYEJmT9NhdhgYBCgPvpUHUFksutRx1xofF,,,1787112436,0.0,0.0,0.0,0,0,0,0.0,0.0,1.0,0.0,,,0,0,0,Helius verified first buyer,2026-08-20 04:59:17
14a9HqGDTM8e8k3ZJLhrMpdihrv6wszbBgLP58k8XTeW,,,1787112436,0.0,0.0,0.0,0,0,0,0.0,0.0,1.0,0.0,,,0,0,0,Helius verified first buyer,2026-08-20 04:59:18
3TvpVu1aM1hU87ZeRsPJEUwFTwRKgfDJUnsahFcMohSP,,,1787112436,0.0,0.0,0.0,0,0,0,0.0,0.0,1.0,0.0,,,0,0,0,Helius verified first buyer,2026-08-20 04:59:18
6VYbFbdw7j4ESAM6v1zvjbwhAk6QBA1QQFWskgo3GPYH,,,1787112436,0.0,0.0,0.0,0,0,0,0.0,0.0,1.0,0.0,,,0,0,0,Helius verified first buyer,2026-08-20 04:59:18
HAgbzMDTNcfEA7oPPvwv14drHvXRYXsTAh5AS4ERKpaR,,,1787112436,0.0,0.0,0.0,0,0,0,0.0,0.0,1.0,0.0,,,0,0,0,Helius verified first buyer,2026-08-20 04:59:19
65mgHWkDxv9pZGpCd39GMRxZwWg3tPbbwRw5s3xnAxxg,,,1787112437,0.0,0.0,0.0,0,0,0,0.0,0.0,1.0,0.0,,,0,0,0,Helius verified first buyer,2026-08-20 04:59:19
GQ1PqL4kouBtfWLyQW9NZRRHs86x7hJeDRwQSXUxXWv6,,,1787112437,0.0,0.0,0.0,0,0,0,0.0,0.0,1.0,0.0,,,0,0,0,Helius verified first buyer,2026-08-20 04:59:19
3RG7UqjYKiqdzsFWWvViNTsVikRgAftWSCU4r1RMvERj,,,1787112438,0.0,0.0,0.0,0,0,0,0.0,0.0,1.0,0.0,,,0,0,0,Helius verified first buyer,2026-08-20 04:59:20
9r475SMG8p2ZtFtbKVgW5od2JkuqgwFyaydSH1wQwyWV,,,1787112438,0.0,0.0,0.0,0,0,0,0.0,0.0,1.0,0.0,,,0,0,0,Helius verified first buyer,2026-08-20 04:59:20
9ieJ9uQpEDpLircQRJjoeh8RfjL9kzYLN9zN3rLSgktv,,,1787112438,0.0,0.0,0.0,0,0,0,0.0,0.0,1.0,0.0,,,0,0,0,Helius verified first buyer,2026-08-20 04:59:20
BprMa5EYveFCTUtn8DVb98BauEKQaYiiRKEzP8UQp7G6,,,1787112438,0.0,0.0,0.0,0,0,0,0.0,0.0,1.0,0.0,,,0,0,0,Helius verified first buyer,2026-08-20 04:59:21
HzsSvJY9Ea9BKVVysqRjpZUBKEAbn7uYj594R776Xt8G,,,1787112439,0.0,0.0,0.0,0,0,0,0.0,0.0,1.0,0.0,,,0,0,0,Helius verified first buyer,2026-08-20 04:59:21
4bupc6Dp4gZDEfEDWLytMGtctKR8hQvFy8UUGbtSsVWr,,,1787112439,0.0,0.0,0.0,0,0,0,0.0,0.0,1.0,0.0,,,0,0,0,Helius verified first buyer,2026-08-20 04:59:21
FoqZqEwGDdT2bkfmX2hMrjZphizPkVxtincg2iGQV6yv,,,1787112439,0.0,0.0,0.0,0,0,0,0.0,0.0,1.0,0.0,,,0,0,0,Helius verified first buyer,2026-08-20 04:59:21
EZD7yQTCTbLDDKuMRhv7N2XaQHzztGk4ECterAq1o92f,,,1787112440,0.0,0.0,0.0,0,0,0,0.0,0.0,1.0,0.0,,,0,0,0,Helius verified first buyer,2026-08-20 04:59:22
BUSXZtZpUBKU81A8ycJ2N3QQzGoWVUMn8CVrdHtc2XVt,,,1787112440,0.0,0.0,0.0,0,0,0,0.0,0.0,1.0,0.0,,,0,0,0,Helius verified first buyer,2026-08-20 04:59:23
EVHtdWJ99Dvp47kCzPSwyxXfwCzNwTV7iM8T1WFcfyt1,,,1787112441,0.0,0.0,0.0,0,0,0,0.0,0.0,1.0,0.0,,,0,0,0,Helius verified first buyer,2026-08-20 04:59:23
5hi7PNT2E9GPnzAafVKTnjKxjyyAiRL1R3ymtDtUL7Fp,,,1787112441,0.0,0.0,0.0,0,0,0,0.0,0.0,1.0,0.0,,,0,0,0,Helius verified first buyer,2026-08-20 04:59:24
9CEvaBoGEXiNHwSDXrcnCZKqnUYpszX6netQQeoK88bv,,,1787112441,0.0,0.0,0.0,0,0,0,0.0,0.0,1.0,0.0,,,0,0,0,Helius verified first buyer,2026-08-20 04:59:24
7gpwdSCWYo8tWd9dnFyvUsxVLqXhoy7ZojPm4UdMoZhG,,,1787112441,0.0,0.0,0.0,0,0,0,0.0,0.0,1.0,0.0,,,0,0,0,Helius verified first buyer,2026-08-20 04:59:25
2LxFHnNochBQirNRz27x5S3xC1m1BvuLonVYJB6is8kG,,,1787112442,0.0,0.0,0.0,0,0,0,0.0,0.0,1.0,0.0,,,0,0,0,Helius verified first buyer,2026-08-20 04:59:25
FDbF2b5f49Sgi137Hg8h8DHetzhGMyZ1KRHaabxwymSf,,,1787112442,0.0,0.0,0.0,0,0,0,0.0,0.0,1.0,0.0,,,0,0,0,Helius verified first buyer,2026-08-20 04:59:25
EzedVD4xgDepZKZZQfWWxd13WG5qNb55fD19TW4oGNZ5,,,1787112442,0.0,0.0,0.0,0,0,0,0.0,0.0,1.0,0.0,,,0,0,0,Helius verified first buyer,2026-08-20 04:59:25
Fyv1nnQQJyzoQEwwKQgcnTcw2RxpRTEW7f4wtyYZdHv2,,,1787112442,0.0,0.0,0.0,0,0,0,0.0,0.0,1.0,0.0,,,0,0,0,Helius verified first buyer,2026-08-20 04:59:25
12jidD24K3WV7zQ37E3fLrkWoRmuiNhYu42HFDV8vy3U,,,1787112442,0.0,0.0,0.0,0,0,0,0.0,0.0,1.0,0.0,,,0,0,0,Helius verified first buyer,2026-08-20 04:59:26
4pcvSFgTe4wwSPEqTjseW7UzRSVAqaru9URcHvpFvPPZ,,,1787112442,0.0,0.0,0.0,0,0,0,0.0,0.0,1.0,0.0,,,0,0,0,Helius verified first buyer,2026-08-20 04:59:26
9wkiooFCCZFBgoAy4fmmzfZpKTEkUZk4oCmw9DbRCDgX,,,1787112442,0.0,0.0,0.0,0,0,0,0.0,0.0,1.0,0.0,,,0,0,0,Helius verified first buyer,2026-08-20 04:59:26
6YBjsL7LdiV2fa7dfNyM7bxGSb4YRre215wGtBM9Z6wj,,,1787112442,0.0,0.0,0.0,0,0,0,0.0,0.0,1.0,0.0,,,0,0,0,Helius verified first buyer,2026-08-20 04:59:27
63NSHXP7tWAMvr4qkGHBVwiUuwZoWrjFt78q3vM8XXf6,,,1787112442,0.0,0.0,0.0,0,0,0,0.0,0.0,1.0,0.0,,,0,0,0,Helius verified first buyer,2026-08-20 04:59:27
8t4YxeYUiT3NcRM44X683Z5fZw2VbTeeet9XKVHbDSK2,,,1787112443,0.0,0.0,0.0,0,0,0,0.0,0.0,1.0,0.0,,,0,0,0,Helius verified first buyer,2026-08-20 04:59:27
FZMRmnKbd1ipJTKkAwk7izNg8MjadCYZdtH4s3tv98vQ,,,1787112443,0.0,0.0,0.0,0,0,0,0.0,0.0,1.0,0.0,,,0,0,0,Helius verified first buyer,2026-08-20 04:59:28
6Tqnh3LGrZ51QqXCnFtQ6uv9JQNbnxqZgG79Wiiwv8gN,,,1787112443,0.0,0.0,0.0,0,0,0,0.0,0.0,1.0,0.0,,,0,0,0,Helius verified first buyer,2026-08-20 04:59:28
GRkz113eKDNwKQ7sHgbrDn5kFttjgjWuFtfL3WLgdu1t,,,1787112443,0.0,0.0,0.0,0,0,0,0.0,0.0,1.0,0.0,,,0,0,0,Helius verified first buyer,2026-08-20 04:59:28
Au24UbTobS8Lb1kFcHmD1BiSz1c54K3XCdeBByJLQsNM,,,1787112444,0.0,0.0,0.0,0,0,0,0.0,0.0,1.0,0.0,,,0,0,0,Helius verified first buyer,2026-08-20 04:59:29
EcHXL86ibnBnf54hLAVDFw4G2uUwUG5uL8z7y9X5R5mN,,,1787112444,0.0,0.0,0.0,0,0,0,0.0,0.0,1.0,0.0,,,0,0,0,Helius verified first buyer,2026-08-20 04:59:29
9q3ZUaA7u7dHbcsb56NvxA5bghhP5xuTDX4tfqBcwA1g,,,1787112444,0.0,0.0,0.0,0,0,0,0.0,0.0,1.0,0.0,,,0,0,0,Helius verified first buyer,2026-08-20 04:59:30
bbxhdC7DBUuiThuBfge7858LRWoT8BaoXX4zRicB4dZ,,,1787112444,0.0,0.0,0.0,0,0,0,0.0,0.0,1.0,0.0,,,0,0,0,Helius verified first buyer,2026-08-20 04:59:30
AtVUFXBrHMhdEkbpnMiFZ2aovhsSTtCiB9GGCUHKLcrG,,,1787112445,0.0,0.0,0.0,0,0,0,0.0,0.0,1.0,0.0,,,0,0,0,Helius verified first buyer,2026-08-20 04:59:31
D4vf6FoXzyfSdGFcpeoV3EHc4qyFje5LS1WbzNz9gnHg,,,1787112445,0.0,0.0,0.0,0,0,0,0.0,0.0,1.0,0.0,,,0,0,0,Helius verified first buyer,2026-08-20 04:59:31
k6nkCKWBZEX8g3NCjZdWB1ipjwextcXx9wyYiE5yyrN,,,1787112445,0.0,0.0,0.0,0,0,0,0.0,0.0,1.0,0.0,,,0,0,0,Helius verified first buyer,2026-08-20 04:59:32
FWxVv6No3VBkG7caHqrkRNCf3Hywaqi2d1uWePLzVHZ4,,,1787112445,0.0,0.0,0.0,0,0,0,0.0,0.0,1.0,0.0,,,0,0,0,Helius verified first buyer,2026-08-20 04:59:32
Ab3FBCeSfArCrg9wPmFRzc8stMZhWNLL6isoXSXXkK1L,,,1787112446,0.0,0.0,0.0,0,0,0,0.0,0.0,1.0,0.0,,,0,0,0,Helius verified first buyer,2026-08-20 04:59:33
GNLSRy8VNQBynUQ133pfCpEEhRbMpMP4KkbtDRb4GQeM,,,1787112446,0.0,0.0,0.0,0,0,0,0.0,0.0,1.0,0.0,,,0,0,0,Helius verified first buyer,2026-08-20 04:59:33
2EJQ27BhkcJpgsCN924XPqSuL4qmP8j2nP9hua9Nqgkr,,,1787112446,0.0,0.0,0.0,0,0,0,0.0,0.0,1.0,0.0,,,0,0,0,Helius verified first buyer,2026-08-20 04:59:33
HbzSkfut1FKSjpem18hANKLdmeRafBXMK4F8VXZ4BeBt,,,1787112446,0.0,0.0,0.0,0,0,0,0.0,0.0,1.0,0.0,,,0,0,0,Helius verified first buyer,2026-08-20 04:59:34
G8U7XsXoXTYsybJNFRJH72ChZVZExTdTmgMC6hN2x9ZW,,,1787112446,0.0,0.0,0.0,0,0,0,0.0,0.0,1.0,0.0,,,0,0,0,Helius verified first buyer,2026-08-20 04:59:34
HxjXn5Prm8gAVcDbxYj9mnLwwZpQUoPcCECCHHBnqx9K,,,1787112447,0.0,0.0,0.0,0,0,0,0.0,0.0,1.0,0.0,,,0,0,0,Helius verified first buyer,2026-08-20 04:59:34
GP9b5SRFZFF21Ww3dnquAGJi5Cf9huapkJwtzVHGdSVm,,,1787112447,0.0,0.0,0.0,0,0,0,0.0,0.0,1.0,0.0,,,0,0,0,Helius verified first buyer,2026-08-20 04:59:34
8f8N7Ja6jheGwZXdzMsPwRswEEGoBiDPQCL7Y8QbdFCW,,,1787112447,0.0,0.0,0.0,0,0,0,0.0,0.0,1.0,0.0,,,0,0,0,Helius verified first buyer,2026-08-20 04:59:35
CKtHhqPj1q8H3sF1u6QFwMTpuqyYNiV5ZNS4NkosechS,,,1787112447,0.0,0.0,0.0,0,0,0,0.0,0.0,1.0,0.0,,,0,0,0,Helius verified first buyer,2026-08-20 04:59:35
3LqG7NfGgRXHgGN6jrBEagCNkcaP7vWVDdfzEAumqqHA,,,1787112447,0.0,0.0,0.0,0,0,0,0.0,0.0,1.0,0.0,,,0,0,0,Helius verified first buyer,2026-08-20 04:59:35
CziqMGotgrYLMweNd5RJKLAJEsuG1ZFaCBYNtMH7jgfG,,,1787112448,0.0,0.0,0.0,0,0,0,0.0,0.0,1.0,0.0,,,0,0,0,Helius verified first buyer,2026-08-20 04:59:36
Cr587Khn7LtRvLHhZ6dewhUt4MatCvJ8jCVmvi2yni9d,,,1787112448,0.0,0.0,0.0,0,0,0,0.0,0.0,1.0,0.0,,,0,0,0,Helius verified first buyer,2026-08-20 04:59:36
7P9EmfWJGrCzwjvh9vZMTmuoE15PCd1gri8MUa7dLYD3,,,1787112448,0.0,0.0,0.0,0,0,0,0.0,0.0,1.0,0.0,,,0,0,0,Helius verified first buyer,2026-08-20 04:59:37
9JJJqYheVj6j2EXRt6axyeCKypMVLXwDAx7HLGwy4e6J,,,1787112449,0.0,0.0,0.0,0,0,0,0.0,0.0,1.0,0.0,,,0,0,0,Helius verified first buyer,2026-08-20 04:59:37
3hpcTc4B2nfD5qXVPdhyDbyiyJMjs4g8Z2ppX9D3Yyn2,,,1787112449,0.0,0.0,0.0,0,0,0,0.0,0.0,1.0,0.0,,,0,0,0,Helius verified first buyer,2026-08-20 04:59:37
5mjtU4s3G4gKW4vHFPcDjPUK38afaPHJyvDWE9DESdWp,,,1787112449,0.0,0.0,0.0,0,0,0,0.0,0.0,1.0,0.0,,,0,0,0,Helius verified first buyer,2026-08-20 04:59:38
E42zJGGrZrwVGCk2Aqtnkuwpt7j5EedSFmFdGGvt3Bf6,,,1787112449,0.0,0.0,0.0,0,0,0,0.0,0.0,1.0,0.0,,,0,0,0,Helius verified first buyer,2026-08-20 04:59:38
55shumKNDK9nteeAeBPUq2zqcmFjV6yZd8M4L8EEPzRM,,,1787112449,0.0,0.0,0.0,0,0,0,0.0,0.0,1.0,0.0,,,0,0,0,Helius verified first buyer,2026-08-20 04:59:38
91SPFHKat3QykBGcz2t5af2ggL3davS4WjBLfsAePTiS,,,1787112450,0.0,0.0,0.0,0,0,0,0.0,0.0,1.0,0.0,,,0,0,0,Helius verified first buyer,2026-08-20 04:59:40
AGboP9w111MkAd5LDZbHuYvGAfBZRiKrE9JQwpf9VN1G,,,1787112450,0.0,0.0,0.0,0,0,0,0.0,0.0,1.0,0.0,,,0,0,0,Helius verified first buyer,2026-08-20 04:59:40
2w3JdiZJcb6UhvQ3FotxNjJ9ia38WQ6Dgxx3TPkCBea1,,,1787112450,0.0,0.0,0.0,0,0,0,0.0,0.0,1.0,0.0,,,0,0,0,Helius verified first buyer,2026-08-20 04:59:40
HFWqEtQ3xR9Huh96QQEca3oKEPD88MhL8rh7eDnFHQDH,,,1787112451,0.0,0.0,0.0,0,0,0,0.0,0.0,1.0,0.0,,,0,0,0,Helius verified first buyer,2026-08-20 04:59:41
3h1aDHFsXBsXbuZsvX4qqEmhSFvQB3NWc4xmK5GtjKWu,,,1787112451,0.0,0.0,0.0,0,0,0,0.0,0.0,1.0,0.0,,,0,0,0,Helius verified first buyer,2026-08-20 04:59:41
4AVnYQFPxW6hxWowmTqGtgp13xRrjFX4q9wdhjCKrvJn,,,1787112451,0.0,0.0,0.0,0,0,0,0.0,0.0,1.0,0.0,,,0,0,0,Helius verified first buyer,2026-08-20 04:59:41
9WGXskZSm6E25NeuVR9pk7kPaPzrAKtkeA6M2VTPVnNk,,,1787112452,0.0,0.0,0.0,0,0,0,0.0,0.0,1.0,0.0,,,0,0,0,Helius verified first buyer,2026-08-20 04:59:41
5SViKj1AkBCiMe2bM6fmgFYp7PnDSAS76h7ddkr9ezSz,,,1787112452,0.0,0.0,0.0,0,0,0,0.0,0.0,1.0,0.0,,,0,0,0,Helius verified first buyer,2026-08-20 04:59:41
A3MVKesViauZYMTAs6rWD45EdX1hhQBpGuMwAT7ftMhN,,,1787112452,0.0,0.0,0.0,0,0,0,0.0,0.0,1.0,0.0,,,0,0,0,Helius verified first buyer,2026-08-20 04:59:42
6DELzfautvNpGfZ9jRV9c2oKSxgbZH91cfP9nJC7iSBk,,,1787112452,0.0,0.0,0.0,0,0,0,0.0,0.0,1.0,0.0,,,0,0,0,Helius verified first buyer,2026-08-20 04:59:42
FTmZCZgz5DKNJ8doy7RnxBgnwqJNGCCVmNwT4KwEqniS,,,1787112452,0.0,0.0,0.0,0,0,0,0.0,0.0,1.0,0.0,,,0,0,0,Helius verified first buyer,2026-08-20 04:59:43
B12bUExGpC5xbLU8uHRzqxH3ciZVAuVZEkyaiFvWpx1Z,,,1787112452,0.0,0.0,0.0,0,0,0,0.0,0.0,1.0,0.0,,,0,0,0,Helius verified first buyer,2026-08-20 04:59:43
BhjVPeQLe6R4pekMEJCaePLesxLRBacup5fiGgWCvDaK,,,1787112452,0.0,0.0,0.0,0,0,0,0.0,0.0,1.0,0.0,,,0,0,0,Helius verified first buyer,2026-08-20 04:59:43
CsQPnACDUsQBTVmcTtUZExn23Cz8vhrKGMN89TiwGTjy,,,1787112453,0.0,0.0,0.0,0,0,0,0.0,0.0,1.0,0.0,,,0,0,0,Helius verified first buyer,2026-08-20 04:59:43
G7s25G2hy78ibUEfrB1A2HNP6Lar3turGAjFPfBCiL3D,,,1787112453,0.0,0.0,0.0,0,0,0,0.0,0.0,1.0,0.0,,,0,0,0,Helius verified first buyer,2026-08-20 04:59:44
7cr41gDR69AhCqk4BMmj6LUf4pzfvazHZpjZi66YUj6j,,,1787112454,0.0,0.0,0.0,0,0,0,0.0,0.0,1.0,0.0,,,0,0,0,Helius verified first buyer,2026-08-20 04:59:44
Dgtg4RfeJWDgh8iygQJtzgqz23ikWbPGpoUqhi2LsKT1,,,1787112454,0.0,0.0,0.0,0,0,0,0.0,0.0,1.0,0.0,,,0,0,0,Helius verified first buyer,2026-08-20 04:59:45
7MC1HarRribEh1EuUfxrULGRYbmpwFsW4mLCwtMuWteb,,,1787112454,0.0,0.0,0.0,0,0,0,0.0,0.0,1.0,0.0,,,0,0,0,Helius verified first buyer,2026-08-20 04:59:45
3zwCTuWk4QPUnCWdLqjbt3pdtxqcyQMPqyAZJyWpD3bz,,,1787112454,0.0,0.0,0.0,0,0,0,0.0,0.0,1.0,0.0,,,0,0,0,Helius verified first buyer,2026-08-20 04:59:45
2DrHPrhWpSREPimzz39t4nu4fnju4s8y7CKpaxncr5Ke,,,1787112454,0.0,0.0,0.0,0,0,0,0.0,0.0,1.0,0.0,,,0,0,0,Helius verified first buyer,2026-08-20 04:59:46
37R46krPpknUCeUsw1D3z7X8MsXYcWKhRpQWNHr2rsfj,,,1787112454,0.0,0.0,0.0,0,0,0,0.0,0.0,1.0,0.0,,,0,0,0,Helius verified first buyer,2026-08-20 04:59:46
7XYBS23m1m3u7m6Q4QcibUyewH4fP4nxhvo4z4QHAoZ5,,,1787112454,0.0,0.0,0.0,0,0,0,0.0,0.0,1.0,0.0,,,0,0,0,Helius verified first buyer,2026-08-20 04:59:46
9v6qKWeruqj1JWtMwSHWWNNZne5yuV4YzHwkhgpGHJtJ,,,1787112455,0.0,0.0,0.0,0,0,0,0.0,0.0,1.0,0.0,,,0,0,0,Helius verified first buyer,2026-08-20 04:59:47
C3z4fL77oJs7Xnk7yYNorts4yX4fCCvZpxE2FpFV5EdF,,,1787112455,0.0,0.0,0.0,0,0,0,0.0,0.0,1.0,0.0,,,0,0,0,Helius verified first buyer,2026-08-20 04:59:47
AbJGhaMWb1wZiScPukuErEMBcgjDv6NibYCUg3GP9TFD,,,1787112455,0.0,0.0,0.0,0,0,0,0.0,0.0,1.0,0.0,,,0,0,0,Helius verified first buyer,2026-08-20 04:59:47
4yvjqiv1EpDi9YVv1JNbFPkxgPU6G2SoDt3bxithtBta,,,1787112455,0.0,0.0,0.0,0,0,0,0.0,0.0,1.0,0.0,,,0,0,0,Helius verified first buyer,2026-08-20 04:59:47
GFNNxdVcDnvB5RXhT7BXtfyG1B2Ei192NaKaA7z4FoYW,,,1787112455,0.0,0.0,0.0,0,0,0,0.0,0.0,1.0,0.0,,,0,0,0,Helius verified first buyer,2026-08-20 04:59:48
EYrVwbBAEzY7ZQwRWHqNgJfzqzqZ1upnCiXzNqrEBQUa,,,1787112456,0.0,0.0,0.0,0,0,0,0.0,0.0,1.0,0.0,,,0,0,0,Helius verified first buyer,2026-08-20 04:59:48
FeDh9B3LamKiBEBFTggV2Yhtt2bycDjRmRxQyhVFpNc2,,,1787112456,0.0,0.0,0.0,0,0,0,0.0,0.0,1.0,0.0,,,0,0,0,Helius verified first buyer,2026-08-20 04:59:48
GnadP56hPGfUMU4KEWtysdfDUjLGfVgecEhA74iiARYs,,,1787112456,0.0,0.0,0.0,0,0,0,0.0,0.0,1.0,0.0,,,0,0,0,Helius verified first buyer,2026-08-20 04:59:48
Fg3k5BQNNaMDHxoaXmwRYE6ZvYfgBEGVauGxNs4Wi5WW,,,1787112456,0.0,0.0,0.0,0,0,0,0.0,0.0,1.0,0.0,,,0,0,0,Helius verified first buyer,2026-08-20 04:59:49
5qqCSd6pU31wAutWSVQbEfnYwisMmwt78UGdvFEyK5wN,,,1787112457,0.0,0.0,0.0,0,0,0,0.0,0.0,1.0,0.0,,,0,0,0,Helius verified first buyer,2026-08-20 04:59:49
GfddizeHM1ibmwwWrbNw8NErTNvBvXkwByxzCbV3boED,,,1787112457,0.0,0.0,0.0,0,0,0,0.0,0.0,1.0,0.0,,,0,0,0,Helius verified first buyer,2026-08-20 04:59:50
1HZ3TJuQigTJnKzef1vy4CMa5rE6ctJKiJFWvBsLGBE,,,1787112457,0.0,0.0,0.0,0,0,0,0.0,0.0,1.0,0.0,,,0,0,0,Helius verified first buyer,2026-08-20 04:59:50
Cdm9bhAHq3EaE8x8Ai2zZnozxHwcuUGrteRJCY8c5ipc,,,1787112457,0.0,0.0,0.0,0,0,0,0.0,0.0,1.0,0.0,,,0,0,0,Helius verified first buyer,2026-08-20 04:59:50
BW5NiBkMWAFYbtgn16YswDkYK7vds8MB52emQPkkMps3,,,1787112457,0.0,0.0,0.0,0,0,0,0.0,0.0,1.0,0.0,,,0,0,0,Helius verified first buyer,2026-08-20 04:59:50
AbtAEFmBeHhyJDLNprRW7nrnAZ4GpELDoa51cpTUkzkK,,,1787112457,0.0,0.0,0.0,0,0,0,0.0,0.0,1.0,0.0,,,0,0,0,Helius verified first buyer,2026-08-20 04:59:51
DnougTja8dnoCFmYCN58KnfwW8XabkG2qy3gVQcv8mgE,,,1787112457,0.0,0.0,0.0,0,0,0,0.0,0.0,1.0,0.0,,,0,0,0,Helius verified first buyer,2026-08-20 04:59:51
HJ4buXwNkFZi7gDHebeuXE8WHNxpcKdsV3fAy9ZKTqse,,,1787112457,0.0,0.0,0.0,0,0,0,0.0,0.0,1.0,0.0,,,0,0,0,Helius verified first buyer,2026-08-20 04:59:51
CuiW4X7QsniHfBRLA2dHJFuYsXkFxz4aQrKhQGtVs9VB,,,1787112458,0.0,0.0,0.0,0,0,0,0.0,0.0,1.0,0.0,,,0,0,0,Helius verified first buyer,2026-08-20 04:59:52
5G9k7pn1tFgsuA4EcU1B8t43QKoZNKC87mo7tjro97NT,,,1787112458,0.0,0.0,0.0,0,0,0,0.0,0.0,1.0,0.0,,,0,0,0,Helius verified first buyer,2026-08-20 04:59:52
BbJFPTPE5GcVYNpyhwPGJYYXxE74KKjX3SorzHfcM74r,,,1787112458,0.0,0.0,0.0,0,0,0,0.0,0.0,1.0,0.0,,,0,0,0,Helius verified first buyer,2026-08-20 04:59:52
9oiGdWYXzFdEayEdoK3edCMV5Z1xujksjtZ5jbn3UiPp,,,1787112459,0.0,0.0,0.0,0,0,0,0.0,0.0,1.0,0.0,,,0,0,0,Helius verified first buyer,2026-08-20 04:59:53
EGaVCHptMa9drdN1Nv9t9zNVWJgtbBfiUsRNkFz7TtLC,,,1787112459,0.0,0.0,0.0,0,0,0,0.0,0.0,1.0,0.0,,,0,0,0,Helius verified first buyer,2026-08-20 04:59:53
GQeyAdwFmy7nAwmGTZBAB6o3okszXTFpoV4jzZ9QyaTY,,,1787112459,0.0,0.0,0.0,0,0,0,0.0,0.0,1.0,0.0,,,0,0,0,Helius verified first buyer,2026-08-20 04:59:53
3KCF9Yf66JCkSQY6kAGP28JVkto4QkaHf8dPW4xipHcN,,,1787112459,0.0,0.0,0.0,0,0,0,0.0,0.0,1.0,0.0,,,0,0,0,Helius verified first buyer,2026-08-20 04:59:54
4UQGmv9vJxSVC2eViZrgyVv1cGfwTvJdX2ShMpKohb8w,,,1787112459,0.0,0.0,0.0,0,0,0,0.0,0.0,1.0,0.0,,,0,0,0,Helius verified first buyer,2026-08-20 04:59:54
CzGidpkQvB6qiJD6ZNmygGnWRNLWsRkpvLiCC5MN23oh,,,1787112459,0.0,0.0,0.0,0,0,0,0.0,0.0,1.0,0.0,,,0,0,0,Helius verified first buyer,2026-08-20 04:59:54
y3qDCrjq64SAS4rB2FfzUtBD3P8cE113xYNobCPeXYx,,,1787112459,0.0,0.0,0.0,0,0,0,0.0,0.0,1.0,0.0,,,0,0,0,Helius verified first buyer,2026-08-20 04:59:55
DHkGZXessArPy87a3ghx38Db2DyUFYavDf5z3fM2gPBx,,,1787112460,0.0,0.0,0.0,0,0,0,0.0,0.0,1.0,0.0,,,0,0,0,Helius verified first buyer,2026-08-20 04:59:55
CtYHB84SAsgatWT6HUpvepMrsss1TSHRahMBgyeis3kg,,,1787112460,0.0,0.0,0.0,0,0,0,0.0,0.0,1.0,0.0,,,0,0,0,Helius verified first buyer,2026-08-20 04:59:55
7rrMNyBJaKVVyUuvRsbDZCjL2694riaxUxs6zhZB7spM,,,1787112460,0.0,0.0,0.0,0,0,0,0.0,0.0,1.0,0.0,,,0,0,0,Helius verified first buyer,2026-08-20 04:59:56
8vr9C9icr2YiTJF8pGQPPKSXQFKXiW153JYVtA8Sj6Vn,,,1787112460,0.0,0.0,0.0,0,0,0,0.0,0.0,1.0,0.0,,,0,0,0,Helius verified first buyer,2026-08-20 04:59:56
3DZexBmKPC8R2B7GqEEaW3jaUVRZdjwCWnMfcVqKuG4b,,,1787112460,0.0,0.0,0.0,0,0,0,0.0,0.0,1.0,0.0,,,0,0,0,Helius verified first buyer,2026-08-20 04:59:56
CDyTtZSS2qTByPjudTCsybp3AXLWsJsqGDjJYX4Dh4WF,,,1787112460,0.0,0.0,0.0,0,0,0,0.0,0.0,1.0,0.0,,,0,0,0,Helius verified first buyer,2026-08-20 04:59:57
AiJCghnkNFD4DepgfssmoeU9HSsHdwLWxN78u69PiMdG,,,1787112461,0.0,0.0,0.0,0,0,0,0.0,0.0,1.0,0.0,,,0,0,0,Helius verified first buyer,2026-08-20 04:59:57
5NaWU3nf4FBJXkHyzqnHLfE9iMArkxvJmgreoCgnNHAr,,,1787112461,0.0,0.0,0.0,0,0,0,0.0,0.0,1.0,0.0,,,0,0,0,Helius verified first buyer,2026-08-20 04:59:57
7qUM8Whf1k1EoKsKJfT81Fa8Ye3UxB9FVAdRa6MJ9Wsw,,,1787112461,0.0,0.0,0.0,0,0,0,0.0,0.0,1.0,0.0,,,0,0,0,Helius verified first buyer,2026-08-20 04:59:58
4LZJD6fWLNeAGuKDBr8mdCw1ek6sbqfr4hsryob8CWWY,,,1787112461,0.0,0.0,0.0,0,0,0,0.0,0.0,1.0,0.0,,,0,0,0,Helius verified first buyer,2026-08-20 04:59:58
GZmhnomR3QbYzqibYxSQ5rYRpKKMuhZzamV1asAwj3UN,,,1787112461,0.0,0.0,0.0,0,0,0,0.0,0.0,1.0,0.0,,,0,0,0,Helius verified first buyer,2026-08-20 04:59:59
571MBYdWX1VNri8vUoCtMpUJRGRjmZ9xpxexbKTjMtoo,,,1787112461,0.0,0.0,0.0,0,0,0,0.0,0.0,1.0,0.0,,,0,0,0,Helius verified first buyer,2026-08-20 04:59:59
CCC4dJPkKKwJpt2g6RFT3VQ9ZhfpSFrpr9or8TxTEk4r,,,1787112462,0.0,0.0,0.0,0,0,0,0.0,0.0,1.0,0.0,,,0,0,0,Helius verified first buyer,2026-08-20 04:59:59
FMTewQXSMtUbg1CmURD6HHAe7uJaTxWsS9i65FCsGXqN,,,1787112462,0.0,0.0,0.0,0,0,0,0.0,0.0,1.0,0.0,,,0,0,0,Helius verified first buyer,2026-08-20 05:00:00
67b818bXow5UhrAn5c9Mpwp4AX1VLzM6DmbT5acs8uRb,,,1787112462,0.0,0.0,0.0,0,0,0,0.0,0.0,1.0,0.0,,,0,0,0,Helius verified first buyer,2026-08-20 05:00:00
Dum4XjG1dJMDa92oNWqQgPEihDjNpWREsemPypKCLTx7,,,1787112463,0.0,0.0,0.0,0,0,0,0.0,0.0,1.0,0.0,,,0,0,0,Helius verified first buyer,2026-08-20 05:00:01
DatnsKFSwaRPe8vycGMpuKmcf6y3Mr9RScoP8buj6tFv,,,1787112463,0.0,0.0,0.0,0,0,0,0.0,0.0,1.0,0.0,,,0,0,0,Helius verified first buyer,2026-08-20 05:00:01
6eaWV1X2ZdsNYvQidCb15wZu8PNg9atmTjVw3r4QNHo4,,,1787112463,0.0,0.0,0.0,0,0,0,0.0,0.0,1.0,0.0,,,0,0,0,Helius verified first buyer,2026-08-20 05:00:01
EJdZrXN6mF6nw2RurU3FYhTPF8SLZjHSSgeb1VneAGvh,,,1787112463,0.0,0.0,0.0,0,0,0,0.0,0.0,1.0,0.0,,,0,0,0,Helius verified first buyer,2026-08-20 05:00:01
DubLGumsptRwmAhBWtyhwi9JRw54JLwcoa2ZXv1wt8Fb,,,1787112463,0.0,0.0,0.0,0,0,0,0.0,0.0,1.0,0.0,,,0,0,0,Helius verified first buyer,2026-08-20 05:00:02
E7WocyPVdGCKTGKGa9Z2tzgXcebxdVt6v599dTEvA2if,,,1787112463,0.0,0.0,0.0,0,0,0,0.0,0.0,1.0,0.0,,,0,0,0,Helius verified first buyer,2026-08-20 05:00:02
4JF2XZHwApKco5MUVXy4imQ2qBoSwWY9CbA8a7ShnCxp,,,1787112463,0.0,0.0,0.0,0,0,0,0.0,0.0,1.0,0.0,,,0,0,0,Helius verified first buyer,2026-08-20 05:00:03
3auXgkebDJkmC3Wu9mm6Yb33xrFbSQRNy1Wc6Ww2V1dd,,,1787112464,0.0,0.0,0.0,0,0,0,0.0,0.0,1.0,0.0,,,0,0,0,Helius verified first buyer,2026-08-20 05:00:03
CMY2htD3jfNyhWfpD55qouNNdrQMrHKHhz2eBAUYpsva,,,1787112464,0.0,0.0,0.0,0,0,0,0.0,0.0,1.0,0.0,,,0,0,0,Helius verified first buyer,2026-08-20 05:00:04
BWrCrE67ViZxoiDkLC9gT2GzwdRcjKPoJFomZhSHjPth,,,1787112464,0.0,0.0,0.0,0,0,0,0.0,0.0,1.0,0.0,,,0,0,0,Helius verified first buyer,2026-08-20 05:00:04
CYLMmVp7GAtqhzY2zP5QcUpM9wzopgVeadDedH6vgdZp,,,1787112464,0.0,0.0,0.0,0,0,0,0.0,0.0,1.0,0.0,,,0,0,0,Helius verified first buyer,2026-08-20 05:00:04
BfFEPCURdPfYcPLxtufYsw6YkzdjxWZJNLtAq5HdFha6,,,1787112465,0.0,0.0,0.0,0,0,0,0.0,0.0,1.0,0.0,,,0,0,0,Helius verified first buyer,2026-08-20 05:00:05
ByHnYLSbNCyjq3BCjogCwRiEaYduHQ6kDQMnKgwGAJw4,,,1787112465,0.0,0.0,0.0,0,0,0,0.0,0.0,1.0,0.0,,,0,0,0,Helius verified first buyer,2026-08-20 05:00:05
G4zBTknFCm6v31L3RxU5AFEAGxdu8hy9VgV1DcEDsJaf,,,1787112465,0.0,0.0,0.0,0,0,0,0.0,0.0,1.0,0.0,,,0,0,0,Helius verified first buyer,2026-08-20 05:00:05
9p9jvnpnMDNhGNpEHwWYUyVy99SWbskfdcrMfP4GN6J6,,,1787112465,0.0,0.0,0.0,0,0,0,0.0,0.0,1.0,0.0,,,0,0,0,Helius verified first buyer,2026-08-20 05:00:06
9QQTSsq1fVYiaa2B1xQ2TBUYYnaG67fKXUPS1qM89rYe,,,1787112465,0.0,0.0,0.0,0,0,0,0.0,0.0,1.0,0.0,,,0,0,0,Helius verified first buyer,2026-08-20 05:00:06
HmRT8wTEFAUQemJHF78wwQg35Q1XzPLGXEvBCBCg8BvY,,,1787112466,0.0,0.0,0.0,0,0,0,0.0,0.0,1.0,0.0,,,0,0,0,Helius verified first buyer,2026-08-20 05:00:06
BGEUzpStMEC3Sg5zT9wZNPQYQhcon2MTM51YtKfoUSgx,,,1787112466,0.0,0.0,0.0,0,0,0,0.0,0.0,1.0,0.0,,,0,0,0,Helius verified first buyer,2026-08-20 05:00:07
3V6DDgbiRwbpiwQjcd3QPtjWEDNdyQHnG6Y7tDUkgG7u,,,1787112466,0.0,0.0,0.0,0,0,0,0.0,0.0,1.0,0.0,,,0,0,0,Helius verified first buyer,2026-08-20 05:00:07
3H3t9bTova5qkNtfQSavLRogaFjYqMsSVQiGqQe61bre,,,1787112466,0.0,0.0,0.0,0,0,0,0.0,0.0,1.0,0.0,,,0,0,0,Helius verified first buyer,2026-08-20 05:00:07
HHtxrxHoP96H7fktU9xokibRh1tML4AqXrDLMAhaPqx9,,,1787112466,0.0,0.0,0.0,0,0,0,0.0,0.0,1.0,0.0,,,0,0,0,Helius verified first buyer,2026-08-20 05:00:08
6fx3sbPDBwhngRkrHBZ6AKnxp8cAakvhBC8SpnBwYHug,,,1787112466,0.0,0.0,0.0,0,0,0,0.0,0.0,1.0,0.0,,,0,0,0,Helius verified first buyer,2026-08-20 05:00:08
Bue813F7cHctiTe6MHQDtoLwxskSdqa9qL6PNEy8zo4B,,,1787112467,0.0,0.0,0.0,0,0,0,0.0,0.0,1.0,0.0,,,0,0,0,Helius verified first buyer,2026-08-20 05:00:09
2XRbyPreKUozkki8pDQVEqPGDfDdHeXfHxydZkB33RfZ,,,1787112467,0.0,0.0,0.0,0,0,0,0.0,0.0,1.0,0.0,,,0,0,0,Helius verified first buyer,2026-08-20 05:00:10
8QhhPpsf5Dk7ixA4JAK5DA8oZody9qzi7Rsu1WfdmRzL,,,1787112467,0.0,0.0,0.0,0,0,0,0.0,0.0,1.0,0.0,,,0,0,0,Helius verified first buyer,2026-08-20 05:00:10
2e1KhZFFHKSbzqgu2XayqjeqTYR5vFMB8dRsP7Arxdne,,,1787112468,0.0,0.0,0.0,0,0,0,0.0,0.0,1.0,0.0,,,0,0,0,Helius verified first buyer,2026-08-20 05:00:10
6GVaWmg4U7fAzyug594onEAp85F5ha1RUji2kK7JGuf5,,,1787112468,0.0,0.0,0.0,0,0,0,0.0,0.0,1.0,0.0,,,0,0,0,Helius verified first buyer,2026-08-20 05:00:11
CXDwMzncmrifGu9mLtYrL3cVkqLRyTfDKwYoVBzxuHRr,,,1787112468,0.0,0.0,0.0,0,0,0,0.0,0.0,1.0,0.0,,,0,0,0,Helius verified first buyer,2026-08-20 05:00:11
4UJJDigyerxABYrJn7KBNE1U9QkiSuahFQ5iQfTM8yav,,,1787112468,0.0,0.0,0.0,0,0,0,0.0,0.0,1.0,0.0,,,0,0,0,Helius verified first buyer,2026-08-20 05:00:12
3Q9TcPHyLwjNhi46wDMs4e8fv18z2bEqgopfVUKZUpqH,,,1787112468,0.0,0.0,0.0,0,0,0,0.0,0.0,1.0,0.0,,,0,0,0,Helius verified first buyer,2026-08-20 05:00:12
EXFHo3GRHnMQ5P9zi8n31MFLxBRXoc88CgYZUzjcPWvQ,,,1787112469,0.0,0.0,0.0,0,0,0,0.0,0.0,1.0,0.0,,,0,0,0,Helius verified first buyer,2026-08-20 05:00:12
C5UrpYZSBSuuK4jRTLefVjz6BiBmADhQY21BrjLQ5dHz,,,1787112469,0.0,0.0,0.0,0,0,0,0.0,0.0,1.0,0.0,,,0,0,0,Helius verified first buyer,2026-08-20 05:00:13
Foi4mFhpmYu8a9fpiUSEMV3podihce9Wq3cmYERoprBn,,,1787112469,0.0,0.0,0.0,0,0,0,0.0,0.0,1.0,0.0,,,0,0,0,Helius verified first buyer,2026-08-20 05:00:13
2LiNuwFejJwb3vLkPtKViDJSGcdJ26oPBxA84kpp4QMt,,,1787112469,0.0,0.0,0.0,0,0,0,0.0,0.0,1.0,0.0,,,0,0,0,Helius verified first buyer,2026-08-20 05:00:13
2acHUi1kw8kCDroeAcmW1DcctRTaTLNKKgukWDM6gs5C,,,1787112470,0.0,0.0,0.0,0,0,0,0.0,0.0,1.0,0.0,,,0,0,0,Helius verified first buyer,2026-08-20 05:00:14
6Cfc3Tshf3arxiyuTtpT9hKkPjLJB77p1sbibfiGis3v,,,1787112470,0.0,0.0,0.0,0,0,0,0.0,0.0,1.0,0.0,,,0,0,0,Helius verified first buyer,2026-08-20 05:00:14
85ry2RZ2vNSeMyxK4EZxwQtiP92qSkSPuQbG4XaCAiFs,,,1787112470,0.0,0.0,0.0,0,0,0,0.0,0.0,1.0,0.0,,,0,0,0,Helius verified first buyer,2026-08-20 05:00:14
9PepJaHtErQZZvsswhUorkMxa9YH7xUv1p4h4HobdaB9,,,1787112470,0.0,0.0,0.0,0,0,0,0.0,0.0,1.0,0.0,,,0,0,0,Helius verified first buyer,2026-08-20 05:03:32
AxmGgxMaQSTjFJ4SrpR4T31VN9aCAqFTH8NxMZMmJNTD,,,1787112470,0.0,0.0,0.0,0,0,0,0.0,0.0,1.0,0.0,,,0,0,0,Helius verified first buyer,2026-08-20 05:00:15
AY8RZPn7KFs1YkTGdsq4PWoREEyufor3Pp34jE1GbCnU,,,1787112470,0.0,0.0,0.0,0,0,0,0.0,0.0,1.0,0.0,,,0,0,0,Helius verified first buyer,2026-08-20 05:00:15
3xoTWuB1MkXNBhLxqQH2TBrVtcsVFuk6vDJMfGrgCC8z,,,1787112471,0.0,0.0,0.0,0,0,0,0.0,0.0,1.0,0.0,,,0,0,0,Helius verified first buyer,2026-08-20 05:00:15
9C3fGGbeiWoKtjZTRCu3r3CuCEeJkwVV4w2nokzt3yhP,,,1787112471,0.0,0.0,0.0,0,0,0,0.0,0.0,1.0,0.0,,,0,0,0,Helius verified first buyer,2026-08-20 05:00:16
3hW53CF1afnn7zSEtmu9pdMUZrcs5YjxvYsBAybTs5Ur,,,1787112471,0.0,0.0,0.0,0,0,0,0.0,0.0,1.0,0.0,,,0,0,0,Helius verified first buyer,2026-08-20 05:00:16
7JzwgSwdWPGKtx8pmvfBW9Y1f5tEuyBENVgm1pXwbNtt,,,1787112471,0.0,0.0,0.0,0,0,0,0.0,0.0,1.0,0.0,,,0,0,0,Helius verified first buyer,2026-08-20 05:00:16
E6LXCHvfzmHuU52rSrvLC7uXmRqgYUYHtJ4x5T2T99v8,,,1787112471,0.0,0.0,0.0,0,0,0,0.0,0.0,1.0,0.0,,,0,0,0,Helius verified first buyer,2026-08-20 05:00:17
9doHWd7BYec7Gjy3qj2QvFFeG8UQ3LFUSH43JQhyQR32,,,1787112471,0.0,0.0,0.0,0,0,0,0.0,0.0,1.0,0.0,,,0,0,0,Helius verified first buyer,2026-08-20 05:00:17
8bdrt6rppBC7317uHZRpVSHFn9oXaoamm2od2gPjUruT,,,1787112471,0.0,0.0,0.0,0,0,0,0.0,0.0,1.0,0.0,,,0,0,0,Helius verified first buyer,2026-08-20 05:00:17
FzBPuRhCW4xuKuCLxkBCrWxKWvCBpK92FtwnZAV12Li5,,,1787112472,0.0,0.0,0.0,0,0,0,0.0,0.0,1.0,0.0,,,0,0,0,Helius verified first buyer,2026-08-20 05:00:18
3UvdF5aC2NSCz5nvQKHG5sSZRivZDETAQTKJj1Z7hKwH,,,1787112472,0.0,0.0,0.0,0,0,0,0.0,0.0,1.0,0.0,,,0,0,0,Helius verified first buyer,2026-08-20 05:00:18
H2Yaydp24uvcha1KVzk5QX2Hc7vXVY2dTHVtp1iELZsS,,,1787112472,0.0,0.0,0.0,0,0,0,0.0,0.0,1.0,0.0,,,0,0,0,Helius verified first buyer,2026-08-20 05:00:19
19QqVihzZXwZ3VaW74i3t9TR8Mk1rW8ParNWdJfAX5U,,,1787112472,0.0,0.0,0.0,0,0,0,0.0,0.0,1.0,0.0,,,0,0,0,Helius verified first buyer,2026-08-20 05:00:19
Aod4knQEUTezY2fGtTMF9gWrXcepvURdVAo9rXjmzkzX,,,1787112473,0.0,0.0,0.0,0,0,0,0.0,0.0,1.0,0.0,,,0,0,0,Helius verified first buyer,2026-08-20 05:00:20
B6hL2a57o1UmZ6JxVh1Faf4zcWpSceigPdCDMEe8xMxD,,,1787112473,0.0,0.0,0.0,0,0,0,0.0,0.0,1.0,0.0,,,0,0,0,Helius verified first buyer,2026-08-20 05:00:20
2jNLW74j7KtkuBT9tT7oZawhkk5eUjxLYXu9bBe7pfqT,,,1787112473,0.0,0.0,0.0,0,0,0,0.0,0.0,1.0,0.0,,,0,0,0,Helius verified first buyer,2026-08-20 05:00:20
98uVSuJWmYrtNCNZbe8e6J8KzGEnLSCKEBnwvYY2Ne68,,,1787112473,0.0,0.0,0.0,0,0,0,0.0,0.0,1.0,0.0,,,0,0,0,Helius verified first buyer,2026-08-20 05:00:21
ABJ2c97iZ16PCsx9EBcJ1B8yaAaUaoVSZY1fjWeXnHFB,,,1787112473,0.0,0.0,0.0,0,0,0,0.0,0.0,1.0,0.0,,,0,0,0,Helius verified first buyer,2026-08-20 05:00:21
9rzG7HJJySyp1HXexXznZgrxYyEsktNeJmUREDtGvogY,,,1787112473,0.0,0.0,0.0,0,0,0,0.0,0.0,1.0,0.0,,,0,0,0,Helius verified first buyer,2026-08-20 05:00:21
HjZ1ySgbYAvUnspF5oZQzBb6LF7tCGdUNeeHWeXEMjoo,,,1787112474,0.0,0.0,0.0,0,0,0,0.0,0.0,1.0,0.0,,,0,0,0,Helius verified first buyer,2026-08-20 05:00:21
HpVb8JX9pJ3hZB3ea44zmbgsFgf9Upwm2FEdBNP3rm8i,,,1787112474,0.0,0.0,0.0,0,0,0,0.0,0.0,1.0,0.0,,,0,0,0,Helius verified first buyer,2026-08-20 05:00:22
7m7cyLzdWMmZSKQmyKpyu3gEiDU2ioBrz3Bx5ELtykRW,,,1787112474,0.0,0.0,0.0,0,0,0,0.0,0.0,1.0,0.0,,,0,0,0,Helius verified first buyer,2026-08-20 05:00:22
9GLFoahBan9Rp43W8E9BDNmP19BFsZzDqsZG4Jwhv4Fx,,,1787112474,0.0,0.0,0.0,0,0,0,0.0,0.0,1.0,0.0,,,0,0,0,Helius verified first buyer,2026-08-20 05:00:22
3B4jR2xcm2iAPzN63buHwXFBjNKyuRzSYTjzEKhnREfX,,,1787112474,0.0,0.0,0.0,0,0,0,0.0,0.0,1.0,0.0,,,0,0,0,Helius verified first buyer,2026-08-20 05:00:23
76bGDvkKxVgbtkUDbDzcbP66sv87U57tDhthSgwkGXu6,,,1787112474,0.0,0.0,0.0,0,0,0,0.0,0.0,1.0,0.0,,,0,0,0,Helius verified first buyer,2026-08-20 05:00:23
9gEkMa1jrayywBdPUToecAN37Y1PZ9PHGdmsDFLAX6KW,,,1787112475,0.0,0.0,0.0,0,0,0,0.0,0.0,1.0,0.0,,,0,0,0,Helius verified first buyer,2026-08-20 05:00:23
B3UkpGLpqw7qEQo4zLuirX9DGszEFXRkBafeEc5rH282,,,1787112475,0.0,0.0,0.0,0,0,0,0.0,0.0,1.0,0.0,,,0,0,0,Helius verified first buyer,2026-08-20 05:00:23
4UtDjkvqvNjMjoLRGeEXyDNSjbQS8BaN4jxepcy7RayB,,,1787112475,0.0,0.0,0.0,0,0,0,0.0,0.0,1.0,0.0,,,0,0,0,Helius verified first buyer,2026-08-20 05:00:24
8e3g9rEje1cmqExirVUq4y1DWjRrh7fCpkHc844uSrzD,,,1787112475,0.0,0.0,0.0,0,0,0,0.0,0.0,1.0,0.0,,,0,0,0,Helius verified first buyer,2026-08-20 05:00:24
GJLXNErMprktRTEgH8VhguZVFqP7U8qgneGR1boPFpKB,,,1787112475,0.0,0.0,0.0,0,0,0,0.0,0.0,1.0,0.0,,,0,0,0,Helius verified first buyer,2026-08-20 05:00:24
zVmYfGdfv3kDXrwWz6XC3ovfa7x4wj5TLq7kPErniZe,,,1787112475,0.0,0.0,0.0,0,0,0,0.0,0.0,1.0,0.0,,,0,0,0,Helius verified first buyer,2026-08-20 05:00:25
4ZAjonUXj7dqcu9rgzEH2AmD81yhs4dKgXVwc91T1BZV,,,1787112475,0.0,0.0,0.0,0,0,0,0.0,0.0,1.0,0.0,,,0,0,0,Helius verified first buyer,2026-08-20 05:00:25
6QVwnix5pXpwXBT8Vc7Fh77uGSLUMkJDSz5SMExwEDcq,,,1787112475,0.0,0.0,0.0,0,0,0,0.0,0.0,1.0,0.0,,,0,0,0,Helius verified first buyer,2026-08-20 05:00:25
9vemtch3y6GswVgobYjX6CcvXYzs2wv8CFFL73j4ytkt,,,1787112476,0.0,0.0,0.0,0,0,0,0.0,0.0,1.0,0.0,,,0,0,0,Helius verified first buyer,2026-08-20 05:00:26
GXXjMHe8EsbhJmQ9h1bNEQsLuiwh4ZUaTRpBoBHgzCED,,,1787112476,0.0,0.0,0.0,0,0,0,0.0,0.0,1.0,0.0,,,0,0,0,Helius verified first buyer,2026-08-20 05:00:26
HGN8hXdHBwygrGGVcBDbZm7qR31aioXjT6w3WdCcjE5A,,,1787112476,0.0,0.0,0.0,0,0,0,0.0,0.0,1.0,0.0,,,0,0,0,Helius verified first buyer,2026-08-20 05:00:26
4yQBN859113zPJi2B9nLcy6ZDLkTFfd1g71gBeZLE8tu,,,1787112477,0.0,0.0,0.0,0,0,0,0.0,0.0,1.0,0.0,,,0,0,0,Helius verified first buyer,2026-08-20 05:00:27
HY6XxgJd6BQT67pNuAWgFZpch1FdN44W5QR5nuTqKg63,,,1787112477,0.0,0.0,0.0,0,0,0,0.0,0.0,1.0,0.0,,,0,0,0,Helius verified first buyer,2026-08-20 05:00:27
5Ey9aVtomYA4j1iHjRYBnY1qQaU5YYyuMpArnq4UMqzc,,,1787112477,0.0,0.0,0.0,0,0,0,0.0,0.0,1.0,0.0,,,0,0,0,Helius verified first buyer,2026-08-20 05:00:27
9Xc6CwysC1XgvaoVLKqKhjo9hBL77LJCG2xCt7iaYfEk,,,1787112477,0.0,0.0,0.0,0,0,0,0.0,0.0,1.0,0.0,,,0,0,0,Helius verified first buyer,2026-08-20 05:00:28
68SZvyASwNV3HMtrwVfh8rjrTTg5qra9UEgyWQDUv22p,,,1787112477,0.0,0.0,0.0,0,0,0,0.0,0.0,1.0,0.0,,,0,0,0,Helius verified first buyer,2026-08-20 05:00:28
4Vz2xjfQXAS8Gt65CxT8vVeo3pYLJhRGK1aiEo8wriDV,,,1787112478,0.0,0.0,0.0,0,0,0,0.0,0.0,1.0,0.0,,,0,0,0,Helius verified first buyer,2026-08-20 05:00:29
AUAXUbsWDhZeV5jiM9FLtC7Nn1PFaNyaYypEvFjESRrv,,,1787112478,0.0,0.0,0.0,0,0,0,0.0,0.0,1.0,0.0,,,0,0,0,Helius verified first buyer,2026-08-20 05:00:29
9a3DVod8CtsWbaMqAZu9PVbo9iMHzQtjzibKN39twrix,,,1787112478,0.0,0.0,0.0,0,0,0,0.0,0.0,1.0,0.0,,,0,0,0,Helius verified first buyer,2026-08-20 05:00:29
FiTnJ8TVzjTbPnXDNh4yyCyUPW2wmyXkzhVe7tMJFitd,,,1787112478,0.0,0.0,0.0,0,0,0,0.0,0.0,1.0,0.0,,,0,0,0,Helius verified first buyer,2026-08-20 05:00:30
8yJgCLvU2BnoSkAfwgok1dPbHJiVBPrkzFWLFhgpXMxD,,,1787112478,0.0,0.0,0.0,0,0,0,0.0,0.0,1.0,0.0,,,0,0,0,Helius verified first buyer,2026-08-20 05:00:30
BCaQZvMPTZ5JPqmj6HniMfuoe6Sk8RuydydWbdbKrfHc,,,1787112478,0.0,0.0,0.0,0,0,0,0.0,0.0,1.0,0.0,,,0,0,0,Helius verified first buyer,2026-08-20 05:00:30
9zJHbuSNiY3yMo7q9UdbxBAU6vShKz2NzV6p5MfRyMU,,,1787112479,0.0,0.0,0.0,0,0,0,0.0,0.0,1.0,0.0,,,0,0,0,Helius verified first buyer,2026-08-20 05:00:31
8tdN5Adg2GFviHP3wRMSWxMbZ6QjEnbAGo5Di6vat5yn,,,1787112479,0.0,0.0,0.0,0,0,0,0.0,0.0,1.0,0.0,,,0,0,0,Helius verified first buyer,2026-08-20 05:00:31
42X1Csem2HZzdnnjMz2Ju7djXabBjJBkLwhiVGopwLGp,,,1787112479,0.0,0.0,0.0,0,0,0,0.0,0.0,1.0,0.0,,,0,0,0,Helius verified first buyer,2026-08-20 05:00:31
DpmrDyc2t1EhwJBfXmdwDEtCN9spMhDCCQRDCT8uqzHs,,,1787112479,0.0,0.0,0.0,0,0,0,0.0,0.0,1.0,0.0,,,0,0,0,Helius verified first buyer,2026-08-20 05:00:32
6vhhdvf9sp5kCrwvfRSwRkzXceMVUZ5fue8jVrmedj4,,,1787112479,0.0,0.0,0.0,0,0,0,0.0,0.0,1.0,0.0,,,0,0,0,Helius verified first buyer,2026-08-20 05:00:32
HDEdexPDhdxw6xHxySNv3gugGk66bTcY5ocaGUarZQxR,,,1787112480,0.0,0.0,0.0,0,0,0,0.0,0.0,1.0,0.0,,,0,0,0,Helius verified first buyer,2026-08-20 05:00:32
HJbsMPg5m6V8qnkL6C6m57NGBfJdcuSXF52LantK6FsE,,,1787112480,0.0,0.0,0.0,0,0,0,0.0,0.0,1.0,0.0,,,0,0,0,Helius verified first buyer,2026-08-20 05:00:33
E6vYRECPqJqBxRrf8CeArvQii7NT6yUYb7fbUPNX9gLs,,,1787112480,0.0,0.0,0.0,0,0,0,0.0,0.0,1.0,0.0,,,0,0,0,Helius verified first buyer,2026-08-20 05:00:33
46uCkASt6gb7ShMKUzgYfyTzJJymxvjddi5ZTskH583a,,,1787112480,0.0,0.0,0.0,0,0,0,0.0,0.0,1.0,0.0,,,0,0,0,Helius verified first buyer,2026-08-20 05:00:33
DvkShN33ynLonBj1f5G2DfeSr1JGJZXDR5wrZhWtggNb,,,1787112480,0.0,0.0,0.0,0,0,0,0.0,0.0,1.0,0.0,,,0,0,0,Helius verified first buyer,2026-08-20 05:00:34
9UXaqSBMNMJcs3qRK8G5sctzpCa21tjgjmPJHwM9YqVK,,,1787112481,0.0,0.0,0.0,0,0,0,0.0,0.0,1.0,0.0,,,0,0,0,Helius verified first buyer,2026-08-20 05:00:34
HUhLPSVEwyEKHRRuKLzh9S5bkw9A4XPZgEr3Fz7wJWYQ,,,1787112481,0.0,0.0,0.0,0,0,0,0.0,0.0,1.0,0.0,,,0,0,0,Helius verified first buyer,2026-08-20 05:00:34
5cDnkffBEX2f3wTuNGq9ejzxoocfKrZ9wYNwMWvVZvaR,,,1787112481,0.0,0.0,0.0,0,0,0,0.0,0.0,1.0,0.0,,,0,0,0,Helius verified first buyer,2026-08-20 05:00:35
HuVKhApZQDRthSicFLZjM5qJz9jWSkPk9fWk2Hspt2q6,,,1787112481,0.0,0.0,0.0,0,0,0,0.0,0.0,1.0,0.0,,,0,0,0,Helius verified first buyer,2026-08-20 05:00:35
FeEGzrR8dvfeVAi77omQJ2fUGPeMDCKSw2uScDRAH4Wy,,,1787112482,0.0,0.0,0.0,0,0,0,0.0,0.0,1.0,0.0,,,0,0,0,Helius verified first buyer,2026-08-20 05:00:36
J6CoBVftpyzbfm9aNN3upgxvfrJpdRYAUEcEvX32Hm1H,,,1787112482,0.0,0.0,0.0,0,0,0,0.0,0.0,1.0,0.0,,,0,0,0,Helius verified first buyer,2026-08-20 05:00:36
4ZcTdZpz1XLgzco1ZX8tByccr8oCZwVaZP7ZTPPDt982,,,1787112482,0.0,0.0,0.0,0,0,0,0.0,0.0,1.0,0.0,,,0,0,0,Helius verified first buyer,2026-08-20 05:00:36
kiNhsMkbgpPMz2f3croug3dzCAvz8RPL5VCebghFhwp,,,1787112482,0.0,0.0,0.0,0,0,0,0.0,0.0,1.0,0.0,,,0,0,0,Helius verified first buyer,2026-08-20 05:00:37
24dbg7KinpS3zgzDDw84jfsUyJWmiSs1j1bHp5TY3LMc,,,1787112482,0.0,0.0,0.0,0,0,0,0.0,0.0,1.0,0.0,,,0,0,0,Helius verified first buyer,2026-08-20 05:00:37
8mYtFYYYdVwi6FCzZGaYrDXhxW23pruCExkbS47XtX5R,,,1787112482,0.0,0.0,0.0,0,0,0,0.0,0.0,1.0,0.0,,,0,0,0,Helius verified first buyer,2026-08-20 05:00:38
BKQNPDdEP5hDKvLhMtj7Mf9vu4SnfYzFGV7FTBcSygTe,,,1787112482,0.0,0.0,0.0,0,0,0,0.0,0.0,1.0,0.0,,,0,0,0,Helius verified first buyer,2026-08-20 05:00:38
4hmvboZFzNXzkFDSyBh3GLLmMDCYiet3PAWvyANmUVkF,,,1787112484,0.0,0.0,0.0,0,0,0,0.0,0.0,1.0,0.0,,,0,0,0,Helius verified first buyer,2026-08-20 05:00:40
5MyzK79qMwewAj9cT3XyVECVtW4puKdkqqvvbcTzFhL9,,,1787112484,0.0,0.0,0.0,0,0,0,0.0,0.0,1.0,0.0,,,0,0,0,Helius verified first buyer,2026-08-20 05:00:40
BY9VCtwjQzsfLCZs31yBC3wsNZboARrgz4A66dssaLkP,,,1787112484,0.0,0.0,0.0,0,0,0,0.0,0.0,1.0,0.0,,,0,0,0,Helius verified first buyer,2026-08-20 05:00:40
7ZbtSKN8Zz2MLsMwUCDSB6j8VBWxuD1gPwJWZbpoj6rL,,,1787112484,0.0,0.0,0.0,0,0,0,0.0,0.0,1.0,0.0,,,0,0,0,Helius verified first buyer,2026-08-20 05:00:41
BBESmPp3cZc4jtUGGcc6aP85XJkZwdndu3HivSw1MuF9,,,1787112484,0.0,0.0,0.0,0,0,0,0.0,0.0,1.0,0.0,,,0,0,0,Helius verified first buyer,2026-08-20 05:00:41
FgHkrucezEszspqddqrRHqbDYsbexYi7Dj2Euwzq6RDE,,,1787112485,0.0,0.0,0.0,0,0,0,0.0,0.0,1.0,0.0,,,0,0,0,Helius verified first buyer,2026-08-20 05:00:41
GTALSpEFDi47RyUZjsTnzMtrNCjFff4xaskBeSRQjyQ5,,,1787112485,0.0,0.0,0.0,0,0,0,0.0,0.0,1.0,0.0,,,0,0,0,Helius verified first buyer,2026-08-20 05:00:41
DveFiXEWqUKvRY8w77AMZifE77YP1Mdm1HzBdEstqji2,,,1787112485,0.0,0.0,0.0,0,0,0,0.0,0.0,1.0,0.0,,,0,0,0,Helius verified first buyer,2026-08-20 05:00:42
4JjRD3FoFyo8XwJnqvCfvNfbZGyR45zHnKtPGsMMLcaC,,,1787112485,0.0,0.0,0.0,0,0,0,0.0,0.0,1.0,0.0,,,0,0,0,Helius verified first buyer,2026-08-20 05:00:42
FqCsEJ9SaxmX6XQwdQVdSgAMa9NcBNDX27sgqmeps5x4,,,1787112485,0.0,0.0,0.0,0,0,0,0.0,0.0,1.0,0.0,,,0,0,0,Helius verified first buyer,2026-08-20 05:00:43
GT4CbvNp8NnkGjCNCuwBm6GegQUUpdC2BgpmpMx8RgCJ,,,1787112486,0.0,0.0,0.0,0,0,0,0.0,0.0,1.0,0.0,,,0,0,0,Helius verified first buyer,2026-08-20 05:00:43
HVd4D7ewwpJUBZrZfgbfStZZowNM7cTgVuY3QsmLwX7S,,,1787112486,0.0,0.0,0.0,0,0,0,0.0,0.0,1.0,0.0,,,0,0,0,Helius verified first buyer,2026-08-20 05:00:43
2XcCjSAEM16fLSoxYQSn1QgC1VwxAyqPs9xyLP63RQmz,,,1787112486,0.0,0.0,0.0,0,0,0,0.0,0.0,1.0,0.0,,,0,0,0,Helius verified first buyer,2026-08-20 05:00:44
6RbY7zYuGkNnX91j3E2Paf8iZFfBH6TV4YHb3eeAYmMB,,,1787112486,0.0,0.0,0.0,0,0,0,0.0,0.0,1.0,0.0,,,0,0,0,Helius verified first buyer,2026-08-20 05:00:44
74N8rrE78TbYEB6GX6USFdWZEDQokW3CSjWJqs494Bat,,,1787112487,0.0,0.0,0.0,0,0,0,0.0,0.0,1.0,0.0,,,0,0,0,Helius verified first buyer,2026-08-20 05:00:44
58nSug44qyjzioidbPmDBXykH7TXMfBWK4JWH36EEnre,,,1787112487,0.0,0.0,0.0,0,0,0,0.0,0.0,1.0,0.0,,,0,0,0,Helius verified first buyer,2026-08-20 05:00:45
6o2Q9wauwVhPAeSuSGBt5d9t7xUc589Xufawsbauq3yV,,,1787112487,0.0,0.0,0.0,0,0,0,0.0,0.0,1.0,0.0,,,0,0,0,Helius verified first buyer,2026-08-20 05:00:45
DqmFYyvQkZuez2bLPtCN6edXdU7NHKPzhkcsPZvncXhj,,,1787112487,0.0,0.0,0.0,0,0,0,0.0,0.0,1.0,0.0,,,0,0,0,Helius verified first buyer,2026-08-20 05:00:45
B8QhzkFi7gMdHZSECvqHPgHRNhHYuWWGTFq83SDfthPn,,,1787112488,0.0,0.0,0.0,0,0,0,0.0,0.0,1.0,0.0,,,0,0,0,Helius verified first buyer,2026-08-20 05:00:46
9iSAEzWM38aoe6CUefHDAW1CZ8BoivkMPtyquRJwe3sJ,,,1787112488,0.0,0.0,0.0,0,0,0,0.0,0.0,1.0,0.0,,,0,0,0,Helius verified first buyer,2026-08-20 05:00:46
J8e4YdvpaA8BjX3dDcPHYgYuGA7NXEvyuFYLMYhRf2sa,,,1787112488,0.0,0.0,0.0,0,0,0,0.0,0.0,1.0,0.0,,,0,0,0,Helius verified first buyer,2026-08-20 05:00:47
GadDaEgdjpwJRrgANTqbMTyUP24D3vvkKRtYCb29kTDK,,,1787112488,0.0,0.0,0.0,0,0,0,0.0,0.0,1.0,0.0,,,0,0,0,Helius verified first buyer,2026-08-20 05:00:47
5rdGFWVcf2JVyMEyN6Eq42sEotJFNMFrAHD6QvoY5Jwb,,,1787112488,0.0,0.0,0.0,0,0,0,0.0,0.0,1.0,0.0,,,0,0,0,Helius verified first buyer,2026-08-20 05:00:47
HC1QFCWWyzbrxy2fpVZ94xwZGy9hqxhQJb9XCKpMCFiK,,,1787112489,0.0,0.0,0.0,0,0,0,0.0,0.0,1.0,0.0,,,0,0,0,Helius verified first buyer,2026-08-20 05:00:47
FtfYLpGa6ZMAQ9rFJ7fzGGLo2KWhGSFvU19mhBrQw8yn,,,1787112489,0.0,0.0,0.0,0,0,0,0.0,0.0,1.0,0.0,,,0,0,0,Helius verified first buyer,2026-08-20 05:00:48
rU9s1cbmdYbwZtzqgh3aBFRbhndjRFY29Emi5g7XR51,,,1787112489,0.0,0.0,0.0,0,0,0,0.0,0.0,1.0,0.0,,,0,0,0,Helius verified first buyer,2026-08-20 05:00:48
GYpwzJpc7LHAj5avvCxjTK98cKAdtoGZdo5L1iXb7nsd,,,1787112490,0.0,0.0,0.0,0,0,0,0.0,0.0,1.0,0.0,,,0,0,0,Helius verified first buyer,2026-08-20 05:00:49
BCyXr4NUBGS9x7QhFBMCLaq5XBmDTpB16kGpyEwHZjYf,,,1787112490,0.0,0.0,0.0,0,0,0,0.0,0.0,1.0,0.0,,,0,0,0,Helius verified first buyer,2026-08-20 05:00:49
TTUCrpAPSWJSC8t8qtcmhuAfXowV2FtR7UuW3hRyAhQ,,,1787112490,0.0,0.0,0.0,0,0,0,0.0,0.0,1.0,0.0,,,0,0,0,Helius verified first buyer,2026-08-20 05:00:49
BJkdudFxtcv1Y4HyHeNpXwezj8jHsZW9xBxoAomyGj1b,,,1787112490,0.0,0.0,0.0,0,0,0,0.0,0.0,1.0,0.0,,,0,0,0,Helius verified first buyer,2026-08-20 05:00:50
8CZfA5szdubLQKhfdY3VbatNFCcMuhzT4oVd1oUnEQzU,,,1787112490,0.0,0.0,0.0,0,0,0,0.0,0.0,1.0,0.0,,,0,0,0,Helius verified first buyer,2026-08-20 05:00:50
GH4cNTKfA9KbjMubyB1LMvpSFFhybg58HtAyjZnEzvNg,,,1787112490,0.0,0.0,0.0,0,0,0,0.0,0.0,1.0,0.0,,,0,0,0,Helius verified first buyer,2026-08-20 05:00:51
Hzo3C9pqCatScXzPycWPaPAZJCr6A893tzhKzr5Sw9FH,,,1787112491,0.0,0.0,0.0,0,0,0,0.0,0.0,1.0,0.0,,,0,0,0,Helius verified first buyer,2026-08-20 05:00:51
5xzQ6vQrCUL53CjpieJWd9BpbZ3srFKRwRKCsQDzEtqk,,,1787112491,0.0,0.0,0.0,0,0,0,0.0,0.0,1.0,0.0,,,0,0,0,Helius verified first buyer,2026-08-20 05:00:51
BTj3bdrFni3oXfmoXy5s5KWHb4kXJT2PVtieJCgQf1TE,,,1787112491,0.0,0.0,0.0,0,0,0,0.0,0.0,1.0,0.0,,,0,0,0,Helius verified first buyer,2026-08-20 05:00:52
44585zKwC2FK2LTZDY8TXG92bzAyfLbuMcbrEkwZgZJn,,,1787112491,0.0,0.0,0.0,0,0,0,0.0,0.0,1.0,0.0,,,0,0,0,Helius verified first buyer,2026-08-20 05:00:52
4chqUGEd74t8LGGipstSWrDMcomgo3LSRv84NN8GVLww,,,1787112492,0.0,0.0,0.0,0,0,0,0.0,0.0,1.0,0.0,,,0,0,0,Helius verified first buyer,2026-08-20 05:00:53
HpznURmRwAp1fa5LBfXNZFULB2M8rZgtGoPZELbtEfP1,,,1787112492,0.0,0.0,0.0,0,0,0,0.0,0.0,1.0,0.0,,,0,0,0,Helius verified first buyer,2026-08-20 05:00:53
7QPYJx19NXWuFrYJME5WK1q8HYw2eShRVWgr6WrFWLAT,,,1787112492,0.0,0.0,0.0,0,0,0,0.0,0.0,1.0,0.0,,,0,0,0,Helius verified first buyer,2026-08-20 05:00:53
8dAEhUXVVpfEfqmsgyGXEHoeX1muzzfDapgGh4V6dNVx,,,1787112492,0.0,0.0,0.0,0,0,0,0.0,0.0,1.0,0.0,,,0,0,0,Helius verified first buyer,2026-08-20 05:00:54
3z9Kt5FQJpWohTCDN3DCf2NExCLv1ghxXyboX32NPoLz,,,1787112492,0.0,0.0,0.0,0,0,0,0.0,0.0,1.0,0.0,,,0,0,0,Helius verified first buyer,2026-08-20 05:00:54
GAeuDpJ1HyMVDwLzQ9DULLtW7MoahHay1WncAUszkR5n,,,1787112492,0.0,0.0,0.0,0,0,0,0.0,0.0,1.0,0.0,,,0,0,0,Helius verified first buyer,2026-08-20 05:00:54
Byuxqo4io4YMFkEMLvfC9tGi3Zqsce8wLLWGPpsbwRiC,,,1787112492,0.0,0.0,0.0,0,0,0,0.0,0.0,1.0,0.0,,,0,0,0,Helius verified first buyer,2026-08-20 05:00:55
C3ty9MJuZDgW7GMvktwVHwEybDQ13XVjSDDaZh6JBmHA,,,1787112493,0.0,0.0,0.0,0,0,0,0.0,0.0,1.0,0.0,,,0,0,0,Helius verified first buyer,2026-08-20 05:00:55
Ebz6Cv1RzxD9XxRLrELAz6UpHhykLFQUGBFZL4Cq8245,,,1787112493,0.0,0.0,0.0,0,0,0,0.0,0.0,1.0,0.0,,,0,0,0,Helius verified first buyer,2026-08-20 05:00:55
2KxvvwfA8yhKHT9UA1ks6K4E6SzHxRDmSFH1jp66XXoq,,,1787112493,0.0,0.0,0.0,0,0,0,0.0,0.0,1.0,0.0,,,0,0,0,Helius verified first buyer,2026-08-20 05:00:56
7g1au9Ea1bqoFttNMTRQWrds7XRtpgssHfGNo3WKjT8d,,,1787112493,0.0,0.0,0.0,0,0,0,0.0,0.0,1.0,0.0,,,0,0,0,Helius verified first buyer,2026-08-20 05:00:56
HoTZMq8NF8j98DbKp2zHgiS1s728hYwbGUpZVisiYbYf,,,1787112494,0.0,0.0,0.0,0,0,0,0.0,0.0,1.0,0.0,,,0,0,0,Helius verified first buyer,2026-08-20 05:00:56
9V5WmYmEY5MW8gRtqjoGhGgovf5kfwepgULq7g5HqLjv,,,1787112494,0.0,0.0,0.0,0,0,0,0.0,0.0,1.0,0.0,,,0,0,0,Helius verified first buyer,2026-08-20 05:00:57
BAPbHpy9SL8SQCXniVGzX2CCaFHpWnhH6JpLs2RBCcio,,,1787112494,0.0,0.0,0.0,0,0,0,0.0,0.0,1.0,0.0,,,0,0,0,Helius verified first buyer,2026-08-20 05:00:57
FD9gUC1BAisTjv45oVAAd8nEi2yoUroeHEY1HLfvLHVC,,,1787112494,0.0,0.0,0.0,0,0,0,0.0,0.0,1.0,0.0,,,0,0,0,Helius verified first buyer,2026-08-20 05:00:57
GyvtwCiFV7RUy7N2uNsJfwPeqZEedbF6Xr8vVJU5DiRY,,,1787112494,0.0,0.0,0.0,0,0,0,0.0,0.0,1.0,0.0,,,0,0,0,Helius verified first buyer,2026-08-20 05:00:58
HDpXeTTFY3J35BVjH6WiBT5Gu6KnSRypHp9hBJ3DwnTe,,,1787112495,0.0,0.0,0.0,0,0,0,0.0,0.0,1.0,0.0,,,0,0,0,Helius verified first buyer,2026-08-20 05:00:58
CKzD4Bi7JcHQbDfov49rVNsAaPAYGy6QSKSdUq8nhd6,,,1787112495,0.0,0.0,0.0,0,0,0,0.0,0.0,1.0,0.0,,,0,0,0,Helius verified first buyer,2026-08-20 05:00:58
AmnfSkUt3BQurASge2AvMBxfzgStHozWmDEFktny9XKu,,,1787112495,0.0,0.0,0.0,0,0,0,0.0,0.0,1.0,0.0,,,0,0,0,Helius verified first buyer,2026-08-20 05:00:58
4sAUcWoc1aBqz3RGoSngd4JEwBp7K8DgtdPRdmLv3GHw,,,1787112495,0.0,0.0,0.0,0,0,0,0.0,0.0,1.0,0.0,,,0,0,0,Helius verified first buyer,2026-08-20 05:00:59
3YtAE4E3ashTef6poLXgPcKexWoensycvDmD7Hh1LwQC,,,1787112496,0.0,0.0,0.0,0,0,0,0.0,0.0,1.0,0.0,,,0,0,0,Helius verified first buyer,2026-08-20 05:00:59
6TEkCsD1ZVJAEP6SQAheeJcg5nATPFM5EA6azrebLarD,,,1787112496,0.0,0.0,0.0,0,0,0,0.0,0.0,1.0,0.0,,,0,0,0,Helius verified first buyer,2026-08-20 05:00:59
864z2dpvKiBpT9X5shutozynazeDMqzY9JHestQ5E4es,,,1787112496,0.0,0.0,0.0,0,0,0,0.0,0.0,1.0,0.0,,,0,0,0,Helius verified first buyer,2026-08-20 05:01:00
EuCSyqjR5AQ5MD3755gJVnkVAJC95vf6D2K5Ao3fpN7i,,,1787112496,0.0,0.0,0.0,0,0,0,0.0,0.0,1.0,0.0,,,0,0,0,Helius verified first buyer,2026-08-20 05:01:00
Dxi6hUtC8yQcbxoujRb8ScUA9MduxssGnKem34rXzg8X,,,1787112496,0.0,0.0,0.0,0,0,0,0.0,0.0,1.0,0.0,,,0,0,0,Helius verified first buyer,2026-08-20 05:01:00
5vPH3ET8xbndWXPRFgLRnKjb4vMZjX11yiJKfnVnkdcC,,,1787112496,0.0,0.0,0.0,0,0,0,0.0,0.0,1.0,0.0,,,0,0,0,Helius verified first buyer,2026-08-20 05:01:00
FGjYFFURD3j8kt96rTTy9bsmGeGurTGj6Q8NjtnsV2xo,,,1787112496,0.0,0.0,0.0,0,0,0,0.0,0.0,1.0,0.0,,,0,0,0,Helius verified first buyer,2026-08-20 05:01:01
3R3HBUsUzjad5xpS7EZzFYbdPY35Q2m1UKwxqkqvXrqB,,,1787112497,0.0,0.0,0.0,0,0,0,0.0,0.0,1.0,0.0,,,0,0,0,Helius verified first buyer,2026-08-20 05:01:01
3kuH2ak9fGc4dgVFqaSqP4WWeir8x9CBVKu23WKopiTT,,,1787112497,0.0,0.0,0.0,0,0,0,0.0,0.0,1.0,0.0,,,0,0,0,Helius verified first buyer,2026-08-20 05:01:01
C1nGU6rmsZSzQGq1BXvFKP1txF8sWhCJA8sLgYbHrwfR,,,1787112497,0.0,0.0,0.0,0,0,0,0.0,0.0,1.0,0.0,,,0,0,0,Helius verified first buyer,2026-08-20 05:01:01
7pGYR4DySAAr9QZNbW8uoxjzpY1XUncU5Ett2QCzbCo7,,,1787112497,0.0,0.0,0.0,0,0,0,0.0,0.0,1.0,0.0,,,0,0,0,Helius verified first buyer,2026-08-20 05:01:02
HnyNpCEUoVw5RFL8gifaybVgaYsNuwMyd2jZzYf3ErNC,,,1787112497,0.0,0.0,0.0,0,0,0,0.0,0.0,1.0,0.0,,,0,0,0,Helius verified first buyer,2026-08-20 05:01:02
Ec4TytxdFVCWNauL4Hi9hXb6bG9WvvcRz5nDvyFgeBpn,,,1787112498,0.0,0.0,0.0,0,0,0,0.0,0.0,1.0,0.0,,,0,0,0,Helius verified first buyer,2026-08-20 05:01:03
AupUbYJ5dByn17BZV9aYqVDYUSwDFgQgBsjLCRrw46Xy,,,1787112498,0.0,0.0,0.0,0,0,0,0.0,0.0,1.0,0.0,,,0,0,0,Helius verified first buyer,2026-08-20 05:01:04
2pRkua6n2xCD2MujebeYw79TKcWazKCvMveAJjDGELeV,,,1787112498,0.0,0.0,0.0,0,0,0,0.0,0.0,1.0,0.0,,,0,0,0,Helius verified first buyer,2026-08-20 05:01:04
ApxQo9uuYuv4ad5DVAesf3mX8xQsag5ntqbBu7rk5MJK,,,1787112499,0.0,0.0,0.0,0,0,0,0.0,0.0,1.0,0.0,,,0,0,0,Helius verified first buyer,2026-08-20 05:01:05
EaL1cxPxRGnfcxzYPz85vizq519U8D4HM1KT45nsBjyE,,,1787112499,0.0,0.0,0.0,0,0,0,0.0,0.0,1.0,0.0,,,0,0,0,Helius verified first buyer,2026-08-20 05:01:05
BzbUW1LS78X8tn9kioG9arz4XFRhtNTVqnjF3P3Jqitx,,,1787112499,0.0,0.0,0.0,0,0,0,0.0,0.0,1.0,0.0,,,0,0,0,Helius verified first buyer,2026-08-20 05:01:05
9CCzdSyWxx62vd1HZ4aC7aQGguNo1RDL8XVN71eJ5CTG,,,1787112499,0.0,0.0,0.0,0,0,0,0.0,0.0,1.0,0.0,,,0,0,0,Helius verified first buyer,2026-08-20 05:01:06
DuWxFPCo9YMT7Sq1BdH5EdH9tWJp48ykF7MKPhJRYcjo,,,1787112499,0.0,0.0,0.0,0,0,0,0.0,0.0,1.0,0.0,,,0,0,0,Helius verified first buyer,2026-08-20 05:01:06
9aFbxozzKLQTMXfyMhsRzDqsBrCMe1u92sgLN4g1pfPz,,,1787112500,0.0,0.0,0.0,0,0,0,0.0,0.0,1.0,0.0,,,0,0,0,Helius verified first buyer,2026-08-20 05:01:06
EReZemPJGQRbDizuSTx72SSb3BoRjmzhc7c4K4AAJ499,,,1787112500,0.0,0.0,0.0,0,0,0,0.0,0.0,1.0,0.0,,,0,0,0,Helius verified first buyer,2026-08-20 05:01:07
43CkDKm8CTHb4hNNMyN1MHcPsBLtsvqxvpwxkjRxb7xa,,,1787112500,0.0,0.0,0.0,0,0,0,0.0,0.0,1.0,0.0,,,0,0,0,Helius verified first buyer,2026-08-20 05:01:07
ESmEJ6MBsEqAyKS9MGq5EyZxnMi5jtcUCMXpzqKCq81J,,,1787112501,0.0,0.0,0.0,0,0,0,0.0,0.0,1.0,0.0,,,0,0,0,Helius verified first buyer,2026-08-20 05:01:08
H68PuzXLEFezAbjY97PfPRAbjLH5mhAUiEzS8HY5cmLw,,,1787112501,0.0,0.0,0.0,0,0,0,0.0,0.0,1.0,0.0,,,0,0,0,Helius verified first buyer,2026-08-20 05:01:09
HfoEj499VMbVxub2V1wVkFtRBP2RigwRBqRZE5MFbwMH,,,1787112502,0.0,0.0,0.0,0,0,0,0.0,0.0,1.0,0.0,,,0,0,0,Helius verified first buyer,2026-08-20 05:01:10
4LSQcuog9hEze5xgoiyj881ryo8BrPUmJSfb3DP4sxKq,,,1787112502,0.0,0.0,0.0,0,0,0,0.0,0.0,1.0,0.0,,,0,0,0,Helius verified first buyer,2026-08-20 05:01:10
4CVBL9KSbtym2eXTeeUAwtBKQAeriPpR72XNEpQLTsZ1,,,1787112502,0.0,0.0,0.0,0,0,0,0.0,0.0,1.0,0.0,,,0,0,0,Helius verified first buyer,2026-08-20 05:01:10
4dyFEFPvbtMicwVygMbKpnJ4dLEy2eVzFh5yxXrqspmC,,,1787112502,0.0,0.0,0.0,0,0,0,0.0,0.0,1.0,0.0,,,0,0,0,Helius verified first buyer,2026-08-20 05:01:10
5FbjsFD3rQ79f7muMCm6ayA97qCZTtcEKXg4Z1cJe8YE,,,1787112502,0.0,0.0,0.0,0,0,0,0.0,0.0,1.0,0.0,,,0,0,0,Helius verified first buyer,2026-08-20 05:01:11
FK2wHMGiJNFTFB7LtM4YNGfMyrJhQYB43XpdzbrZ89h,,,1787112502,0.0,0.0,0.0,0,0,0,0.0,0.0,1.0,0.0,,,0,0,0,Helius verified first buyer,2026-08-20 05:01:11
95uhxZDZmQdH9Kjf4U1RcD8uz1GhbxkDoDi3c5mSvz5M,,,1787112502,0.0,0.0,0.0,0,0,0,0.0,0.0,1.0,0.0,,,0,0,0,Helius verified first buyer,2026-08-20 05:01:11
5TpzJsDnBDKhve7yfCFgufRpZM1invnW2jMTYkrHaRFo,,,1787112502,0.0,0.0,0.0,0,0,0,0.0,0.0,1.0,0.0,,,0,0,0,Helius verified first buyer,2026-08-20 05:01:12
4onV7Mw2ZThmSKttCBBPrMGSBEyacorEKzdJ1qoMnxjD,,,1787112503,0.0,0.0,0.0,0,0,0,0.0,0.0,1.0,0.0,,,0,0,0,Helius verified first buyer,2026-08-20 05:01:12
BXTFMdiU4edJD4C2451XSs8ykTRs7DC1NB7uxD1GuP3k,,,1787112503,0.0,0.0,0.0,0,0,0,0.0,0.0,1.0,0.0,,,0,0,0,Helius verified first buyer,2026-08-20 05:01:13
CpkQyZuD38eETrdaVR1NtKRqtwea2QCCgY4sruQ6CRwe,,,1787112504,0.0,0.0,0.0,0,0,0,0.0,0.0,1.0,0.0,,,0,0,0,Helius verified first buyer,2026-08-20 05:01:13
7LFVr6eD3Gcp58ARYy9oNv4RHiaiPkkMVS1xn3zNGjUg,,,1787112504,0.0,0.0,0.0,0,0,0,0.0,0.0,1.0,0.0,,,0,0,0,Helius verified first buyer,2026-08-20 05:01:14
B4uES3L2akKG6REKi3FjEsQkibkn6xSV6qVu1x7rLBb3,,,1787112504,0.0,0.0,0.0,0,0,0,0.0,0.0,1.0,0.0,,,0,0,0,Helius verified first buyer,2026-08-20 05:01:15
GxaxDNKZnavC1dY61GnWz5beRBViBN67H27jiN5gfxwn,,,1787112504,0.0,0.0,0.0,0,0,0,0.0,0.0,1.0,0.0,,,0,0,0,Helius verified first buyer,2026-08-20 05:01:15
Ap96M5kzP31NBi9znQqsqUbD35NDSddfBqqfuxoncWDq,,,1787112504,0.0,0.0,0.0,0,0,0,0.0,0.0,1.0,0.0,,,0,0,0,Helius verified first buyer,2026-08-20 05:01:15
AfRw3pNhtEF42BBaSKbQoWEGvsthhtTmKghFcuQuxsRF,,,1787112504,0.0,0.0,0.0,0,0,0,0.0,0.0,1.0,0.0,,,0,0,0,Helius verified first buyer,2026-08-20 05:01:16
D1vmkSToMvCrqwivMxqe3aeXdoHmcRkQkyozmWnefdfd,,,1787112505,0.0,0.0,0.0,0,0,0,0.0,0.0,1.0,0.0,,,0,0,0,Helius verified first buyer,2026-08-20 05:01:16
HqWXpMS3GvNmsnZVkDB32XKCNwQR24zLTJJrYB4kw54f,,,1787112505,0.0,0.0,0.0,0,0,0,0.0,0.0,1.0,0.0,,,0,0,0,Helius verified first buyer,2026-08-20 05:01:16
66J8p2PQMR53xqUx9JFaNmAz6HdwiDvhjLdAFGSzNCnf,,,1787112505,0.0,0.0,0.0,0,0,0,0.0,0.0,1.0,0.0,,,0,0,0,Helius verified first buyer,2026-08-20 05:01:16
2T74WKVMT4koq76PUjMyRMwYPPcNcyVT3Hupa5Nzcost,,,1787112505,0.0,0.0,0.0,0,0,0,0.0,0.0,1.0,0.0,,,0,0,0,Helius verified first buyer,2026-08-20 05:01:17
GnTLrMKyDLkZoyMEUec3AJZDfM5QnThfNTyMsYf2NFx4,,,1787112505,0.0,0.0,0.0,0,0,0,0.0,0.0,1.0,0.0,,,0,0,0,Helius verified first buyer,2026-08-20 05:01:17
BMtwVeapfPZ7ZEbaXfAVp5N1S9RYkNg5M5xDBcGAeZDh,,,1787112505,0.0,0.0,0.0,0,0,0,0.0,0.0,1.0,0.0,,,0,0,0,Helius verified first buyer,2026-08-20 05:01:17
CsziAArqY7boKF5CSciM2v55dK89ybr4yCWSqVEofRFM,,,1787112505,0.0,0.0,0.0,0,0,0,0.0,0.0,1.0,0.0,,,0,0,0,Helius verified first buyer,2026-08-20 05:01:18
38vXRX9BNXa5VqJbvN71JHeDo1fRvh4VPvFjpLrvK37M,,,1787112506,0.0,0.0,0.0,0,0,0,0.0,0.0,1.0,0.0,,,0,0,0,Helius verified first buyer,2026-08-20 05:01:18
GziB47HXzjrxb4JgJKT5zZfrnSkc7jUpgt2Z8ssmdNP,,,1787112506,0.0,0.0,0.0,0,0,0,0.0,0.0,1.0,0.0,,,0,0,0,Helius verified first buyer,2026-08-20 05:01:18
G5rZbWo8VJBWbfRa8dbD5KAso8dPYyfwqNAKG19euk6R,,,1787112506,0.0,0.0,0.0,0,0,0,0.0,0.0,1.0,0.0,,,0,0,0,Helius verified first buyer,2026-08-20 05:01:19
BMbvHPET5RnurUo1iaMzb3jzUspXQ6TPYSmRMsYzZkKV,,,1787112506,0.0,0.0,0.0,0,0,0,0.0,0.0,1.0,0.0,,,0,0,0,Helius verified first buyer,2026-08-20 05:01:19
FM6S6mJnY2tR1Z3zYQp2hLhPcN6dpnEENS4zcpQHoLtr,,,1787112506,0.0,0.0,0.0,0,0,0,0.0,0.0,1.0,0.0,,,0,0,0,Helius verified first buyer,2026-08-20 05:01:19
6SEDQpBDiBhg9Gy2iryVN5E7rqaVC1uScS55iSC9CZ7a,,,1787112506,0.0,0.0,0.0,0,0,0,0.0,0.0,1.0,0.0,,,0,0,0,Helius verified first buyer,2026-08-20 05:01:19
GMaz6GUYwE8nr245Nf2kspEmYLxZfPPPiZnzuStdeTup,,,1787112506,0.0,0.0,0.0,0,0,0,0.0,0.0,1.0,0.0,,,0,0,0,Helius verified first buyer,2026-08-20 05:01:20
Ha5etH6eoK9M5MKCR7skCYVSsWEMFjUdux6XEZtL5XJD,,,1787112506,0.0,0.0,0.0,0,0,0,0.0,0.0,1.0,0.0,,,0,0,0,Helius verified first buyer,2026-08-20 05:01:20
9uEFQUxFFfWHcME9gtxWfRxJ6ui5DsJgsTHHZAyz3NLy,,,1787112506,0.0,0.0,0.0,0,0,0,0.0,0.0,1.0,0.0,,,0,0,0,Helius verified first buyer,2026-08-20 05:01:20
BfANUSYT6sLU31SgYnSPGCQa1Y4GURkdximP1biToHCe,,,1787112506,0.0,0.0,0.0,0,0,0,0.0,0.0,1.0,0.0,,,0,0,0,Helius verified first buyer,2026-08-20 05:01:21
6Q9r7w8AzUx2FGa1CVrLmFEqV3aCSFpJEnnMf579F62s,,,1787112506,0.0,0.0,0.0,0,0,0,0.0,0.0,1.0,0.0,,,0,0,0,Helius verified first buyer,2026-08-20 05:01:21
FBvAbzdKuGvhMVRrbAL7RLPTnBvzV6dqMtPkvUWJVsB1,,,1787112506,0.0,0.0,0.0,0,0,0,0.0,0.0,1.0,0.0,,,0,0,0,Helius verified first buyer,2026-08-20 05:01:21
4Wj6LEGjSA7h77qjnNjg8yBXuQ3A9FwP8CjF56uVhEEt,,,1787112506,0.0,0.0,0.0,0,0,0,0.0,0.0,1.0,0.0,,,0,0,0,Helius verified first buyer,2026-08-20 05:01:21
4KTFW8dN9c3B6vUQCkHjv3xGNmE7Tt5onC1b7UrTRMaH,,,1787112507,0.0,0.0,0.0,0,0,0,0.0,0.0,1.0,0.0,,,0,0,0,Helius verified first buyer,2026-08-20 05:01:22
Hd8ny1ss9MbfozgYtZV8jZcYuezvcC1bfKUUEfW8brXJ,,,1787112507,0.0,0.0,0.0,0,0,0,0.0,0.0,1.0,0.0,,,0,0,0,Helius verified first buyer,2026-08-20 05:01:22
BuxS5stQRNocTM51FeKc8kPtM1rEVET3f75JSamFRejf,,,1787112507,0.0,0.0,0.0,0,0,0,0.0,0.0,1.0,0.0,,,0,0,0,Helius verified first buyer,2026-08-20 05:01:22
FtKjCXzY7rHUtTPmFjoBXD4zGoY8vh77vBLAxqDtWt8r,,,1787112508,0.0,0.0,0.0,0,0,0,0.0,0.0,1.0,0.0,,,0,0,0,Helius verified first buyer,2026-08-20 05:01:23
41cDFH41DCgcQ25imZDgV7S5nwzZdbinG35Qcg9AkHTy,,,1787112508,0.0,0.0,0.0,0,0,0,0.0,0.0,1.0,0.0,,,0,0,0,Helius verified first buyer,2026-08-20 05:01:23
7zzUqzJcS1zGPu9v8N6AhsmQiDVqMoXa6mu1NRQg4jJG,,,1787112508,0.0,0.0,0.0,0,0,0,0.0,0.0,1.0,0.0,,,0,0,0,Helius verified first buyer,2026-08-20 05:01:23
AYcMZgGq6nU2VZEanSogZuBmc9E5KFBGREQKbJKyocCf,,,1787112508,0.0,0.0,0.0,0,0,0,0.0,0.0,1.0,0.0,,,0,0,0,Helius verified first buyer,2026-08-20 05:01:23
BvzvaZLpK1xxqFGzPgpMrFSvHPNSPVfHCPZB9PyJMnnV,,,1787112508,0.0,0.0,0.0,0,0,0,0.0,0.0,1.0,0.0,,,0,0,0,Helius verified first buyer,2026-08-20 05:01:24
AC4Fpxyxxn5bzeJCJn7Y8riuR8qv5ZDKR32SwoRe2nd,,,1787112508,0.0,0.0,0.0,0,0,0,0.0,0.0,1.0,0.0,,,0,0,0,Helius verified first buyer,2026-08-20 05:01:24
J8Jbdb3tQ1EZQ4K4C8H16AAS7Km72gseWGiBwx38WEGa,,,1787112508,0.0,0.0,0.0,0,0,0,0.0,0.0,1.0,0.0,,,0,0,0,Helius verified first buyer,2026-08-20 05:01:24
BXDgW8uqvEbBtQBYKACmNjomrQKg7TV9aJ3g8yBRQLkQ,,,1787112509,0.0,0.0,0.0,0,0,0,0.0,0.0,1.0,0.0,,,0,0,0,Helius verified first buyer,2026-08-20 05:01:25
6Sg5kausopHD8dthck9E2opSYiy6dA8gW55xmRgaczJf,,,1787112509,0.0,0.0,0.0,0,0,0,0.0,0.0,1.0,0.0,,,0,0,0,Helius verified first buyer,2026-08-20 05:01:25
3UEKA32PU27471uBHoru8brvoc6Wxg2DFLEZVC737CAB,,,1787112509,0.0,0.0,0.0,0,0,0,0.0,0.0,1.0,0.0,,,0,0,0,Helius verified first buyer,2026-08-20 05:01:25
Dsj9aEF9pNB4Ba1U5M3UdXi77iQwFdmAsMbTPot5cKeF,,,1787112509,0.0,0.0,0.0,0,0,0,0.0,0.0,1.0,0.0,,,0,0,0,Helius verified first buyer,2026-08-20 05:01:25
Gb3qQcvib7FFoqCq31aGG544gSAzzBJEnXVNUUJpoGQY,,,1787112509,0.0,0.0,0.0,0,0,0,0.0,0.0,1.0,0.0,,,0,0,0,Helius verified first buyer,2026-08-20 05:01:26
2gKgLQW3nfCnCStUgdrJBEMv88M2UBEu2CM7371KbzDU,,,1787112509,0.0,0.0,0.0,0,0,0,0.0,0.0,1.0,0.0,,,0,0,0,Helius verified first buyer,2026-08-20 05:01:26
3MudHqyus6NTJ9im9j6vc1hT8gUmCYyQBi7L42npf416,,,1787112509,0.0,0.0,0.0,0,0,0,0.0,0.0,1.0,0.0,,,0,0,0,Helius verified first buyer,2026-08-20 05:01:26
DWkH8bwXRqJ925hGJj9aARrJQbk7Tq51m5HnZaji8mrg,,,1787112510,0.0,0.0,0.0,0,0,0,0.0,0.0,1.0,0.0,,,0,0,0,Helius verified first buyer,2026-08-20 05:01:27
CVUaDxcaRsEQb12T1qLYz473hjrtiRGAgF2o8LAGfdPj,,,1787112510,0.0,0.0,0.0,0,0,0,0.0,0.0,1.0,0.0,,,0,0,0,Helius verified first buyer,2026-08-20 05:01:27
HeiTGoJzSJAvmjg5TkjMvSTYjorgks4yeWbDRwfgms1q,,,1787112510,0.0,0.0,0.0,0,0,0,0.0,0.0,1.0,0.0,,,0,0,0,Helius verified first buyer,2026-08-20 05:01:27
CvYZzxrAY4Jaqo2QWsVB8QYryTV8pm8xtuSYoxH52LzR,,,1787112510,0.0,0.0,0.0,0,0,0,0.0,0.0,1.0,0.0,,,0,0,0,Helius verified first buyer,2026-08-20 05:01:27
3tTrA9i7e3EHjLfv5WiodgaUtMGVk33oRoGe9maS64F4,,,1787112510,0.0,0.0,0.0,0,0,0,0.0,0.0,1.0,0.0,,,0,0,0,Helius verified first buyer,2026-08-20 05:01:28
Cfkh6So7JQQESXvVCVVDS5k4BFoQk4KCXNoXFYJMLRUC,,,1787112510,0.0,0.0,0.0,0,0,0,0.0,0.0,1.0,0.0,,,0,0,0,Helius verified first buyer,2026-08-20 05:01:28
EHeihexnjVrB49NQJqncaCe4SxqHm7RwqvAEoKGQ3s7V,,,1787112510,0.0,0.0,0.0,0,0,0,0.0,0.0,1.0,0.0,,,0,0,0,Helius verified first buyer,2026-08-20 05:01:28
5NvfgyDxVEbFM3HDjSBvLAMbFP4xWtdRpex3v12UR5GZ,,,1787112511,0.0,0.0,0.0,0,0,0,0.0,0.0,1.0,0.0,,,0,0,0,Helius verified first buyer,2026-08-20 05:01:28
DyR5Za8fvqk86jkJ9Guar7fEvRT3SFMzJyfQAVHt3eL8,,,1787112511,0.0,0.0,0.0,0,0,0,0.0,0.0,1.0,0.0,,,0,0,0,Helius verified first buyer,2026-08-20 05:01:29
4BZKHVpqyMGxuoi2ohEYaNo1SP969CGtDWrx5h2w3wjP,,,1787112511,0.0,0.0,0.0,0,0,0,0.0,0.0,1.0,0.0,,,0,0,0,Helius verified first buyer,2026-08-20 05:01:29
EQTXRtypiD1YiH24ScmvezdV5NQ9M8xJ7Gfm99NyJQxM,,,1787112511,0.0,0.0,0.0,0,0,0,0.0,0.0,1.0,0.0,,,0,0,0,Helius verified first buyer,2026-08-20 05:01:29
2wrchh6V5H6VdfoaoGABFTeewAbb1nKBu81aULPHosxx,,,1787112512,0.0,0.0,0.0,0,0,0,0.0,0.0,1.0,0.0,,,0,0,0,Helius verified first buyer,2026-08-20 05:01:29
EMQfVW52Fd19xd95WqJa9pT3Vvh62RzV2Zmoog5i3dwc,,,1787112512,0.0,0.0,0.0,0,0,0,0.0,0.0,1.0,0.0,,,0,0,0,Helius verified first buyer,2026-08-20 05:01:30
13yPVuANUBMwujqFf3du15zCHb8E6q3Ebw4FmpD3MhnL,,,1787112512,0.0,0.0,0.0,0,0,0,0.0,0.0,1.0,0.0,,,0,0,0,Helius verified first buyer,2026-08-20 05:01:30
J1231swJpF6u3LU3qgTzRobAE5sgvpJmCDx6AjDA5mfP,,,1787112512,0.0,0.0,0.0,0,0,0,0.0,0.0,1.0,0.0,,,0,0,0,Helius verified first buyer,2026-08-20 05:01:30
Fzf87cs3V2oBDMrNwuRtj1CWsmDqi6F5FcbMkino7DGN,,,1787112512,0.0,0.0,0.0,0,0,0,0.0,0.0,1.0,0.0,,,0,0,0,Helius verified first buyer,2026-08-20 05:01:31
42igekvSs2Awo3E2Yfc36sVBappta7SxqodqPdxrV8rq,,,1787112513,0.0,0.0,0.0,0,0,0,0.0,0.0,1.0,0.0,,,0,0,0,Helius verified first buyer,2026-08-20 05:01:31
CNXrpynimoBDch163RK53aVZ19wZ5SBjwnuFBkpgHAUS,,,1787112513,0.0,0.0,0.0,0,0,0,0.0,0.0,1.0,0.0,,,0,0,0,Helius verified first buyer,2026-08-20 05:01:31
7xgSsqLfNVVycJdvC1EdmxHLziABe4YzhqyMgydpSyBv,,,1787112513,0.0,0.0,0.0,0,0,0,0.0,0.0,1.0,0.0,,,0,0,0,Helius verified first buyer,2026-08-20 05:01:32
7fvifu4W1A5kynRg778FXnm59nbqYZsxPNi9JbBikDeY,,,1787112513,0.0,0.0,0.0,0,0,0,0.0,0.0,1.0,0.0,,,0,0,0,Helius verified first buyer,2026-08-20 05:01:32
MdfBZuJeReJGopvcWGYAQTDU2qdFVVaTMdnTzkuda8N,,,1787112513,0.0,0.0,0.0,0,0,0,0.0,0.0,1.0,0.0,,,0,0,0,Helius verified first buyer,2026-08-20 05:01:32
V6jcEgCQ9N8oR2cfYW8br5MxPtWVNqCDi3dHza2GfWC,,,1787112513,0.0,0.0,0.0,0,0,0,0.0,0.0,1.0,0.0,,,0,0,0,Helius verified first buyer,2026-08-20 05:01:32
8iJaAcnYrdG9XgntNVZ6Q6QG9xtNUDbgFA5tfdoiNqBJ,,,1787112514,0.0,0.0,0.0,0,0,0,0.0,0.0,1.0,0.0,,,0,0,0,Helius verified first buyer,2026-08-20 05:01:33
6iohpdEtV7Dge9A7rEwzYjVq9L6NYcH7BrBoeG2xfYP5,,,1787112514,0.0,0.0,0.0,0,0,0,0.0,0.0,1.0,0.0,,,0,0,0,Helius verified first buyer,2026-08-20 05:01:33
HcNTSjf2DXjco1PZefiLBXEKue1SFdoNUTMWqyaPSLGE,,,1787112514,0.0,0.0,0.0,0,0,0,0.0,0.0,1.0,0.0,,,0,0,0,Helius verified first buyer,2026-08-20 05:01:33
2BYbFiQpkMvYnjV4PMsFiMmXPgSQUmdXKDYZ9d5mmHTC,,,1787112514,0.0,0.0,0.0,0,0,0,0.0,0.0,1.0,0.0,,,0,0,0,Helius verified first buyer,2026-08-20 05:01:34
3GWgzHaaovKcRvoAt55axjGhec9L5zs2qPr81kLFboza,,,1787112515,0.0,0.0,0.0,0,0,0,0.0,0.0,1.0,0.0,,,0,0,0,Helius verified first buyer,2026-08-20 05:01:34
EKjCJNVkct1Tb2xzcq5AqwLVKQFhSoDuZSACJyGk9nhi,,,1787112515,0.0,0.0,0.0,0,0,0,0.0,0.0,1.0,0.0,,,0,0,0,Helius verified first buyer,2026-08-20 05:01:34
AsGWKJbiJ4nqFSfTtHhN9QMjXVtPYfLYEoCCCCZ3Mqk5,,,1787112515,0.0,0.0,0.0,0,0,0,0.0,0.0,1.0,0.0,,,0,0,0,Helius verified first buyer,2026-08-20 05:01:34
AJT3HLt4UYVAa9CVTGMjHEg3mscYZVbrv3scTD6z45a4,,,1787112515,0.0,0.0,0.0,0,0,0,0.0,0.0,1.0,0.0,,,0,0,0,Helius verified first buyer,2026-08-20 05:01:35
G3Yi9eCq6DeevC4bnMuPQzefz1dXaqwiDdiFmia4tby6,,,1787112516,0.0,0.0,0.0,0,0,0,0.0,0.0,1.0,0.0,,,0,0,0,Helius verified first buyer,2026-08-20 05:01:35
E6DCzHsiHjifRv7pgYqDEfKX7HWt12Lnk1VXTHnGtfJ3,,,1787112516,0.0,0.0,0.0,0,0,0,0.0,0.0,1.0,0.0,,,0,0,0,Helius verified first buyer,2026-08-20 05:01:36
68C5jHT78tZWCnAEJDVc4KkteRUqUEuXDB4WjR5G2Kps,,,1787112516,0.0,0.0,0.0,0,0,0,0.0,0.0,1.0,0.0,,,0,0,0,Helius verified first buyer,2026-08-20 05:01:37
cSy25hSnMAX1mQeKrr4A4RNubd77k4mQxJ5qSjAjiHg,,,1787112516,0.0,0.0,0.0,0,0,0,0.0,0.0,1.0,0.0,,,0,0,0,Helius verified first buyer,2026-08-20 05:01:38
A5b9E9epkf2oeSvVoB4aQdgDnhbJzAacYQMS4NmHfQDH,,,1787112516,0.0,0.0,0.0,0,0,0,0.0,0.0,1.0,0.0,,,0,0,0,Helius verified first buyer,2026-08-20 05:01:38
E8dpZRu9rev2DRPc3j1YXMRpna77A4hLuSDhYEdy8YvL,,,1787112516,0.0,0.0,0.0,0,0,0,0.0,0.0,1.0,0.0,,,0,0,0,Helius verified first buyer,2026-08-20 05:01:38
HcoSHQrS7tVQrrBdVx8z5NW2LQVsAwbhQcdtKmEu1Tvm,,,1787112517,0.0,0.0,0.0,0,0,0,0.0,0.0,1.0,0.0,,,0,0,0,Helius verified first buyer,2026-08-20 05:01:39
5eGEjRzDfb6FfjH6EkYpAPBS1Nviaz6VWrbkaJdHKE9t,,,1787112517,0.0,0.0,0.0,0,0,0,0.0,0.0,1.0,0.0,,,0,0,0,Helius verified first buyer,2026-08-20 05:01:39
CYtjLJp9SYwTsTHUjkvvo9rEqL97uhUb2FefUw84fvgk,,,1787112517,0.0,0.0,0.0,0,0,0,0.0,0.0,1.0,0.0,,,0,0,0,Helius verified first buyer,2026-08-20 05:01:39
6GErhbg6q9nqzDDoMVwWXogkthp3izH3XwZYDSBZ7MHw,,,1787112518,0.0,0.0,0.0,0,0,0,0.0,0.0,1.0,0.0,,,0,0,0,Helius verified first buyer,2026-08-20 05:01:40
9D8BTdKvXSC2ASZ8q16TKw1vnyGUnHkVFNkYSoNgR3Jn,,,1787112518,0.0,0.0,0.0,0,0,0,0.0,0.0,1.0,0.0,,,0,0,0,Helius verified first buyer,2026-08-20 05:01:40
33NVDLWZ3DpdmEjEUQpjfPtrCFjjNn9PBHFtod2DgjCJ,,,1787112518,0.0,0.0,0.0,0,0,0,0.0,0.0,1.0,0.0,,,0,0,0,Helius verified first buyer,2026-08-20 05:01:40
8svpr6ttTnFqRdoNTRJkcMWnCP7ongwTXkGJ9EXZXHoY,,,1787112518,0.0,0.0,0.0,0,0,0,0.0,0.0,1.0,0.0,,,0,0,0,Helius verified first buyer,2026-08-20 05:01:41
B8jLTMRyd6eJkWE8ou2B33iqjhUGnzkriL89WWGiE7de,,,1787112518,0.0,0.0,0.0,0,0,0,0.0,0.0,1.0,0.0,,,0,0,0,Helius verified first buyer,2026-08-20 05:01:41
BG37PP3XhBrwSTzXSv4jQBdRbxaj8HK4nyD836bHAwQc,,,1787112518,0.0,0.0,0.0,0,0,0,0.0,0.0,1.0,0.0,,,0,0,0,Helius verified first buyer,2026-08-20 05:01:41
6btkobNjK5fUfhmh9TZ9TW6Ckgg6bc6C7T6LXhxn88ey,,,1787112519,0.0,0.0,0.0,0,0,0,0.0,0.0,1.0,0.0,,,0,0,0,Helius verified first buyer,2026-08-20 05:01:41
7PgRsNMJqrmRfT2CP8aB3VBu4ARyoAuoMhm7rxv9bd6i,,,1787112519,0.0,0.0,0.0,0,0,0,0.0,0.0,1.0,0.0,,,0,0,0,Helius verified first buyer,2026-08-20 05:01:42
AwBjVrQdjPyKmoguhXmsvzSArKihSwbW7KqH25TGpkVE,,,1787112519,0.0,0.0,0.0,0,0,0,0.0,0.0,1.0,0.0,,,0,0,0,Helius verified first buyer,2026-08-20 05:01:42
DF3ZrLUnP1nybp6Zg5ucQ92qm4f4GAHiovdC4ZDkEm8G,,,1787112519,0.0,0.0,0.0,0,0,0,0.0,0.0,1.0,0.0,,,0,0,0,Helius verified first buyer,2026-08-20 05:01:42
5iyhSW3b1ZZkPBWs7LH6zupHxzjCXSwvCygmUbgr3Rah,,,1787112519,0.0,0.0,0.0,0,0,0,0.0,0.0,1.0,0.0,,,0,0,0,Helius verified first buyer,2026-08-20 05:01:43
BHqmmZnd2HXbFfWrz9xDCvTFG2bwgMiTDUPpuAQSRB81,,,1787112519,0.0,0.0,0.0,0,0,0,0.0,0.0,1.0,0.0,,,0,0,0,Helius verified first buyer,2026-08-20 05:01:43
XqGssFH1coBvwnPwQgNEWRg9FvXVz37QC4195LvRPPu,,,1787112520,0.0,0.0,0.0,0,0,0,0.0,0.0,1.0,0.0,,,0,0,0,Helius verified first buyer,2026-08-20 05:01:43
4iLdRK3stbtzdn7gsTuCWZfETcyaSQ1zN2xvfxW8mkbT,,,1787112520,0.0,0.0,0.0,0,0,0,0.0,0.0,1.0,0.0,,,0,0,0,Helius verified first buyer,2026-08-20 05:01:43
GqYAdJgCPPSA4MpYM3AUUA2JUjKaYcu6NMRD3JaddPHq,,,1787112520,0.0,0.0,0.0,0,0,0,0.0,0.0,1.0,0.0,,,0,0,0,Helius verified first buyer,2026-08-20 05:01:44
F4tt8ZsSPX1gEqkyXxfRuUoRkaSnnJinvm2EHU9LWZND,,,1787112520,0.0,0.0,0.0,0,0,0,0.0,0.0,1.0,0.0,,,0,0,0,Helius verified first buyer,2026-08-20 05:01:44
B2BaDjnhL5BDXTgdoGtA9NiPeURgta4ydiQ7uowptG3d,,,1787112521,0.0,0.0,0.0,0,0,0,0.0,0.0,1.0,0.0,,,0,0,0,Helius verified first buyer,2026-08-20 05:01:44
ASb184KD7BLTAogMrbyN7BF1yWaZ6Bv5ggncErvbyziv,,,1787112521,0.0,0.0,0.0,0,0,0,0.0,0.0,1.0,0.0,,,0,0,0,Helius verified first buyer,2026-08-20 05:01:45
EZRAY8Lv6gofTNzUrQaVqJig6yANbiw4RXELAuum3vYu,,,1787112521,0.0,0.0,0.0,0,0,0,0.0,0.0,1.0,0.0,,,0,0,0,Helius verified first buyer,2026-08-20 05:01:45
DWuzgag8FhUFnqNpZwyTTwJ4Uz6CScxGSdCPH9VoHqLt,,,1787112521,0.0,0.0,0.0,0,0,0,0.0,0.0,1.0,0.0,,,0,0,0,Helius verified first buyer,2026-08-20 05:01:45
BTfdr8htrqsVb3DbtjrRZnaZNebi4sbK3Cz6H5mKSj5K,,,1787112521,0.0,0.0,0.0,0,0,0,0.0,0.0,1.0,0.0,,,0,0,0,Helius verified first buyer,2026-08-20 05:01:46
7EJzKs7QGJQrfErc5kD3kQ8dZqkPmcJZu9WjRrwr4gRy,,,1787112521,0.0,0.0,0.0,0,0,0,0.0,0.0,1.0,0.0,,,0,0,0,Helius verified first buyer,2026-08-20 05:01:46
FhhAQYKGQr5gQPdd5v68rT1tR5dmH2nafm4b77YB96KM,,,1787112521,0.0,0.0,0.0,0,0,0,0.0,0.0,1.0,0.0,,,0,0,0,Helius verified first buyer,2026-08-20 05:01:46
4HiJto42s1rWMbmh7qgiuECh8wxdNw9MJVHHXEz44RUa,,,1787112521,0.0,0.0,0.0,0,0,0,0.0,0.0,1.0,0.0,,,0,0,0,Helius verified first buyer,2026-08-20 05:01:46
CdWcXN5LrDXcsjYGn5Qx6Yvdoz3fV2bS5mjLXcMsVyEm,,,1787112522,0.0,0.0,0.0,0,0,0,0.0,0.0,1.0,0.0,,,0,0,0,Helius verified first buyer,2026-08-20 05:01:47
FRs2MTUYLqWx1txVBbGiPfkbcxZtPLBLjGgF4uemsc1q,,,1787112522,0.0,0.0,0.0,0,0,0,0.0,0.0,1.0,0.0,,,0,0,0,Helius verified first buyer,2026-08-20 05:01:47
8VhYPLeMg2kFeMZxrmL85E568oxm71vGouo9oqVZCgZ8,,,1787112522,0.0,0.0,0.0,0,0,0,0.0,0.0,1.0,0.0,,,0,0,0,Helius verified first buyer,2026-08-20 05:01:48
jq5p2HbWXbWDXYccqtqny3ZaoNyEBbJPeoGMfa8Bb5A,,,1787112522,0.0,0.0,0.0,0,0,0,0.0,0.0,1.0,0.0,,,0,0,0,Helius verified first buyer,2026-08-20 05:01:48
FYc1cNv9rdhUZnN7SpTvqD9CbD9f35a8SrpnZjofm5Ai,,,1787112522,0.0,0.0,0.0,0,0,0,0.0,0.0,1.0,0.0,,,0,0,0,Helius verified first buyer,2026-08-20 05:01:48
HiBhp12m9wZWr24aT8oF9hA6Tq7rq5oPzWHZ3qkUxXSR,,,1787112523,0.0,0.0,0.0,0,0,0,0.0,0.0,1.0,0.0,,,0,0,0,Helius verified first buyer,2026-08-20 05:01:49
AofyeiAwsL16icNjr8BFBRMm3pWousSUJGdoW4KNteqM,,,1787112523,0.0,0.0,0.0,0,0,0,0.0,0.0,1.0,0.0,,,0,0,0,Helius verified first buyer,2026-08-20 05:01:49
98dawf5L5zsGkkdVHm2PtRnDoTWcuwMjVat1iaECsN5x,,,1787112523,0.0,0.0,0.0,0,0,0,0.0,0.0,1.0,0.0,,,0,0,0,Helius verified first buyer,2026-08-20 05:01:49
3YjN9ht2hZWP36QMTvUzVxgz1zWoYewaR3YsaFNKycYx,,,1787112523,0.0,0.0,0.0,0,0,0,0.0,0.0,1.0,0.0,,,0,0,0,Helius verified first buyer,2026-08-20 05:01:50
BFNF1wSXKybxKdxgj1MfyFoCieo1GdzkFmaA1CkjWNaG,,,1787112523,0.0,0.0,0.0,0,0,0,0.0,0.0,1.0,0.0,,,0,0,0,Helius verified first buyer,2026-08-20 05:01:50
HiAj5mcCSDTc31VVM79UpQiV4pNKZe15gGXAgcZWaDJP,,,1787112523,0.0,0.0,0.0,0,0,0,0.0,0.0,1.0,0.0,,,0,0,0,Helius verified first buyer,2026-08-20 05:01:50
Mbvkc694dxuijt3QYM84tzMhP97R8VC4KcK8MPAPPi5,,,1787112524,0.0,0.0,0.0,0,0,0,0.0,0.0,1.0,0.0,,,0,0,0,Helius verified first buyer,2026-08-20 05:01:51
3eqHYoqci3sG1VhgPceq2ECXtTVnGTtpfMSwDmkrJbNn,,,1787112524,0.0,0.0,0.0,0,0,0,0.0,0.0,1.0,0.0,,,0,0,0,Helius verified first buyer,2026-08-20 05:01:51
9B7kMkDm1mH1kFhuteyzkcxNUYCryqvraR4dRSxQgHZc,,,1787112524,0.0,0.0,0.0,0,0,0,0.0,0.0,1.0,0.0,,,0,0,0,Helius verified first buyer,2026-08-20 05:01:52
DnMLdSvTKMGrjX72PVQW6gsouvYjsGtvTwbRL5HumhSr,,,1787112524,0.0,0.0,0.0,0,0,0,0.0,0.0,1.0,0.0,,,0,0,0,Helius verified first buyer,2026-08-20 05:01:52
46XtjWAEbq758ssR3V2xomQghHEy6YLG16DpauJWy3iK,,,1787112525,0.0,0.0,0.0,0,0,0,0.0,0.0,1.0,0.0,,,0,0,0,Helius verified first buyer,2026-08-20 05:01:52
3XWoPbEyrwdAZr6HDCaz8do9Dz9QrY2NHtsgVrec2M62,,,1787112525,0.0,0.0,0.0,0,0,0,0.0,0.0,1.0,0.0,,,0,0,0,Helius verified first buyer,2026-08-20 05:01:53
7aAhSkJLzTc1XWLT8BRt3zzGXbJuQpxEBUX894sFRSQv,,,1787112526,0.0,0.0,0.0,0,0,0,0.0,0.0,1.0,0.0,,,0,0,0,Helius verified first buyer,2026-08-20 05:01:54
Aso6eTKqnXErxzPsDTXec2UhWyHTbrij3DgWvSDuGCdi,,,1787112526,0.0,0.0,0.0,0,0,0,0.0,0.0,1.0,0.0,,,0,0,0,Helius verified first buyer,2026-08-20 05:01:54
6MCLex823ZqUsP6M6fzoRcKtKepdvGG55FMT28Cfx98z,,,1787112526,0.0,0.0,0.0,0,0,0,0.0,0.0,1.0,0.0,,,0,0,0,Helius verified first buyer,2026-08-20 05:01:54
RzffJvbvEPvs8w3KHWr757SA7adaLcFTzSaEtV7uj8f,,,1787112527,0.0,0.0,0.0,0,0,0,0.0,0.0,1.0,0.0,,,0,0,0,Helius verified first buyer,2026-08-20 05:01:55
31CoRngWibdXF8KeKLvWHmwy5ZWpMC9rhEjBVPN5Ne5Q,,,1787112527,0.0,0.0,0.0,0,0,0,0.0,0.0,1.0,0.0,,,0,0,0,Helius verified first buyer,2026-08-20 05:01:55
8psi4q3HpEBAhjtJc6dhBcRiC1Jv62sLcrzdBZup2BjG,,,1787112527,0.0,0.0,0.0,0,0,0,0.0,0.0,1.0,0.0,,,0,0,0,Helius verified first buyer,2026-08-20 05:01:55
GypvBkzxMhDRhowxhgfmSz4Um9jzR6JM4VG5Wf3SsqN6,,,1787112527,0.0,0.0,0.0,0,0,0,0.0,0.0,1.0,0.0,,,0,0,0,Helius verified first buyer,2026-08-20 05:01:56
9jR128ufXtL2LWBB9rj3N68oYR5R4icjaaCC2B4vdpcQ,,,1787112527,0.0,0.0,0.0,0,0,0,0.0,0.0,1.0,0.0,,,0,0,0,Helius verified first buyer,2026-08-20 05:01:56
dLSd7cU99QmeungwUGmbjWpLU2iaqQBwDmxBMahTZK7,,,1787112528,0.0,0.0,0.0,0,0,0,0.0,0.0,1.0,0.0,,,0,0,0,Helius verified first buyer,2026-08-20 05:01:56
EwcK6WYyS6ivffNV6c3ts5oqPhnEmAqP4D9coBAEB1MA,,,1787112528,0.0,0.0,0.0,0,0,0,0.0,0.0,1.0,0.0,,,0,0,0,Helius verified first buyer,2026-08-20 05:01:56
7odC2NtfXsKi7p9LmQcX8JCu79nvEWEXLnSF4CmstmZ6,,,1787112528,0.0,0.0,0.0,0,0,0,0.0,0.0,1.0,0.0,,,0,0,0,Helius verified first buyer,2026-08-20 05:01:57
6RUSKkAPEBmRgespR8KmJKFoU6kJdDrjb9FznRtQEb12,,,1787112528,0.0,0.0,0.0,0,0,0,0.0,0.0,1.0,0.0,,,0,0,0,Helius verified first buyer,2026-08-20 05:01:57
4zESND7S2ZaQisqvjRURRaYgcS36B4DynNn3JKDfSW9Q,,,1787112529,0.0,0.0,0.0,0,0,0,0.0,0.0,1.0,0.0,,,0,0,0,Helius verified first buyer,2026-08-20 05:01:58
11X6tto4BXVtvPyM9Y3ZnaQJKhaGCsecPiCuVLbN7Ke,,,1787112529,0.0,0.0,0.0,0,0,0,0.0,0.0,1.0,0.0,,,0,0,0,Helius verified first buyer,2026-08-20 05:01:58
5HZFjT2sTCuifpMC8Ms6ErzUjJQ2YtKodM49cNGYTuyU,,,1787112529,0.0,0.0,0.0,0,0,0,0.0,0.0,1.0,0.0,,,0,0,0,Helius verified first buyer,2026-08-20 05:01:59
2VpK5kLBCV92hbRkLyDajAjvkJSwedsANHxDK9WHvS22,,,1787112529,0.0,0.0,0.0,0,0,0,0.0,0.0,1.0,0.0,,,0,0,0,Helius verified first buyer,2026-08-20 05:01:59
77UFmqKBPbBXZ88kQWUbM9WQkABfdepbT9LSSsbjx7Ze,,,1787112530,0.0,0.0,0.0,0,0,0,0.0,0.0,1.0,0.0,,,0,0,0,Helius verified first buyer,2026-08-20 05:01:59
6Wow3QynAL2551zk6zzqAEcFN2wKioPYhJZVc8YdHSQp,,,1787112530,0.0,0.0,0.0,0,0,0,0.0,0.0,1.0,0.0,,,0,0,0,Helius verified first buyer,2026-08-20 05:02:00
AuXakTz5LmcvkQepwCeGchdrRSAt2ws5z4VAGMf11bKD,,,1787112530,0.0,0.0,0.0,0,0,0,0.0,0.0,1.0,0.0,,,0,0,0,Helius verified first buyer,2026-08-20 05:02:00
FyVb9zFzBDm1a7P1k3shGVXwNAevEx3hQU4Lw39MQjwn,,,1787112530,0.0,0.0,0.0,0,0,0,0.0,0.0,1.0,0.0,,,0,0,0,Helius verified first buyer,2026-08-20 05:02:00
GCKpvH6w2ecGNT41YMiUKSGWF9cbbofS9Xi8dvbd6UWS,,,1787112530,0.0,0.0,0.0,0,0,0,0.0,0.0,1.0,0.0,,,0,0,0,Helius verified first buyer,2026-08-20 05:02:01
BCAxNJwKAgCd7bPaD3junby6oCc3irTrVcrXdZPAHbtC,,,1787112531,0.0,0.0,0.0,0,0,0,0.0,0.0,1.0,0.0,,,0,0,0,Helius verified first buyer,2026-08-20 05:02:01
5GTkDe7eieYVTJpmBBu161d8KEYGjWf18k5gH4vpdm3h,,,1787112531,0.0,0.0,0.0,0,0,0,0.0,0.0,1.0,0.0,,,0,0,0,Helius verified first buyer,2026-08-20 05:02:02
3Y5nEekXUDA3tQff65LEgadYFvGoQR9XjmQC8FWx2NP9,,,1787112532,0.0,0.0,0.0,0,0,0,0.0,0.0,1.0,0.0,,,0,0,0,Helius verified first buyer,2026-08-20 05:02:02
7sDm6g8rxgPEsGq1GBuawxiLbHF9qrJNdEWWp6A7erMZ,,,1787112532,0.0,0.0,0.0,0,0,0,0.0,0.0,1.0,0.0,,,0,0,0,Helius verified first buyer,2026-08-20 05:02:02
7R9nX8UPNSZhGr6A9fkxqYJUKhz7KyP2XvTpj8qWaS7p,,,1787112532,0.0,0.0,0.0,0,0,0,0.0,0.0,1.0,0.0,,,0,0,0,Helius verified first buyer,2026-08-20 05:02:03
BNPqk3SVAfJZ47cd9UUThBNykfmQEWA9mwLoqH8rs5D5,,,1787112533,0.0,0.0,0.0,0,0,0,0.0,0.0,1.0,0.0,,,0,0,0,Helius verified first buyer,2026-08-20 05:02:03
3Qqt7FPtFVqMh7XzMJf7ZzDAidFiZDaAwKWCbkoTBypt,,,1787112533,0.0,0.0,0.0,0,0,0,0.0,0.0,1.0,0.0,,,0,0,0,Helius verified first buyer,2026-08-20 05:02:04
2JuMKfy8adihxWhkYvjcJvrRUp9U8fcdYeRZVSLFQHar,,,1787112533,0.0,0.0,0.0,0,0,0,0.0,0.0,1.0,0.0,,,0,0,0,Helius verified first buyer,2026-08-20 05:02:04
3uQ6akxd2v7axHwtqLk3bBWM8osNHfsdGmkw2xwqFovW,,,1787112533,0.0,0.0,0.0,0,0,0,0.0,0.0,1.0,0.0,,,0,0,0,Helius verified first buyer,2026-08-20 05:02:04
8Lp154saWp1LtU2oHmJm8xpPu75ndN4dZMnUTJ5Xwn46,,,1787112533,0.0,0.0,0.0,0,0,0,0.0,0.0,1.0,0.0,,,0,0,0,Helius verified first buyer,2026-08-20 05:02:05
2QMPtopMDBFq3aiJg1XV8Pn7hr6Ru4jep2HmgJ2fHAes,,,1787112533,0.0,0.0,0.0,0,0,0,0.0,0.0,1.0,0.0,,,0,0,0,Helius verified first buyer,2026-08-20 05:02:06
FnRzx25cybByznHoi8QVc78QZzpoqhiePVhMcDHR1DUT,,,1787112534,0.0,0.0,0.0,0,0,0,0.0,0.0,1.0,0.0,,,0,0,0,Helius verified first buyer,2026-08-20 05:02:06
B1cctypLueCeotqKSLp98Gz3TL13iZN9w9vDzCQ8S4Gh,,,1787112534,0.0,0.0,0.0,0,0,0,0.0,0.0,1.0,0.0,,,0,0,0,Helius verified first buyer,2026-08-20 05:02:07
E28aJHyQUssP4DEQ2YsuKN5EQCsTJXiWCN6onqL32Pqk,,,1787112534,0.0,0.0,0.0,0,0,0,0.0,0.0,1.0,0.0,,,0,0,0,Helius verified first buyer,2026-08-20 05:02:07
C4EivVH4kEhwT8uwRKUMmuM83uNNG1P5cK7BqD2Eux5y,,,1787112534,0.0,0.0,0.0,0,0,0,0.0,0.0,1.0,0.0,,,0,0,0,Helius verified first buyer,2026-08-20 05:02:07
97DPFEAN6RSQfDL1iKvD87uP4VnSCyoT7DkCwSkyo8B7,,,1787112534,0.0,0.0,0.0,0,0,0,0.0,0.0,1.0,0.0,,,0,0,0,Helius verified first buyer,2026-08-20 05:02:08
7bY96cEosDsAa3fSnuiGkqK5bAdzyTVkJ9TG8QzndaUs,,,1787112535,0.0,0.0,0.0,0,0,0,0.0,0.0,1.0,0.0,,,0,0,0,Helius verified first buyer,2026-08-20 05:02:08
6egkvvM6GjjsLbZFfvo2PDQQ5rN9WeeGhQDxRiFoWi4n,,,1787112535,0.0,0.0,0.0,0,0,0,0.0,0.0,1.0,0.0,,,0,0,0,Helius verified first buyer,2026-08-20 05:02:08
8bNvJQ1bRV3iN5a99zW4vGE47aSyoDThabmUZ1LBGkf2,,,1787112535,0.0,0.0,0.0,0,0,0,0.0,0.0,1.0,0.0,,,0,0,0,Helius verified first buyer,2026-08-20 05:02:09
HBtusmtrnvXBGiCfkjiQmuv2rqz9RSQdn5gCivgUrLAc,,,1787112535,0.0,0.0,0.0,0,0,0,0.0,0.0,1.0,0.0,,,0,0,0,Helius verified first buyer,2026-08-20 05:02:09
4h3o4BjAdRgXgXiM7eC1gRjFj5Dcs1ekjMdk5p6LSBqL,,,1787112535,0.0,0.0,0.0,0,0,0,0.0,0.0,1.0,0.0,,,0,0,0,Helius verified first buyer,2026-08-20 05:02:10
4pkP6A7okD2icCLSBkGXd7Hxq1eKVEYE6VTrunoqQkhW,,,1787112535,0.0,0.0,0.0,0,0,0,0.0,0.0,1.0,0.0,,,0,0,0,Helius verified first buyer,2026-08-20 05:02:10
8xRkM8H1Y97t7fyh9LbHs4zLydd8RURw8aMmbzJWx79r,,,1787112535,0.0,0.0,0.0,0,0,0,0.0,0.0,1.0,0.0,,,0,0,0,Helius verified first buyer,2026-08-20 05:02:10
ED4VBSx9vsAZX6sY9ggt1MF9WEYJs4pwF1Lh461dvt8E,,,1787112536,0.0,0.0,0.0,0,0,0,0.0,0.0,1.0,0.0,,,0,0,0,Helius verified first buyer,2026-08-20 05:02:10
AysQ3xmRnnXUsh32cAtbDfz8zASAqmKLESuammwcS717,,,1787112536,0.0,0.0,0.0,0,0,0,0.0,0.0,1.0,0.0,,,0,0,0,Helius verified first buyer,2026-08-20 05:02:11
KTAFTsJnMcvujn2UEFBSEayTfn64XP3pD8VKWovfkxQ,,,1787112536,0.0,0.0,0.0,0,0,0,0.0,0.0,1.0,0.0,,,0,0,0,Helius verified first buyer,2026-08-20 05:02:11
6W2TXJBHqkym1ZkK9sZoBtRNcaiJ7wWJqA55QHpA6Bq2,,,1787112536,0.0,0.0,0.0,0,0,0,0.0,0.0,1.0,0.0,,,0,0,0,Helius verified first buyer,2026-08-20 05:02:12
8PZ85wZnrCfuipAxVCf7rhHVUiKJCTbNhEVnhBhCsEkb,,,1787112537,0.0,0.0,0.0,0,0,0,0.0,0.0,1.0,0.0,,,0,0,0,Helius verified first buyer,2026-08-20 05:02:13
7NTg1XxGWWTxSQMtx8PvMA4JuD7E5QyKsyk4mpeQ6mBZ,,,1787112537,0.0,0.0,0.0,0,0,0,0.0,0.0,1.0,0.0,,,0,0,0,Helius verified first buyer,2026-08-20 05:02:13
4vFcY1S8ko3XM8WPzNowUWh5xD9VzfP5bbyCMfqtNC1v,,,1787112537,0.0,0.0,0.0,0,0,0,0.0,0.0,1.0,0.0,,,0,0,0,Helius verified first buyer,2026-08-20 05:02:13
27RTCCVVicGEb1n4GWzxZ8gSrSVwV91dxBwiJvmohhnx,,,1787112538,0.0,0.0,0.0,0,0,0,0.0,0.0,1.0,0.0,,,0,0,0,Helius verified first buyer,2026-08-20 05:02:13
9Vyoa3LTMhsLzW7yxDAJbiZ2npFVXb3GUJ7CiMJvhvk,,,1787112538,0.0,0.0,0.0,0,0,0,0.0,0.0,1.0,0.0,,,0,0,0,Helius verified first buyer,2026-08-20 05:02:14
GNQSKPQzUkV5S9LvqvmzJ5DB8pQX3XUTKcFLkekvm24L,,,1787112538,0.0,0.0,0.0,0,0,0,0.0,0.0,1.0,0.0,,,0,0,0,Helius verified first buyer,2026-08-20 05:02:14
7KeG6CDKB1RZEHdXwVyxRPPQhFP5e4veCNAacfeqepu8,,,1787112538,0.0,0.0,0.0,0,0,0,0.0,0.0,1.0,0.0,,,0,0,0,Helius verified first buyer,2026-08-20 05:02:14
AHRYaS84y4uSP9QbTwjgS6Dt5KnP29LbxxYkRzXaEts6,,,1787112538,0.0,0.0,0.0,0,0,0,0.0,0.0,1.0,0.0,,,0,0,0,Helius verified first buyer,2026-08-20 05:02:15
HhVxHLT24pCbjos6VQQcfvbJMaSRM3aygQRZDFeniXW5,,,1787112539,0.0,0.0,0.0,0,0,0,0.0,0.0,1.0,0.0,,,0,0,0,Helius verified first buyer,2026-08-20 05:02:15
3CEq1CsUKfxSRQR7Xj9ZasJLF7A9ENtXV6vbJL4bHLie,,,1787112539,0.0,0.0,0.0,0,0,0,0.0,0.0,1.0,0.0,,,0,0,0,Helius verified first buyer,2026-08-20 05:02:15
D46KJAatX2czHht2VGHq6iA4gwACrCkU4xqrB2gCfAN1,,,1787112539,0.0,0.0,0.0,0,0,0,0.0,0.0,1.0,0.0,,,0,0,0,Helius verified first buyer,2026-08-20 05:02:16
76NcU253crQnmHawf1USeLLTmPzfa5LWu2i12JLFaLzC,,,1787112539,0.0,0.0,0.0,0,0,0,0.0,0.0,1.0,0.0,,,0,0,0,Helius verified first buyer,2026-08-20 05:02:16
CeA5LGTGwAzbejApo1TmgpGnc4tGWEib2hmr13h27m8E,,,1787112539,0.0,0.0,0.0,0,0,0,0.0,0.0,1.0,0.0,,,0,0,0,Helius verified first buyer,2026-08-20 05:02:16
EdzjGgetgetXba4z2d3tZYnynZ1kxLw5Wdm88Y8Z3rvv,,,1787112539,0.0,0.0,0.0,0,0,0,0.0,0.0,1.0,0.0,,,0,0,0,Helius verified first buyer,2026-08-20 05:02:16
iWQ4xfJuwrLq1oXs5mtF7asVPzAdv79At4bbCt6oGAz,,,1787112540,0.0,0.0,0.0,0,0,0,0.0,0.0,1.0,0.0,,,0,0,0,Helius verified first buyer,2026-08-20 05:02:17
JEFAiR2CqYa3f9EbD66PPkq9gvKazWgxSGMsstFMJgPj,,,1787112540,0.0,0.0,0.0,0,0,0,0.0,0.0,1.0,0.0,,,0,0,0,Helius verified first buyer,2026-08-20 05:02:17
GyRsT2tJUwf1KP2rfxqSMkVbDJ8LV41YizSMNdGSpcZc,,,1787112540,0.0,0.0,0.0,0,0,0,0.0,0.0,1.0,0.0,,,0,0,0,Helius verified first buyer,2026-08-20 05:02:17
3h3QzVqu2iwa7xMc5JFMDoGmh2w7wKpshP7JGbUapXiZ,,,1787112541,0.0,0.0,0.0,0,0,0,0.0,0.0,1.0,0.0,,,0,0,0,Helius verified first buyer,2026-08-20 05:02:18
C1LUg6yYisDniAEwziq3AVGocb2YCrT2t6wF2i9Dz3dE,,,1787112541,0.0,0.0,0.0,0,0,0,0.0,0.0,1.0,0.0,,,0,0,0,Helius verified first buyer,2026-08-20 05:02:18
AJP3CzYMMBXPknqtAHtoBvkLmze4svbqa7rT6G1nthN9,,,1787112541,0.0,0.0,0.0,0,0,0,0.0,0.0,1.0,0.0,,,0,0,0,Helius verified first buyer,2026-08-20 05:02:18
66egCDuBQJTWg28UGytFQhEgjdXVZjJ4NtaEnSr1VeQo,,,1787112542,0.0,0.0,0.0,0,0,0,0.0,0.0,1.0,0.0,,,0,0,0,Helius verified first buyer,2026-08-20 05:02:19
CErNCfdz1odGkP5kj1uNMtzKQiDpaWcUtSS7yPz5JRhR,,,1787112542,0.0,0.0,0.0,0,0,0,0.0,0.0,1.0,0.0,,,0,0,0,Helius verified first buyer,2026-08-20 05:02:19
3cskLthhsGW9FULXeAfAGkBxjAwYkMtTidCtaUFBRwLe,,,1787112542,0.0,0.0,0.0,0,0,0,0.0,0.0,1.0,0.0,,,0,0,0,Helius verified first buyer,2026-08-20 05:02:19
7qz4tY3UUQQvGeZT992RK4VG5R6PKar7DQaaq3M1zucC,,,1787112542,0.0,0.0,0.0,0,0,0,0.0,0.0,1.0,0.0,,,0,0,0,Helius verified first buyer,2026-08-20 05:02:20
FnJoqrDHDX8TVH1EJ3hXETaiHGpyy541rrdKpBuCqgFz,,,1787112542,0.0,0.0,0.0,0,0,0,0.0,0.0,1.0,0.0,,,0,0,0,Helius verified first buyer,2026-08-20 05:02:20
5mT9KMudMj5JBX1ZyiUqQaRCg1A5PeRcJMRBnZoN6pTp,,,1787112542,0.0,0.0,0.0,0,0,0,0.0,0.0,1.0,0.0,,,0,0,0,Helius verified first buyer,2026-08-20 05:02:20
HKUAVPARSnrcMYEuHZND7Qk7KAEkcoGZknpSDASFAgpS,,,1787112542,0.0,0.0,0.0,0,0,0,0.0,0.0,1.0,0.0,,,0,0,0,Helius verified first buyer,2026-08-20 05:02:20
2eX7mBduKikhpJthdwzoTwnSbHTvDEbsX12Bd2D26H1E,,,1787112543,0.0,0.0,0.0,0,0,0,0.0,0.0,1.0,0.0,,,0,0,0,Helius verified first buyer,2026-08-20 05:02:21
GQ59SUrxxyRAkZ2MhACFSZ9mdHaEuVorRjn2Xnz6DnBn,,,1787112543,0.0,0.0,0.0,0,0,0,0.0,0.0,1.0,0.0,,,0,0,0,Helius verified first buyer,2026-08-20 05:02:21
2BG96DmsNMRqceJxDEAjEXPBgaHUBUuYRGDs4B2zNCwA,,,1787112544,0.0,0.0,0.0,0,0,0,0.0,0.0,1.0,0.0,,,0,0,0,Helius verified first buyer,2026-08-20 05:02:21
HqEH19etQLn8ddUqoqxCppA51PqD71bn3UWhtUMAu4vj,,,1787112544,0.0,0.0,0.0,0,0,0,0.0,0.0,1.0,0.0,,,0,0,0,Helius verified first buyer,2026-08-20 05:02:22
7diV3t6PWFDKpevwyzNXLcEBWAr2UqRcy5kMdsXVmTjr,,,1787112544,0.0,0.0,0.0,0,0,0,0.0,0.0,1.0,0.0,,,0,0,0,Helius verified first buyer,2026-08-20 05:02:22
6xyAj1Yjd2xEc8FWihcQWgdQqJkEWARmjB8MmsNAHEto,,,1787112544,0.0,0.0,0.0,0,0,0,0.0,0.0,1.0,0.0,,,0,0,0,Helius verified first buyer,2026-08-20 05:02:22
G7XYHwr7Qtd5XXdkZuBFuY9uH2EMQKt1jAehrCVwzte9,,,1787112544,0.0,0.0,0.0,0,0,0,0.0,0.0,1.0,0.0,,,0,0,0,Helius verified first buyer,2026-08-20 05:02:22
BMz5zVWWZCyVU3ycBAvsSaFSsUVxsXSTRBRvSGhap62j,,,1787112545,0.0,0.0,0.0,0,0,0,0.0,0.0,1.0,0.0,,,0,0,0,Helius verified first buyer,2026-08-20 05:02:22
AQLQvqS1LhXMEJwX4unxmtWXoPV9YK5ADRUdWkDnnsVQ,,,1787112545,0.0,0.0,0.0,0,0,0,0.0,0.0,1.0,0.0,,,0,0,0,Helius verified first buyer,2026-08-20 05:02:23
7dmeLhnWzctUokiqKcLsZa4xbh3gygGPkmSuFfvjQk26,,,1787112545,0.0,0.0,0.0,0,0,0,0.0,0.0,1.0,0.0,,,0,0,0,Helius verified first buyer,2026-08-20 05:02:23
7mbFm9sGrUwb7oRdJ93E4fxBGeeRMQ7V2eysEfsdE5sA,,,1787112545,0.0,0.0,0.0,0,0,0,0.0,0.0,1.0,0.0,,,0,0,0,Helius verified first buyer,2026-08-20 05:02:24
DexKk3eXqZQBjuqTaf8GLj9qNuqTa3bh7X3by9hTpjt1,,,1787112545,0.0,0.0,0.0,0,0,0,0.0,0.0,1.0,0.0,,,0,0,0,Helius verified first buyer,2026-08-20 05:02:24
GPB8PuhdwfRZJEJBvkMfCUYmhSi7AcybMnc7EpCKPU4k,,,1787112545,0.0,0.0,0.0,0,0,0,0.0,0.0,1.0,0.0,,,0,0,0,Helius verified first buyer,2026-08-20 05:02:24
CR2CgZYyi6diWMY5xeKLPev7ESBzohaCcwszWuos4R5h,,,1787112546,0.0,0.0,0.0,0,0,0,0.0,0.0,1.0,0.0,,,0,0,0,Helius verified first buyer,2026-08-20 05:02:25
HL4TN91sSkJLUefRgeip6HC9PzcJqkok7neSwSwx8eFE,,,1787112546,0.0,0.0,0.0,0,0,0,0.0,0.0,1.0,0.0,,,0,0,0,Helius verified first buyer,2026-08-20 05:02:25
HW5inAwXbtiapS83hhJaSJmHUDtZW8z6HhjFZS62tenT,,,1787112546,0.0,0.0,0.0,0,0,0,0.0,0.0,1.0,0.0,,,0,0,0,Helius verified first buyer,2026-08-20 05:02:26
GFv4YPoKJKSvFLcrGsReQozGmxs92PPAAZEvriXkNkYe,,,1787112546,0.0,0.0,0.0,0,0,0,0.0,0.0,1.0,0.0,,,0,0,0,Helius verified first buyer,2026-08-20 05:02:26
9JZgoEpx6h6CKj1sAnppJoUrsXBBRscoBfxotnJYRzhe,,,1787112547,0.0,0.0,0.0,0,0,0,0.0,0.0,1.0,0.0,,,0,0,0,Helius verified first buyer,2026-08-20 05:02:26
HR2yn932zd89gPenqG8T31ks96o7Fqi9GhzwzJUP5mRT,,,1787112547,0.0,0.0,0.0,0,0,0,0.0,0.0,1.0,0.0,,,0,0,0,Helius verified first buyer,2026-08-20 05:02:27
7iEoFwCU643xZojWfUxE7ioamGGq7eVjspeYq6UGPEuG,,,1787112547,0.0,0.0,0.0,0,0,0,0.0,0.0,1.0,0.0,,,0,0,0,Helius verified first buyer,2026-08-20 05:02:27
34XPQDQXY7Xqmus1YV8tgjGEry8vsbDqat11VNPMM7Y1,,,1787112548,0.0,0.0,0.0,0,0,0,0.0,0.0,1.0,0.0,,,0,0,0,Helius verified first buyer,2026-08-20 05:02:27
8DVpFXF9HD94XcADwDrnWnJrTn4WUpjygvXvxyTgHkbs,,,1787112548,0.0,0.0,0.0,0,0,0,0.0,0.0,1.0,0.0,,,0,0,0,Helius verified first buyer,2026-08-20 05:02:28
7LA1enPXPMDNw5Faj19FTAPg7oE1NHcsSebThaLPdBcK,,,1787112548,0.0,0.0,0.0,0,0,0,0.0,0.0,1.0,0.0,,,0,0,0,Helius verified first buyer,2026-08-20 05:02:28
64jv65ew3t4W59F2hbkkkCYdU4gFno7nhMiJAmViMvik,,,1787112548,0.0,0.0,0.0,0,0,0,0.0,0.0,1.0,0.0,,,0,0,0,Helius verified first buyer,2026-08-20 05:02:28
EQUCMXH7Pmxi46PAGErvLtRDA6oXh2TRX7Femh1oXqX6,,,1787112549,0.0,0.0,0.0,0,0,0,0.0,0.0,1.0,0.0,,,0,0,0,Helius verified first buyer,2026-08-20 05:02:29
FgPNn8qUdqpg7Eyze2FrJFT1rwzarEZspxbjqA2nXV6n,,,1787112549,0.0,0.0,0.0,0,0,0,0.0,0.0,1.0,0.0,,,0,0,0,Helius verified first buyer,2026-08-20 05:02:29
CsHMKTWQ1e4dG5bXzqfVeVcK4FDS5DeWc7dM9Hh4BJuW,,,1787112549,0.0,0.0,0.0,0,0,0,0.0,0.0,1.0,0.0,,,0,0,0,Helius verified first buyer,2026-08-20 05:02:30
5oyPTdcVHbLN91TeLQdaFffC1FiRrgHjjQ5ibYdijAGD,,,1787112549,0.0,0.0,0.0,0,0,0,0.0,0.0,1.0,0.0,,,0,0,0,Helius verified first buyer,2026-08-20 05:02:30
H1EsL1631LTuMGerhHDggVKQbmaWLgaNH9cezzVqYhHU,,,1787112549,0.0,0.0,0.0,0,0,0,0.0,0.0,1.0,0.0,,,0,0,0,Helius verified first buyer,2026-08-20 05:02:31
CL5kjsY2UAqZuYmBN2APjLhaRJudSYDrsFdHX9abkAzD,,,1787112549,0.0,0.0,0.0,0,0,0,0.0,0.0,1.0,0.0,,,0,0,0,Helius verified first buyer,2026-08-20 05:02:31
DR61KEQeHsByJSueDw5wUv6XDFU9Ps3mVERdzqZCjjjt,,,1787112549,0.0,0.0,0.0,0,0,0,0.0,0.0,1.0,0.0,,,0,0,0,Helius verified first buyer,2026-08-20 05:02:31
7PDC5TZJRGYUTR9SwaGMVfjtiQy2GcKPo8ALQFetqUey,,,1787112549,0.0,0.0,0.0,0,0,0,0.0,0.0,1.0,0.0,,,0,0,0,Helius verified first buyer,2026-08-20 05:02:31
QLnfhA79NxRqxwE2V4LXnq8Jv5sKLjDGWxJrDPgHiSj,,,1787112550,0.0,0.0,0.0,0,0,0,0.0,0.0,1.0,0.0,,,0,0,0,Helius verified first buyer,2026-08-20 05:02:32
9vPe2xzTqz6yphfW3gkRAFwgBeS1GTzbrAmY8cBdb6iT,,,1787112550,0.0,0.0,0.0,0,0,0,0.0,0.0,1.0,0.0,,,0,0,0,Helius verified first buyer,2026-08-20 05:02:32
AUgHvpNm7DQsJUVriDgeeFNGUHCjo1jT1qJNKfstwJ8m,,,1787112550,0.0,0.0,0.0,0,0,0,0.0,0.0,1.0,0.0,,,0,0,0,Helius verified first buyer,2026-08-20 05:02:33
4Wbr1U98hs6WMnyAGJ6ugBfk5saNB6NF4ypJG6pqgWg8,,,1787112551,0.0,0.0,0.0,0,0,0,0.0,0.0,1.0,0.0,,,0,0,0,Helius verified first buyer,2026-08-20 05:02:33
4Y8oWpbjWu7KgkjgmsKpYSZJoWKD56Q3S9rz8q5La6n2,,,1787112551,0.0,0.0,0.0,0,0,0,0.0,0.0,1.0,0.0,,,0,0,0,Helius verified first buyer,2026-08-20 05:02:33
9zSY4iySZTkydJnTmsG48qhEWZNBUWukuWK8iLDLnkMT,,,1787112551,0.0,0.0,0.0,0,0,0,0.0,0.0,1.0,0.0,,,0,0,0,Helius verified first buyer,2026-08-20 05:02:34
Frdn9sLW2TKLA4aeJy5jTYXwNWoqRrneGZtUonEDYv8X,,,1787112551,0.0,0.0,0.0,0,0,0,0.0,0.0,1.0,0.0,,,0,0,0,Helius verified first buyer,2026-08-20 05:02:34
CHQNpZXhgXj9ju9ko3abGhM5bbwM6oU74tW6xYce1dVm,,,1787112551,0.0,0.0,0.0,0,0,0,0.0,0.0,1.0,0.0,,,0,0,0,Helius verified first buyer,2026-08-20 05:02:35
9B4jmDnoNDWhDHa7wuUNExp7ypcyADYPxuaxKpdCowL1,,,1787112551,0.0,0.0,0.0,0,0,0,0.0,0.0,1.0,0.0,,,0,0,0,Helius verified first buyer,2026-08-20 05:02:35
JamLsvU3GFiYTNjvUptXeSdEBLp4WfwtuJXu2HsPBw1,,,1787112551,0.0,0.0,0.0,0,0,0,0.0,0.0,1.0,0.0,,,0,0,0,Helius verified first buyer,2026-08-20 05:02:36
HduJhvF7dpwtyPU31mAKAf1hQqMBEoveg6vfrqeuwuTP,,,1787112552,0.0,0.0,0.0,0,0,0,0.0,0.0,1.0,0.0,,,0,0,0,Helius verified first buyer,2026-08-20 05:02:36
8rECYvqp4k9DqCwNMwK3pQP3SSrJoVMpD5YFSobfwzSQ,,,1787112552,0.0,0.0,0.0,0,0,0,0.0,0.0,1.0,0.0,,,0,0,0,Helius verified first buyer,2026-08-20 05:02:36
G6LH7XBqug4erfrJdckKBjgv6qPBcHtUgR5WUBJeJyS4,,,1787112552,0.0,0.0,0.0,0,0,0,0.0,0.0,1.0,0.0,,,0,0,0,Helius verified first buyer,2026-08-20 05:02:37
5THCaUK27ukk3VLs9tPyeZaZ1NJt2sfXhFGuGvty8BMo,,,1787112552,0.0,0.0,0.0,0,0,0,0.0,0.0,1.0,0.0,,,0,0,0,Helius verified first buyer,2026-08-20 05:02:37
5eSVKSZNm9rtjZ1XuBLoCVdBEr5F35z5ysEZ1TVjL4nt,,,1787112553,0.0,0.0,0.0,0,0,0,0.0,0.0,1.0,0.0,,,0,0,0,Helius verified first buyer,2026-08-20 05:02:37
EGiVCUvKYS7WS7QxXiPjqhxTVgzLi8ShmDge2Dgop9c4,,,1787112553,0.0,0.0,0.0,0,0,0,0.0,0.0,1.0,0.0,,,0,0,0,Helius verified first buyer,2026-08-20 05:02:38
712mcCSsspcPa4tuRYHTaM5r2qmUwdqP8PAyfADFcR2Y,,,1787112553,0.0,0.0,0.0,0,0,0,0.0,0.0,1.0,0.0,,,0,0,0,Helius verified first buyer,2026-08-20 05:02:38
CfxDEV2qY5pwSeCswyynGvZFrgKALmR5s77SBqTXHCB6,,,1787112553,0.0,0.0,0.0,0,0,0,0.0,0.0,1.0,0.0,,,0,0,0,Helius verified first buyer,2026-08-20 05:02:38
4jRemUn9E4cyBnVNKpupWhtN5xgwspbCM67WT9NZyP1U,,,1787112553,0.0,0.0,0.0,0,0,0,0.0,0.0,1.0,0.0,,,0,0,0,Helius verified first buyer,2026-08-20 05:02:38
2cga984xP25zKCpK745zpBjwNPsvBpYMoCww6wxoVVt4,,,1787112554,0.0,0.0,0.0,0,0,0,0.0,0.0,1.0,0.0,,,0,0,0,Helius verified first buyer,2026-08-20 05:02:39
EznKytrA4GooPm5oLcNAAfskY8wBMzbcnJ7nh8ySmMVH,,,1787112554,0.0,0.0,0.0,0,0,0,0.0,0.0,1.0,0.0,,,0,0,0,Helius verified first buyer,2026-08-20 05:02:39
AzmPDaXVqV7GGMSScgHA9gSSkziRsjHiK9WtN1tNrpBT,,,1787112555,0.0,0.0,0.0,0,0,0,0.0,0.0,1.0,0.0,,,0,0,0,Helius verified first buyer,2026-08-20 05:02:40
FNwLhFeeqBrYbtfyexN55LmZBmRYrWkPjHi8Vk4w8bh,,,1787112555,0.0,0.0,0.0,0,0,0,0.0,0.0,1.0,0.0,,,0,0,0,Helius verified first buyer,2026-08-20 05:02:40
68vUkB5LkxCJBdVkdtJLVknmtS5CupQibpYnukR8Cbxy,,,1787112556,0.0,0.0,0.0,0,0,0,0.0,0.0,1.0,0.0,,,0,0,0,Helius verified first buyer,2026-08-20 05:02:40
AEjTJMFAYp8anEKRHBKCj1J1LVWtYvuSJv4e4tdp8NEA,,,1787112556,0.0,0.0,0.0,0,0,0,0.0,0.0,1.0,0.0,,,0,0,0,Helius verified first buyer,2026-08-20 05:02:41
DryPgC6mxQ2MNNJT9b5wxdNfvMNB8F6iSmaqsLzVbyKy,,,1787112556,0.0,0.0,0.0,0,0,0,0.0,0.0,1.0,0.0,,,0,0,0,Helius verified first buyer,2026-08-20 05:02:41
3mosCbSBHv4JuZ6zjDkKxkuUbnzAJZSvUoEf6kkd7L6X,,,1787112556,0.0,0.0,0.0,0,0,0,0.0,0.0,1.0,0.0,,,0,0,0,Helius verified first buyer,2026-08-20 05:02:41
7hCZE4ZcwN14SyLsGZBi8fg7GFq2ET2f3Nfe8LSar13,,,1787112556,0.0,0.0,0.0,0,0,0,0.0,0.0,1.0,0.0,,,0,0,0,Helius verified first buyer,2026-08-20 05:02:42
AEAGgotwQkiNwduvvX7uQgy28vNapDmxgQ8tP4hgWdwe,,,1787112556,0.0,0.0,0.0,0,0,0,0.0,0.0,1.0,0.0,,,0,0,0,Helius verified first buyer,2026-08-20 05:02:42
BKWE3Z7FoCGnbZ1BTkgEH4qGiRtRee1RHAfu5VT35riJ,,,1787112556,0.0,0.0,0.0,0,0,0,0.0,0.0,1.0,0.0,,,0,0,0,Helius verified first buyer,2026-08-20 05:02:42
EuVthJ3apJPi2YTA4gTYr3Msmik6ay5AmY8gMV9XbjJ4,,,1787112557,0.0,0.0,0.0,0,0,0,0.0,0.0,1.0,0.0,,,0,0,0,Helius verified first buyer,2026-08-20 05:02:43
9PQdtoN6cTHrs1VFhn2qBxcy1nmoTnxgjhDH5r1ps4ws,,,1787112557,0.0,0.0,0.0,0,0,0,0.0,0.0,1.0,0.0,,,0,0,0,Helius verified first buyer,2026-08-20 05:02:43
Ds4oqRME59fMgGKtbPmBjSXP8pjsPp2xLH5vj2M6CrtD,,,1787112557,0.0,0.0,0.0,0,0,0,0.0,0.0,1.0,0.0,,,0,0,0,Helius verified first buyer,2026-08-20 05:02:43
DAZvfLTaV5ycq7cpQV7LPGQVRGSqg8PifvsnFLdyoR8F,,,1787112558,0.0,0.0,0.0,0,0,0,0.0,0.0,1.0,0.0,,,0,0,0,Helius verified first buyer,2026-08-20 05:02:44
9a3wp24yVVz9EBxWcgeZeqrd4EyuUDzBM2tpWeMRnH4r,,,1787112558,0.0,0.0,0.0,0,0,0,0.0,0.0,1.0,0.0,,,0,0,0,Helius verified first buyer,2026-08-20 05:02:45
2hAwvKPi8tRd7cdWA9ePBrweVuMVZfxToCRXqDTNFM69,,,1787112558,0.0,0.0,0.0,0,0,0,0.0,0.0,1.0,0.0,,,0,0,0,Helius verified first buyer,2026-08-20 05:02:45
Gjs5aH8tPwNhefD9UFcu4T23mmbYaebB3gSMYEdFftFA,,,1787112558,0.0,0.0,0.0,0,0,0,0.0,0.0,1.0,0.0,,,0,0,0,Helius verified first buyer,2026-08-20 05:02:46
GVNZX2vzPP4CrZjUKuL9QgzY85g6tBTmcmseNWjz6a53,,,1787112558,0.0,0.0,0.0,0,0,0,0.0,0.0,1.0,0.0,,,0,0,0,Helius verified first buyer,2026-08-20 05:02:46
4DNoCh6h4CC5PsjuFjnLua2TmKFN9K5ymavnFG2EWhVV,,,1787112559,0.0,0.0,0.0,0,0,0,0.0,0.0,1.0,0.0,,,0,0,0,Helius verified first buyer,2026-08-20 05:02:47
6jRReEgVRX3CJhwLJffVqaX4Ps8DoozvzumNmoYFGiDb,,,1787112559,0.0,0.0,0.0,0,0,0,0.0,0.0,1.0,0.0,,,0,0,0,Helius verified first buyer,2026-08-20 05:02:47
7X5uvaKR8pE6KS7XJrqLzp7jgv4o8MYKXow2r5PBFW5f,,,1787112559,0.0,0.0,0.0,0,0,0,0.0,0.0,1.0,0.0,,,0,0,0,Helius verified first buyer,2026-08-20 05:02:47
FhZxib6SrgySw1g2iwAWHRDu2aHi4bZFz1dateEW4fo7,,,1787112559,0.0,0.0,0.0,0,0,0,0.0,0.0,1.0,0.0,,,0,0,0,Helius verified first buyer,2026-08-20 05:02:47
BWYgjNCpLfsepajFNDqvwjQkEQ9QA7DinLYQ6mSWc2mk,,,1787112560,0.0,0.0,0.0,0,0,0,0.0,0.0,1.0,0.0,,,0,0,0,Helius verified first buyer,2026-08-20 05:02:47
CYgPULcckDvuvyvcfFXZS8NT7iHD66REabWtpmjp5nRk,,,1787112560,0.0,0.0,0.0,0,0,0,0.0,0.0,1.0,0.0,,,0,0,0,Helius verified first buyer,2026-08-20 05:02:48
6WGw5iX1EwHA674e9gPYLQypKhdSoK6PbYv1twcwdFJZ,,,1787112560,0.0,0.0,0.0,0,0,0,0.0,0.0,1.0,0.0,,,0,0,0,Helius verified first buyer,2026-08-20 05:02:48
4pzpdSWpjitGVixQTiBPPLTGD6u6oQ4buZgfmtWcHsnM,,,1787112560,0.0,0.0,0.0,0,0,0,0.0,0.0,1.0,0.0,,,0,0,0,Helius verified first buyer,2026-08-20 05:02:48
FijG9KQBfMNretDwszEYMgkT2JBEoVCKjnwxbyifC5YN,,,1787112560,0.0,0.0,0.0,0,0,0,0.0,0.0,1.0,0.0,,,0,0,0,Helius verified first buyer,2026-08-20 05:02:49
Db3nATEUnHTYnDKgiMZZ37PZ57hnaJEuXod21QYCGf31,,,1787112561,0.0,0.0,0.0,0,0,0,0.0,0.0,1.0,0.0,,,0,0,0,Helius verified first buyer,2026-08-20 05:02:49
Hpfmt26o8V6d6RFaxR5vxteaRjqV8mEvZuXVApJceLBw,,,1787112561,0.0,0.0,0.0,0,0,0,0.0,0.0,1.0,0.0,,,0,0,0,Helius verified first buyer,2026-08-20 05:02:50
HdEaDhywcVuSn9GQEK7FVT9ht6DL4umLN2WZkw5hGLvx,,,1787112561,0.0,0.0,0.0,0,0,0,0.0,0.0,1.0,0.0,,,0,0,0,Helius verified first buyer,2026-08-20 05:02:50
3Ax6XkjmoibhX9uRYXeK2XCkg9DpvjYYGN8dK5VhPrnt,,,1787112561,0.0,0.0,0.0,0,0,0,0.0,0.0,1.0,0.0,,,0,0,0,Helius verified first buyer,2026-08-20 05:02:50
8P7o42p59fhiXD4j2pTvGayDq58iqY3yL7QCLhwSWBys,,,1787112561,0.0,0.0,0.0,0,0,0,0.0,0.0,1.0,0.0,,,0,0,0,Helius verified first buyer,2026-08-20 05:02:51
H7XCkdABSb1ma4QmqtJkmU45PumnK4paGU4LQnH33Zk5,,,1787112561,0.0,0.0,0.0,0,0,0,0.0,0.0,1.0,0.0,,,0,0,0,Helius verified first buyer,2026-08-20 05:02:51
9RTmqqCMbSqmvBQeKEJMx41oYk4ZruXrkTDZyuBizaWv,,,1787112561,0.0,0.0,0.0,0,0,0,0.0,0.0,1.0,0.0,,,0,0,0,Helius verified first buyer,2026-08-20 05:02:51
ELkttxydaMiptsXH5F5UGBVCxPJaZG7qT1yCDBwsnEUa,,,1787112562,0.0,0.0,0.0,0,0,0,0.0,0.0,1.0,0.0,,,0,0,0,Helius verified first buyer,2026-08-20 05:02:52
8y3ro2qQ8eNSMHgfHdkBnat4Q4aX6TGUcbQhZN2gJeXy,,,1787112562,0.0,0.0,0.0,0,0,0,0.0,0.0,1.0,0.0,,,0,0,0,Helius verified first buyer,2026-08-20 05:02:52
CLDwn3hYpSbb7L69kaByrCETPH6vVbUr4bdzKhKfW3cA,,,1787112562,0.0,0.0,0.0,0,0,0,0.0,0.0,1.0,0.0,,,0,0,0,Helius verified first buyer,2026-08-20 05:02:52
EpfKWG8ES6ZUVEVCszS8RhDFpkpzgWMNW6YwVa76m76x,,,1787112563,0.0,0.0,0.0,0,0,0,0.0,0.0,1.0,0.0,,,0,0,0,Helius verified first buyer,2026-08-20 05:02:53
6CiWUZr1qzurah6p17CqdwTqjMXviRqXcmZZ5LGpZpuE,,,1787112563,0.0,0.0,0.0,0,0,0,0.0,0.0,1.0,0.0,,,0,0,0,Helius verified first buyer,2026-08-20 05:02:54
937hLvpxeUz8chEXJ6a1XZLZYYv9QN6aKPpoqGHcmsr,,,1787112563,0.0,0.0,0.0,0,0,0,0.0,0.0,1.0,0.0,,,0,0,0,Helius verified first buyer,2026-08-20 05:02:54
CNKsqaY3NaXxHoLp2zR8RwT2YskmSXCdkKZNLqpvoprr,,,1787112563,0.0,0.0,0.0,0,0,0,0.0,0.0,1.0,0.0,,,0,0,0,Helius verified first buyer,2026-08-20 05:02:54
9LtLrsSkXu9kkTYkTPK7GsxLkPsA2dUzQUpsgMMtocFP,,,1787112564,0.0,0.0,0.0,0,0,0,0.0,0.0,1.0,0.0,,,0,0,0,Helius verified first buyer,2026-08-20 05:02:55
9VoBdXxc8sTSwQaTaetFxXReSrLqainCbNDrBJ2Pxj1C,,,1787112564,0.0,0.0,0.0,0,0,0,0.0,0.0,1.0,0.0,,,0,0,0,Helius verified first buyer,2026-08-20 05:02:55
2sKshp4viS8zwSE1aZ8JeLSTv3GryvB1ZReXKfk9jLxV,,,1787112564,0.0,0.0,0.0,0,0,0,0.0,0.0,1.0,0.0,,,0,0,0,Helius verified first buyer,2026-08-20 05:02:55
GG3eRUvfP7oRzWAeU6AYcjPgm8ryEGvfJfGidHKXaXSv,,,1787112565,0.0,0.0,0.0,0,0,0,0.0,0.0,1.0,0.0,,,0,0,0,Helius verified first buyer,2026-08-20 05:02:55
DEHQebTE4TffEdXe36dWQTYXd6kVAi4yfLxm5ongVYKw,,,1787112565,0.0,0.0,0.0,0,0,0,0.0,0.0,1.0,0.0,,,0,0,0,Helius verified first buyer,2026-08-20 05:02:56
24iEEhDA4b5nh7MXXwzQtfG8zKHzMijfuUzBQZ1UNjbH,,,1787112565,0.0,0.0,0.0,0,0,0,0.0,0.0,1.0,0.0,,,0,0,0,Helius verified first buyer,2026-08-20 05:02:56
6DUo5t3QiDe64LPGP52szQ3W4oUzVwNFHXkFtQbFLv53,,,1787112565,0.0,0.0,0.0,0,0,0,0.0,0.0,1.0,0.0,,,0,0,0,Helius verified first buyer,2026-08-20 05:02:56
4tkCon492yb7oE8hzPxcnLABuTxReuDRSBEbuFhE5GTq,,,1787112566,0.0,0.0,0.0,0,0,0,0.0,0.0,1.0,0.0,,,0,0,0,Helius verified first buyer,2026-08-20 05:02:57
H4pgnNeKZVEyH2yW5sX5RH85h1o4Nrr1bZUxxJw3zjoV,,,1787112566,0.0,0.0,0.0,0,0,0,0.0,0.0,1.0,0.0,,,0,0,0,Helius verified first buyer,2026-08-20 05:02:57
DzqQw85BVNetcLRVhcCvZLYM9bUAmUJ8U1k7eJobJgsT,,,1787112566,0.0,0.0,0.0,0,0,0,0.0,0.0,1.0,0.0,,,0,0,0,Helius verified first buyer,2026-08-20 05:02:57
7rGMvrQos8UGUKKRWmz9X3jLB1UcwV1QUdVpYLtm2Zb4,,,1787112566,0.0,0.0,0.0,0,0,0,0.0,0.0,1.0,0.0,,,0,0,0,Helius verified first buyer,2026-08-20 05:02:58
4zyipGnk1vNkWaAjjpRaTzaYp6R8HCxPoavHZ9EBm7B4,,,1787112567,0.0,0.0,0.0,0,0,0,0.0,0.0,1.0,0.0,,,0,0,0,Helius verified first buyer,2026-08-20 05:02:58
GzRp5pjCJbLNCDsH8oqxD29xuuZK7qwN3vs26rCK3ViA,,,1787112567,0.0,0.0,0.0,0,0,0,0.0,0.0,1.0,0.0,,,0,0,0,Helius verified first buyer,2026-08-20 05:02:58
7GLbuSFMz2uHwpyFoRinMyHN4LCTJYCe5MjDqpgCn63p,,,1787112567,0.0,0.0,0.0,0,0,0,0.0,0.0,1.0,0.0,,,0,0,0,Helius verified first buyer,2026-08-20 05:02:59
SzAsQhKgsCdAELk3HwU4ecnMC84QECDktCcuT1mifw2,,,1787112567,0.0,0.0,0.0,0,0,0,0.0,0.0,1.0,0.0,,,0,0,0,Helius verified first buyer,2026-08-20 05:02:59
3wVJETkU3E9bwrryaampn3oQxLQCTdauJEkZA3NaaXya,,,1787112567,0.0,0.0,0.0,0,0,0,0.0,0.0,1.0,0.0,,,0,0,0,Helius verified first buyer,2026-08-20 05:02:59
EsE8Phy1MKzBWRBRnX4VnoeawLAA6NdArZ33htRh6PSn,,,1787112567,0.0,0.0,0.0,0,0,0,0.0,0.0,1.0,0.0,,,0,0,0,Helius verified first buyer,2026-08-20 05:03:00
CfzwJyxGHH3989FmvnFkYpFf29G53Jz9AbJvVA1FRWMn,,,1787112568,0.0,0.0,0.0,0,0,0,0.0,0.0,1.0,0.0,,,0,0,0,Helius verified first buyer,2026-08-20 05:03:00
7isjcbVBa7nPHqR4fKnzWcct4rQEGwDHJBpXaXLi4dEW,,,1787112568,0.0,0.0,0.0,0,0,0,0.0,0.0,1.0,0.0,,,0,0,0,Helius verified first buyer,2026-08-20 05:03:00
E96JCgsj2aoT2eVL1EQaJiVSzowAjui9i8cBD3mGRSB8,,,1787112568,0.0,0.0,0.0,0,0,0,0.0,0.0,1.0,0.0,,,0,0,0,Helius verified first buyer,2026-08-20 05:03:00
5H9iqGKL4WYq8hsLZQckmwmH9nxeHsWwjKg5roEKEmeq,,,1787112568,0.0,0.0,0.0,0,0,0,0.0,0.0,1.0,0.0,,,0,0,0,Helius verified first buyer,2026-08-20 05:03:01
3MsCpoLiB755rwWQbrS9gdnsPpbc5rZ5FVBqprCPG8Rg,,,1787112569,0.0,0.0,0.0,0,0,0,0.0,0.0,1.0,0.0,,,0,0,0,Helius verified first buyer,2026-08-20 05:03:01
3DLeB3QGrsXuMmMv1vRrWxkAg3kQAFE3ZS6HGHXi24Cv,,,1787112569,0.0,0.0,0.0,0,0,0,0.0,0.0,1.0,0.0,,,0,0,0,Helius verified first buyer,2026-08-20 05:03:01
9LTvGc2RX7FbB1ve9tPG2tL85rFg11BjMo6StUfRoG1r,,,1787112569,0.0,0.0,0.0,0,0,0,0.0,0.0,1.0,0.0,,,0,0,0,Helius verified first buyer,2026-08-20 05:03:02
EU3RqmpfJ7d7Ng1MCUkxbBJCgKpxpU2UAmvcA9CVeGks,,,1787112569,0.0,0.0,0.0,0,0,0,0.0,0.0,1.0,0.0,,,0,0,0,Helius verified first buyer,2026-08-20 05:03:02
537tbai7TDhiaGTjjDmUjC7aLronmjnoe4ZrLs3GkZ7N,,,1787112569,0.0,0.0,0.0,0,0,0,0.0,0.0,1.0,0.0,,,0,0,0,Helius verified first buyer,2026-08-20 05:03:03
7ZPb22QnwMEHz7uv6GfaUQ9212BFN7N4MNMf1rqpiWpi,,,1787112569,0.0,0.0,0.0,0,0,0,0.0,0.0,1.0,0.0,,,0,0,0,Helius verified first buyer,2026-08-20 05:03:03
5Rn95LuPkmQBum6d5gm4oj7VNkmocVeqyv6DBr2Wb5xR,,,1787112570,0.0,0.0,0.0,0,0,0,0.0,0.0,1.0,0.0,,,0,0,0,Helius verified first buyer,2026-08-20 05:03:04
7vHVoxaTfgkNJhSJotf564RnUfwzj6Ma34gJ4ih3GpNR,,,1787112570,0.0,0.0,0.0,0,0,0,0.0,0.0,1.0,0.0,,,0,0,0,Helius verified first buyer,2026-08-20 05:03:04
EPohD78GmL7K8GdLeowm3zNWjZwGvXZ34DyA1fwhjnBe,,,1787112570,0.0,0.0,0.0,0,0,0,0.0,0.0,1.0,0.0,,,0,0,0,Helius verified first buyer,2026-08-20 05:03:04
AmvHoaYKMaUURGwYXzdonwqz9WWqvPPC1pNTPNzKX7Jd,,,1787112570,0.0,0.0,0.0,0,0,0,0.0,0.0,1.0,0.0,,,0,0,0,Helius verified first buyer,2026-08-20 05:03:05
DPuxrZykmjZjv3obASvfmoVJ6YiZA6zsa1vQvDziqsD,,,1787112570,0.0,0.0,0.0,0,0,0,0.0,0.0,1.0,0.0,,,0,0,0,Helius verified first buyer,2026-08-20 05:03:05
4pcGLEAF1zQFVfatTrKnvf9Xp87W6KXx29W6s2wjNDth,,,1787112570,0.0,0.0,0.0,0,0,0,0.0,0.0,1.0,0.0,,,0,0,0,Helius verified first buyer,2026-08-20 05:03:05
G6cg5kj3P8pTxPy2VGVuqfcJjBjt8qSsEuGhvQsWnzKy,,,1787112571,0.0,0.0,0.0,0,0,0,0.0,0.0,1.0,0.0,,,0,0,0,Helius verified first buyer,2026-08-20 05:03:06
2wvAhwrsURvzLcPBn5tebch4FnJhatWWsjS98a9ZqVfa,,,1787112571,0.0,0.0,0.0,0,0,0,0.0,0.0,1.0,0.0,,,0,0,0,Helius verified first buyer,2026-08-20 05:03:06
zsJMsooP49qNe5v31iP6ioLkCUrYBCRurLqwccd7atC,,,1787112572,0.0,0.0,0.0,0,0,0,0.0,0.0,1.0,0.0,,,0,0,0,Helius verified first buyer,2026-08-20 05:03:06
5gUqWSFk8zSF8Cns8EDAahKdDCGgQUNtriagMUV9yL3f,,,1787112572,0.0,0.0,0.0,0,0,0,0.0,0.0,1.0,0.0,,,0,0,0,Helius verified first buyer,2026-08-20 05:03:07
8kRcuHdLTgtg4q9tFmfjqDp8ixFYYiEgPnzpkkzgSpfk,,,1787112572,0.0,0.0,0.0,0,0,0,0.0,0.0,1.0,0.0,,,0,0,0,Helius verified first buyer,2026-08-20 05:03:07
FhCHX7pfybLGBty2mpKKoapP9XYbNDhkwDLVGCBJjahj,,,1787112572,0.0,0.0,0.0,0,0,0,0.0,0.0,1.0,0.0,,,0,0,0,Helius verified first buyer,2026-08-20 05:03:07
BpJn3ivA99zpZm7ENMQbov2K32is8pJNHZszSrjvocPJ,,,1787112572,0.0,0.0,0.0,0,0,0,0.0,0.0,1.0,0.0,,,0,0,0,Helius verified first buyer,2026-08-20 05:03:08
DbFmgt5BxynoS87ed3hpwj529MwBBNEh4mMz9wMkHgdu,,,1787112572,0.0,0.0,0.0,0,0,0,0.0,0.0,1.0,0.0,,,0,0,0,Helius verified first buyer,2026-08-20 05:03:08
4PX6CWWDytrMVueYdKFf8PJ1DZ621HMUxN8qLvZKPakk,,,1787112572,0.0,0.0,0.0,0,0,0,0.0,0.0,1.0,0.0,,,0,0,0,Helius verified first buyer,2026-08-20 05:03:08
6PDGbe8b6qUtZNk4WfZRxhafLHr85SeSC7JCy84RyMjv,,,1787112572,0.0,0.0,0.0,0,0,0,0.0,0.0,1.0,0.0,,,0,0,0,Helius verified first buyer,2026-08-20 05:03:09
FDANd7jX1yrsxxeG4fJKnfRnnGee9ncL9svqkehpVmQF,,,1787112573,0.0,0.0,0.0,0,0,0,0.0,0.0,1.0,0.0,,,0,0,0,Helius verified first buyer,2026-08-20 05:03:09
AKkbDzeLhEDUzbJ5KiR4zCcdYGqyTrWzyKNyqWGh94Lx,,,1787112573,0.0,0.0,0.0,0,0,0,0.0,0.0,1.0,0.0,,,0,0,0,Helius verified first buyer,2026-08-20 05:03:09
Ff9drxnUKAfwvjFf7WkXKia3stiCs1CcsEopZn8vndA9,,,1787112573,0.0,0.0,0.0,0,0,0,0.0,0.0,1.0,0.0,,,0,0,0,Helius verified first buyer,2026-08-20 05:03:10
8NBECv5kzTffYz4vE86n1S37zSQrJgkozMtzszDWkvAD,,,1787112573,0.0,0.0,0.0,0,0,0,0.0,0.0,1.0,0.0,,,0,0,0,Helius verified first buyer,2026-08-20 05:03:10
7PWEo39NMJP3s4paNJvCtX37j5FpdwGnTLKyirWcjMvB,,,1787112574,0.0,0.0,0.0,0,0,0,0.0,0.0,1.0,0.0,,,0,0,0,Helius verified first buyer,2026-08-20 05:03:10
3P1BdfaRcQtbYvHMi4BjhzzcXZJ9TXve3vGqJhNYQXPg,,,1787112574,0.0,0.0,0.0,0,0,0,0.0,0.0,1.0,0.0,,,0,0,0,Helius verified first buyer,2026-08-20 05:03:11
BEywbDQGTeJYDAq623tBCevJx9hEJ8oSJ1dvfeFUftky,,,1787112574,0.0,0.0,0.0,0,0,0,0.0,0.0,1.0,0.0,,,0,0,0,Helius verified first buyer,2026-08-20 05:03:12
Bf9ayjewFNSy6vcd69E3Ntv2sB1VTiqmCJPHsEwDhpV1,,,1787112575,0.0,0.0,0.0,0,0,0,0.0,0.0,1.0,0.0,,,0,0,0,Helius verified first buyer,2026-08-20 05:03:12
76R2bGzohKr8ahdVR85KuJwi5R2cE4Qvg62Gv2off1Bm,,,1787112575,0.0,0.0,0.0,0,0,0,0.0,0.0,1.0,0.0,,,0,0,0,Helius verified first buyer,2026-08-20 05:03:13
3EeVfc7qaWAHScsCDpS5ZdFwAfbpzMiWzE7MYrvnESYX,,,1787112576,0.0,0.0,0.0,0,0,0,0.0,0.0,1.0,0.0,,,0,0,0,Helius verified first buyer,2026-08-20 05:03:13
AUaD5bG17KGhshnm8Mk7VjRpAafDccaMxMkemqv8k22i,,,1787112576,0.0,0.0,0.0,0,0,0,0.0,0.0,1.0,0.0,,,0,0,0,Helius verified first buyer,2026-08-20 05:03:14
4yBWaixDvgwFRbFFRnySSyRBmMQsQ3SZWniuZXwtbCP5,,,1787112576,0.0,0.0,0.0,0,0,0,0.0,0.0,1.0,0.0,,,0,0,0,Helius verified first buyer,2026-08-20 05:03:14
24qmhCJGrxYak48KMEzyL5JAJBCpBgv7iFmdt3GTgN77,,,1787112577,0.0,0.0,0.0,0,0,0,0.0,0.0,1.0,0.0,,,0,0,0,Helius verified first buyer,2026-08-20 05:03:15
BLuuPYqnn4iUN2yuqfYL1S3E75oqRDKyYBisjpdohQCp,,,1787112577,0.0,0.0,0.0,0,0,0,0.0,0.0,1.0,0.0,,,0,0,0,Helius verified first buyer,2026-08-20 05:03:15
GiZY7te1x1G3BBoYYd1TF383ivd6st9TJ4B4dH8HvbJm,,,1787112577,0.0,0.0,0.0,0,0,0,0.0,0.0,1.0,0.0,,,0,0,0,Helius verified first buyer,2026-08-20 05:03:15
3HYT75dJkYYM5V6nwPoNah4yuAgaz1s9JXsPyxU8rFca,,,1787112577,0.0,0.0,0.0,0,0,0,0.0,0.0,1.0,0.0,,,0,0,0,Helius verified first buyer,2026-08-20 05:03:16
42w8RXz34jsAMgQdSALAz8SWwJHvEcjUuHJkELJqFqTs,,,1787112577,0.0,0.0,0.0,0,0,0,0.0,0.0,1.0,0.0,,,0,0,0,Helius verified first buyer,2026-08-20 05:03:16
14QRNLpGPCpuw2RMB3VaBo4cQ52NXxjtofpRCTFJFMAe,,,1787112578,0.0,0.0,0.0,0,0,0,0.0,0.0,1.0,0.0,,,0,0,0,Helius verified first buyer,2026-08-20 05:03:16
G3TYR9LntkiW5JsdY7Ey5241Quhz6FbU8MhVNksRvQPZ,,,1787112578,0.0,0.0,0.0,0,0,0,0.0,0.0,1.0,0.0,,,0,0,0,Helius verified first buyer,2026-08-20 05:03:17
2WDeBKPQjFbFdeGTamkMBQATNLmm2MkyS2J3an9gB8SC,,,1787112578,0.0,0.0,0.0,0,0,0,0.0,0.0,1.0,0.0,,,0,0,0,Helius verified first buyer,2026-08-20 05:03:17
5isS9VtHAEAGcnt7HdkB6UqCm6oPE6rV1i85G35Kavhr,,,1787112578,0.0,0.0,0.0,0,0,0,0.0,0.0,1.0,0.0,,,0,0,0,Helius verified first buyer,2026-08-20 05:03:18
9DqRdVrXbT7opHsZxCHKcNH9gi4yxKqvt2C7udrzaA3U,,,1787112578,0.0,0.0,0.0,0,0,0,0.0,0.0,1.0,0.0,,,0,0,0,Helius verified first buyer,2026-08-20 05:03:18
BHgZvXPBsLQzJH96NdfERgheucVYYyEL68CzpLnyDxBj,,,1787112578,0.0,0.0,0.0,0,0,0,0.0,0.0,1.0,0.0,,,0,0,0,Helius verified first buyer,2026-08-20 05:03:18
DUsBtvohZj9XkCowH3u4QSSBvE9G1FuKmDeF5NkrffQL,,,1787112578,0.0,0.0,0.0,0,0,0,0.0,0.0,1.0,0.0,,,0,0,0,Helius verified first buyer,2026-08-20 05:03:19
FnimiiLAyzbsmWWYB2TtctbqXrsmG1aMYym9u8pgy9Ny,,,1787112578,0.0,0.0,0.0,0,0,0,0.0,0.0,1.0,0.0,,,0,0,0,Helius verified first buyer,2026-08-20 05:03:19
J9Wj5rjp7w4y8YCb2VA6hJKZr1Gxvrqc5zqpVsSXW5kq,,,1787112579,0.0,0.0,0.0,0,0,0,0.0,0.0,1.0,0.0,,,0,0,0,Helius verified first buyer,2026-08-20 05:03:20
2FvDEVxgFWc6cyHDEBvtHDJe7Nu8b56NHwrCaZt6QdX4,,,1787112579,0.0,0.0,0.0,0,0,0,0.0,0.0,1.0,0.0,,,0,0,0,Helius verified first buyer,2026-08-20 05:03:20
HR5WrgopsF2b6qxR2ZF8EXNQo5ubAeNCTY9GZcqf3mPL,,,1787112579,0.0,0.0,0.0,0,0,0,0.0,0.0,1.0,0.0,,,0,0,0,Helius verified first buyer,2026-08-20 05:03:21
8FGJRMitTtfJDURfEnqN2SdjP7fppYeVC5vCg9XKwVdS,,,1787112579,0.0,0.0,0.0,0,0,0,0.0,0.0,1.0,0.0,,,0,0,0,Helius verified first buyer,2026-08-20 05:03:21
CJi4A6w7wePqrt1EKUhJ38wnXtEDvbybLuVo7SiBvh8H,,,1787112580,0.0,0.0,0.0,0,0,0,0.0,0.0,1.0,0.0,,,0,0,0,Helius verified first buyer,2026-08-20 05:03:21
Ft91AJS6AKzgR5gXeXshQEvmaKmspjESqZtE2ejcspmi,,,1787112580,0.0,0.0,0.0,0,0,0,0.0,0.0,1.0,0.0,,,0,0,0,Helius verified first buyer,2026-08-20 05:03:22
99c9JyGKHGTJNQ62mQzZTrGpP488VfEEvndwBHnfNUH7,,,1787112580,0.0,0.0,0.0,0,0,0,0.0,0.0,1.0,0.0,,,0,0,0,Helius verified first buyer,2026-08-20 05:03:22
BPBmgCY3wfuzx5JA6ZXXAj9onzMmc3ufDRP3jQtRBmKo,,,1787112580,0.0,0.0,0.0,0,0,0,0.0,0.0,1.0,0.0,,,0,0,0,Helius verified first buyer,2026-08-20 05:03:22
9Fh2oLUf7XCf7zT8dZzMuGsQPF8VtAZAuKj72eXWGtrB,,,1787112580,0.0,0.0,0.0,0,0,0,0.0,0.0,1.0,0.0,,,0,0,0,Helius verified first buyer,2026-08-20 05:03:23
FybqzsyWueBW4rvj7S6wx3F8taEdNz6sfFp5j8ghZ5KG,,,1787112581,0.0,0.0,0.0,0,0,0,0.0,0.0,1.0,0.0,,,0,0,0,Helius verified first buyer,2026-08-20 05:03:23
HFXGFv6cfrucUkCY83cihYaQAZmDrDwkKNqwCMFiwNNf,,,1787112581,0.0,0.0,0.0,0,0,0,0.0,0.0,1.0,0.0,,,0,0,0,Helius verified first buyer,2026-08-20 05:03:23
DTXmDJixQg9UJFw7kAv67YAxxmg2NizNVfViWqL9Ph4n,,,1787112581,0.0,0.0,0.0,0,0,0,0.0,0.0,1.0,0.0,,,0,0,0,Helius verified first buyer,2026-08-20 05:03:24
C6nUs6h1NxyD3LpQC4ryU837SwPNNYAHm8nGQvVbEzTw,,,1787112581,0.0,0.0,0.0,0,0,0,0.0,0.0,1.0,0.0,,,0,0,0,Helius verified first buyer,2026-08-20 05:03:24
Do78MfuRVpatXSwU8pcbDV8MgRTzt44DuEqRkajWVRwF,,,1787112581,0.0,0.0,0.0,0,0,0,0.0,0.0,1.0,0.0,,,0,0,0,Helius verified first buyer,2026-08-20 05:03:24
hMRNJLQXqdJzSyvyjnB3GpRtx47WxtyRZJaJehN5kgf,,,1787112582,0.0,0.0,0.0,0,0,0,0.0,0.0,1.0,0.0,,,0,0,0,Helius verified first buyer,2026-08-20 05:03:24
FHnJ6DdZjBG3rtJ2Z6gwVQ2nYC4Hih3VAn45URgXfbSC,,,1787112582,0.0,0.0,0.0,0,0,0,0.0,0.0,1.0,0.0,,,0,0,0,Helius verified first buyer,2026-08-20 05:03:25
812RJyVWiUpMSk3wZrALaAAjnVpVa91i4M2gfgtuUUst,,,1787112582,0.0,0.0,0.0,0,0,0,0.0,0.0,1.0,0.0,,,0,0,0,Helius verified first buyer,2026-08-20 05:03:25
Hsp33UpF7tpcwvkN7eXWpb5SfG5wfK42h9bdpJ9wQ8vg,,,1787112582,0.0,0.0,0.0,0,0,0,0.0,0.0,1.0,0.0,,,0,0,0,Helius verified first buyer,2026-08-20 05:03:25
FUkRxZt8Q9fFFuJnDpLPW2Bei2hkNqg5Kns6SXztcC8F,,,1787112582,0.0,0.0,0.0,0,0,0,0.0,0.0,1.0,0.0,,,0,0,0,Helius verified first buyer,2026-08-20 05:03:26
3Mq3CFvAPRs7iQHdhnnzq2TBpkcQvxFTFcGAGEQKFXTH,,,1787112582,0.0,0.0,0.0,0,0,0,0.0,0.0,1.0,0.0,,,0,0,0,Helius verified first buyer,2026-08-20 05:03:26
CFq7vjYCbLqMXqBKCdKUB7hVK5SFwB2gPSEjj8LHhpG3,,,1787112583,0.0,0.0,0.0,0,0,0,0.0,0.0,1.0,0.0,,,0,0,0,Helius verified first buyer,2026-08-20 05:03:26
5N7ojr1r4q9S8T1vmWVQW1gt8FrMEett8V9RqBofvVHX,,,1787112584,0.0,0.0,0.0,0,0,0,0.0,0.0,1.0,0.0,,,0,0,0,Helius verified first buyer,2026-08-20 05:03:26
5JrL2biRDFXhNUEPCdC5cWmFGF3K5p2yxnSK5ofu8gmp,,,1787112584,0.0,0.0,0.0,0,0,0,0.0,0.0,1.0,0.0,,,0,0,0,Helius verified first buyer,2026-08-20 05:03:27
5Rwr97FYMFA5ynmsUXUE9pFAPZwwStjejXW7hz4W7adm,,,1787112584,0.0,0.0,0.0,0,0,0,0.0,0.0,1.0,0.0,,,0,0,0,Helius verified first buyer,2026-08-20 05:03:27
A2Q9faLageNfiEPXv2zG2Y46w3bLvkAzQ9RZ3GyH2MA1,,,1787112584,0.0,0.0,0.0,0,0,0,0.0,0.0,1.0,0.0,,,0,0,0,Helius verified first buyer,2026-08-20 05:03:27
6Sifq4StW7sZnDjPaAJ3z7A2Lmk5rnuKz4PW52ZaGtcy,,,1787112584,0.0,0.0,0.0,0,0,0,0.0,0.0,1.0,0.0,,,0,0,0,Helius verified first buyer,2026-08-20 05:03:28
2k2M7ZA3zSL29ZQwBELgV3PZAL9WhgmzbNi7t4LEoSiC,,,1787112584,0.0,0.0,0.0,0,0,0,0.0,0.0,1.0,0.0,,,0,0,0,Helius verified first buyer,2026-08-20 05:03:28
DPfaQB5qXFEMuC4YU9fzb1eM4XDW78cKqzy6Q42ep3cP,,,1787112584,0.0,0.0,0.0,0,0,0,0.0,0.0,1.0,0.0,,,0,0,0,Helius verified first buyer,2026-08-20 05:03:28
4MNRvpmTQsBpFGRJh3m9gYTTkUS6wbfyZoyskXW2AzvH,,,1787112584,0.0,0.0,0.0,0,0,0,0.0,0.0,1.0,0.0,,,0,0,0,Helius verified first buyer,2026-08-20 05:03:29
EJAkCr6UAvg4Fkyf7qt7x3zQWQDqDgN5Q1AokQYXDRBT,,,1787112585,0.0,0.0,0.0,0,0,0,0.0,0.0,1.0,0.0,,,0,0,0,Helius verified first buyer,2026-08-20 05:03:29
BpKfwhp122ANwzZ9NKUpeRjz7WnpnEJgTDx4JSiyQEYj,,,1787112585,0.0,0.0,0.0,0,0,0,0.0,0.0,1.0,0.0,,,0,0,0,Helius verified first buyer,2026-08-20 05:03:29
6fqDRQ4nhqkQaZ2kupsZPRxhcojza1jBUBC4YuJiU7Tz,,,1787112585,0.0,0.0,0.0,0,0,0,0.0,0.0,1.0,0.0,,,0,0,0,Helius verified first buyer,2026-08-20 05:03:29
EeykSzihS76WUfF2HB6e38oSCcTuidYjH6vtT7n1GUX9,,,1787112585,0.0,0.0,0.0,0,0,0,0.0,0.0,1.0,0.0,,,0,0,0,Helius verified first buyer,2026-08-20 05:03:30
6CPt4zLZkBtn3jdpjqdnBRoiaq2KgmKTDPLhPxa7sBvc,,,1787112586,0.0,0.0,0.0,0,0,0,0.0,0.0,1.0,0.0,,,0,0,0,Helius verified first buyer,2026-08-20 05:03:30
CSkeC43zdCrkZ1mwP17ynP946ACBYj7fh5jpFioyAaec,,,1787112586,0.0,0.0,0.0,0,0,0,0.0,0.0,1.0,0.0,,,0,0,0,Helius verified first buyer,2026-08-20 05:03:30
8bGFqzAKKULENSXEgoqd24Lhrg4PpwVbcmjWPqp6rNGQ,,,1787112586,0.0,0.0,0.0,0,0,0,0.0,0.0,1.0,0.0,,,0,0,0,Helius verified first buyer,2026-08-20 05:03:30
GuJ2oKhfmmj7tujbazeeQD3NNWq2PmurXWSFFwqGNy8r,,,1787112586,0.0,0.0,0.0,0,0,0,0.0,0.0,1.0,0.0,,,0,0,0,Helius verified first buyer,2026-08-20 05:03:32
AMMnuW9SYbWgZ46fokzneBFEvqmAyiGp84ziAGBF2yGd,,,1787112586,0.0,0.0,0.0,0,0,0,0.0,0.0,1.0,0.0,,,0,0,0,Helius verified first buyer,2026-08-20 05:03:32
9enesF8reLT1dNeVLVPsJeYyNEtVGSt65rQxLvNqbHRX,,,1787112586,0.0,0.0,0.0,0,0,0,0.0,0.0,1.0,0.0,,,0,0,0,Helius verified first buyer,2026-08-20 05:03:33
92K4cdQgRnyEncXVdv82EdwDDSg9sQmtoxuXo3m4tpph,,,1787112586,0.0,0.0,0.0,0,0,0,0.0,0.0,1.0,0.0,,,0,0,0,Helius verified first buyer,2026-08-20 05:03:33
BhAfgnyEZypKTAcu4vqvUfkZxFrf23xe1jvfKX5k8ct6,,,1787112586,0.0,0.0,0.0,0,0,0,0.0,0.0,1.0,0.0,,,0,0,0,Helius verified first buyer,2026-08-20 05:03:33
7N6dYSBhUHQB1fLRy2hhT1Kw5hzJWdmBbEmDYBMUdzKk,,,1787112587,0.0,0.0,0.0,0,0,0,0.0,0.0,1.0,0.0,,,0,0,0,Helius verified first buyer,2026-08-20 05:03:34
DyThTGQEDGFwQtUrPCkMv6wdYZn9oPX8MeBfPQNBi1DQ,,,1787112587,0.0,0.0,0.0,0,0,0,0.0,0.0,1.0,0.0,,,0,0,0,Helius verified first buyer,2026-08-20 05:03:34
36Hrv5qu1yQQUbamrovMNagUEJoeD84foEdogQUjMtsw,,,1787112587,0.0,0.0,0.0,0,0,0,0.0,0.0,1.0,0.0,,,0,0,0,Helius verified first buyer,2026-08-20 05:03:34
6hv1X779UTuYnYTMGEqpgXXiNnyibMivRYv5YaK8zipM,,,1787112587,0.0,0.0,0.0,0,0,0,0.0,0.0,1.0,0.0,,,0,0,0,Helius verified first buyer,2026-08-20 05:03:34
eeWzXruQDTwdRdbSjBCnWbCu82KbC4jZ8rqabXhWL5M,,,1787112588,0.0,0.0,0.0,0,0,0,0.0,0.0,1.0,0.0,,,0,0,0,Helius verified first buyer,2026-08-20 05:03:34
3jQgQWHxK4vdjBLP5QS3JmReMbcW42zcAePYNmhG8VtG,,,1787112588,0.0,0.0,0.0,0,0,0,0.0,0.0,1.0,0.0,,,0,0,0,Helius verified first buyer,2026-08-20 05:03:35
H9C9FV985wDSoLeoLkMSDmUQ63pAebxP5MntYtQuzdCL,,,1787112588,0.0,0.0,0.0,0,0,0,0.0,0.0,1.0,0.0,,,0,0,0,Helius verified first buyer,2026-08-20 05:03:35
CKSh7QYWBsXVXPNLFrry2oZ5hxVAm2TmbR365rrgb896,,,1787112589,0.0,0.0,0.0,0,0,0,0.0,0.0,1.0,0.0,,,0,0,0,Helius verified first buyer,2026-08-20 05:03:35
BcUAk2CMTQMadCNeA56ATPNMaEtgbkmN9xd2YRGbgJBm,,,1787112589,0.0,0.0,0.0,0,0,0,0.0,0.0,1.0,0.0,,,0,0,0,Helius verified first buyer,2026-08-20 05:03:36
J8SUvCgjajVHwG1tq9m1hnptSzxwgRt1C4G2c6ht8DaT,,,1787112589,0.0,0.0,0.0,0,0,0,0.0,0.0,1.0,0.0,,,0,0,0,Helius verified first buyer,2026-08-20 05:03:36
4kpDvJbXqTJD8kLWytCrhgKJdKyiZJNciNco3HXv63xN,,,1787112589,0.0,0.0,0.0,0,0,0,0.0,0.0,1.0,0.0,,,0,0,0,Helius verified first buyer,2026-08-20 05:03:36
81vZiTsbg7hE2wR2K3yBGLfnBZxgKJ8MBRHXSvE3cBn9,,,1787112589,0.0,0.0,0.0,0,0,0,0.0,0.0,1.0,0.0,,,0,0,0,Helius verified first buyer,2026-08-20 05:03:37
6wvbEJdgaBx3vh9F6BEzXAPq1qtsGneafn1UJ9HeB3US,,,1787112589,0.0,0.0,0.0,0,0,0,0.0,0.0,1.0,0.0,,,0,0,0,Helius verified first buyer,2026-08-20 05:03:37
Hfn93N5v2o6DbtnuePnnte29Mpsg81MJSuZoZZpQXDRr,,,1787112589,0.0,0.0,0.0,0,0,0,0.0,0.0,1.0,0.0,,,0,0,0,Helius verified first buyer,2026-08-20 05:03:37
3ow2PkQvQCjbSV2fjeZScMpgbfLchRruuK5b6HM78cBk,,,1787112589,0.0,0.0,0.0,0,0,0,0.0,0.0,1.0,0.0,,,0,0,0,Helius verified first buyer,2026-08-20 05:03:38
JBdLDpkhX3WLMrFQWM5PWzqd4nREeWf8r89bVgKMbbTm,,,1787112590,0.0,0.0,0.0,0,0,0,0.0,0.0,1.0,0.0,,,0,0,0,Helius verified first buyer,2026-08-20 05:03:38
4pojwwWgQdSfT4joMmxzph6AEqMyMUhtTL82AC5Gyybk,,,1787112590,0.0,0.0,0.0,0,0,0,0.0,0.0,1.0,0.0,,,0,0,0,Helius verified first buyer,2026-08-20 05:03:38
8wQELXAasFYmG8uZYFXDwv4dZsVoiZo9EKbA52HG16b2,,,1787088036,0.0,0.0,0.0,0,0,0,0.0,0.0,1.0,0.0,,,0,0,0,Helius verified first buyer,2026-08-20 05:03:40
CBbuEZgi8HMUAUxGsuvUpeqgca1MDc7pdGuKqqcLioet,,,1787088036,0.0,0.0,0.0,0,0,0,0.0,0.0,1.0,0.0,,,0,0,0,Helius verified first buyer,2026-08-20 05:03:40
FhWtbwpNGMW2ZfWbjXEgZzLwgjH9fW1XnEfSrMVmj4tL,,,1787088036,0.0,0.0,0.0,0,0,0,0.0,0.0,1.0,0.0,,,0,0,0,Helius verified first buyer,2026-08-20 05:03:40
D9qPYEdmS34LtVSNVRHxQ36t5Md5GNPVkbATNUCP8mQU,,,1787088036,0.0,0.0,0.0,0,0,0,0.0,0.0,1.0,0.0,,,0,0,0,Helius verified first buyer,2026-08-20 05:07:57
AhU5ntS6hjXfozXYrYwbsiCTWXHYYgRSeVVQxstFxHfm,,,1787088036,0.0,0.0,0.0,0,0,0,0.0,0.0,1.0,0.0,,,0,0,0,Helius verified first buyer,2026-08-20 05:03:41
6pXHwK6zzzEzidn3E9hwqveXqLNZ1kwQ19aQ794j2ys3,,,1787088039,0.0,0.0,0.0,0,0,0,0.0,0.0,1.0,0.0,,,0,0,0,Helius verified first buyer,2026-08-20 05:03:42
2siUDEG9QvKeHLys8VdxXCFQyMqZqNqTNcz6Nhq8RT9F,,,1787088040,0.0,0.0,0.0,0,0,0,0.0,0.0,1.0,0.0,,,0,0,0,Helius verified first buyer,2026-08-20 05:03:43
3nj6DtKAYLBun3vbWefYnhJXA4YZNgtS81PUcHPSLE4G,,,1787088048,0.0,0.0,0.0,0,0,0,0.0,0.0,1.0,0.0,,,0,0,0,Helius verified first buyer,2026-08-20 05:03:46
3dAz7ZPA9EMYzRgJHA1waibU8rRQK9h3a5aEcMh6ZrhR,,,1787088049,0.0,0.0,0.0,0,0,0,0.0,0.0,1.0,0.0,,,0,0,0,Helius verified first buyer,2026-08-20 05:03:46
DyZ9TqfjNSxEBMkz9JqtiAz9r6hRG1yEv8CEQXVWd7DH,,,1787088049,0.0,0.0,0.0,0,0,0,0.0,0.0,1.0,0.0,,,0,0,0,Helius verified first buyer,2026-08-20 05:05:35
5rztuZDh4hbr6eea1R7sbtgvAMipuvJjqeDp8s93PZjr,,,1787088050,0.0,0.0,0.0,0,0,0,0.0,0.0,1.0,0.0,,,0,0,0,Helius verified first buyer,2026-08-20 05:05:08
3P5xAf5UxFxK3sWugY7gH72zyeW2Kb3AV9Ly59YhpGir,,,1787088051,0.0,0.0,0.0,0,0,0,0.0,0.0,1.0,0.0,,,0,0,0,Helius verified first buyer,2026-08-20 05:05:50
CGSkXGnAJMniR7eNrxrABfwMCC1RZm64u5F1BzKcF3S,,,1787088052,0.0,0.0,0.0,0,0,0,0.0,0.0,1.0,0.0,,,0,0,0,Helius verified first buyer,2026-08-20 05:06:15
7dvX4udF3bHynNawQKuLXhzgKpPobPKVjziKfMg9ckBD,,,1787088053,0.0,0.0,0.0,0,0,0,0.0,0.0,1.0,0.0,,,0,0,0,Helius verified first buyer,2026-08-20 05:03:48
CFw7b8hEk7N86bKFYhxLwP3LdmYnGXRH956DNu3saHcj,,,1787088053,0.0,0.0,0.0,0,0,0,0.0,0.0,1.0,0.0,,,0,0,0,Helius verified first buyer,2026-08-20 05:03:48
J4WdEQyT9SmK9hvF6gS5R2mie6zY9oW9t6PgCHB3KjK5,,,1787088056,0.0,0.0,0.0,0,0,0,0.0,0.0,1.0,0.0,,,0,0,0,Helius verified first buyer,2026-08-20 05:05:56
HfehCcZgFtBhMASD8segGxNwrYxtVqy3PN65DN6pocHk,,,1787088064,0.0,0.0,0.0,0,0,0,0.0,0.0,1.0,0.0,,,0,0,0,Helius verified first buyer,2026-08-20 05:06:03
2Xy6SBM1uLcYaQfDxktuTcJNwNYmNNRRqnDbCgN7iF5h,,,1787088066,0.0,0.0,0.0,0,0,0,0.0,0.0,1.0,0.0,,,0,0,0,Helius verified first buyer,2026-08-20 05:03:53
C3Uyui9NkBG6mCJLh6juFpNJoWspZbc2AxSnPnw4dcJR,,,1787088067,0.0,0.0,0.0,0,0,0,0.0,0.0,1.0,0.0,,,0,0,0,Helius verified first buyer,2026-08-20 05:04:45
EKegKJuXPicUXREDwgMAbU9NwwRs8SiwYDYmCw8krtgz,,,1787088068,0.0,0.0,0.0,0,0,0,0.0,0.0,1.0,0.0,,,0,0,0,Helius verified first buyer,2026-08-20 05:05:56
9varjbaF7q2vb25cppvEKniXYh9GCSAzCAnQNbWnVLK2,,,1787088069,0.0,0.0,0.0,0,0,0,0.0,0.0,1.0,0.0,,,0,0,0,Helius verified first buyer,2026-08-20 05:06:09
FbidZsQ8cAiXFsWuiiuNJQzAP2nvAMzjnRWcNPk79qqj,,,1787088070,0.0,0.0,0.0,0,0,0,0.0,0.0,1.0,0.0,,,0,0,0,Helius verified first buyer,2026-08-20 05:05:42
Fx3Bo8qGqqe6HNkth4CQ3G8rEMFv3oKp6BvahPST7ZBk,,,1787088071,0.0,0.0,0.0,0,0,0,0.0,0.0,1.0,0.0,,,0,0,0,Helius verified first buyer,2026-08-20 05:03:55
4DBjnJ4VS6vt4jmowQf6KBdWjs5Ar7wkq9RRL9erD7D7,,,1787088072,0.0,0.0,0.0,0,0,0,0.0,0.0,1.0,0.0,,,0,0,0,Helius verified first buyer,2026-08-20 05:03:56
5FB81e2eLf4fh2BHtqJqyJ6dejkCfg1HfSUi5LAFGeeT,,,1787088072,0.0,0.0,0.0,0,0,0,0.0,0.0,1.0,0.0,,,0,0,0,Helius verified first buyer,2026-08-20 05:05:31
BdGSpz4oCskG4XNJuvE1MLdMVBxBFnjXy2evzxxn2Kcb,,,1787088073,0.0,0.0,0.0,0,0,0,0.0,0.0,1.0,0.0,,,0,0,0,Helius verified first buyer,2026-08-20 05:05:36
61uQfvmxvJbR9jTNkZhmr9cwWdrWmW65zogrEbGHMf2A,,,1787088074,0.0,0.0,0.0,0,0,0,0.0,0.0,1.0,0.0,,,0,0,0,Helius verified first buyer,2026-08-20 05:03:57
2sVJ9GpoaX4q74bRPZUvBozhbxJAswbXPWWXnTWL4f34,,,1787088075,0.0,0.0,0.0,0,0,0,0.0,0.0,1.0,0.0,,,0,0,0,Helius verified first buyer,2026-08-20 05:03:57
FcRumWqithRvYnLX4zZt6feoywK2K2MTevVFTeDsDh3G,,,1787088075,0.0,0.0,0.0,0,0,0,0.0,0.0,1.0,0.0,,,0,0,0,Helius verified first buyer,2026-08-20 05:05:30
397kHqQNVNBvuuWmwvjf26mBosgnukZDXsqZrgrsUZTE,,,1787088076,0.0,0.0,0.0,0,0,0,0.0,0.0,1.0,0.0,,,0,0,0,Helius verified first buyer,2026-08-20 05:04:14
BJk89FihBsoiPcjEUuKvuUidmsF3yhChkicKPALyqmAr,,,1787088077,0.0,0.0,0.0,0,0,0,0.0,0.0,1.0,0.0,,,0,0,0,Helius verified first buyer,2026-08-20 05:06:17
55gFnSuQjxZXHLtLmSTszmWjpZyg44eSMPDVik7KZ5Zn,,,1787088078,0.0,0.0,0.0,0,0,0,0.0,0.0,1.0,0.0,,,0,0,0,Helius verified first buyer,2026-08-20 05:05:05
73BKe8SBswggrqmPnmNMoE512CjXqG2P9HNCMDMpHXbD,,,1787088079,0.0,0.0,0.0,0,0,0,0.0,0.0,1.0,0.0,,,0,0,0,Helius verified first buyer,2026-08-20 05:04:58
Esyu7ReuHuWeQKgBnBDF8ziPgx1kpGE1XDSWJpKntQkU,,,1787088081,0.0,0.0,0.0,0,0,0,0.0,0.0,1.0,0.0,,,0,0,0,Helius verified first buyer,2026-08-20 05:03:59
7Nue89SbHDKkrC48ZHanbeWTX3z6nve2LcBsRnr9XnAF,,,1787088081,0.0,0.0,0.0,0,0,0,0.0,0.0,1.0,0.0,,,0,0,0,Helius verified first buyer,2026-08-20 05:03:59
H7YHeSQemMNjY11UfMxewBE1oj9g2jiecTN14AisAZiP,,,1787088081,0.0,0.0,0.0,0,0,0,0.0,0.0,1.0,0.0,,,0,0,0,Helius verified first buyer,2026-08-20 05:04:00
Emr4nF2VK2ymR2BRkeDnpacLvpiwnqsg1cUM8VhnN441,,,1787088085,0.0,0.0,0.0,0,0,0,0.0,0.0,1.0,0.0,,,0,0,0,Helius verified first buyer,2026-08-20 05:04:27
EuK4MHBkGd6AHoyxWjtdEVwuLo9P1XP4FPqeaJHWvAQj,,,1787088090,0.0,0.0,0.0,0,0,0,0.0,0.0,1.0,0.0,,,0,0,0,Helius verified first buyer,2026-08-20 05:04:01
Bt4b4RBvnYjQcnm7uDYSv9p7pThGcyuAtFWaYL8LYjn1,,,1787088092,0.0,0.0,0.0,0,0,0,0.0,0.0,1.0,0.0,,,0,0,0,Helius verified first buyer,2026-08-20 05:05:30
B2a1LLqQSRGqhpKuLrTX4cq3UQHQXHFeNxJSgKSZG2wK,,,1787088093,0.0,0.0,0.0,0,0,0,0.0,0.0,1.0,0.0,,,0,0,0,Helius verified first buyer,2026-08-20 05:04:01
Fyi1MM3KDqCBfCsyjwqPXTJzzXiFHiYQxkfy2QmC1jWj,,,1787088111,0.0,0.0,0.0,0,0,0,0.0,0.0,1.0,0.0,,,0,0,0,Helius verified first buyer,2026-08-20 05:04:02
DdNtMfyMUmi2naX4GZTPZzuLAnd6JwtA69i2FLmudd7U,,,1787088113,0.0,0.0,0.0,0,0,0,0.0,0.0,1.0,0.0,,,0,0,0,Helius verified first buyer,2026-08-20 05:04:02
8KjdBwz6Q3EYUDYmqfg33em3p9GFcP48v3ghJmw2KDNe,,,1787088115,0.0,0.0,0.0,0,0,0,0.0,0.0,1.0,0.0,,,0,0,0,Helius verified first buyer,2026-08-20 05:04:03
4GGh6t5hagvd4RbWgVgQa1tr9hsAnVp6kZPCVYoUY8Dq,,,1787088133,0.0,0.0,0.0,0,0,0,0.0,0.0,1.0,0.0,,,0,0,0,Helius verified first buyer,2026-08-20 05:04:05
CFyZiEasjPCfR5iM9wZZmMHqUH6n4e8qW9i2BvkzCVGR,,,1787088133,0.0,0.0,0.0,0,0,0,0.0,0.0,1.0,0.0,,,0,0,0,Helius verified first buyer,2026-08-20 05:04:47
71pZ1MeoUJHp3cJLtkKjCfnxY4BSpj2LHiBwhWoWH5A3,,,1787088133,0.0,0.0,0.0,0,0,0,0.0,0.0,1.0,0.0,,,0,0,0,Helius verified first buyer,2026-08-20 05:04:05
BRsai5bLv9JZmAZg7AMswkbUK8v1fCBtG9GgxtZNZSLp,,,1787088134,0.0,0.0,0.0,0,0,0,0.0,0.0,1.0,0.0,,,0,0,0,Helius verified first buyer,2026-08-20 05:04:06
3qENoJv5zD2asYdo19y8uWSq9LFha9Sc5RYJpLnZqWPA,,,1787088134,0.0,0.0,0.0,0,0,0,0.0,0.0,1.0,0.0,,,0,0,0,Helius verified first buyer,2026-08-20 05:04:47
8ThziVPyF2JMsZCTHdtP6rnwCLGJgyacdm5deGF8aGM7,,,1787088135,0.0,0.0,0.0,0,0,0,0.0,0.0,1.0,0.0,,,0,0,0,Helius verified first buyer,2026-08-20 05:04:49
7r1ser8b7a2vCjCTyKs7FGJfLuZLMW2M9PfuaaZm4ryY,,,1787088136,0.0,0.0,0.0,0,0,0,0.0,0.0,1.0,0.0,,,0,0,0,Helius verified first buyer,2026-08-20 05:04:50
91HimG9Gxq3VywJpEx6h63B2BkxFsGLamzHqG5YuA16w,,,1787088137,0.0,0.0,0.0,0,0,0,0.0,0.0,1.0,0.0,,,0,0,0,Helius verified first buyer,2026-08-20 05:04:50
FButVviWu6P7t8fgJmt8B1BRvfdZ3UyihhfaY29EAdrE,,,1787088138,0.0,0.0,0.0,0,0,0,0.0,0.0,1.0,0.0,,,0,0,0,Helius verified first buyer,2026-08-20 05:04:51
CCciXxpZNDgYepX9YfgViaMSnb9X3doc7yEstJpu7KGw,,,1787088139,0.0,0.0,0.0,0,0,0,0.0,0.0,1.0,0.0,,,0,0,0,Helius verified first buyer,2026-08-20 05:05:02
DmtBRcxFtcjo61zghKxdhVYA4hteZtNqS78R8fGLtxX6,,,1787088140,0.0,0.0,0.0,0,0,0,0.0,0.0,1.0,0.0,,,0,0,0,Helius verified first buyer,2026-08-20 05:04:53
CBqBvrESupz42729fLXEigRyGPujKdbGU1SjNLZDVVms,,,1787088142,0.0,0.0,0.0,0,0,0,0.0,0.0,1.0,0.0,,,0,0,0,Helius verified first buyer,2026-08-20 05:04:09
5Um4UKWe9VfNoxaL8EK96c9Zd7NyWJqCJcxEnmmMze2E,,,1787088143,0.0,0.0,0.0,0,0,0,0.0,0.0,1.0,0.0,,,0,0,0,Helius verified first buyer,2026-08-20 05:04:54
6bvoph11rFC11ezXJ5f1i1rbgmPR6F6L4VYJd6s7qVDJ,,,1787088145,0.0,0.0,0.0,0,0,0,0.0,0.0,1.0,0.0,,,0,0,0,Helius verified first buyer,2026-08-20 05:04:56
6sw8NmmdRtpY74ktDkBinPsuuThHeS5of59vzEeqEUTQ,,,1787088147,0.0,0.0,0.0,0,0,0,0.0,0.0,1.0,0.0,,,0,0,0,Helius verified first buyer,2026-08-20 05:04:56
GCtPLsykLp2bCsD8BzpLfFRNhfcHVReFdtfLJDYJtvU4,,,1787088147,0.0,0.0,0.0,0,0,0,0.0,0.0,1.0,0.0,,,0,0,0,Helius verified first buyer,2026-08-20 05:04:17
GgsuPTYK8KPRpVN6uZUPz57H9H3oZzNYUmogA8EXv9WF,,,1787088149,0.0,0.0,0.0,0,0,0,0.0,0.0,1.0,0.0,,,0,0,0,Helius verified first buyer,2026-08-20 05:04:44
3m4iieDE3GjMTkLNYoWmLyxsd7HXjfrDHhUsDuedx2Rj,,,1787088153,0.0,0.0,0.0,0,0,0,0.0,0.0,1.0,0.0,,,0,0,0,Helius verified first buyer,2026-08-20 05:04:58
6a4n8VCP1kdCcFy8u4UYMmC69aACsyMi1Xs9E3Mk3BkH,,,1787088153,0.0,0.0,0.0,0,0,0,0.0,0.0,1.0,0.0,,,0,0,0,Helius verified first buyer,2026-08-20 05:04:59
2KXTgVqBuhaeLpg9NExTT16caqPg2e2n7jmtfm8z6cvA,,,1787088154,0.0,0.0,0.0,0,0,0,0.0,0.0,1.0,0.0,,,0,0,0,Helius verified first buyer,2026-08-20 05:05:05
4TVrFFs2LszbRgVukrez1fiTDRiQ9giyS35f7QZQ35QN,,,1787088155,0.0,0.0,0.0,0,0,0,0.0,0.0,1.0,0.0,,,0,0,0,Helius verified first buyer,2026-08-20 05:05:00
7bRer4xdRD9BKcrnidsQuTWXEpHoFFateJcJgyzjkdR6,,,1787088156,0.0,0.0,0.0,0,0,0,0.0,0.0,1.0,0.0,,,0,0,0,Helius verified first buyer,2026-08-20 05:05:07
4YnJ4KKfi2S2McUZyPbvDV1ouSonU86NSwp3dWXC3RvH,,,1787088162,0.0,0.0,0.0,0,0,0,0.0,0.0,1.0,0.0,,,0,0,0,Helius verified first buyer,2026-08-20 05:05:09
5ZU7jr9QP31YeRwth8hfBYNL6h2QvJjpQgREGfrmaZx3,,,1787088163,0.0,0.0,0.0,0,0,0,0.0,0.0,1.0,0.0,,,0,0,0,Helius verified first buyer,2026-08-20 05:04:14
13sCYppG44Ub7PTLF4qkUYzvjJBzv7BCY4Q2WeUYUtq8,,,1787088164,0.0,0.0,0.0,0,0,0,0.0,0.0,1.0,0.0,,,0,0,0,Helius verified first buyer,2026-08-20 05:05:10
FrVYvp9UWX6B2QJZnkhymQ3vLQvqARuzgNvQx8ht7RKo,,,1787088165,0.0,0.0,0.0,0,0,0,0.0,0.0,1.0,0.0,,,0,0,0,Helius verified first buyer,2026-08-20 05:04:15
7SLPYMSA5FxaEvJRk7C6Pxav8KSWt7xcqGw4no4s8p7z,,,1787088167,0.0,0.0,0.0,0,0,0,0.0,0.0,1.0,0.0,,,0,0,0,Helius verified first buyer,2026-08-20 05:04:48
okqhQYLaHfsVQkR9oJeYkp1cfnqC6qkdPxqt9m7A3ss,,,1787088167,0.0,0.0,0.0,0,0,0,0.0,0.0,1.0,0.0,,,0,0,0,Helius verified first buyer,2026-08-20 05:04:16
AZxG9xPx1s6Tnmf2vzidwtE7qoVwrUPd2cMTpsDiP6fT,,,1787088168,0.0,0.0,0.0,0,0,0,0.0,0.0,1.0,0.0,,,0,0,0,Helius verified first buyer,2026-08-20 05:04:16
5tcCNCyM3M3urnVBU2VwKDBCMTDGhVwB994BcJriQ5TP,,,1787088169,0.0,0.0,0.0,0,0,0,0.0,0.0,1.0,0.0,,,0,0,0,Helius verified first buyer,2026-08-20 05:05:16
HbWoy7gEDERxbNwqXkVXnDFRaquMabdUwnNWHLadKnuD,,,1787088170,0.0,0.0,0.0,0,0,0,0.0,0.0,1.0,0.0,,,0,0,0,Helius verified first buyer,2026-08-20 05:05:11
8BRQCDVwq9R12VkfDMBFhVrGpfBzyWy3siw59NKZaw2n,,,1787088171,0.0,0.0,0.0,0,0,0,0.0,0.0,1.0,0.0,,,0,0,0,Helius verified first buyer,2026-08-20 05:05:08
FiNmvDb7yJb5VgejuFmR8DUYBhz7EcQvMubj3zojn7mv,,,1787088172,0.0,0.0,0.0,0,0,0,0.0,0.0,1.0,0.0,,,0,0,0,Helius verified first buyer,2026-08-20 05:05:15
BhwHPCGfyWrAYtAEjqVNVwiLuaocEiP5WFShofTCUdCo,,,1787088174,0.0,0.0,0.0,0,0,0,0.0,0.0,1.0,0.0,,,0,0,0,Helius verified first buyer,2026-08-20 05:05:18
5ZeUFLztQu35VjUM3qa2m5NSaPDSxQDUCL88P32c1sgA,,,1787088174,0.0,0.0,0.0,0,0,0,0.0,0.0,1.0,0.0,,,0,0,0,Helius verified first buyer,2026-08-20 05:05:23
DSvSv1BLBzHsxnwzLfh3pphySK5jvy92Etxr4kVMg5Wc,,,1787088175,0.0,0.0,0.0,0,0,0,0.0,0.0,1.0,0.0,,,0,0,0,Helius verified first buyer,2026-08-20 05:05:15
BYLUKS9crZsmpaASvy8FxL7wNYfKMUx33CJuNCYktRQ4,,,1787088176,0.0,0.0,0.0,0,0,0,0.0,0.0,1.0,0.0,,,0,0,0,Helius verified first buyer,2026-08-20 05:05:20
E9Q7XRpkrb5QjEUSHhDoFqczdFuotpUm42oQnw2wTFRA,,,1787088177,0.0,0.0,0.0,0,0,0,0.0,0.0,1.0,0.0,,,0,0,0,Helius verified first buyer,2026-08-20 05:05:20
5rmASpPqxxBG97a4bhFK7kLRqvSW8RfFgRfCFmEWSGTx,,,1787088178,0.0,0.0,0.0,0,0,0,0.0,0.0,1.0,0.0,,,0,0,0,Helius verified first buyer,2026-08-20 05:04:21
HGSBe9DdxMrG9souX88MTQ7WdCCm5bvYfWes7yto4N58,,,1787088178,0.0,0.0,0.0,0,0,0,0.0,0.0,1.0,0.0,,,0,0,0,Helius verified first buyer,2026-08-20 05:05:24
DmKusaB89EYZeqUG591WEA1iKiSnvjoDWebJTqy2jkER,,,1787088180,0.0,0.0,0.0,0,0,0,0.0,0.0,1.0,0.0,,,0,0,0,Helius verified first buyer,2026-08-20 05:05:19
DfXvrN32RUgqGgmM5ZYU8LTZsxwXcjQbMLrUn6zRgaMM,,,1787088180,0.0,0.0,0.0,0,0,0,0.0,0.0,1.0,0.0,,,0,0,0,Helius verified first buyer,2026-08-20 05:05:21
HPmeVwBikE35V6igXb23LKYWRFNFBSubsk1qKFeGxXjP,,,1787088182,0.0,0.0,0.0,0,0,0,0.0,0.0,1.0,0.0,,,0,0,0,Helius verified first buyer,2026-08-20 05:05:29
3y2ALZfmMRBo1aiHbiJzTNQxpZo9v9E4NwS17hBhJiCN,,,1787088183,0.0,0.0,0.0,0,0,0,0.0,0.0,1.0,0.0,,,0,0,0,Helius verified first buyer,2026-08-20 05:05:24
2YtFeXKGN7skRYrwf8hc1V7edZuNysfAQW6HGunftr9p,,,1787088184,0.0,0.0,0.0,0,0,0,0.0,0.0,1.0,0.0,,,0,0,0,Helius verified first buyer,2026-08-20 05:05:26
AK8x5VvQkebog4k929Aus8yaQU5iHrt4QN1xb9Ld9CBv,,,1787088185,0.0,0.0,0.0,0,0,0,0.0,0.0,1.0,0.0,,,0,0,0,Helius verified first buyer,2026-08-20 05:05:26
GnPHMdPV77HAijC6AYc82aqkbU563bauRdAYbVKgjacf,,,1787088186,0.0,0.0,0.0,0,0,0,0.0,0.0,1.0,0.0,,,0,0,0,Helius verified first buyer,2026-08-20 05:05:32
EQXPyMXFaYECGfadyKZ6YBpzGTWdkswJaovGy1UAJVY7,,,1787088187,0.0,0.0,0.0,0,0,0,0.0,0.0,1.0,0.0,,,0,0,0,Helius verified first buyer,2026-08-20 05:04:26
DJqcSTNkbEwngH7rKo3Xdim1U9ho498mqKfpes2fTygU,,,1787088188,0.0,0.0,0.0,0,0,0,0.0,0.0,1.0,0.0,,,0,0,0,Helius verified first buyer,2026-08-20 05:05:29
HeSTnJQch7MrHT5ePBMoMuSPLxNrC67Faso3wxjDy1ND,,,1787088190,0.0,0.0,0.0,0,0,0,0.0,0.0,1.0,0.0,,,0,0,0,Helius verified first buyer,2026-08-20 05:04:28
FczdyuBWFwDmqyts7aPYhgmyLsPTCtSNvHy1komTGEYw,,,1787088190,0.0,0.0,0.0,0,0,0,0.0,0.0,1.0,0.0,,,0,0,0,Helius verified first buyer,2026-08-20 05:04:28
GDYqJwtJeXPqu74JpEqVjAfK4LXLvoX5QKHovLuX2NvM,,,1787088190,0.0,0.0,0.0,0,0,0,0.0,0.0,1.0,0.0,,,0,0,0,Helius verified first buyer,2026-08-20 05:04:28
AVWRcfCgHoXAFccwgUR4DdSN2vaifW8qzzdsYzpRG5Nv,,,1787088190,0.0,0.0,0.0,0,0,0,0.0,0.0,1.0,0.0,,,0,0,0,Helius verified first buyer,2026-08-20 05:04:28
KcdpZ5J4zLJv1Z3xyQYZ9DtBQmj1MDbtv5b3s2YJez1,,,1787088190,0.0,0.0,0.0,0,0,0,0.0,0.0,1.0,0.0,,,0,0,0,Helius verified first buyer,2026-08-20 05:04:30
BW6ZiPfqT7oxbFzMMeq6LfzAfEEGrKycgcuiov6oV1bb,,,1787088190,0.0,0.0,0.0,0,0,0,0.0,0.0,1.0,0.0,,,0,0,0,Helius verified first buyer,2026-08-20 05:04:30
3nGPhXiCEQ2YCybHufsvWsxVm4Bt8dYWeHP7AZdwLWV7,,,1787088191,0.0,0.0,0.0,0,0,0,0.0,0.0,1.0,0.0,,,0,0,0,Helius verified first buyer,2026-08-20 05:05:30
D1DswWTs9spKnM5X37ZLFoi4adZKrtfxcsvBFDqHi72J,,,1787088193,0.0,0.0,0.0,0,0,0,0.0,0.0,1.0,0.0,,,0,0,0,Helius verified first buyer,2026-08-20 05:04:32
Bwu2ySdgPbzzHxomFezJDen4LcRcGS9Pyfa38uTDfBH4,,,1787088193,0.0,0.0,0.0,0,0,0,0.0,0.0,1.0,0.0,,,0,0,0,Helius verified first buyer,2026-08-20 05:05:24
BJszkJ7zBxbJR9qzHGDz3NCNb44ZWvHd5mfgH1v3Gfpx,,,1787088194,0.0,0.0,0.0,0,0,0,0.0,0.0,1.0,0.0,,,0,0,0,Helius verified first buyer,2026-08-20 05:05:31
GvNexR5j3HioNHvH3k5P9cpR5B24iAbnK71EGF4H5oxB,,,1787088195,0.0,0.0,0.0,0,0,0,0.0,0.0,1.0,0.0,,,0,0,0,Helius verified first buyer,2026-08-20 05:05:37
H5NwmkNtjPbqLrcwsGmocoTQr61BnaVFTSaDnAHoHPZV,,,1787088196,0.0,0.0,0.0,0,0,0,0.0,0.0,1.0,0.0,,,0,0,0,Helius verified first buyer,2026-08-20 05:05:51
Hp3GCuRD4CrsaBYad789Mf1YcYFnTWAfutvLkno4ZVzZ,,,1787088197,0.0,0.0,0.0,0,0,0,0.0,0.0,1.0,0.0,,,0,0,0,Helius verified first buyer,2026-08-20 05:05:36
Bnfe2sEJoCFHMWfaCvQT8XbBH6DjTWo66tASNnqCL1k5,,,1787088198,0.0,0.0,0.0,0,0,0,0.0,0.0,1.0,0.0,,,0,0,0,Helius verified first buyer,2026-08-20 05:05:50
HrEWuFEQvGTVQpMU1jNPHEsjoxyND6nnKi5E7UvKa1LH,,,1787088199,0.0,0.0,0.0,0,0,0,0.0,0.0,1.0,0.0,,,0,0,0,Helius verified first buyer,2026-08-20 05:05:44
9wvCug3bufDPvzs4B2jWSoijPktyrm4Tm7hUwjGZSRSg,,,1787088200,0.0,0.0,0.0,0,0,0,0.0,0.0,1.0,0.0,,,0,0,0,Helius verified first buyer,2026-08-20 05:06:11
5KFa24wrTkgeaphZsQCPV9WL7Wy8Cbmku8e4Pr5CGFUA,,,1787088201,0.0,0.0,0.0,0,0,0,0.0,0.0,1.0,0.0,,,0,0,0,Helius verified first buyer,2026-08-20 05:05:47
AqBhrdqLapg2c1MTL8fNZbrEUXg3xevikeDxiiokWpri,,,1787088203,0.0,0.0,0.0,0,0,0,0.0,0.0,1.0,0.0,,,0,0,0,Helius verified first buyer,2026-08-20 05:06:13
4zR4EiTSit5NmD41K2hxT5nhKM5iNXJ59m9EZfvhLUKU,,,1787088204,0.0,0.0,0.0,0,0,0,0.0,0.0,1.0,0.0,,,0,0,0,Helius verified first buyer,2026-08-20 05:04:37
9tTJNib5wD3dS7XVAuXVFX52cCT9eCEDiwycmHbeFnTi,,,1787088204,0.0,0.0,0.0,0,0,0,0.0,0.0,1.0,0.0,,,0,0,0,Helius verified first buyer,2026-08-20 05:04:37
FfPyiAGZzXhdfhmBvAYfznw6jn8NXXH7c36iPjn2hxs1,,,1787088206,0.0,0.0,0.0,0,0,0,0.0,0.0,1.0,0.0,,,0,0,0,Helius verified first buyer,2026-08-20 05:05:58
6RVeSus7eQuPjzx4eNJ4LoceF3XuNhUwnGaQbJaFt1A4,,,1787088206,0.0,0.0,0.0,0,0,0,0.0,0.0,1.0,0.0,,,0,0,0,Helius verified first buyer,2026-08-20 05:04:38
Atva3c9wov1cAiRdeTcDNMdQ8x3LZeihCWZG2oeWLwzj,,,1787088208,0.0,0.0,0.0,0,0,0,0.0,0.0,1.0,0.0,,,0,0,0,Helius verified first buyer,2026-08-20 05:06:05
6Ct4ZWBt8WeVngm8FhU2CtV2YPSjjtdD33XTQ3WVnVeP,,,1787088211,0.0,0.0,0.0,0,0,0,0.0,0.0,1.0,0.0,,,0,0,0,Helius verified first buyer,2026-08-20 05:06:22
9hZSqP7V7ETqQ6AJNwZk3fR1JoUr9PHK5qjUcsn6wYTo,,,1787088211,0.0,0.0,0.0,0,0,0,0.0,0.0,1.0,0.0,,,0,0,0,Helius verified first buyer,2026-08-20 05:06:17
9YDt9VphHgtpH7MdCyedWMbLQN3XfnHWypyVwiwUTokg,,,1787088212,0.0,0.0,0.0,0,0,0,0.0,0.0,1.0,0.0,,,0,0,0,Helius verified first buyer,2026-08-20 05:06:19
A6qxSn9NBjQivoGqdY4yo3zUuPVN6UH4dXRJgUc3qsFD,,,1787088219,0.0,0.0,0.0,0,0,0,0.0,0.0,1.0,0.0,,,0,0,0,Helius verified first buyer,2026-08-20 05:04:49
HvaMyScYRWuvCRkN4EB787zkMJz1ahsS5vD9XSsTWbGq,,,1787088256,0.0,0.0,0.0,0,0,0,0.0,0.0,1.0,0.0,,,0,0,0,Helius verified first buyer,2026-08-20 05:05:04
CQ8hAbwo25BDG1FmvtjxYfEmKTZ9MZCBZH2dJrneEs8k,,,1787088264,0.0,0.0,0.0,0,0,0,0.0,0.0,1.0,0.0,,,0,0,0,Helius verified first buyer,2026-08-20 05:05:08
5t7LEebE2MdCo9DbhP2sv6vi2dM2BCNvQb1XHG8Dbv71,,,1787088335,0.0,0.0,0.0,0,0,0,0.0,0.0,1.0,0.0,,,0,0,0,Helius verified first buyer,2026-08-20 05:05:38
Fcdcj4jrvw4PrgmUNyErR7sk3HGJqEcZQjZnsTGJWG4,,,1787088335,0.0,0.0,0.0,0,0,0,0.0,0.0,1.0,0.0,,,0,0,0,Helius verified first buyer,2026-08-20 05:05:38
Duc8Hxd2uxuj2GaorhV7UsCJJ1xvqv3eJHuEMae3xTVd,,,1787088336,0.0,0.0,0.0,0,0,0,0.0,0.0,1.0,0.0,,,0,0,0,Helius verified first buyer,2026-08-20 05:05:38
2SHJK6J63rMvYtq3piLxMYhAh63bXGQ8Hy4XXnPA7C89,,,1787088337,0.0,0.0,0.0,0,0,0,0.0,0.0,1.0,0.0,,,0,0,0,Helius verified first buyer,2026-08-20 05:05:40
BSyLRA2LkHy6DyZu7xMcFH9qQ9f7xAdTui4YuBsCz5bC,,,1787088338,0.0,0.0,0.0,0,0,0,0.0,0.0,1.0,0.0,,,0,0,0,Helius verified first buyer,2026-08-20 05:05:40
DsfyvtxoamKsbD8nkN2JijYQMQAedq76MHoUghbcNnW1,,,1787088339,0.0,0.0,0.0,0,0,0,0.0,0.0,1.0,0.0,,,0,0,0,Helius verified first buyer,2026-08-20 05:05:40
JDwzq9Db3YBWfEP2GMroSCzZkXHzXrEbDj3zCAAPvPQF,,,1787088339,0.0,0.0,0.0,0,0,0,0.0,0.0,1.0,0.0,,,0,0,0,Helius verified first buyer,2026-08-20 05:05:40
B3je9UX7mZrcDyYDqXKr9TqSFbnau5Mb21ZRPerCFV61,,,1787088339,0.0,0.0,0.0,0,0,0,0.0,0.0,1.0,0.0,,,0,0,0,Helius verified first buyer,2026-08-20 05:05:41
F6bJ4nSNfAEYzmu9WSS2Na8o83AD8MvJcCp5Gc21jpSW,,,1787088339,0.0,0.0,0.0,0,0,0,0.0,0.0,1.0,0.0,,,0,0,0,Helius verified first buyer,2026-08-20 05:05:41
CSFmDQjFMN4KJx5WssACmnYsTE765XWfgpaCGEAaC6Eu,,,1787088341,0.0,0.0,0.0,0,0,0,0.0,0.0,1.0,0.0,,,0,0,0,Helius verified first buyer,2026-08-20 05:05:42
5witq4FeNgifvSV6okKoHj6X24SkpfK48Wq2GpwN5Kxy,,,1787088341,0.0,0.0,0.0,0,0,0,0.0,0.0,1.0,0.0,,,0,0,0,Helius verified first buyer,2026-08-20 05:05:43
DpmcF6fjLRGUKoBMwoLCoGGgU21LGFU47433m27AanyQ,,,1787088341,0.0,0.0,0.0,0,0,0,0.0,0.0,1.0,0.0,,,0,0,0,Helius verified first buyer,2026-08-20 05:05:43
GpQoEz2cTcEA9dDCq4ik6R7MV5z8N4qS5sheaX3NnFxC,,,1787088341,0.0,0.0,0.0,0,0,0,0.0,0.0,1.0,0.0,,,0,0,0,Helius verified first buyer,2026-08-20 05:05:43
8X7qxcq8tzqWeCDswNu1rHBo25R7CwHGa8Gm95GNwnkR,,,1787088342,0.0,0.0,0.0,0,0,0,0.0,0.0,1.0,0.0,,,0,0,0,Helius verified first buyer,2026-08-20 05:05:44
4QBWq17mG3athD37KGP2eNCVsgoQM4rcZ4WUWZQbyqH3,,,1787088343,0.0,0.0,0.0,0,0,0,0.0,0.0,1.0,0.0,,,0,0,0,Helius verified first buyer,2026-08-20 05:05:46
2SzdgoUXbW6E5SvbtR3ke8yRibcap46qP18TtmFJVM2x,,,1787088343,0.0,0.0,0.0,0,0,0,0.0,0.0,1.0,0.0,,,0,0,0,Helius verified first buyer,2026-08-20 05:05:46
EgLzvkbDJ7CSBRGcSAWgMyxvj188raB422d7o18ppr4A,,,1787088344,0.0,0.0,0.0,0,0,0,0.0,0.0,1.0,0.0,,,0,0,0,Helius verified first buyer,2026-08-20 05:05:46
f2qk1y5pvNVoLLJnZjBqtu4LVn7oXQdqTHvNXtsArwR,,,1787088344,0.0,0.0,0.0,0,0,0,0.0,0.0,1.0,0.0,,,0,0,0,Helius verified first buyer,2026-08-20 05:05:47
8iceySwb6bJJx4ww7YegwFdTK6kdLuB4VwkBczHH798M,,,1787088345,0.0,0.0,0.0,0,0,0,0.0,0.0,1.0,0.0,,,0,0,0,Helius verified first buyer,2026-08-20 05:05:47
2PvonaFbMWCbaqb2x7n6fUo1F9FFTNFbtxvQJsuCrmhi,,,1787088345,0.0,0.0,0.0,0,0,0,0.0,0.0,1.0,0.0,,,0,0,0,Helius verified first buyer,2026-08-20 05:05:48
7Hf8xLehq9QQzcwFpNjKPx5MpHX4BM7qpmcRPRESZJFR,,,1787088347,0.0,0.0,0.0,0,0,0,0.0,0.0,1.0,0.0,,,0,0,0,Helius verified first buyer,2026-08-20 05:05:49
9cTbMBBnm5XkFLDTSE4JnXj7PKxcmTosV3zArARpqnaG,,,1787088347,0.0,0.0,0.0,0,0,0,0.0,0.0,1.0,0.0,,,0,0,0,Helius verified first buyer,2026-08-20 05:05:50
DPBguVqq8M2QcBxSDe5puYTaSoXT9cau6dt2haP477gu,,,1787088347,0.0,0.0,0.0,0,0,0,0.0,0.0,1.0,0.0,,,0,0,0,Helius verified first buyer,2026-08-20 05:05:50
4xnzMvbrArPne8GNxDeo5cQCocj5Hw8Xv4xPm4c9SkEG,,,1787088349,0.0,0.0,0.0,0,0,0,0.0,0.0,1.0,0.0,,,0,0,0,Helius verified first buyer,2026-08-20 05:05:51
4f9hAnqAVTfYLvwRaw32D3qEbEt5BZWWMQUSFjdadurA,,,1787088349,0.0,0.0,0.0,0,0,0,0.0,0.0,1.0,0.0,,,0,0,0,Helius verified first buyer,2026-08-20 05:05:51
8AUvZGkgtgT7q5dUH2jtzv7czLgQgD4XVSubawXR57ZQ,,,1787088349,0.0,0.0,0.0,0,0,0,0.0,0.0,1.0,0.0,,,0,0,0,Helius verified first buyer,2026-08-20 05:05:51
DcXaW8mQsxHMXAJNC6KdhaXqHfk5Qr65GbBZQbJSXCY6,,,1787088352,0.0,0.0,0.0,0,0,0,0.0,0.0,1.0,0.0,,,0,0,0,Helius verified first buyer,2026-08-20 05:05:53
EmNXfjT9PPpEBinaxuxRnamN1MggvVs5okzS5ehWiUgS,,,1787088352,0.0,0.0,0.0,0,0,0,0.0,0.0,1.0,0.0,,,0,0,0,Helius verified first buyer,2026-08-20 05:05:54
ndPU9uh9DTypomMhTDf2bnxiYs1fzrbT365BQ8m29mc,,,1787088352,0.0,0.0,0.0,0,0,0,0.0,0.0,1.0,0.0,,,0,0,0,Helius verified first buyer,2026-08-20 05:05:54
Cn7DWgra5LmVfM8Se3yG5HNsZtE4SEtxY4ztF2MkDFgY,,,1787088352,0.0,0.0,0.0,0,0,0,0.0,0.0,1.0,0.0,,,0,0,0,Helius verified first buyer,2026-08-20 05:05:54
DdfWjEY1y45JNbvYPQywCR5nwk8HuRp9KzfUv5oxBmU3,,,1787088352,0.0,0.0,0.0,0,0,0,0.0,0.0,1.0,0.0,,,0,0,0,Helius verified first buyer,2026-08-20 05:05:55
DHf41u2ZQCBWpYtiWoHGcSQnzji9obkKCGiRB86uzbHW,,,1787088354,0.0,0.0,0.0,0,0,0,0.0,0.0,1.0,0.0,,,0,0,0,Helius verified first buyer,2026-08-20 05:05:57
HLudKufThTforrn5qHRu7YCsEMhiMJUVJZUN8zrK8RHp,,,1787088354,0.0,0.0,0.0,0,0,0,0.0,0.0,1.0,0.0,,,0,0,0,Helius verified first buyer,2026-08-20 05:05:57
AY7AjjmMcSR6qSwRhAixwaBCnmmgnqhD3GcVd6rZrNbJ,,,1787088354,0.0,0.0,0.0,0,0,0,0.0,0.0,1.0,0.0,,,0,0,0,Helius verified first buyer,2026-08-20 05:05:58
A9AG2vCSVD1Ugs7fZ3UGccG8gAgDXhy5a7J9fCYjM4D9,,,1787088354,0.0,0.0,0.0,0,0,0,0.0,0.0,1.0,0.0,,,0,0,0,Helius verified first buyer,2026-08-20 05:05:58
CiDSAEx1hqVY3NMGog3AzJHCtrz1D3HMuVRGQK9sDSwz,,,1787088355,0.0,0.0,0.0,0,0,0,0.0,0.0,1.0,0.0,,,0,0,0,Helius verified first buyer,2026-08-20 05:05:59
FudGorjpeModvkBka6XCV4zdEThXSDGu7ZWuV3R8iCgT,,,1787088356,0.0,0.0,0.0,0,0,0,0.0,0.0,1.0,0.0,,,0,0,0,Helius verified first buyer,2026-08-20 05:06:01
B7n3KtNibw2DidYJfUst7x82GZueMQFEKjuxnHVSwCgU,,,1787088357,0.0,0.0,0.0,0,0,0,0.0,0.0,1.0,0.0,,,0,0,0,Helius verified first buyer,2026-08-20 05:06:01
5p2ahyGCJkBUCYHwH2UJNVAP1vmoeu6qoyyoPaktdz7D,,,1787088359,0.0,0.0,0.0,0,0,0,0.0,0.0,1.0,0.0,,,0,0,0,Helius verified first buyer,2026-08-20 05:06:02
B5Us6QWjTNBjWZNGkShvhYoj1QWBLzp2z4Z97msjbegb,,,1787088359,0.0,0.0,0.0,0,0,0,0.0,0.0,1.0,0.0,,,0,0,0,Helius verified first buyer,2026-08-20 05:06:03
9jydYPb5PKFg2JpfonxmP6bwugCgWQfE13ZGiPdXUkBF,,,1787088359,0.0,0.0,0.0,0,0,0,0.0,0.0,1.0,0.0,,,0,0,0,Helius verified first buyer,2026-08-20 05:06:03
DyM2oVapTFtaLhwSjPKV8jgnDLH3v2GixQSgwQvxnSiR,,,1787088359,0.0,0.0,0.0,0,0,0,0.0,0.0,1.0,0.0,,,0,0,0,Helius verified first buyer,2026-08-20 05:06:04
4yoRkAYUFQjWUBsWDJxKni5QNY6FNxod7YnswwvKWN84,,,1787088360,0.0,0.0,0.0,0,0,0,0.0,0.0,1.0,0.0,,,0,0,0,Helius verified first buyer,2026-08-20 05:06:04
BEb6c9tLaZhQff7AeXwzLtpZe5BcjhQJss9MeEq7ip4d,,,1787088360,0.0,0.0,0.0,0,0,0,0.0,0.0,1.0,0.0,,,0,0,0,Helius verified first buyer,2026-08-20 05:06:04
G6TTHkteAwC3kLhBCfRemRtod9iwko5GX6qECssC9H6h,,,1787088361,0.0,0.0,0.0,0,0,0,0.0,0.0,1.0,0.0,,,0,0,0,Helius verified first buyer,2026-08-20 05:06:05
9Qnhu5X5RZWAbRUgCnFnimpEmAiLGhetConxmfaJi5yG,,,1787088362,0.0,0.0,0.0,0,0,0,0.0,0.0,1.0,0.0,,,0,0,0,Helius verified first buyer,2026-08-20 05:06:06
9pdZVvJaXK2ZFWKQG3pzbyuPujRTbMvZEnmi9VqbfRVj,,,1787088362,0.0,0.0,0.0,0,0,0,0.0,0.0,1.0,0.0,,,0,0,0,Helius verified first buyer,2026-08-20 05:06:06
CCiZf4Qvg3YjTwwZsaevYXy1NgA3WUuR1AYLzAdhHji1,,,1787088364,0.0,0.0,0.0,0,0,0,0.0,0.0,1.0,0.0,,,0,0,0,Helius verified first buyer,2026-08-20 05:06:08
Db1Rb2jv7HqRFEHGx9gqNRA46KnCyUwopfG1rz8a6B47,,,1787088364,0.0,0.0,0.0,0,0,0,0.0,0.0,1.0,0.0,,,0,0,0,Helius verified first buyer,2026-08-20 05:06:08
AxrWJUnowmyr3G1e1Hmw87husYLH2DUrbvt7uh6tA5yy,,,1787088366,0.0,0.0,0.0,0,0,0,0.0,0.0,1.0,0.0,,,0,0,0,Helius verified first buyer,2026-08-20 05:06:09
4d1kSUn1FUVLoQ4mjL7eGUmiZRbdemEC7mtacDJxaKxa,,,1787088366,0.0,0.0,0.0,0,0,0,0.0,0.0,1.0,0.0,,,0,0,0,Helius verified first buyer,2026-08-20 05:06:09
4Pek1u5eAWUadRUWgqE4VXEYJmCwfwoaFwUxjS159QJW,,,1787088366,0.0,0.0,0.0,0,0,0,0.0,0.0,1.0,0.0,,,0,0,0,Helius verified first buyer,2026-08-20 05:06:09
3CBa177yZW3ocDvgqY7byQGGCRn8gogmcYjr3TDagEeX,,,1787088368,0.0,0.0,0.0,0,0,0,0.0,0.0,1.0,0.0,,,0,0,0,Helius verified first buyer,2026-08-20 05:06:10
7ofjwVv6jiGWex7vamLGAgVZyCv4KqjRd8Zw6uPEPHzX,,,1787088368,0.0,0.0,0.0,0,0,0,0.0,0.0,1.0,0.0,,,0,0,0,Helius verified first buyer,2026-08-20 05:06:10
BQceHukC8qVGkRerxsoLVFVhK2M9wzuxeGm1j1HqxqWw,,,1787088369,0.0,0.0,0.0,0,0,0,0.0,0.0,1.0,0.0,,,0,0,0,Helius verified first buyer,2026-08-20 05:06:11
9C398ULwLmu6SSZ8ZCCtwndfsdTBoDZsHdVJiSux5PnB,,,1787088369,0.0,0.0,0.0,0,0,0,0.0,0.0,1.0,0.0,,,0,0,0,Helius verified first buyer,2026-08-20 05:06:12
3nLoxEjMwfNySY76ifCYryBCkfgKGmMXSfPTRKcXTPfZ,,,1787088369,0.0,0.0,0.0,0,0,0,0.0,0.0,1.0,0.0,,,0,0,0,Helius verified first buyer,2026-08-20 05:06:12
2pmeSe5ippgcQ2sWyjoJCR4suyzEoGNxzdK46tcB8Abn,,,1787088369,0.0,0.0,0.0,0,0,0,0.0,0.0,1.0,0.0,,,0,0,0,Helius verified first buyer,2026-08-20 05:06:12
DDUeDBXMeWPf5H92LXepN3fvS5yKeFzvnrNt52Ax1Hn,,,1787088369,0.0,0.0,0.0,0,0,0,0.0,0.0,1.0,0.0,,,0,0,0,Helius verified first buyer,2026-08-20 05:07:19
82f2ipQsiRhjVdiDZdDeCwro1oetxHedHaWvpvhZxtuk,,,1787088370,0.0,0.0,0.0,0,0,0,0.0,0.0,1.0,0.0,,,0,0,0,Helius verified first buyer,2026-08-20 05:06:13
BHH4x7JNKmWD3DcwVMKsTCcNQpxBXwSKANNj3mmR9iQr,,,1787088370,0.0,0.0,0.0,0,0,0,0.0,0.0,1.0,0.0,,,0,0,0,Helius verified first buyer,2026-08-20 05:06:13
KX5a9nepkXP2yQAx4F9VApcGMQLh4bqdkgEM42EBsVe,,,1787088370,0.0,0.0,0.0,0,0,0,0.0,0.0,1.0,0.0,,,0,0,0,Helius verified first buyer,2026-08-20 05:06:14
DUDi6C9jMmNF6ZXVwPnEsbG31RgC7QZ6McKLqKTbEvX4,,,1787088371,0.0,0.0,0.0,0,0,0,0.0,0.0,1.0,0.0,,,0,0,0,Helius verified first buyer,2026-08-20 05:06:14
8oqG61e52EcZBkQho8929YR9RVaWpV4VVb36Exb2Kzf5,,,1787088371,0.0,0.0,0.0,0,0,0,0.0,0.0,1.0,0.0,,,0,0,0,Helius verified first buyer,2026-08-20 05:06:14
3Rm5htwiErL7d5fUbzgCJBUarmBeDkqdBvJYywsDFfXa,,,1787088372,0.0,0.0,0.0,0,0,0,0.0,0.0,1.0,0.0,,,0,0,0,Helius verified first buyer,2026-08-20 05:06:15
FfTW1ehef2vvc7Da9LiTav3t65GUxhWkHUGwPBYbdsMz,,,1787088374,0.0,0.0,0.0,0,0,0,0.0,0.0,1.0,0.0,,,0,0,0,Helius verified first buyer,2026-08-20 05:06:16
GsH7ab4we7e6wS2nMVMn2Lf58oi4SgfF9hAm8Nz7SaUh,,,1787088374,0.0,0.0,0.0,0,0,0,0.0,0.0,1.0,0.0,,,0,0,0,Helius verified first buyer,2026-08-20 05:06:16
FFraijNevq8DMmuYDUdWwcJDCG5oCg2xsugBcQcGESYg,,,1787088375,0.0,0.0,0.0,0,0,0,0.0,0.0,1.0,0.0,,,0,0,0,Helius verified first buyer,2026-08-20 05:06:17
BzRutKgc9hpobQn4cikWP1SeWqtxowv4iE4sG7RHGdRf,,,1787088375,0.0,0.0,0.0,0,0,0,0.0,0.0,1.0,0.0,,,0,0,0,Helius verified first buyer,2026-08-20 05:06:18
91APAEBsyjdAh7dkmDaFPohjyn7oc3Kpxj5HLrdkvbWJ,,,1787088376,0.0,0.0,0.0,0,0,0,0.0,0.0,1.0,0.0,,,0,0,0,Helius verified first buyer,2026-08-20 05:06:19
C6REvs4so7s3b7M4KYBnFn1LbbSGoeQ76HBnfqQ6HznA,,,1787088376,0.0,0.0,0.0,0,0,0,0.0,0.0,1.0,0.0,,,0,0,0,Helius verified first buyer,2026-08-20 05:06:19
FfmcJ5Nio48mtYvtNomUa6bh7uFS21EnMACw1qUgQ3Ro,,,1787088377,0.0,0.0,0.0,0,0,0,0.0,0.0,1.0,0.0,,,0,0,0,Helius verified first buyer,2026-08-20 05:06:19
7SA7cG2YDT2KmNs56vxj2BNAASvx3dpd3LRS1tYnkEAy,,,1787088378,0.0,0.0,0.0,0,0,0,0.0,0.0,1.0,0.0,,,0,0,0,Helius verified first buyer,2026-08-20 05:06:21
2REPVdpnzHcB8nhZfByi64WKMD6mdV44TdViQfNHKAWR,,,1787088378,0.0,0.0,0.0,0,0,0,0.0,0.0,1.0,0.0,,,0,0,0,Helius verified first buyer,2026-08-20 05:06:22
6uEpQZfyTvB3hfj6ZLrQFcXh4MqokyQdZfDdpCVMePN2,,,1787088379,0.0,0.0,0.0,0,0,0,0.0,0.0,1.0,0.0,,,0,0,0,Helius verified first buyer,2026-08-20 05:06:23
3sd9N984PMwosjgX86VKuZzc71e4sAGmnY4Zs4XTGmBm,,,1787088381,0.0,0.0,0.0,0,0,0,0.0,0.0,1.0,0.0,,,0,0,0,Helius verified first buyer,2026-08-20 05:06:23
BdtnzFDZqrfyBR49bfGv3yhReC3xmYVLj782reWVRbWK,,,1787088381,0.0,0.0,0.0,0,0,0,0.0,0.0,1.0,0.0,,,0,0,0,Helius verified first buyer,2026-08-20 05:06:23
HuPrUwQxVUyBotVJUWPskXAjb4NBdh7SEW6evePbz2wH,,,1787088382,0.0,0.0,0.0,0,0,0,0.0,0.0,1.0,0.0,,,0,0,0,Helius verified first buyer,2026-08-20 05:06:23
BHMSyndEV1bniDkm22wkYFmrDXnsVwawjq242hXLqkyB,,,1787088382,0.0,0.0,0.0,0,0,0,0.0,0.0,1.0,0.0,,,0,0,0,Helius verified first buyer,2026-08-20 05:06:24
7dWjDkzdGWY716eQ8Gf7wbWFYpEr3eQha3BaHgi4kfvz,,,1787088382,0.0,0.0,0.0,0,0,0,0.0,0.0,1.0,0.0,,,0,0,0,Helius verified first buyer,2026-08-20 05:06:24
4FMkDiP4ShkFjZSttQoKCwhhUC2YSb2vPbKLCReQq38s,,,1787088383,0.0,0.0,0.0,0,0,0,0.0,0.0,1.0,0.0,,,0,0,0,Helius verified first buyer,2026-08-20 05:06:25
FhZF8VpEMT4T13Lrx8o2AWF5cEfMtAkRNnFbMTuD1zVT,,,1787088383,0.0,0.0,0.0,0,0,0,0.0,0.0,1.0,0.0,,,0,0,0,Helius verified first buyer,2026-08-20 05:06:25
Ai4f2e5ntYA4MYjBqbfgtMNj71BooQSxCWu5Buj5kVc8,,,1787088383,0.0,0.0,0.0,0,0,0,0.0,0.0,1.0,0.0,,,0,0,0,Helius verified first buyer,2026-08-20 05:06:25
23GDHbzbfHr4nSYQZrWDtH62wvii63hxWzEk4TYG25xV,,,1787088384,0.0,0.0,0.0,0,0,0,0.0,0.0,1.0,0.0,,,0,0,0,Helius verified first buyer,2026-08-20 05:06:26
Gb5fXQrudQ85fHJvjsA4iQDM5wiFnf5pm6TZeywy2hzQ,,,1787088384,0.0,0.0,0.0,0,0,0,0.0,0.0,1.0,0.0,,,0,0,0,Helius verified first buyer,2026-08-20 05:06:26
Fv18e7h5UJVzjzSyWKDku8nvaQ1rEnNzFhHrKY4oJFBT,,,1787088385,0.0,0.0,0.0,0,0,0,0.0,0.0,1.0,0.0,,,0,0,0,Helius verified first buyer,2026-08-20 05:06:27
ESKwiuUJmQMVDzzpFTeduQbLr2v8MvJoq4VGWmCTWhY7,,,1787088385,0.0,0.0,0.0,0,0,0,0.0,0.0,1.0,0.0,,,0,0,0,Helius verified first buyer,2026-08-20 05:06:27
2RXZNe2UTuR5Kiuag7mRXb5XRfZZBV4HzTqvmyLKVTjx,,,1787088385,0.0,0.0,0.0,0,0,0,0.0,0.0,1.0,0.0,,,0,0,0,Helius verified first buyer,2026-08-20 05:06:27
5TtEuRviNZ8YPHnraHhkbWhzD4bBnKDsDwsw1NsgwYy2,,,1787088385,0.0,0.0,0.0,0,0,0,0.0,0.0,1.0,0.0,,,0,0,0,Helius verified first buyer,2026-08-20 05:06:28
KLjXVWYfLA1cSbwJacfduQZvGbTmF65Xu7oq651RXqW,,,1787088385,0.0,0.0,0.0,0,0,0,0.0,0.0,1.0,0.0,,,0,0,0,Helius verified first buyer,2026-08-20 05:06:29
HB9brvxAz1KDZ95NCgwU2GeKzyxDjG2vdPBcAHAmjww9,,,1787088386,0.0,0.0,0.0,0,0,0,0.0,0.0,1.0,0.0,,,0,0,0,Helius verified first buyer,2026-08-20 05:06:29
QePeMFJ7dELn8Foy1JdrpFpkHin9qcwByDNvBXKF9wv,,,1787088387,0.0,0.0,0.0,0,0,0,0.0,0.0,1.0,0.0,,,0,0,0,Helius verified first buyer,2026-08-20 05:06:30
F9SCdEo6bo1mCLJ2RBZJobMM3TrXn4f8KzDbieny9E27,,,1787088387,0.0,0.0,0.0,0,0,0,0.0,0.0,1.0,0.0,,,0,0,0,Helius verified first buyer,2026-08-20 05:06:30
5n2oHxozf2SZcH48ihRNfCumAEyZRxq4oA3eXAxUVn4U,,,1787088387,0.0,0.0,0.0,0,0,0,0.0,0.0,1.0,0.0,,,0,0,0,Helius verified first buyer,2026-08-20 05:06:30
pHGgGVmCKxU75fnhLZNdYkUEFGWqnNcyUVXAdmr69yq,,,1787088389,0.0,0.0,0.0,0,0,0,0.0,0.0,1.0,0.0,,,0,0,0,Helius verified first buyer,2026-08-20 05:06:31
BQFr2UQNANdzvqXmtrsg5cSDusDM8ALFLCPqKoJaR6q5,,,1787088389,0.0,0.0,0.0,0,0,0,0.0,0.0,1.0,0.0,,,0,0,0,Helius verified first buyer,2026-08-20 05:06:31
7N17hKnYqCxSZgvh7v8YxvCrrBkrqiCxgi2pZsAxU19u,,,1787088389,0.0,0.0,0.0,0,0,0,0.0,0.0,1.0,0.0,,,0,0,0,Helius verified first buyer,2026-08-20 05:06:32
3fui6zcL6UsjfGntnGspNjfFqifGLM4fmTuG82AwWjGU,,,1787088389,0.0,0.0,0.0,0,0,0,0.0,0.0,1.0,0.0,,,0,0,0,Helius verified first buyer,2026-08-20 05:06:33
4UvANu6Pa462CphHTjMMyoUse57pJgAs8fR2Dcot7PJn,,,1787088391,0.0,0.0,0.0,0,0,0,0.0,0.0,1.0,0.0,,,0,0,0,Helius verified first buyer,2026-08-20 05:06:33
53TeQdoRS28a1CXRWcJ2NmZSQRtc3XHfzw7d6VQoboD1,,,1787088391,0.0,0.0,0.0,0,0,0,0.0,0.0,1.0,0.0,,,0,0,0,Helius verified first buyer,2026-08-20 05:06:33
AvmwPpi9jgaijKExb7J6UYCpcQabwSQhgXEGGJnZBWSx,,,1787088392,0.0,0.0,0.0,0,0,0,0.0,0.0,1.0,0.0,,,0,0,0,Helius verified first buyer,2026-08-20 05:06:34
DXemgU9nj4ZYc44rru4KgfsxY3NzA23FYUHZVTpsrMfH,,,1787088392,0.0,0.0,0.0,0,0,0,0.0,0.0,1.0,0.0,,,0,0,0,Helius verified first buyer,2026-08-20 05:06:34
6WMn6esohk75HdosnSjVS2TwNNYtA2gZKDDj72fnVy4p,,,1787088392,0.0,0.0,0.0,0,0,0,0.0,0.0,1.0,0.0,,,0,0,0,Helius verified first buyer,2026-08-20 05:06:35
HtTGVHhBkEGBKEDVc5CNrqCKN61URJVjSARRZKN54BFP,,,1787088392,0.0,0.0,0.0,0,0,0,0.0,0.0,1.0,0.0,,,0,0,0,Helius verified first buyer,2026-08-20 05:06:35
FpDhGGPCJSHvvABoEZjZUPurBstXta32DtZvhggBUnRh,,,1787088393,0.0,0.0,0.0,0,0,0,0.0,0.0,1.0,0.0,,,0,0,0,Helius verified first buyer,2026-08-20 05:06:35
HyGCdv7TuUiBi2wNTusFVZZSWFbJTC7uMmBTxbVM5zJu,,,1787088394,0.0,0.0,0.0,0,0,0,0.0,0.0,1.0,0.0,,,0,0,0,Helius verified first buyer,2026-08-20 05:06:35
GgRYwV1PQ83GpemPcbN4E94k4QN7NX652UAji6BdsrTi,,,1787088394,0.0,0.0,0.0,0,0,0,0.0,0.0,1.0,0.0,,,0,0,0,Helius verified first buyer,2026-08-20 05:06:36
D8c6FXCpiSAGh5ZYYpA3qrKJ2M9u6Crp9NPseRQaMqe2,,,1787088394,0.0,0.0,0.0,0,0,0,0.0,0.0,1.0,0.0,,,0,0,0,Helius verified first buyer,2026-08-20 05:06:37
HVV5BWdqfdheJo4N8TuvJM5X1GKeGJdkGxa8SDsedwCL,,,1787088394,0.0,0.0,0.0,0,0,0,0.0,0.0,1.0,0.0,,,0,0,0,Helius verified first buyer,2026-08-20 05:06:37
PmScK7dn2rqdVALpWLhghHemQu2A3B2c7YoT6Rr6Deo,,,1787088395,0.0,0.0,0.0,0,0,0,0.0,0.0,1.0,0.0,,,0,0,0,Helius verified first buyer,2026-08-20 05:06:37
HCJ6hKUt7AB2RNBEJeFmQ1Hb991paKJKymW8eZE1fWUD,,,1787088403,0.0,0.0,0.0,0,0,0,0.0,0.0,1.0,0.0,,,0,0,0,Helius verified first buyer,2026-08-20 05:06:37
B6SiKtghDKqv37W3DZVbxsVDHdbRGZCCJPnCxvENcXx9,,,1787088403,0.0,0.0,0.0,0,0,0,0.0,0.0,1.0,0.0,,,0,0,0,Helius verified first buyer,2026-08-20 05:06:38
CpufLxai4MtodUX7HDuSuNZrgMhMttXNzX5v2eVyjpH3,,,1787088404,0.0,0.0,0.0,0,0,0,0.0,0.0,1.0,0.0,,,0,0,0,Helius verified first buyer,2026-08-20 05:06:38
4QnQmj6WoNbS4MkFuDqRk3ds1fenkRRKSGY9R38gxWuY,,,1787088404,0.0,0.0,0.0,0,0,0,0.0,0.0,1.0,0.0,,,0,0,0,Helius verified first buyer,2026-08-20 05:06:39
EyiuYFDypj19UadBb9K9ar1cA5qXrJQkXmZtwS1kugz3,,,1787088404,0.0,0.0,0.0,0,0,0,0.0,0.0,1.0,0.0,,,0,0,0,Helius verified first buyer,2026-08-20 05:06:39
5MaiCaJrNKFwAsatk2aY8w3YyXpPt1Pji3GvZCkQq83m,,,1787088404,0.0,0.0,0.0,0,0,0,0.0,0.0,1.0,0.0,,,0,0,0,Helius verified first buyer,2026-08-20 05:06:39
Hk29sFaKX6bkM7wWw7utLgHeBMzrU56vkwxbJ95drCaL,,,1787088404,0.0,0.0,0.0,0,0,0,0.0,0.0,1.0,0.0,,,0,0,0,Helius verified first buyer,2026-08-20 05:06:40
HVC9DaM8GHRktyrEDMXKTjrfZqW7srYNonUD9Krskjge,,,1787088404,0.0,0.0,0.0,0,0,0,0.0,0.0,1.0,0.0,,,0,0,0,Helius verified first buyer,2026-08-20 05:06:40
D3mm7A2xodn8eQspT7U45qUkDRByuuZbUBSR11tNRLdb,,,1787088404,0.0,0.0,0.0,0,0,0,0.0,0.0,1.0,0.0,,,0,0,0,Helius verified first buyer,2026-08-20 05:06:40
BqMq2ftcAnmE9YpyVMF1x1nuUhgesRGbMzruWAj9d61J,,,1787088404,0.0,0.0,0.0,0,0,0,0.0,0.0,1.0,0.0,,,0,0,0,Helius verified first buyer,2026-08-20 05:06:41
BESASY6468EFdygDyewfYSYdUfoxtbTxXUsVB5xfa4iB,,,1787088404,0.0,0.0,0.0,0,0,0,0.0,0.0,1.0,0.0,,,0,0,0,Helius verified first buyer,2026-08-20 05:06:41
Ca9iseAtqi6s7otJcTqLupUfLzL2T6gN8jjNkJ7U2obz,,,1787088404,0.0,0.0,0.0,0,0,0,0.0,0.0,1.0,0.0,,,0,0,0,Helius verified first buyer,2026-08-20 05:06:41
9LJNU7izVTpcSddUSSJP1vxtPf6Dn6LaDkbWJe5i4Cus,,,1787088404,0.0,0.0,0.0,0,0,0,0.0,0.0,1.0,0.0,,,0,0,0,Helius verified first buyer,2026-08-20 05:06:41
8bzTRgNYxanH8Dc5BWWbVENLKChiXQVCua5tffjQQm58,,,1787088404,0.0,0.0,0.0,0,0,0,0.0,0.0,1.0,0.0,,,0,0,0,Helius verified first buyer,2026-08-20 05:06:42
2m6QJHBygfyvFLh5tA3eyvUhmq6SE6UfDUUx3rEXnchn,,,1787088404,0.0,0.0,0.0,0,0,0,0.0,0.0,1.0,0.0,,,0,0,0,Helius verified first buyer,2026-08-20 05:06:42
3pV5Grte41PhfddobTjTtjMVeQiLwfhv4jeMasoPK5cF,,,1787088404,0.0,0.0,0.0,0,0,0,0.0,0.0,1.0,0.0,,,0,0,0,Helius verified first buyer,2026-08-20 05:06:43
B9dLrj9tw4zCoKbsM4xMDT2AsQtXdwnxkepxKUAYzsoP,,,1787088404,0.0,0.0,0.0,0,0,0,0.0,0.0,1.0,0.0,,,0,0,0,Helius verified first buyer,2026-08-20 05:06:43
26Wby9XT3CGMZsKVGN3D6qsR1MJhtAB61S54iQUdZxFd,,,1787088404,0.0,0.0,0.0,0,0,0,0.0,0.0,1.0,0.0,,,0,0,0,Helius verified first buyer,2026-08-20 05:06:43
A2L6MMnbQWc4zEnD7UtbPtaTdgmhkYcwhHJuQHuNqWiv,,,1787088404,0.0,0.0,0.0,0,0,0,0.0,0.0,1.0,0.0,,,0,0,0,Helius verified first buyer,2026-08-20 05:06:44
ETz6D1cxC7zFP5LVKCzBFhzrdbkicEGSg6hQJn7VoyEs,,,1787088405,0.0,0.0,0.0,0,0,0,0.0,0.0,1.0,0.0,,,0,0,0,Helius verified first buyer,2026-08-20 05:06:45
4qARDEQMQRvqVVPHAe398vNAJiQHZqpvjQZHgWtxb24A,,,1787088405,0.0,0.0,0.0,0,0,0,0.0,0.0,1.0,0.0,,,0,0,0,Helius verified first buyer,2026-08-20 05:06:45
DdvFSBzYHL2Ymw9ytDEaPoLwf4Ky8PBZtw7kzUfhCJYn,,,1787088405,0.0,0.0,0.0,0,0,0,0.0,0.0,1.0,0.0,,,0,0,0,Helius verified first buyer,2026-08-20 05:06:45
8AYeV6HHoMYkdnviwMrm2Q6yirpsekdWhRsZ92yqzb74,,,1787088406,0.0,0.0,0.0,0,0,0,0.0,0.0,1.0,0.0,,,0,0,0,Helius verified first buyer,2026-08-20 05:06:46
J7e8j2P7BFTS5bP1fJQhrJswZA5bnsou1ZiVBkYvDjWy,,,1787088406,0.0,0.0,0.0,0,0,0,0.0,0.0,1.0,0.0,,,0,0,0,Helius verified first buyer,2026-08-20 05:06:46
FZY3QGEnnCATQU1oQ3AcKVuW7tKLJALE7aCbb1JQjvfP,,,1787088406,0.0,0.0,0.0,0,0,0,0.0,0.0,1.0,0.0,,,0,0,0,Helius verified first buyer,2026-08-20 05:06:47
2vbkiTQ17ka2CL4A1cJHpNk6KwW68T4JqxQndfc1GwtS,,,1787088406,0.0,0.0,0.0,0,0,0,0.0,0.0,1.0,0.0,,,0,0,0,Helius verified first buyer,2026-08-20 05:06:47
EcuN6J42FZqXH5m1uW88CEBdq9oq55jxcib2a1ntoWLg,,,1787088407,0.0,0.0,0.0,0,0,0,0.0,0.0,1.0,0.0,,,0,0,0,Helius verified first buyer,2026-08-20 05:06:48
GuoBsCdiCKdbUgGY7hcaKUA9u5SPxSVrrxPxHXpHbRZD,,,1787088407,0.0,0.0,0.0,0,0,0,0.0,0.0,1.0,0.0,,,0,0,0,Helius verified first buyer,2026-08-20 05:06:48
EQkhwKKZ57rQy8npFLqqH6t4dMsriu6ia8CNpR8qWuuS,,,1787088407,0.0,0.0,0.0,0,0,0,0.0,0.0,1.0,0.0,,,0,0,0,Helius verified first buyer,2026-08-20 05:06:49
12pL2s9HHFpCgHsXCTDREAY3DrWTweA41VqVJU8agzAq,,,1787088408,0.0,0.0,0.0,0,0,0,0.0,0.0,1.0,0.0,,,0,0,0,Helius verified first buyer,2026-08-20 05:06:49
Hi6EUEGbfsdofGEgkk8NzvZuinxt68Ga3cTXXZMUyFLn,,,1787088408,0.0,0.0,0.0,0,0,0,0.0,0.0,1.0,0.0,,,0,0,0,Helius verified first buyer,2026-08-20 05:06:49
8Dyjp4CH6EAcyuyRB9BivKevELmDzJyn9wj7ycGYMH3d,,,1787088408,0.0,0.0,0.0,0,0,0,0.0,0.0,1.0,0.0,,,0,0,0,Helius verified first buyer,2026-08-20 05:06:50
B8rwGkhHxVWeX5LJxfdRAJ1hwMo3BKQTm5cvJvcRV5GM,,,1787088409,0.0,0.0,0.0,0,0,0,0.0,0.0,1.0,0.0,,,0,0,0,Helius verified first buyer,2026-08-20 05:06:50
4dHQpgqVLrKfW3UnDU16eEjzCNQ2BsQauLdSeQViuZx4,,,1787088409,0.0,0.0,0.0,0,0,0,0.0,0.0,1.0,0.0,,,0,0,0,Helius verified first buyer,2026-08-20 05:06:52
9PLK8xuCXtJWU6o9DCPHAFxu7ChWZV7MXjZ7YpXC6Che,,,1787088410,0.0,0.0,0.0,0,0,0,0.0,0.0,1.0,0.0,,,0,0,0,Helius verified first buyer,2026-08-20 05:06:52
ES9xCh3pLpwTKH5Bjzp6Siyy9BCGxodST5JtrA6WpWEC,,,1787088410,0.0,0.0,0.0,0,0,0,0.0,0.0,1.0,0.0,,,0,0,0,Helius verified first buyer,2026-08-20 05:06:52
38BmMXBVZtybFHp44piH2WvP7UUjhKB53repZtL46ddS,,,1787088410,0.0,0.0,0.0,0,0,0,0.0,0.0,1.0,0.0,,,0,0,0,Helius verified first buyer,2026-08-20 05:06:53
3h1SxT755At4tj7nXfKqNaUgHgDkEqefu96gFZ2j7HMk,,,1787088412,0.0,0.0,0.0,0,0,0,0.0,0.0,1.0,0.0,,,0,0,0,Helius verified first buyer,2026-08-20 05:06:53
6w23ZXo89isGTGND4vLLdQ4ik52qB5f7tk9Su5fCMji,,,1787088412,0.0,0.0,0.0,0,0,0,0.0,0.0,1.0,0.0,,,0,0,0,Helius verified first buyer,2026-08-20 05:06:53
H16iDbwNbGZ1zAvXMqqVN8D7hfvqjPEmV9HN8z4foUaH,,,1787088412,0.0,0.0,0.0,0,0,0,0.0,0.0,1.0,0.0,,,0,0,0,Helius verified first buyer,2026-08-20 05:06:54
DT2GVGcbqWWF5WEyvDdcoAePVBSACZ3RQnfyDM8vi9Tj,,,1787088412,0.0,0.0,0.0,0,0,0,0.0,0.0,1.0,0.0,,,0,0,0,Helius verified first buyer,2026-08-20 05:06:54
HCBrVpAhSEhZZoqPZVTmUVXJaPCbNNUWE85s5kcFz8t3,,,1787088412,0.0,0.0,0.0,0,0,0,0.0,0.0,1.0,0.0,,,0,0,0,Helius verified first buyer,2026-08-20 05:06:55
HHUM8Y6ZhbiZVcPj652D2gFe9DQCiHhJ94we1XBnpsGk,,,1787088412,0.0,0.0,0.0,0,0,0,0.0,0.0,1.0,0.0,,,0,0,0,Helius verified first buyer,2026-08-20 05:06:55
2sK8JBsMgPnJc9mYCYd9XWne8fa5qcBC99M4tCiqoh7u,,,1787088414,0.0,0.0,0.0,0,0,0,0.0,0.0,1.0,0.0,,,0,0,0,Helius verified first buyer,2026-08-20 05:06:55
C18NPU6X4FdkeDSPPmWZ1d3dR9PiGJW2cAVWDmrLPdAm,,,1787088414,0.0,0.0,0.0,0,0,0,0.0,0.0,1.0,0.0,,,0,0,0,Helius verified first buyer,2026-08-20 05:06:55
GK9rMfPwY76nAuqkxMJaKbuF9W1XHooQp5JisVyopGeB,,,1787088414,0.0,0.0,0.0,0,0,0,0.0,0.0,1.0,0.0,,,0,0,0,Helius verified first buyer,2026-08-20 05:06:56
DNzFYKqLXgCvBYPYfkEuXGqEdu6GXmJLv877JTC3VjqX,,,1787088414,0.0,0.0,0.0,0,0,0,0.0,0.0,1.0,0.0,,,0,0,0,Helius verified first buyer,2026-08-20 05:06:56
E7wqnjddSgoxuowuAXqc6Lii5i2zyTqBAuAFZe2VtoJn,,,1787088415,0.0,0.0,0.0,0,0,0,0.0,0.0,1.0,0.0,,,0,0,0,Helius verified first buyer,2026-08-20 05:06:56
Gv4rGoyhbZa5MdZ1fHZZUvJ754LUxBMabbKdkEnUfGij,,,1787088416,0.0,0.0,0.0,0,0,0,0.0,0.0,1.0,0.0,,,0,0,0,Helius verified first buyer,2026-08-20 05:06:57
DKFzRRdv5yBvCHf2t4GLVqLp8B4dHBmTK7CXUgzxc2xT,,,1787088416,0.0,0.0,0.0,0,0,0,0.0,0.0,1.0,0.0,,,0,0,0,Helius verified first buyer,2026-08-20 05:06:57
3xHA9nkVVjhWjthh3Qnjdoi6zG1eQMUDoWk4rpx8CgUX,,,1787088416,0.0,0.0,0.0,0,0,0,0.0,0.0,1.0,0.0,,,0,0,0,Helius verified first buyer,2026-08-20 05:06:58
AHCfuqnQ8b9apkKwQ7VfFeNc9JQb5RMdzWjSoq77UgCY,,,1787088416,0.0,0.0,0.0,0,0,0,0.0,0.0,1.0,0.0,,,0,0,0,Helius verified first buyer,2026-08-20 05:06:58
GCWEf4xsvjqfv76U4hn8yykRZ6QRevV2m8sDdq1M8mDv,,,1787088417,0.0,0.0,0.0,0,0,0,0.0,0.0,1.0,0.0,,,0,0,0,Helius verified first buyer,2026-08-20 05:06:58
FYt6zMq1Wk5VZFNZxvLGZW1mGrVfJ2yZf3ygGTAw6sX6,,,1787088418,0.0,0.0,0.0,0,0,0,0.0,0.0,1.0,0.0,,,0,0,0,Helius verified first buyer,2026-08-20 05:06:59
FHUfFLZCkKvM31Si2u8p7M4N9YLUa9MhMVJKd7z7vdDN,,,1787088418,0.0,0.0,0.0,0,0,0,0.0,0.0,1.0,0.0,,,0,0,0,Helius verified first buyer,2026-08-20 05:06:59
HrzW3Pr1fzxwMR8zBHw8Wyd8uxpCbDGfZRnN7hBW3sbi,,,1787088419,0.0,0.0,0.0,0,0,0,0.0,0.0,1.0,0.0,,,0,0,0,Helius verified first buyer,2026-08-20 05:06:59
dGFmKNZmhxHpxS1Q1KEPfziemeYWiZi1DwsQR9qrMUV,,,1787088419,0.0,0.0,0.0,0,0,0,0.0,0.0,1.0,0.0,,,0,0,0,Helius verified first buyer,2026-08-20 05:07:00
CnSY9To58VkEVnVrFN3EeNjZkR4EJSTFuzNb3gptLskb,,,1787088419,0.0,0.0,0.0,0,0,0,0.0,0.0,1.0,0.0,,,0,0,0,Helius verified first buyer,2026-08-20 05:07:00
9pdTaCcJYn3yLRHsnfaBMBTv9dPf4diCF3PneXFpZkn,,,1787088420,0.0,0.0,0.0,0,0,0,0.0,0.0,1.0,0.0,,,0,0,0,Helius verified first buyer,2026-08-20 05:07:02
oyiWETp6qNBU1N8ZjubRrBTDenBSE2xGpwkmav27PYc,,,1787088420,0.0,0.0,0.0,0,0,0,0.0,0.0,1.0,0.0,,,0,0,0,Helius verified first buyer,2026-08-20 05:07:02
5jxYAaLeNWmP5bxouM4H5aPbUhWkxdYXdJmVAhfr8Fjp,,,1787088421,0.0,0.0,0.0,0,0,0,0.0,0.0,1.0,0.0,,,0,0,0,Helius verified first buyer,2026-08-20 05:07:02
92t3ePrDuA52Rq8tJbzGMX5mhEZivjz3xeqKPUo77dH4,,,1787088421,0.0,0.0,0.0,0,0,0,0.0,0.0,1.0,0.0,,,0,0,0,Helius verified first buyer,2026-08-20 05:07:03
AYizkP7q83VHWtzZSE7ejCqZVNFYKa8s7KhbFVgwBfGV,,,1787088421,0.0,0.0,0.0,0,0,0,0.0,0.0,1.0,0.0,,,0,0,0,Helius verified first buyer,2026-08-20 05:07:03
BxMomgqqfBqtYLK3gd7jpPSCK9nRhWfAcLpLN4n2rjsd,,,1787088422,0.0,0.0,0.0,0,0,0,0.0,0.0,1.0,0.0,,,0,0,0,Helius verified first buyer,2026-08-20 05:07:04
2pGz2D7T8AM6YLykyZFo3YvnApYBJpd9EXFrPfGvfpEu,,,1787088422,0.0,0.0,0.0,0,0,0,0.0,0.0,1.0,0.0,,,0,0,0,Helius verified first buyer,2026-08-20 05:07:04
27Erwcz7Zv2eqAarVVwP7rsWMSPuwpNobEr6AxZxE2m1,,,1787088422,0.0,0.0,0.0,0,0,0,0.0,0.0,1.0,0.0,,,0,0,0,Helius verified first buyer,2026-08-20 05:07:04
C82PfSTW3zuLrRuSPK8ypRHBJ5Ug677Z4DkEkL144EnV,,,1787088423,0.0,0.0,0.0,0,0,0,0.0,0.0,1.0,0.0,,,0,0,0,Helius verified first buyer,2026-08-20 05:07:05
Bz81H75K12YAW7n7W3ESuCqvuHsr5hrfCdrmUKLh9VBm,,,1787088423,0.0,0.0,0.0,0,0,0,0.0,0.0,1.0,0.0,,,0,0,0,Helius verified first buyer,2026-08-20 05:07:06
72KAehdopamLpYSv7hat4AmWJxKMFiZvEDbLi99EFSXz,,,1787088423,0.0,0.0,0.0,0,0,0,0.0,0.0,1.0,0.0,,,0,0,0,Helius verified first buyer,2026-08-20 05:07:06
FLb7zkLpF6H7sLCJvizEX8PqkRruyLQsJ9RBBVm2T4WB,,,1787088426,0.0,0.0,0.0,0,0,0,0.0,0.0,1.0,0.0,,,0,0,0,Helius verified first buyer,2026-08-20 05:07:07
T8PsTWK91VncW2W622SxXebsQu1j3y5jA4umBHQeYu6,,,1787088426,0.0,0.0,0.0,0,0,0,0.0,0.0,1.0,0.0,,,0,0,0,Helius verified first buyer,2026-08-20 05:07:07
CdHmXC4UTYP1rQ6L4kLHL5NibipF9z9nJ8ydxbqZuFUV,,,1787088427,0.0,0.0,0.0,0,0,0,0.0,0.0,1.0,0.0,,,0,0,0,Helius verified first buyer,2026-08-20 05:07:07
2dM9XmnTWUTaBvVvyitLmLVE3BX6eA357VhKhUxyaEAp,,,1787088427,0.0,0.0,0.0,0,0,0,0.0,0.0,1.0,0.0,,,0,0,0,Helius verified first buyer,2026-08-20 05:07:08
D7g1T9bDfyVVCB8ZPAQFef8VPgdVreZkUU6pShL65KUb,,,1787088428,0.0,0.0,0.0,0,0,0,0.0,0.0,1.0,0.0,,,0,0,0,Helius verified first buyer,2026-08-20 05:07:08
wksPiEaQPgERPFYUtNCnwV3qxQM1h4v8W4hpan92bJb,,,1787088429,0.0,0.0,0.0,0,0,0,0.0,0.0,1.0,0.0,,,0,0,0,Helius verified first buyer,2026-08-20 05:07:08
BhuHKtFYWE3Rf7PD2wzhBSMDqSBAphrarfY32Nh5F62S,,,1787088429,0.0,0.0,0.0,0,0,0,0.0,0.0,1.0,0.0,,,0,0,0,Helius verified first buyer,2026-08-20 05:07:09
9RCFduZHwM1bnc5xj3bixaR9rPxXs6LkWbvKz7aTU6Kz,,,1787088430,0.0,0.0,0.0,0,0,0,0.0,0.0,1.0,0.0,,,0,0,0,Helius verified first buyer,2026-08-20 05:07:09
BAvk3CyvwQF9b5JtqhgTSfGWuQHSCTFoN8Gsp8R56Jv7,,,1787088431,0.0,0.0,0.0,0,0,0,0.0,0.0,1.0,0.0,,,0,0,0,Helius verified first buyer,2026-08-20 05:07:09
AFkS8Qo22gr7vJkrcpoZPMMrQYCf83s8KZ1L3fMQtXya,,,1787088431,0.0,0.0,0.0,0,0,0,0.0,0.0,1.0,0.0,,,0,0,0,Helius verified first buyer,2026-08-20 05:07:09
FiTcMYy4xTPny9EqEXyT9pBvURcCwKsaNohCxgUdvdRB,,,1787088431,0.0,0.0,0.0,0,0,0,0.0,0.0,1.0,0.0,,,0,0,0,Helius verified first buyer,2026-08-20 05:07:10
8gYwv1jwjMXYohxMCi1ojtfEF7rfqki8EsceLhVPwg1L,,,1787088431,0.0,0.0,0.0,0,0,0,0.0,0.0,1.0,0.0,,,0,0,0,Helius verified first buyer,2026-08-20 05:07:10
5L8bF7R53q7Aek1y5PdaMyjLSSGCUWEYtH13tiE84fuf,,,1787088431,0.0,0.0,0.0,0,0,0,0.0,0.0,1.0,0.0,,,0,0,0,Helius verified first buyer,2026-08-20 05:07:10
13hr4vNikvFWfmAyihX65Ltsr3GJa5hiPVMcBbwo9UGe,,,1787088431,0.0,0.0,0.0,0,0,0,0.0,0.0,1.0,0.0,,,0,0,0,Helius verified first buyer,2026-08-20 05:07:11
5iZc6BiYXeSVTX5YTJHUrLw5DNWveC1b8r2KwjpHusU9,,,1787088432,0.0,0.0,0.0,0,0,0,0.0,0.0,1.0,0.0,,,0,0,0,Helius verified first buyer,2026-08-20 05:07:11
BL1HQuUHF2DNMgrG2uSy2n8WwZkomk788UWPfnPJXtjM,,,1787088432,0.0,0.0,0.0,0,0,0,0.0,0.0,1.0,0.0,,,0,0,0,Helius verified first buyer,2026-08-20 05:07:11
HP2MNAbS3JiCjLxgwuZWWHzdoEF7CXKy5stEVhguFdsv,,,1787088433,0.0,0.0,0.0,0,0,0,0.0,0.0,1.0,0.0,,,0,0,0,Helius verified first buyer,2026-08-20 05:07:11
4ecaGwkuy3DPr1iWqfvT7VJs8NhUfb5UGKGHRB2mAmJX,,,1787088433,0.0,0.0,0.0,0,0,0,0.0,0.0,1.0,0.0,,,0,0,0,Helius verified first buyer,2026-08-20 05:07:12
5J8Jm6eUqaMhhe8FV3rEKaxjAjayw1DGpXropwfB4yLo,,,1787088433,0.0,0.0,0.0,0,0,0,0.0,0.0,1.0,0.0,,,0,0,0,Helius verified first buyer,2026-08-20 05:07:12
AhZpiybxJUn8t11DahLypbkJhgZNk9s1qzLGdVMiZwvh,,,1787088434,0.0,0.0,0.0,0,0,0,0.0,0.0,1.0,0.0,,,0,0,0,Helius verified first buyer,2026-08-20 05:07:13
EPPN37YmxDwjss5qWRnTYNkMnj6di6YbKU8zKNU8VGsm,,,1787088434,0.0,0.0,0.0,0,0,0,0.0,0.0,1.0,0.0,,,0,0,0,Helius verified first buyer,2026-08-20 05:07:13
9aCBH4XaRWmjH99X2wGL9DBFXHPkmgZhy3CxNaFnPgTr,,,1787088434,0.0,0.0,0.0,0,0,0,0.0,0.0,1.0,0.0,,,0,0,0,Helius verified first buyer,2026-08-20 05:07:13
5z5uNjyqBv3dDC4HoVGS9j44ZXeUUaYFEVGVypdZTvm1,,,1787088434,0.0,0.0,0.0,0,0,0,0.0,0.0,1.0,0.0,,,0,0,0,Helius verified first buyer,2026-08-20 05:07:13
5t58h7d1ZhBWm7Q2WKbQdWuhVomHXybJ2BpPRLmAMY2V,,,1787088434,0.0,0.0,0.0,0,0,0,0.0,0.0,1.0,0.0,,,0,0,0,Helius verified first buyer,2026-08-20 05:07:14
GSh3PUPVfHnChPcpy1c3zNRYkPsyzcbBtxqkeKM6uBz2,,,1787088435,0.0,0.0,0.0,0,0,0,0.0,0.0,1.0,0.0,,,0,0,0,Helius verified first buyer,2026-08-20 05:07:14
4qUxk5LnwfCDAu3hTKLdSFCEVNSSPj6vK5SCoBq3wsM4,,,1787088435,0.0,0.0,0.0,0,0,0,0.0,0.0,1.0,0.0,,,0,0,0,Helius verified first buyer,2026-08-20 05:07:14
6ZJgDT3vJ2NhXsB7JVcmF99bChsnzzijRxGJwnaY16Ly,,,1787088436,0.0,0.0,0.0,0,0,0,0.0,0.0,1.0,0.0,,,0,0,0,Helius verified first buyer,2026-08-20 05:07:15
E349Cs2QVqXbPNSDMwednfK1cARUgdanzXvKA4JAvfCQ,,,1787088436,0.0,0.0,0.0,0,0,0,0.0,0.0,1.0,0.0,,,0,0,0,Helius verified first buyer,2026-08-20 05:07:15
GQMZWbvKrjJKWe38qsPd92PaJfxHkbS5Dwze8qT2A865,,,1787088437,0.0,0.0,0.0,0,0,0,0.0,0.0,1.0,0.0,,,0,0,0,Helius verified first buyer,2026-08-20 05:07:15
84tzTGwYG3Ai9pApGnWtnT8e3Yb5g1tS7jsZbkEanZwK,,,1787088437,0.0,0.0,0.0,0,0,0,0.0,0.0,1.0,0.0,,,0,0,0,Helius verified first buyer,2026-08-20 05:07:15
G6cog7h7bcZBgHEA93CsUz5AGcnerMKuhiQwWQCB3Tyf,,,1787088438,0.0,0.0,0.0,0,0,0,0.0,0.0,1.0,0.0,,,0,0,0,Helius verified first buyer,2026-08-20 05:07:16
HPuayUWDtAD3dWD3uKxLfAdrSyiLkvF1b2KsQVvj85tk,,,1787088438,0.0,0.0,0.0,0,0,0,0.0,0.0,1.0,0.0,,,0,0,0,Helius verified first buyer,2026-08-20 05:07:16
4L54z11F4LGC1WxaG7AF4Ba3EXkNbehuzej14RAh4gpZ,,,1787088438,0.0,0.0,0.0,0,0,0,0.0,0.0,1.0,0.0,,,0,0,0,Helius verified first buyer,2026-08-20 05:07:17
4fzVisvQaYnxmf1gibGeirSPQTc4VafLrRDb7iTtPScZ,,,1787088439,0.0,0.0,0.0,0,0,0,0.0,0.0,1.0,0.0,,,0,0,0,Helius verified first buyer,2026-08-20 05:07:17
88m4cf2t4ukgRVYVx4uqGdugxrtUYTBeLBJqQgqECBaN,,,1787088439,0.0,0.0,0.0,0,0,0,0.0,0.0,1.0,0.0,,,0,0,0,Helius verified first buyer,2026-08-20 05:07:17
9dRDEtwjT8AeNMTMFXeTWuEr1Y6eApQLdEBdq37rX1Qx,,,1787088440,0.0,0.0,0.0,0,0,0,0.0,0.0,1.0,0.0,,,0,0,0,Helius verified first buyer,2026-08-20 05:07:18
B7CTXeWm8KwrWYPGEMbuCN4xJUot5KShi2N5xybHdBdC,,,1787088440,0.0,0.0,0.0,0,0,0,0.0,0.0,1.0,0.0,,,0,0,0,Helius verified first buyer,2026-08-20 05:07:18
H1uHfw2i5t6oBgms7jpr6VdHNWMfHv7hTWC7KQ2jZfpp,,,1787088440,0.0,0.0,0.0,0,0,0,0.0,0.0,1.0,0.0,,,0,0,0,Helius verified first buyer,2026-08-20 05:07:19
2jCdw369AzHHFCteemFKZENxReSkEwQq8f8Z8kcyqPpn,,,1787088442,0.0,0.0,0.0,0,0,0,0.0,0.0,1.0,0.0,,,0,0,0,Helius verified first buyer,2026-08-20 05:07:19
3D9P2mPFpvXmvv8ntrZr7SK2CamNkuMGU99v1JE6S5NL,,,1787088443,0.0,0.0,0.0,0,0,0,0.0,0.0,1.0,0.0,,,0,0,0,Helius verified first buyer,2026-08-20 05:07:21
2YnT1TXn3FZuJ7KhQCJ3euazPkoMJEbntuYZw9mhDoxH,,,1787088443,0.0,0.0,0.0,0,0,0,0.0,0.0,1.0,0.0,,,0,0,0,Helius verified first buyer,2026-08-20 05:07:21
2dEVb4fRXoepZpqSR3J66548C54A2YhnLrTh2K4oXJJa,,,1787088443,0.0,0.0,0.0,0,0,0,0.0,0.0,1.0,0.0,,,0,0,0,Helius verified first buyer,2026-08-20 05:07:21
G5MHFGb2MzfCV6mh4QRkisRJB87ru6nDME78CHJKZfxL,,,1787088444,0.0,0.0,0.0,0,0,0,0.0,0.0,1.0,0.0,,,0,0,0,Helius verified first buyer,2026-08-20 05:07:21
Av97vdrq44LG2ccsnJhikv872A5hAb536HmMoTZ7gEHp,,,1787088444,0.0,0.0,0.0,0,0,0,0.0,0.0,1.0,0.0,,,0,0,0,Helius verified first buyer,2026-08-20 05:07:22
37jyLBcAGEjPoMSDbi6U5rMLMhZdrnk9YH4jhoACDXrX,,,1787088445,0.0,0.0,0.0,0,0,0,0.0,0.0,1.0,0.0,,,0,0,0,Helius verified first buyer,2026-08-20 05:07:22
75tNo4mrENdNqtJwG3ZJScVmtGYC17vJXTxcyc1fMXUZ,,,1787088445,0.0,0.0,0.0,0,0,0,0.0,0.0,1.0,0.0,,,0,0,0,Helius verified first buyer,2026-08-20 05:07:22
Fs6NLcnNP6JZyqSNGgBcgYQF89hytWKqrzrgBfMuvShR,,,1787088446,0.0,0.0,0.0,0,0,0,0.0,0.0,1.0,0.0,,,0,0,0,Helius verified first buyer,2026-08-20 05:07:23
DxcZiryGdmrqpxXMhrBJNc4EYh1gJpueDafgEmuFaQJT,,,1787088447,0.0,0.0,0.0,0,0,0,0.0,0.0,1.0,0.0,,,0,0,0,Helius verified first buyer,2026-08-20 05:07:23
27TiHYJZX1j1JJpyEWWC4yQsTfqCf6jvuxyiCEaD7dTf,,,1787088447,0.0,0.0,0.0,0,0,0,0.0,0.0,1.0,0.0,,,0,0,0,Helius verified first buyer,2026-08-20 05:07:23
8WFRGRnrgApayzit9sw588RHQtL2X3LbvSp9sACus7Ww,,,1787088447,0.0,0.0,0.0,0,0,0,0.0,0.0,1.0,0.0,,,0,0,0,Helius verified first buyer,2026-08-20 05:07:24
Fc9aaa5MRwbUYKTt8PaeL2vHukUCbSK96R64RjdQTXWB,,,1787088447,0.0,0.0,0.0,0,0,0,0.0,0.0,1.0,0.0,,,0,0,0,Helius verified first buyer,2026-08-20 05:07:24
HNGAdL6TtdCXcfzXT8xjtaEaWbT2a4EYtY1Nx1Uy6JrT,,,1787088448,0.0,0.0,0.0,0,0,0,0.0,0.0,1.0,0.0,,,0,0,0,Helius verified first buyer,2026-08-20 05:07:25
5j5rX4qVwWd6hxDSCqXQ4SxKX1EXrchPny7KHSKA3g11,,,1787088448,0.0,0.0,0.0,0,0,0,0.0,0.0,1.0,0.0,,,0,0,0,Helius verified first buyer,2026-08-20 05:07:25
EVGCCfgL4huSg3hpzJWCiDAV5YGyWMo2AvUafPyXYpK2,,,1787088449,0.0,0.0,0.0,0,0,0,0.0,0.0,1.0,0.0,,,0,0,0,Helius verified first buyer,2026-08-20 05:07:25
LCmbYLT6jEJYL7a4GdQ8y1x2SEy74EhyvrMKMsL3BdC,,,1787088449,0.0,0.0,0.0,0,0,0,0.0,0.0,1.0,0.0,,,0,0,0,Helius verified first buyer,2026-08-20 05:07:26
2SXoVUbxqpPiz3vBb4ZjWE6S24vEMdZ46z3HA64sCaaz,,,1787088450,0.0,0.0,0.0,0,0,0,0.0,0.0,1.0,0.0,,,0,0,0,Helius verified first buyer,2026-08-20 05:07:26
ByPuwSm7dkaYRaYz4YEADujkspGyZr6i9R4jUnc8dpih,,,1787088450,0.0,0.0,0.0,0,0,0,0.0,0.0,1.0,0.0,,,0,0,0,Helius verified first buyer,2026-08-20 05:07:26
8zNMw4MdttRG7PC5fayKxrV4VMLYGyUGiZdVUapQvMfw,,,1787088451,0.0,0.0,0.0,0,0,0,0.0,0.0,1.0,0.0,,,0,0,0,Helius verified first buyer,2026-08-20 05:07:27
9Za1JSrQuHLgojhduxuVEjgJQbUbCG3j3z7dt5RQmrVE,,,1787088451,0.0,0.0,0.0,0,0,0,0.0,0.0,1.0,0.0,,,0,0,0,Helius verified first buyer,2026-08-20 05:07:27
EqK6F6SCLFqwLRBLcSZqnKabn5KXFXkfSuw2MrN4cJWP,,,1787088451,0.0,0.0,0.0,0,0,0,0.0,0.0,1.0,0.0,,,0,0,0,Helius verified first buyer,2026-08-20 05:07:27
9Amqok45zrrhCQdnqST4cjGv5qaQmbNe3gsykDLYYNMh,,,1787088452,0.0,0.0,0.0,0,0,0,0.0,0.0,1.0,0.0,,,0,0,0,Helius verified first buyer,2026-08-20 05:07:28
DXkt78W7LGQCkr3c5kVdWQDkPB75UQKQVtGAf9x6BPJJ,,,1787088452,0.0,0.0,0.0,0,0,0,0.0,0.0,1.0,0.0,,,0,0,0,Helius verified first buyer,2026-08-20 05:07:28
CRLTFNaMn9Ec7Z5eTpwmktrKkVnmh7kHa8GzwXR6eDV3,,,1787088452,0.0,0.0,0.0,0,0,0,0.0,0.0,1.0,0.0,,,0,0,0,Helius verified first buyer,2026-08-20 05:07:28
GWvJEGkxA73NwWGgsKr8i7hB1mJiAfipH3RZJQctNjdU,,,1787088453,0.0,0.0,0.0,0,0,0,0.0,0.0,1.0,0.0,,,0,0,0,Helius verified first buyer,2026-08-20 05:07:28
9D6VYRYim3Zv2apW4FgV5vzVBQpMDizaFVYiqs9nRaPi,,,1787088453,0.0,0.0,0.0,0,0,0,0.0,0.0,1.0,0.0,,,0,0,0,Helius verified first buyer,2026-08-20 05:07:29
CjDcGS22hE2jXrwYAjXkmZTSsvu1oBYNr1YipynCpfRY,,,1787088453,0.0,0.0,0.0,0,0,0,0.0,0.0,1.0,0.0,,,0,0,0,Helius verified first buyer,2026-08-20 05:07:29
5oCAhvTsJebk5u96vQSXxELeV1JVHyKLrsNud5ggnkaq,,,1787088454,0.0,0.0,0.0,0,0,0,0.0,0.0,1.0,0.0,,,0,0,0,Helius verified first buyer,2026-08-20 05:07:29
2SLd92BT9ddRRA1Y5KyVceqJd7z5WEx952ynkfBsysTL,,,1787088454,0.0,0.0,0.0,0,0,0,0.0,0.0,1.0,0.0,,,0,0,0,Helius verified first buyer,2026-08-20 05:07:30
9wwNBBrQ4UwyNS6RqzFD5N7PYEMU7tsTFS5tNEdqey1P,,,1787088454,0.0,0.0,0.0,0,0,0,0.0,0.0,1.0,0.0,,,0,0,0,Helius verified first buyer,2026-08-20 05:07:30
D1aDZDVXJ1sakUevj1ckN96VK69WUWvhXPbpJwVN9F25,,,1787088455,0.0,0.0,0.0,0,0,0,0.0,0.0,1.0,0.0,,,0,0,0,Helius verified first buyer,2026-08-20 05:07:30
DHPv75RyPDLJAJ5CSiMy6bxRRtHqyjaySXvVXhoDp9Tv,,,1787088455,0.0,0.0,0.0,0,0,0,0.0,0.0,1.0,0.0,,,0,0,0,Helius verified first buyer,2026-08-20 05:07:30
DQjNrKrwyXLJk2EhaPWPCPLQedsTQUyMFziHZydjqYxA,,,1787088455,0.0,0.0,0.0,0,0,0,0.0,0.0,1.0,0.0,,,0,0,0,Helius verified first buyer,2026-08-20 05:07:31
4dLmLwzyKpBL6wmP2kdDxNABszc3w6EpYoF1GEsAWWBn,,,1787088455,0.0,0.0,0.0,0,0,0,0.0,0.0,1.0,0.0,,,0,0,0,Helius verified first buyer,2026-08-20 05:07:31
FFhvrqELx2pTZ2oDvaBr1uTm5ssVEkLijqru7US8WEFD,,,1787088455,0.0,0.0,0.0,0,0,0,0.0,0.0,1.0,0.0,,,0,0,0,Helius verified first buyer,2026-08-20 05:07:31
Gof8KdR82ENqL9RgzM4wiaZzZmBqVGCUe3PnKvyuM46A,,,1787088456,0.0,0.0,0.0,0,0,0,0.0,0.0,1.0,0.0,,,0,0,0,Helius verified first buyer,2026-08-20 05:07:32
GXvYUZuhnazsxRUJTkTrLSacZAaMkJHB4iVmtRmvLv5y,,,1787088456,0.0,0.0,0.0,0,0,0,0.0,0.0,1.0,0.0,,,0,0,0,Helius verified first buyer,2026-08-20 05:07:32
G1eeAenqiW2PMEFGfZLpUhsUSjp9hzBm8oq8RAADKkmc,,,1787088457,0.0,0.0,0.0,0,0,0,0.0,0.0,1.0,0.0,,,0,0,0,Helius verified first buyer,2026-08-20 05:07:32
34DvG6zvFcn1umqVvQNU9BUWRdUaejnciKm9zPjRozS5,,,1787088457,0.0,0.0,0.0,0,0,0,0.0,0.0,1.0,0.0,,,0,0,0,Helius verified first buyer,2026-08-20 05:07:33
E9LVNfKNDU6U1TfC67176xHJoTsR5vYEnLfjxaksvWiH,,,1787088458,0.0,0.0,0.0,0,0,0,0.0,0.0,1.0,0.0,,,0,0,0,Helius verified first buyer,2026-08-20 05:07:33
7e4ZZUooWmK3TSaWBxeijiKHeoQR83UB76c3bAah1Cey,,,1787088458,0.0,0.0,0.0,0,0,0,0.0,0.0,1.0,0.0,,,0,0,0,Helius verified first buyer,2026-08-20 05:07:34
EQomrkbmk32Q6LwSjcy39rsVsNhcmC4cS287eUvNXKPY,,,1787088459,0.0,0.0,0.0,0,0,0,0.0,0.0,1.0,0.0,,,0,0,0,Helius verified first buyer,2026-08-20 05:07:34
6PCFpKhgHbRedLngR6L6cGJxgvRq16Dn75z65y95FSNu,,,1787088459,0.0,0.0,0.0,0,0,0,0.0,0.0,1.0,0.0,,,0,0,0,Helius verified first buyer,2026-08-20 05:07:34
JCVMNriqnEmB1ak4LbxxT6vwL4Hd4uLLa1qRXazaPPov,,,1787088460,0.0,0.0,0.0,0,0,0,0.0,0.0,1.0,0.0,,,0,0,0,Helius verified first buyer,2026-08-20 05:07:35
9RdFK52dQAZo4mCdKTeC6hX5PZ7puynBBNpndHQ4C1DJ,,,1787088461,0.0,0.0,0.0,0,0,0,0.0,0.0,1.0,0.0,,,0,0,0,Helius verified first buyer,2026-08-20 05:07:36
AJT2Hk7w2GzAfi3cu1kDBRPn13EaW7D5a5NXEWkbte8,,,1787088461,0.0,0.0,0.0,0,0,0,0.0,0.0,1.0,0.0,,,0,0,0,Helius verified first buyer,2026-08-20 05:07:36
9m87fCavVUk3kDiinZLZkAzUUAHBSWifrjErjefw2Tqs,,,1787088461,0.0,0.0,0.0,0,0,0,0.0,0.0,1.0,0.0,,,0,0,0,Helius verified first buyer,2026-08-20 05:07:37
Dn2yZy5Q753rooW93yvwW3yqtoxUDkv3Dbq5FZ9VobFi,,,1787088462,0.0,0.0,0.0,0,0,0,0.0,0.0,1.0,0.0,,,0,0,0,Helius verified first buyer,2026-08-20 05:07:38
C2MXUQ6UEUmvunLokiXJ23nDT1y6ALGsrqZ3DCoJZ112,,,1787088463,0.0,0.0,0.0,0,0,0,0.0,0.0,1.0,0.0,,,0,0,0,Helius verified first buyer,2026-08-20 05:07:38
Bkq3vfB2mUS2eKktU1yXb6WkFicMJV78hxAWbAicRToQ,,,1787088463,0.0,0.0,0.0,0,0,0,0.0,0.0,1.0,0.0,,,0,0,0,Helius verified first buyer,2026-08-20 05:07:38
HMb17qinf3phYDHiiQXoUfWSk7FRCPhkYomuw34fwRL3,,,1787088463,0.0,0.0,0.0,0,0,0,0.0,0.0,1.0,0.0,,,0,0,0,Helius verified first buyer,2026-08-20 05:07:38
UCRKtVHZuaxgkaQbMBXzEmL8dRHUWxo1qy2pmCRQqaR,,,1787088464,0.0,0.0,0.0,0,0,0,0.0,0.0,1.0,0.0,,,0,0,0,Helius verified first buyer,2026-08-20 05:07:39
BtrpaQJxDuqhPy38ag7L4zGb3axhyqwKXrAPNWz1rY4y,,,1787088464,0.0,0.0,0.0,0,0,0,0.0,0.0,1.0,0.0,,,0,0,0,Helius verified first buyer,2026-08-20 05:07:40
3vzqDj32XVB4MWDD4YnJmZrDUVx5gwD4u1ADAQkkEEGZ,,,1787088464,0.0,0.0,0.0,0,0,0,0.0,0.0,1.0,0.0,,,0,0,0,Helius verified first buyer,2026-08-20 05:07:40
4on8Q7ZcetLnYYameksUyMd5KFpPKSfaA9bZKAz8eYiE,,,1787088464,0.0,0.0,0.0,0,0,0,0.0,0.0,1.0,0.0,,,0,0,0,Helius verified first buyer,2026-08-20 05:07:40
FBiuigk2Re87PtLsRz9qEpBg9aWsS6TKAQKt8XEUk1Se,,,1787088465,0.0,0.0,0.0,0,0,0,0.0,0.0,1.0,0.0,,,0,0,0,Helius verified first buyer,2026-08-20 05:07:40
GZ3j6KkRdbDm48NzftjHCsc2kknyaNAYj5jyQhWgDaSE,,,1787088466,0.0,0.0,0.0,0,0,0,0.0,0.0,1.0,0.0,,,0,0,0,Helius verified first buyer,2026-08-20 05:07:41
39C4ZM9E9NN3UVDp6iVNbXMUWk5PWsaC6K6DybCsLan6,,,1787088466,0.0,0.0,0.0,0,0,0,0.0,0.0,1.0,0.0,,,0,0,0,Helius verified first buyer,2026-08-20 05:07:41
FiVNi3L8SYnZS6hEzkcHHGymg9bQkvrzehP6PQK9vSsb,,,1787088467,0.0,0.0,0.0,0,0,0,0.0,0.0,1.0,0.0,,,0,0,0,Helius verified first buyer,2026-08-20 05:07:42
H1Uqg746R82QSjyyaztbAdDLZdB9LJYsaC9yujzzXSvS,,,1787088467,0.0,0.0,0.0,0,0,0,0.0,0.0,1.0,0.0,,,0,0,0,Helius verified first buyer,2026-08-20 05:07:42
2VNfiV2a54LfRyquP1nRVztRGAkczKybFMgog3KpFoH1,,,1787088468,0.0,0.0,0.0,0,0,0,0.0,0.0,1.0,0.0,,,0,0,0,Helius verified first buyer,2026-08-20 05:07:42
BhL255WWo1Zp5kpbGoKJVNQGZf9tJirc5cR8WR2WDrUt,,,1787088468,0.0,0.0,0.0,0,0,0,0.0,0.0,1.0,0.0,,,0,0,0,Helius verified first buyer,2026-08-20 05:07:42
8pzcYsd9xb5he5rVHd6yC9cYhacUinKsM9xm9HyVi35t,,,1787088469,0.0,0.0,0.0,0,0,0,0.0,0.0,1.0,0.0,,,0,0,0,Helius verified first buyer,2026-08-20 05:07:43
HBVG8cbMbW4KFzsFgDNbrfZPMwaDwteudBjo23WjSFZ3,,,1787088469,0.0,0.0,0.0,0,0,0,0.0,0.0,1.0,0.0,,,0,0,0,Helius verified first buyer,2026-08-20 05:07:43
GBQVMRPFG5sVyGKT3ManP5XY7omFQ6fDSMh8UJj59GuC,,,1787088470,0.0,0.0,0.0,0,0,0,0.0,0.0,1.0,0.0,,,0,0,0,Helius verified first buyer,2026-08-20 05:07:43
1Qy83cyhw7qgQWb4Bpob2ZNuZBxLv3VgWASAJjJhVHD,,,1787088470,0.0,0.0,0.0,0,0,0,0.0,0.0,1.0,0.0,,,0,0,0,Helius verified first buyer,2026-08-20 05:07:43
A9cpfJoEP4egxbrKiNxr2b6EZM1rnWp44R3FtewuAdA7,,,1787088470,0.0,0.0,0.0,0,0,0,0.0,0.0,1.0,0.0,,,0,0,0,Helius verified first buyer,2026-08-20 05:07:43
HJpJn9Gp2qAAMts6Y8MQArhMhmxGnThoudLbsr2KfMLo,,,1787088471,0.0,0.0,0.0,0,0,0,0.0,0.0,1.0,0.0,,,0,0,0,Helius verified first buyer,2026-08-20 05:07:44
E4zr2zJYMqD41sdiXZjGjDVaQH1FCuA97Zty629YK4kk,,,1787088471,0.0,0.0,0.0,0,0,0,0.0,0.0,1.0,0.0,,,0,0,0,Helius verified first buyer,2026-08-20 05:07:44
CE38hNsEhEDPLK7En8DF3Yzdgbpj68aQCffB1V6pgVW9,,,1787088472,0.0,0.0,0.0,0,0,0,0.0,0.0,1.0,0.0,,,0,0,0,Helius verified first buyer,2026-08-20 05:07:45
CvtvBDniLyVsPvK6swzVgniNgrmQotK7fY99okxSYvyA,,,1787088473,0.0,0.0,0.0,0,0,0,0.0,0.0,1.0,0.0,,,0,0,0,Helius verified first buyer,2026-08-20 05:07:45
BFU2FyqqUP6CFVtWcaSWsF1ok6wmFLMvHLC4E5guws62,,,1787088474,0.0,0.0,0.0,0,0,0,0.0,0.0,1.0,0.0,,,0,0,0,Helius verified first buyer,2026-08-20 05:07:46
3jNyngMwub2FsZTSUZqUdpod17S5Dc8m3CF6xSLM5YBq,,,1787088474,0.0,0.0,0.0,0,0,0,0.0,0.0,1.0,0.0,,,0,0,0,Helius verified first buyer,2026-08-20 05:07:46
BUEcHW7EAmw4RZCoRy7xJX7Rp6HVsdHKjhRgjcDV1UwL,,,1787088474,0.0,0.0,0.0,0,0,0,0.0,0.0,1.0,0.0,,,0,0,0,Helius verified first buyer,2026-08-20 05:07:46
6p3PM76fvm8SCzCz877NguVJprDwph9KLu7SPsV3qrpu,,,1787088475,0.0,0.0,0.0,0,0,0,0.0,0.0,1.0,0.0,,,0,0,0,Helius verified first buyer,2026-08-20 05:07:47
GFiUuNDfCYDfh1LkMZHNbZ3iCfSt5fcfW3SR8wU6o1L5,,,1787088475,0.0,0.0,0.0,0,0,0,0.0,0.0,1.0,0.0,,,0,0,0,Helius verified first buyer,2026-08-20 05:07:48
Bc9LqVyvSChQEiJb3UpLV9wu9SYA2qXXrxdu65GcCCFC,,,1787088476,0.0,0.0,0.0,0,0,0,0.0,0.0,1.0,0.0,,,0,0,0,Helius verified first buyer,2026-08-20 05:07:48
FMwGaCsrHvB3v9HyLTcUjKiK2yZCKjguR1wHAydid9dL,,,1787088476,0.0,0.0,0.0,0,0,0,0.0,0.0,1.0,0.0,,,0,0,0,Helius verified first buyer,2026-08-20 05:07:49
CcpgzSBQoby2WYrrgZQmpRa7W6saKqj5w77WohemoS6P,,,1787088477,0.0,0.0,0.0,0,0,0,0.0,0.0,1.0,0.0,,,0,0,0,Helius verified first buyer,2026-08-20 05:07:49
21aqi4ELZQRhUjNQSxC42fGq4TYBFJKPdM7yjxQ6ey1C,,,1787088478,0.0,0.0,0.0,0,0,0,0.0,0.0,1.0,0.0,,,0,0,0,Helius verified first buyer,2026-08-20 05:07:50
9zZgFWDqPcwn5rBZL5e4Z4366cbYd8L5fM9Lz3nFufnL,,,1787088479,0.0,0.0,0.0,0,0,0,0.0,0.0,1.0,0.0,,,0,0,0,Helius verified first buyer,2026-08-20 05:07:51
B3kWsS8HksM67h8cKNwpMSnYbELLw3hqU99313dSvXEV,,,1787088479,0.0,0.0,0.0,0,0,0,0.0,0.0,1.0,0.0,,,0,0,0,Helius verified first buyer,2026-08-20 05:07:51
39KCgpEux3iShdn86S1tnuFMhuSLcNnzBZQgbtjPW1Bb,,,1787088480,0.0,0.0,0.0,0,0,0,0.0,0.0,1.0,0.0,,,0,0,0,Helius verified first buyer,2026-08-20 05:07:52
BDQRorLqfbDUvsZhbsKj1yJx97mnpDqPmGQozytCmsSc,,,1787088480,0.0,0.0,0.0,0,0,0,0.0,0.0,1.0,0.0,,,0,0,0,Helius verified first buyer,2026-08-20 05:07:52
GG2UCjpamdgT43UiWRTYLtvZbFsWz8AAgFYh8REHsPoF,,,1787088481,0.0,0.0,0.0,0,0,0,0.0,0.0,1.0,0.0,,,0,0,0,Helius verified first buyer,2026-08-20 05:07:52
Gy2Wm4qqoypHbxDtYuEUEgBJJRfMyxBQ29f7LAQ3RN3h,,,1787088482,0.0,0.0,0.0,0,0,0,0.0,0.0,1.0,0.0,,,0,0,0,Helius verified first buyer,2026-08-20 05:07:53
4MbKkKEHsb5N3aiCCmSH9qx5ragrUoWnRPUd4Xad2yer,,,1787088482,0.0,0.0,0.0,0,0,0,0.0,0.0,1.0,0.0,,,0,0,0,Helius verified first buyer,2026-08-20 05:07:53
ZJ5cZdFg6BLtTZNcVSjK88o66TaEsQ2iDEUuKRDwvRy,,,1787088482,0.0,0.0,0.0,0,0,0,0.0,0.0,1.0,0.0,,,0,0,0,Helius verified first buyer,2026-08-20 05:07:53
3HrBA8ASqsxibAmwur9vJSoLppenMWJMx5HHUW9X19w5,,,1787088482,0.0,0.0,0.0,0,0,0,0.0,0.0,1.0,0.0,,,0,0,0,Helius verified first buyer,2026-08-20 05:07:54
33qisRe8wfvcDVwP5Xg8RafEPj5dT3p5BLN8fQ2xw936,,,1787088484,0.0,0.0,0.0,0,0,0,0.0,0.0,1.0,0.0,,,0,0,0,Helius verified first buyer,2026-08-20 05:07:54
Br9QvAVFru1EL8RzyRXxLjQcEvczg7BnvZfbAPPdfvPQ,,,1787088485,0.0,0.0,0.0,0,0,0,0.0,0.0,1.0,0.0,,,0,0,0,Helius verified first buyer,2026-08-20 05:07:55
zHtKREQNV8BBWYVt6exz24zRBXzfQMakmKZvJ5objNi,,,1787088485,0.0,0.0,0.0,0,0,0,0.0,0.0,1.0,0.0,,,0,0,0,Helius verified first buyer,2026-08-20 05:07:55
8rsuEqYt5TkA9tFTWGy2GzDxQBX6NtAeuF4EmCu2y4Yk,,,1787088486,0.0,0.0,0.0,0,0,0,0.0,0.0,1.0,0.0,,,0,0,0,Helius verified first buyer,2026-08-20 05:07:55
3bTaVzAjjq5f43HrLdDcHp2sVAeqbZCsuJXNfjNz9Qu1,,,1787088486,0.0,0.0,0.0,0,0,0,0.0,0.0,1.0,0.0,,,0,0,0,Helius verified first buyer,2026-08-20 05:07:56
EcTsBKRoHqVBMJZDjzac55DkjV9KCyqUdEqVZtCqj2XX,,,1787088487,0.0,0.0,0.0,0,0,0,0.0,0.0,1.0,0.0,,,0,0,0,Helius verified first buyer,2026-08-20 05:07:56
CZgcc83sXjAy6ax59y9XgEKhYkGgKhH9RrbnMdU8GcpA,,,1787088491,0.0,0.0,0.0,0,0,0,0.0,0.0,1.0,0.0,,,0,0,0,Helius verified first buyer,2026-08-20 05:07:56
HLnuH8ovC18odQNSyAz64bZD4kU5D5um9AjDx2SYjNib,,,1787088492,0.0,0.0,0.0,0,0,0,0.0,0.0,1.0,0.0,,,0,0,0,Helius verified first buyer,2026-08-20 05:07:57
a5VjJaYvhwPRUGLJhAg8crg18zUVLuHkE7KjDAkhah5,,,1787088492,0.0,0.0,0.0,0,0,0,0.0,0.0,1.0,0.0,,,0,0,0,Helius verified first buyer,2026-08-20 05:07:57
Fn4TFxhtwjXNZwkzLsfcTiD9fLU75xT6W5iMc6XTEUE9,,,1787088493,0.0,0.0,0.0,0,0,0,0.0,0.0,1.0,0.0,,,0,0,0,Helius verified first buyer,2026-08-20 05:07:57
